global_signal	global_signal_derivative1	global_signal_derivative1_power2	global_signal_power2	csf	csf_derivative1	csf_derivative1_power2	csf_power2	white_matter	white_matter_derivative1	white_matter_derivative1_power2	white_matter_power2	csf_wm	tcompcor	std_dvars	dvars	framewise_displacement	rmsd	t_comp_cor_00	t_comp_cor_01	t_comp_cor_02	t_comp_cor_03	t_comp_cor_04	c_comp_cor_00	c_comp_cor_01	c_comp_cor_02	c_comp_cor_03	c_comp_cor_04	c_comp_cor_05	c_comp_cor_06	w_comp_cor_00	w_comp_cor_01	w_comp_cor_02	w_comp_cor_03	w_comp_cor_04	w_comp_cor_05	w_comp_cor_06	w_comp_cor_07	w_comp_cor_08	w_comp_cor_09	w_comp_cor_10	w_comp_cor_11	w_comp_cor_12	w_comp_cor_13	w_comp_cor_14	w_comp_cor_15	w_comp_cor_16	w_comp_cor_17	w_comp_cor_18	w_comp_cor_19	w_comp_cor_20	w_comp_cor_21	w_comp_cor_22	w_comp_cor_23	w_comp_cor_24	w_comp_cor_25	w_comp_cor_26	w_comp_cor_27	w_comp_cor_28	w_comp_cor_29	w_comp_cor_30	w_comp_cor_31	w_comp_cor_32	w_comp_cor_33	w_comp_cor_34	w_comp_cor_35	w_comp_cor_36	w_comp_cor_37	w_comp_cor_38	w_comp_cor_39	w_comp_cor_40	w_comp_cor_41	w_comp_cor_42	w_comp_cor_43	w_comp_cor_44	w_comp_cor_45	w_comp_cor_46	a_comp_cor_00	a_comp_cor_01	a_comp_cor_02	a_comp_cor_03	a_comp_cor_04	a_comp_cor_05	a_comp_cor_06	a_comp_cor_07	a_comp_cor_08	a_comp_cor_09	a_comp_cor_10	a_comp_cor_11	a_comp_cor_12	a_comp_cor_13	a_comp_cor_14	a_comp_cor_15	a_comp_cor_16	a_comp_cor_17	a_comp_cor_18	a_comp_cor_19	a_comp_cor_20	a_comp_cor_21	a_comp_cor_22	a_comp_cor_23	a_comp_cor_24	a_comp_cor_25	a_comp_cor_26	a_comp_cor_27	a_comp_cor_28	a_comp_cor_29	a_comp_cor_30	a_comp_cor_31	a_comp_cor_32	a_comp_cor_33	a_comp_cor_34	a_comp_cor_35	a_comp_cor_36	a_comp_cor_37	a_comp_cor_38	a_comp_cor_39	a_comp_cor_40	a_comp_cor_41	edge_comp_00	edge_comp_01	edge_comp_02	edge_comp_03	edge_comp_04	edge_comp_05	edge_comp_06	edge_comp_07	edge_comp_08	edge_comp_09	edge_comp_10	edge_comp_11	edge_comp_12	edge_comp_13	edge_comp_14	edge_comp_15	edge_comp_16	edge_comp_17	edge_comp_18	edge_comp_19	edge_comp_20	edge_comp_21	edge_comp_22	edge_comp_23	cosine00	cosine01	cosine02	cosine03	cosine04	trans_x	trans_x_derivative1	trans_x_power2	trans_x_derivative1_power2	trans_y	trans_y_derivative1	trans_y_derivative1_power2	trans_y_power2	trans_z	trans_z_derivative1	trans_z_power2	trans_z_derivative1_power2	rot_x	rot_x_derivative1	rot_x_derivative1_power2	rot_x_power2	rot_y	rot_y_derivative1	rot_y_derivative1_power2	rot_y_power2	rot_z	rot_z_derivative1	rot_z_power2	rot_z_derivative1_power2	motion_outlier00	motion_outlier01	motion_outlier02	motion_outlier03	motion_outlier04
263.522807009399	n/a	n/a	69444.26981411295	357.11698705565254	n/a	n/a	127532.5424437071	255.42635915743423	n/a	n/a	65242.624952422586	268.4858413981568	246.2626585937052	n/a	n/a	n/a	n/a	-0.0007678756	-0.0725263972	0.0545724832	0.004298217	0.1098053043	0.0641552546	0.0539629806	0.0062262592	-0.0304790298	-0.0219047166	0.0820958083	-0.0467564436	-0.0072645797	0.0355887989	0.0142238031	0.1002258162	-0.0466584316	0.024610325	-0.0159152785	0.0174722631	-0.102426296	-0.0513783245	0.1255480541	-0.0639220376	0.0880884235	-0.0157002182	0.0672444358	-0.0010506109	0.0329052757	-0.0030494573	-0.0185335708	-0.0020787747	0.0316929841	-0.1083315434	0.049357671	-0.0348800248	0.0067389433	-0.0456484918	0.035093869	-0.0463733162	0.0753197712	-0.0365459471	0.0425417774	-0.0750778152	0.0165050476	-0.0713805825	0.0502095342	-0.0839942612	0.07018185	0.008972494	0.0978631568	-0.0982125924	0.0468012618	-0.0549404959	-0.0861824618	0.0715804992	0.0989618554	-0.0275993637	-0.0402029967	-0.0106609337	0.0156361849	0.0084861015	0.1203216703	0.0012540989	-0.0067818222	0.0176382922	-0.0130827344	0.059390196	-0.0046300331	0.0481813648	-0.0934053554	0.034451379	-0.0485397865	0.0175933708	-0.0284742398	0.0660651102	-0.1151380201	0.1216428976	-0.0349068764	0.0400515265	-0.1292858114	0.0560899843	0.0265424189	-0.0118583853	0.0240598175	-0.0191025302	0.0819919532	-0.0551535958	0.081330484	-0.0027465901	0.0150646383	-0.0464827293	0.0784668198	-0.0095011957	0.0245029046	-0.0243785455	0.0514128846	-0.023223561	-0.036070061	0.0092377094	-0.0623832187	-0.0105780274	0.0414023789	0.0410093776	-0.0347690139	0.1381019105	-0.0429658005	0.0412894517	-0.0196678148	0.0266381433	-0.0467614699	0.0620216777	-0.034732849	0.0512636298	-0.0035109156	-0.0511013279	0.0522737718	-0.0137580871	0.010645873	-0.0655509934	0.0484059018	-0.0436302982	0.0354178547	-0.0422189233	0.0429896126	0.0999969158	0.0999876632	0.099972243	0.099950656	0.0999229036	-6.014243655272367e-05	n/a	3.6171126744983925e-09	n/a	0.1409209823284669	n/a	n/a	0.01985872326042	-0.0001502312878898	n/a	2.256943986102797e-08	n/a	0.0005974084768497	n/a	n/a	3.568968882118786e-07	0.0002587111167033	n/a	n/a	6.69314419058685e-08	0.0007069227331211	n/a	4.99739750603406e-07	n/a	0.0	0.0	0.0	0.0	0.0
263.65628668571065	0.1334796763116514	0.0178168239882632	69514.63750889765	356.8641387183711	-0.2528483372814207	0.0639322816659791	127352.01350320484	255.6745681154648	0.2482089580305739	0.0616076868466232	65369.48478102945	268.4637509788252	249.105462197184	0.847867	18.040403	0.0602012403476038	0.0317476320353203	0.0844255475	0.0131667659	0.0546004746	0.0185810002	0.0490095883	0.0506272036	-0.060568227	-0.0576016835	-0.0606775874	-0.0486497247	-0.0058845595	0.0814616921	-0.0115262018	0.0400309461	0.0334904822	0.0556020388	0.0469612754	0.0275767892	-0.13759942	0.0083760359	-0.024271438	-0.0001503199	0.0484466248	-0.117867301	0.0381492877	-0.0167008458	0.074518805	0.0156860719	0.0200078384	-0.1030920143	-0.0459050059	-0.0353960899	0.0009368512	-0.0338427353	-0.0046271539	-0.0906216295	-0.0565725631	-0.0841700177	0.0246644798	-0.031508684	0.0911554635	-0.0240412106	-0.1051339669	-0.0696513475	-0.0271194927	0.0058804785	0.1119260166	-0.0542949652	-0.1007692883	0.0476337681	0.0074421867	-0.0415933143	-0.1227926305	0.0414320734	0.0142737107	0.1690414022	-0.0299891413	0.0541369644	-0.0431501836	-0.0138616323	0.0451379119	-0.0176612782	0.0350019465	-0.0931089888	0.0416177369	0.0901651484	-0.0635345533	0.1125427018	-0.0259379465	0.1027067709	0.0248678559	0.0465252266	-0.035110488	-0.0482721864	0.0409222516	0.0025528496	-0.0740368678	0.0723374014	-0.0136101949	-0.011713606	-0.0748322467	0.0440589115	-0.0220961346	0.010631509	0.1122491844	0.0241178183	-0.0641435411	-0.0031654141	0.0567217467	0.1118225371	0.0470458197	-0.1479839083	0.0114320974	0.1153224363	-0.0493110066	0.0469129768	-0.0393481958	-0.0268447029	0.0621366752	-0.0776021733	-0.1143705485	-0.0226665417	0.0711445236	0.0301171799	0.0578240949	0.0646882443	-0.1464068489	-0.0644047162	0.0329939754	0.0598522403	-0.0308136295	0.0540137015	-0.0468633325	0.040332529	0.011700048	-0.0228706107	0.0420004038	-0.0367503658	0.1095754876	-0.0839337858	-0.0320481643	-0.0425462105	0.0601677627	0.0336267977	-0.004290714	0.099972243	0.0998889875	0.0997502796	0.0995561965	0.0993068457	-0.0092595037191358	-0.009199361282583	8.573840912468972e-05	8.462824800748855e-05	0.1637451524587732	0.0228241701303063	0.0005209427421371	0.0268124749537468	-0.0204044474387643	-0.0202542161508745	0.0004163414752812	0.0004102332718863	0.0005579391759273	-3.946930092240005e-05	1.557825715302969e-09	3.112961240344346e-07	0.0001836849206235	-7.502619607979998e-05	5.628930098204593e-09	3.3740150064461495e-08	0.0006629483744465	-4.397435867460001e-05	4.3950054718125686e-07	1.933744220842369e-09	0.0	0.0	0.0	0.0	0.0
263.537157289767	-0.1191293959436734	0.0141918129779045	69451.83327237138	358.5788903722223	1.714751653851181	2.94037323438536	128578.82062057422	255.5746028535318	-0.099965261933022	0.0099930535933377	65318.377623740496	268.25313930810165	247.2377100152383	0.915142	19.471825	0.0571900522305869	0.0346364026286158	-0.044904834	0.0865446375	0.0733922671	0.0126571948	0.0229605268	-0.0568951752	-0.0441389508	-0.0651478919	-0.0585571971	-0.0366428174	0.0243026386	-0.0670500153	-0.0264931198	0.0515366305	0.0122418516	0.1188001517	0.0934346158	0.0437168236	-0.0468752149	-0.0444435659	0.0995866754	-0.075261021	0.0157223757	-0.0346433186	-0.1175202572	0.1483278831	0.1458128932	0.0325160599	0.0079167376	0.0071830781	0.1373142267	-0.017818101	0.0961448555	0.0813967939	0.0806664966	-0.065972775	-0.0406498673	0.0782589393	0.0550754171	-0.0085044204	0.1186618919	0.0064256879	-0.0276770636	0.019804065	-0.0335656412	-0.0183616034	0.0488922007	-0.0112206409	-0.0857398251	-0.0455059977	-0.0288451041	-0.074727747	0.0655400481	-0.0166713135	-0.0666774442	-0.0162707241	0.0890749735	0.022278988	-0.0212306541	-0.0261943335	0.039920082	0.0460041376	0.034363793	0.0336585259	0.152472131	0.0231185142	0.015097853	0.0585713259	-0.0660084005	0.06836001	0.0971421436	0.0323438623	0.018144634	0.0888894113	-0.0248073281	-0.0513284801	-0.0484194011	0.1127000322	-0.0740139689	0.0234619094	0.0568185	0.007568323	0.0137022759	-0.064189693	0.1014831015	0.0597157377	-0.1100585935	-0.1378296398	0.0410066623	-0.0455892097	-0.1044354517	-0.0165766307	-0.0355136614	0.0864444806	0.0869203009	0.0255228804	-0.0738965516	0.000261393	-0.0364090625	-0.001345401	0.0285421248	-0.035297922	0.0863339976	0.012565262	-0.0749975921	-0.0310163162	-0.1330078532	-0.0454796534	0.0796373236	-0.0079914326	0.0094447167	0.0165690369	-0.0375502532	0.093296518	0.0291084677	-0.0561150019	-0.0224514845	0.0134988609	0.0372150671	-0.0921336779	-0.0252877641	-0.0957902316	0.0745511518	-0.0498310763	0.0100006023	0.0999229036	0.0996917334	0.0993068457	0.0987688341	0.098078528	-0.0091950664396449	6.44372794908997e-05	8.454924682948394e-05	4.152162988188323e-09	0.1943590752737947	0.0306139228150215	0.000937212270124	0.0377754501412846	-0.0296405816630738	-0.0092361342243095	0.0008785640813253	8.530617540946127e-05	0.0006603934190075	0.0001024542430802	1.049687192513672e-08	4.361194678684155e-07	0.0002577748808603	7.408996023680001e-05	5.489322207890607e-09	6.644788920254186e-08	0.0008319153293648	0.0001689669549183	6.920831152321436e-07	2.8549831854362836e-08	0.0	0.0	0.0	0.0	0.0
263.10914288279974	-0.428014406967236	0.1831963325715147	69226.42106852154	356.4393191355579	-2.1395712366643806	4.577765076761547	127048.98822582013	255.58004047086573	0.0054376173339392	2.956768227035622e-05	65321.15708708936	268.2876336892293	244.0127515796736	0.9434300000000002	20.073727	0.1264665932589121	0.0874623416472634	-0.0971334047	-0.0699489454	0.0733679135	0.0386208865	0.0702875823	0.0187111057	0.0974100578	-0.0807177236	0.0026921356	-0.0038243082	0.0758100242	-0.0662314305	-0.0781668478	0.0765033032	-0.0022861427	0.185669634	0.0695348206	-0.0239271142	-0.102200784	0.0028744733	-0.0023099636	-0.0908637124	0.0479409462	0.0567454847	-0.0497785961	-0.0217349475	0.0631835687	0.0678003881	0.0879717259	-0.0606376581	-0.0363383137	0.0707083029	0.0184566752	-0.0323688657	-0.0615970052	0.0405549395	0.1673796103	0.0384347498	0.1610916274	-0.0435962854	0.0634192254	0.0715854784	-0.0072904734	0.0532026279	-0.0717542719	-0.0281313703	0.0673328786	0.0122807854	-0.0364179144	0.0386732332	0.0103011853	0.0098412095	0.020787751	0.0022597034	-0.0525826489	0.0090816924	-0.0007568368	0.0025054948	0.027062504	-0.0785287812	0.0352286407	0.0552987624	0.1444546947	0.0517673116	0.1306498039	-0.0258978176	-0.0660727331	0.0217388963	-0.0043518294	0.0927956569	0.0114764764	-0.0959509911	0.0222693418	0.0412666188	0.0812438699	-0.0305576831	-0.0884723164	0.0461422846	-0.015966994	0.0380320351	-0.0013592051	0.1491290935	0.0052456856	0.0455151284	-0.0366110035	-0.0306499924	-0.0355047418	-0.0666596962	-0.0484928023	0.0536193209	0.0108157223	-0.137892666	0.0402932207	-0.0074645474	0.0679461502	0.0112416977	0.0307116861	0.0655313226	-0.0015857675	0.1079875706	-0.0141638532	-0.0809273892	0.0815423962	0.0689904701	-0.1358130053	0.0489028944	-0.1262070436	0.0843296052	0.0050147978	-0.0096463995	-0.0631301017	-0.0659805973	-0.0594151472	0.0563212362	-0.0188314516	-0.0872114785	-0.0093245058	-0.0644586853	0.0678229083	0.0246955489	-0.0527171872	0.0117546821	-0.042621309	-0.0279518398	0.0475477233	0.0998489097	0.0993960955	0.0986429257	0.0975916762	0.0962455236	0.000105902822213	0.0093009692618579	1.1215407752678288e-08	8.65080292100255e-05	0.2808179250471738	0.086458849773379	0.0074751327041357	0.0788587070278001	-0.0280123346468386	0.0016282470162352	0.0007846908923664	2.6511883458788315e-06	0.0005037910673633	-0.0001566023516442	2.452429654049368e-08	2.538054395550531e-07	0.0005766825299922	0.0003189076491319	1.0170208867483503e-07	3.325627403982047e-07	0.0007258547859921	-0.0001060605433726	5.268651703476373e-07	1.1248838860512371e-08	0.0	0.0	0.0	0.0	0.0
263.2393988410589	0.1302559582591698	0.0169666146620145	69294.98110220209	354.9518608777028	-1.48745825785511	2.2125320688613583	125990.8235405441	255.40502662786704	-0.1750138429986805	0.0306298452411667	65231.727626781474	268.2742098914659	246.3685069119172	0.998132	21.23764	0.1840449166964699	0.137199050668319	0.0701309552	-0.0615253039	0.0923080195	0.0618385754	0.0917190075	0.0993275511	0.0107885349	-0.0922354657	0.0071702479	-0.0341952447	0.0146757547	0.0846387124	-0.0232390874	0.0324470362	-0.0358450151	0.1237787562	-0.0246347506	0.0247291625	-0.0682191524	0.0085321471	-0.0681986246	0.0118962405	-0.016488457	0.028240095	-0.0116254647	-0.0088927184	0.0599434542	0.0329898316	0.0506746253	0.0040149915	-0.0782832718	-0.0148105842	-0.0533187572	-0.01317227	0.0914179563	-0.0714572089	-0.0011451484	0.1468089135	-0.0013359474	0.0033361189	0.0284054681	0.0273211742	-0.0335345546	-0.0849272213	0.0278017405	-0.102941267	0.0212917876	0.0604304307	-0.0226245939	0.0483726658	0.0488821329	-0.0413811901	-0.0770649951	-0.1003683616	0.0763469209	0.015214119	-0.0849109279	-0.0258544644	0.1127651637	-0.0310377855	-0.0136994409	0.0382636643	0.1305465869	-0.0409239466	-0.0073688626	0.1049323917	-0.0952493898	0.0679495107	-0.023317441	0.0231967349	-0.0142951757	0.0180182586	0.0125508859	-0.0302107506	-0.0026092632	-0.0848149075	-0.0185790708	-0.0023577389	-0.0974954659	-0.1143011546	0.0075230594	0.1106800549	0.0273232395	-0.0618026292	-0.0415219618	-0.0981876321	0.0451463828	-0.0286729447	-0.0539028952	-0.0595029304	-0.0283459384	-0.0583493549	-0.0362893512	-0.0616688441	0.0983093836	0.054828481	0.0039209983	0.0306489499	0.1435847512	-0.0690917146	-0.072764678	-0.023719755	0.0215599447	0.0942779349	-0.0256805547	0.1230128486	-0.0645633551	-0.0146281088	-0.0113974319	0.1132327296	-0.0317145368	-0.0005729383	-0.0698638796	0.0201030389	0.0306985483	-0.01898479	0.0587127341	0.0307049924	0.0792235332	-0.0607593157	-0.0556302371	-0.0370948754	0.0690393705	-0.0515904605	-0.0226640995	0.0997502796	0.0990023658	0.0977599938	0.0960293686	0.0938191336	-0.0043985372968791	-0.0045044401190921	1.9347130352036504e-05	2.028998078648645e-05	0.1458790064503006	-0.1349389185968731	0.0182085117520935	0.0212806845229268	-0.0107277539213939	0.0172845807254446	0.0001150847041979	0.0002987567308544	0.0005029341080813	-8.569592820000058e-07	7.343792110059655e-13	2.529427170715328e-07	0.0002701225416332	-0.000306559988359	9.39790264626702e-08	7.296618749837989e-08	0.0004869321885319	-0.0002389225974602	2.3710295622846578e-07	5.708400757712879e-08	0.0	0.0	0.0	0.0	0.0
263.6605754790342	0.421176637975293	0.177389760376171	69516.89906193549	359.9250606069025	4.973199729199678	24.73271554651175	129546.04925288244	255.3105637947185	-0.0944628331485546	0.0089232268464516	65183.48398517702	267.9629513029475	248.79268439456845	1.109154	23.599907	0.1209354816044852	0.0754067172278307	0.019856044	0.113950945	0.0670084579	0.0008343894	0.0587124582	-0.046117595	-0.0941358998	-0.0590806455	-0.0851949924	-0.0672159228	0.0083425712	-0.0662023423	-0.0530012459	0.0506615386	-0.0039532356	0.0379730401	0.0797446462	0.0816625449	-0.1028986024	-0.05788182	0.0524557653	-0.0730026183	0.1433341469	-0.0196140853	-0.0237755105	-0.0379816424	-0.0189247613	0.0436248467	-0.0761430508	0.0296569605	-0.096133603	-0.0866184493	-0.1308755235	-0.1346986079	-0.0855000552	-0.0275922354	-0.1022347615	-0.008821752	-0.010995616	-0.0001374178	-0.0038716732	-0.045179016	-0.0562497256	0.0377028733	-0.0092564271	0.0004452918	-0.0299243684	0.0331835288	0.0274099856	-0.0476561117	-0.0768421062	0.0827123209	-0.003089923	-0.1169960371	0.0239361978	-0.0930251935	0.1850453573	-0.1017753047	0.0739447632	-0.0478818311	0.0624334295	0.0355226092	-0.0798238239	-0.0423971468	0.1376039813	-0.0086700437	0.0285188732	0.1026314079	0.0260211288	0.1276076695	-0.0117123788	0.0057012317	-0.0339354595	-0.0121288346	0.0168939781	0.0104615818	-0.1249664818	-0.0432666354	-0.1031631386	-0.0977199512	-0.0304712581	0.0520843255	0.0352706118	-0.1288252261	0.0292424974	0.043425049	0.0063242182	0.1587447174	-0.0444011177	0.0638747979	0.0188491112	0.0843236914	0.066862755	-0.0572024187	-0.0100832277	-0.0336284956	0.0232549219	-0.098572912	-0.0289922128	0.0053268206	0.0810977951	-0.05916642	0.1445742722	-0.0365037722	0.029288068	0.0754098913	-0.0960365918	-0.0413972863	0.1659587045	0.0224051911	-0.0586142939	0.0355575758	-0.0312995345	0.0414925701	-0.0101145961	-0.0348744718	-0.0422774412	-0.0156026267	0.0233034693	-0.0396149643	0.0090468741	0.0545043825	0.0611617227	-0.0554707701	0.0712582953	0.0996270376	0.0985109326	0.0966600102	0.0940880769	0.0908143174	-0.0159663074701796	-0.0115677701733004	0.0002549229742323	0.0001338133067823	0.2210819564464401	0.0752029499961395	0.0056554836881218	0.0488772314661856	-0.0107372260032292	-9.47208183530064e-06	0.0001152880222444	8.972033429463235e-11	0.0001819345599809	-0.0003209995481004	1.0304070988066103e-07	3.31001841154437e-08	0.0001740684995761	-9.60540420571e-05	9.226378995507136e-09	3.029984254467473e-08	0.0007529843854386	0.0002660521969067	5.669854847143462e-07	7.07837714788815e-08	0.0	0.0	0.0	0.0	0.0
263.35016529984784	-0.3104101791863627	0.0963544793425098	69353.30956345718	356.98912616945665	-2.9359344374458374	8.619711020980406	127441.23620323224	255.1942624725752	-0.1163013221433004	0.0135259975322797	65124.1115989216	267.54743015609944	247.1326138539571	1.111187	23.643167	0.1241979407187481	0.0903625450255231	-0.0949476497	-0.0016391429	0.0297450185	0.1126146413	-0.0066462751	-0.0297548729	0.0827639589	-0.1035490073	0.0210846403	-0.05811311	-0.1105195889	-0.0245431821	-0.1065105893	0.0769970044	0.0132035543	0.0870725278	-0.0008167577	0.037211049	-0.1290637796	-0.1056579983	0.0484421378	0.0097233826	0.0329401508	0.0769045309	-0.0877426299	0.0576707355	0.0348354275	0.0062055915	-0.0079498429	-0.0592881506	-0.1078461829	0.0667463793	0.0921709281	0.0160732611	-0.0275379332	-0.0997993098	-0.0318774091	0.074367101	0.0640007219	0.0039751877	-0.1513130029	0.0237361465	0.0592090699	-0.003797745	0.0645080813	0.0684322698	0.011079721	0.0070210513	-0.0291276928	-0.1001412206	-0.0072933316	-0.0058934743	-0.081922648	-0.0110671233	0.0397751259	-0.0279976018	-0.1659789826	-0.0736061687	-0.0178825648	-0.1091239067	0.0632901338	0.0544812988	0.0383179939	0.1009504202	0.0502822424	0.0161834153	-0.0209412514	0.0951980103	-0.059649142	0.1275066606	0.1072003134	-0.0614064496	0.0840159204	0.0322480294	0.0735803566	-0.1681385147	0.1040254516	0.0290546545	-0.0285980298	0.0594899189	-0.0543155031	-0.0153794576	-0.0490639652	0.0159524211	0.0448196965	0.0838367103	0.0303850191	-0.0090707717	0.0655797319	0.0224569299	-0.0555109504	-0.0520686319	-0.0818765489	-0.021829233	-0.0634034441	0.0472042151	0.0255118057	-0.0719260351	-0.0931041605	0.0111684197	0.1629865974	-0.1032577918	0.0802278688	0.1371357715	0.0076995237	-0.0290560845	-0.1844055983	0.0337008393	0.0420431306	-0.1192075699	-0.018490267	-0.0989162512	-0.0308162179	-0.023675963	-0.0557937083	-0.0396424535	0.025130813	0.0115218341	0.1210947345	0.0682706623	-0.1196217924	-0.068714026	-0.094011587	-0.0993686514	-0.0904488525	0.0994792142	0.0979222811	0.0953454172	0.0917754626	0.0872496007	-0.0148373567833459	0.0011289506868336	0.0002201471563163	1.2745296533022816e-06	0.3072665003511474	0.0861845439047072	0.0074277756080624	0.0944127022380416	-0.0356719990503364	-0.0249347730471071	0.0012724915162472	0.0006217429069107	0.0001979305738962	1.599601391530001e-05	2.5587246117847157e-10	3.917651208287909e-08	0.0002350581276229	6.098962804679999e-05	3.719734729287011e-09	5.5252323361583547e-08	0.0005909765657987	-0.0001620078196399	3.492533013232252e-07	2.6246533624474385e-08	0.0	0.0	0.0	0.0	0.0
263.85344938306736	0.503284083219512	0.2532948684221047	69618.6427513429	355.26069967161936	-1.7284264978372903	2.9874581584260804	126210.16473116854	255.55574928834133	0.3614868157661419	0.1306727179727446	65308.74099432557	268.6688526625373	246.0576949321816	1.21726	25.900116	0.2977838856632748	0.2838640154891277	-0.0155831475	-0.1072914926	0.0405128341	-0.0535346335	0.0105727622	0.0647225635	0.0744830832	0.0310070155	-0.0755747995	0.0167774644	0.0794304831	-0.0322465882	0.0554674101	-0.071543342	-0.0136026809	0.0636990674	-0.0336552757	0.0822754103	0.0744242836	-0.0382030886	-0.0380585311	0.0190547995	-0.0459932482	-0.0143117285	0.1008542412	-0.0906571159	-0.0320574855	0.0307400627	0.0643387077	-0.0616131566	0.0176545529	-0.0716900619	0.0172529284	0.031561353	-0.0585383674	0.0324625611	0.0138585729	0.0400553543	-0.0588850284	-0.085122392	-0.0063450509	0.0236420507	-0.0420226886	0.0012718256	0.0413857752	0.0170373258	-0.0222104969	-0.0876592587	0.138002026	-0.0497470182	0.0617742785	-0.0822766624	0.0372186103	0.029417652	-0.091193209	0.0044952077	-0.0714370808	0.119481647	0.1292854166	0.0512831123	-0.090679707	-0.0124533726	0.1167593303	0.0285808967	-0.0391524128	-0.0275061409	0.0511396998	0.0573970501	0.0071116399	-0.0650484164	-0.0118898092	-0.0071388615	-0.0671026953	-0.0097384025	-0.0713189344	-0.0514501792	0.0271300762	0.0625067303	0.0525235174	0.0295526297	-0.0134957564	-0.0056781792	0.0836005018	0.1121345714	-0.0255743955	0.0570635264	0.0639299748	0.0102419456	-0.1344959598	-0.0099143136	0.025564906	0.0544648932	0.0076588856	-0.0203611588	-0.0529113586	-0.0365056706	0.0199089404	-0.1373851835	0.0967854024	0.0217821386	-0.0439871449	0.0479950748	-0.0768959706	-0.0153641274	-0.0676936406	0.017370285	-0.0615735336	0.0092585215	-0.114709415	0.0268372645	0.0048088232	0.0690517273	-0.0486081735	0.0702759882	0.0363628169	-0.1197340141	-0.0621534228	0.047257101	0.03633656	0.0944911402	0.0544108116	-0.0514680087	0.0829515044	0.0289027808	0.071267033	0.0993068457	0.097236992	0.0938191336	0.0891006524	0.0831469612	-0.0122892977538242	0.0025480590295216	0.0001510268392821	6.492604817927064e-06	0.0231319038175712	-0.2841345965335762	0.0807324689472981	0.0005350849742253	-0.0437484173998683	-0.0080764183495319	0.001913924024993	6.522853335665567e-05	0.000229922829267	3.19922553708e-05	1.0235044037104816e-09	5.2864507418142045e-08	0.0002580684351847	2.3010307561799987e-05	5.294742540886295e-10	6.65993172386797e-08	0.000596470237879	5.493672080300019e-06	3.557767446754309e-07	3.018043292586794e-11	0.0	0.0	0.0	0.0	0.0
263.9552677419806	0.101818358913249	0.0103669782117872	69672.38336874067	358.01834325970344	2.757643588084079	7.604598158901234	128177.13411042283	255.720984916559	0.1652356282176583	0.0273028128324842	65393.22212669499	268.5707249627703	249.20099612958668	1.100504	23.415859	0.2918110299920413	0.1964964788754743	0.1030579645	0.0503466062	0.0580080159	-0.008287089	0.0620367799	0.0456204986	-0.1077538316	-0.0553469474	-0.0223334271	0.0150776234	0.0585848877	-0.0280704641	-0.0390859671	0.0404832126	-0.0233127296	0.0951107206	0.0958247463	0.0272490593	-0.0745969062	0.0498421836	0.0743975109	0.1499032953	-0.0387217822	0.0016056226	-0.0190455449	-0.0173143551	0.0769629383	0.0735093832	-0.0178469647	0.0198462146	0.0742769841	-0.0315967014	-0.0495712841	-0.0195862134	0.0275827816	0.0819313109	-0.0264336357	-0.0186756309	-0.0166249699	0.0276278103	0.0920803745	0.0080647904	-0.065296926	0.0190428428	-0.1264714406	-0.0203946641	-0.036426054	0.0710018638	-0.0602242554	-0.0537289531	-0.005714562	0.0568599212	-0.0076229738	-0.0212410362	0.0779579845	-0.092965255	0.0304198237	0.0301933955	-0.0398027125	-0.0356970404	0.0190955248	0.0313472316	0.0173733277	-0.0884296763	0.1254702398	0.0738457182	0.0762348774	-0.0009797011	0.0959656816	0.0859064914	-0.0296165955	-0.0608148384	0.058651398	-0.0538804701	0.0094029341	-0.0307561837	-0.0261442529	-0.0063110718	-0.0256859397	0.0855770673	0.1342288733	-0.0095957886	0.055175049	0.00816522	-0.0717294075	0.0121972943	-0.0791600178	-0.047194957	-0.0261488434	0.0170786307	-0.0535443989	0.0207705964	-0.0075077138	0.038001209	-0.0176665431	-0.0172434284	-0.1152449788	-0.03366291	0.0582232169	0.0319527987	0.0625767655	-0.0477319568	0.0897259634	-0.0441015465	-0.0587181574	0.0668991813	-0.0111945236	-0.0463466163	0.1217213048	0.1009618111	-0.0396138909	0.0147833539	-0.039821971	-0.030320978	-0.0679870596	-0.0539366358	-0.0390411838	-0.0900938702	0.0282737298	0.0442322523	0.0288869477	0.10822234	-0.0557287789	0.0184258468	0.008927277	0.0991099747	0.0964557418	0.092084548	0.0860742027	0.0785316931	0.000139612532692	0.0124289102865162	1.9491659284674768e-08	0.0001544778109102	0.2168799431614161	0.1937480393438448	0.037538302749584	0.047036909745699	-0.0084892050208509	0.0352592123790174	7.206660188604014e-05	0.0012432120575886	-0.000251006368764	-0.0004809291980309	2.3129289351874083e-07	6.300419716008916e-08	4.696471414944448e-05	-0.0002111037210352	4.4564781034930986e-08	2.2056843751390308e-09	0.000281005797292	-0.000315464440587	7.896425811171262e-08	9.951781327486885e-08	0.0	0.0	0.0	0.0	0.0
264.16936751513026	0.2140997731496554	0.0458387128627339	69785.45473334396	359.9444264969736	1.926083237270177	3.709796636893165	129559.99016623523	255.33523308030712	-0.3857518362518704	0.1488044791716898	65196.081252174765	267.53419886949	248.7371883153137	1.180096	25.109369	0.0664324776486272	0.0332159748773515	-0.091881828	0.0044465817	-0.0313836604	0.1110553261	0.0127137221	-0.0735299548	0.0662992745	-0.0785690961	0.0566844624	0.018181365	-0.1871659007	0.018762911	-0.0506703689	0.059652162	-0.0042916127	-0.0109342318	-0.0727909002	-0.0566940327	-0.129534646	-0.097742188	-0.0317012543	-0.0357482613	0.0305101734	0.0612622599	-0.0129570753	-0.0472048111	-0.0091491278	0.0061485327	0.020807389	-0.0123696133	-0.0475310371	-0.0106041627	0.0031762915	0.1095952508	-0.1116432828	0.0029154876	0.0316317705	-0.191679059	-0.0299559541	0.1232615838	-0.1172715161	-0.1292364173	0.0338731509	-0.0377437804	-0.1045121319	-0.0943589008	-0.087940552	0.1017866216	0.1017868214	-0.1146481048	0.0593797345	0.0123723783	0.0901625622	0.0056042054	0.09158087	-0.1303411982	-0.0284325744	0.0316693718	-0.188627205	-0.0534306613	0.0649502102	0.0597002104	-0.0918786184	0.124666605	-0.0090869511	0.0115372554	-0.0951568827	0.0240731996	0.054395755	0.061561751	0.0169126265	-0.0522485213	-0.0155143621	-0.0435514548	0.0653810531	-0.038969504	0.0647300631	0.0611218635	0.0883033977	-0.0530776766	-0.0095714454	0.0064708073	0.0308795792	-0.0352389484	0.0082519806	-0.1333819276	-0.0069928106	0.0582457134	0.0396725072	0.0661923111	0.0343634324	0.0086461886	-0.13720491	-0.1141951885	-0.1842431944	0.0242951226	-0.0269774827	0.0144261293	-0.0402780965	0.0464725467	0.0814792248	-0.0462371003	0.0409857226	0.145407331	0.0299808733	0.021544753	0.0034910851	0.0709885375	0.0514579294	-0.0875289946	0.0110471107	-0.0102144366	0.0080604668	-0.0578542569	-0.0157093727	-0.0128999436	0.1162122275	0.0511624201	0.075648245	0.0405671332	-0.1086672813	-0.0433327614	-0.0793796553	-0.1076569134	-0.1426183545	0.0988886499	0.0955793015	0.0901455117	0.0827080574	0.0734322509	-0.0230607820865742	-0.0232003946192662	0.0005317996704444	0.0005382583104896	0.1932907582007317	-0.0235891849606844	0.0005564496471093	0.0373613172058137	-0.0112815690507517	-0.0027923640299007	0.0001272738002468	7.797296875483832e-06	-7.501038206621742e-05	0.0001759959866977	3.097458733372605e-08	5.626557417719913e-09	4.6983426655877736e-05	1.8712506433253724e-08	3.50157897014562e-16	2.207442380328242e-09	0.0004420017788633	0.0001609959815712	1.9536557251832158e-07	2.5919706082106363e-08	0.0	0.0	0.0	0.0	0.0
265.16710414770523	0.99773663257497	0.9954783879820404	70313.59312207995	357.9344695397143	-2.009956957259305	4.0399269700350855	128117.08448467668	256.1158669234922	0.7806338431850861	0.6093891971259177	65595.33728997197	268.9759472864967	251.78894511249288	1.238661	26.355467	0.3126502698078189	0.2720353698635754	0.0480496016	-0.0831735193	-0.0828640834	-0.0309058263	-0.0702984462	0.0671923871	0.0282633606	0.1222407199	-0.0227457799	0.0540875692	-0.0923409376	0.0323884095	0.0861952475	-0.1475399191	0.0718122254	-0.0551740881	0.0148637294	0.0368566198	0.0260110801	-0.0576753549	-0.0608483824	0.103298374	-0.1130845334	-0.0500119931	0.0637299842	-0.0948125702	0.0422170221	-0.0464214116	0.1212969362	0.0010743035	0.0802355904	-0.0189668556	0.0463181884	-0.0204746147	-0.09489784	-0.046975119	-0.0315318539	-0.0171207722	-0.0033096638	0.0387485236	-0.2151970624	0.0371585209	-0.0477028523	-0.0569307077	0.0104832999	-0.0773019928	0.1612617051	0.1199156522	-0.0055553867	0.1209730758	-0.0031973529	0.0379151339	-0.0076914156	0.0427995326	0.0141526573	-0.0135207378	-0.0324475599	0.0304472985	-0.0456539258	0.0851681988	-0.0905422262	-0.141712307	-0.0355173649	0.0065508861	-0.0959938714	-0.0091105189	-0.0017875866	0.069908062	0.0465033926	-0.0359064828	0.0055087891	-0.0531745556	-0.080296715	0.0968782989	-0.0628598749	-0.072448156	0.1025275573	0.0798812168	0.1491624796	0.0327678613	0.0822878931	-0.0586864283	0.095736399	0.0348216152	0.0220177088	0.063732791	0.0963086599	0.1596766117	0.0071055853	-0.0467366728	0.1269910945	-0.0450276752	-0.0167453973	-0.0215378828	-0.0250155153	0.0364203548	-0.0821465168	0.0026029457	0.0462540379	-0.1122967508	0.0078558194	0.0883865793	-0.1671098713	-0.0404664045	0.1354968211	0.0038426163	-0.0464036941	-0.0096021473	-0.1104085883	-0.0444187974	0.107069629	-0.0202102532	0.0019156823	0.0098008613	0.0284697524	-0.048322278	0.0259319733	0.1313837899	-0.1045380571	0.0776395645	0.0460640835	0.0067580156	0.0745164236	-0.0109637895	-0.0366334907	0.0986429257	0.0946085359	0.0880063298	0.0790155012	0.0678800746	-0.0114573009162057	0.0116034811703685	0.0001312697442844	0.000134640775271	-0.0799964143948557	-0.2732871725955874	0.0746858787052903	0.0063994263160334	-0.0202921669795799	-0.0090105979288282	0.0004117720407271	8.119087503500306e-05	0.0001140058408463	0.0001890162229125	3.5727132524114476e-08	1.2997331747071884e-08	-3.398079010730193e-05	-8.096421676317966e-05	6.5552043960751426e-09	1.1546940963165084e-09	0.0003370018562783	-0.0001049999225849	1.1357025113502e-07	1.1024983742855989e-08	0.0	0.0	0.0	0.0	0.0
265.7077658045847	0.5406616568794789	0.2923150272196633	70600.61680886404	361.6806172316929	3.746147691978592	14.033622530116537	130812.86888109836	256.4036156603154	0.2877487368231755	0.0827993355433331	65742.81412368272	269.579786534125	254.5500156513824	1.143832	24.337761	0.1657863372322027	0.1259979734451355	0.067188813	0.1233645385	-0.0506618722	-0.1169939691	-0.0434718992	-0.0384023331	-0.1278146288	0.0921455948	0.0308874592	0.0384013717	0.0906997562	-0.0414545168	0.0623858367	-0.0459278237	0.0224762123	-0.0054440351	0.1407545365	0.0302268434	0.1092389578	0.0946172057	0.0670646059	0.0401850587	-0.0495994279	-0.1158255929	0.0805747416	0.0150373111	-0.0541938378	0.0100455289	-0.1732694058	-0.0006723397	0.049349857	-0.0266392562	-0.0008414069	0.0001795466	-0.0030167269	-0.0284900593	0.0961610051	0.0837349022	-0.0231960002	0.0111012871	-0.1054708243	0.101944604	0.0814823954	0.0455157594	0.0747956394	0.0127143016	0.0286450824	0.0429722494	-0.0701414784	0.0500219048	0.1281317304	0.0111076096	-0.0198665374	-0.0319114896	0.0807726132	-0.0377005434	-0.0226993562	0.1727787417	-0.0430057577	0.0705424227	-0.0355384761	-0.0453110781	-0.034417475	-0.0736093972	0.1309040948	-0.0303376964	0.1029050725	-0.1085413621	0.0267851722	-0.0647491635	-0.0275981196	0.0102623327	-0.0918076203	0.0309543406	-0.0481130228	0.0584856819	0.0188602881	0.0526037426	-0.0032966334	-0.0145683763	0.0497996153	0.0143520742	-0.134962361	0.0886581928	-0.0797205551	0.1064360383	0.1123136246	-0.0216840144	-0.0565473408	0.0035799463	-0.0195169124	0.0764747483	-0.0562935094	0.1156548039	0.0548835976	0.1131491855	0.006237449	-0.011514886	-0.04638832	-0.0145769208	-0.0920987185	0.0542512753	-0.0134838221	-0.1709445589	-0.0226023514	-0.0973928389	-0.0023148838	-0.0309902859	0.1037463109	0.0769319728	0.0554493955	0.0388470772	0.0057339255	0.0752924759	0.0087319478	-0.0287737019	-0.1092790338	-0.0317692907	-0.1108920164	0.0056752801	0.0194130193	0.1396143857	-0.0392622074	0.0709645579	-0.0011458193	0.0983728629	0.0935444031	0.0856717519	0.075011107	0.0619093949	-0.0054441035065764	0.0060131974096293	2.9638262990317457e-05	3.615854308717252e-05	0.0413032135784874	0.1212996279733431	0.0147135997464714	0.0017059554519101	-0.0512911647362415	-0.0309989977566616	0.0026307835800002	0.0009609378619175	0.0001649915642535	5.0985723407200015e-05	2.5995439913555034e-09	2.7222216274816825e-08	4.752923072537385e-05	8.151002083267578e-05	6.6438834961432405e-09	2.259027773345821e-09	0.0003539963938898	1.6994537611499962e-05	1.2531344688698242e-07	2.8881430862868677e-10	0.0	0.0	0.0	0.0	0.0
264.3950469623621	-1.3127188422226368	1.72323075872634	69904.74085822965	359.2387189793137	-2.4418982523791897	5.96286707497254	129052.45721389832	255.5764981020217	-0.8271175582936792	0.6841234552376978	65319.34638209271	268.0989074121843	248.7167902047249	1.364315	29.029066	0.2858096877080648	0.2515629183008784	-0.0978763003	-0.0250209067	-0.0402535304	0.08699233	0.0036113106	-0.0537049211	0.1124252087	-0.0560117531	0.1523240001	-0.0072789161	-0.0017256552	0.0018619321	-0.0997600467	0.0833138684	-0.0164912673	0.0851251845	0.0276435574	-0.1288097003	-0.0682712419	-0.0474387763	0.00525194	-0.006114321	0.0194835009	0.1581612697	-0.1445967092	0.0847227487	-0.0291896754	0.0363649036	-0.0418482918	0.0351894552	0.0563225533	-0.0353356316	0.0642695184	-0.0617239362	0.1041126098	0.0792528629	-0.049850648	0.0163846911	-0.0396010656	0.0388029557	0.0074947163	-0.0499574514	0.0157306093	0.1257083481	0.1192220527	-0.0655173001	-0.1100159985	-0.1200053977	-0.0474072888	-0.0066687502	0.0080029069	0.0524441474	0.0306075283	-0.0517044054	-0.0176743757	-0.0233649001	-0.017543615	0.1096964383	0.0049891733	-0.0965549955	0.0495120642	0.0615272541	0.0527363071	0.0789854615	0.0849512014	-0.012005073	-0.0783400654	-0.0832781954	0.0543565193	0.0300069808	0.0343016737	-0.062950275	0.1360362777	-0.042602923	0.1062665327	-0.1151038306	0.0380584271	-0.0276290351	0.0150810594	-0.0074459699	-0.0265927185	-0.0704991846	0.0312472507	-0.1246680084	-0.0357540549	0.037664637	0.0071563829	-0.0883985934	-0.0403176633	-0.0906182	-0.011411026	0.1118398383	0.1438535909	-0.0322777361	-0.0007575503	0.0765021401	0.0412906749	0.0980870573	0.0257775027	-0.0035318304	-0.0040285924	-0.0882619835	0.0455997693	0.0787841458	-0.0832687733	-0.0119834589	0.0181268776	0.1523554343	0.0504363944	-0.0100224426	0.0008911588	-0.1353258472	-0.0063102636	-0.0460445163	-0.0669540647	-0.0067818241	0.0769443269	-0.053707799	-0.0435338146	0.0505916831	-0.1138129523	0.0647860601	-0.1898818379	-0.0695403604	-0.0251124773	0.098078528	0.0923879533	0.0831469612	0.0707106781	0.0555570233	-0.0090220095884205	-0.0035779060818441	8.139665701355145e-05	1.2801411930497003e-05	0.2915720590385575	0.2502688454600701	0.0626344950079164	0.085014265611984	-0.0233286215068915	0.02796254322935	0.0005442245814118	0.0007819038238532	0.0001219928198286	-4.29987444249e-05	1.8488920221178687e-09	1.4882248089733264e-08	4.751933714586265e-05	-9.893579511199846e-09	9.788291554443337e-17	2.258087402782162e-09	0.0003169971731582	-3.6999220731600006e-05	1.0048720779028981e-07	1.3689423347456595e-09	0.0	0.0	0.0	0.0	0.0
264.9120742391014	0.5170272767393271	0.2673172048924848	70178.40707766317	358.27456041731926	-0.9641585619944522	0.9296017326672098	128360.66064222336	255.763893802694	0.1873957006723117	0.0351171486304666	65415.16937311574	268.38594970264234	251.9409673373423	1.192116	25.365114	0.3532334168488354	0.3216860673714971	0.0707296394	-0.05112236	-0.0689404137	0.0185364141	-0.0024123475	0.0657690963	-0.0127247175	0.0446830893	0.0704878615	0.0055318753	-0.0050321159	0.109310433	0.0593217337	-0.0988856829	0.0374172233	-0.0521272636	-0.0463421327	-0.0234506738	0.0178974821	-0.0434037544	-0.1116635452	0.0636706915	-0.0885659963	0.0136046206	0.0824106172	0.001108877	0.032016599	-0.0091335539	0.0539095029	0.04347807	0.025573579	-0.0556476767	-0.0315237655	0.0113664565	0.0441630789	0.0690416587	-0.1031430853	-0.0374448929	-0.050674795	-0.0184007638	-0.1367436202	0.0641718225	-0.0686405548	-0.0308670857	0.1592996671	0.0307107381	-0.0655797192	-0.0457199416	-0.0173620959	0.1134259016	-0.0381691545	-0.0180502631	0.100879501	-0.1313591292	-0.15549101	-0.1094169844	0.1359704688	-0.0285444032	0.0752759776	0.056756038	-0.0600348483	-0.1001538185	-0.0507536369	-0.015542065	-0.1125046675	0.0716466282	-0.1006715978	0.0435472915	0.0532542575	-0.0705531802	0.0137302933	0.0329992693	-0.0561407486	-0.0182272964	-0.0182833582	-0.075040845	0.0778679512	0.0080470382	-0.0213898167	-0.0786904058	0.0469718469	-0.0566216048	0.1123583983	-0.0700312066	-0.1051638902	0.0840275545	0.0139294777	0.0420291673	0.0311353701	-0.1268423456	0.073476213	0.149495867	-0.0014355155	-0.0635526136	0.1326705096	-0.0370332382	-0.0361861771	-0.0277853148	0.0499323326	-0.0926788969	0.0407855606	0.0603043059	-0.1214871651	0.0229454294	0.1244194385	0.0582159621	0.028535892	0.0267127252	-0.0332075768	0.0392008385	0.0758558945	-0.0167144034	0.0079576712	-0.0001941741	0.0352992858	0.0426765506	0.0899390969	0.1190418723	-0.1111750361	-0.0310237994	-0.0423283973	-0.0154426516	0.0471384224	0.0252589021	-0.0106866274	0.0977599938	0.0911403277	0.0804375635	0.0661311865	0.0488621241	-0.0089063115784568	0.0001156980099637	7.932238593255365e-05	1.338602950956063e-08	-0.0296227225437064	-0.3211947815822639	0.1031660877156782	0.0008775056909014	-0.0036313483297618	0.0196972731771296	1.3186690692063814e-05	0.0003879825706144	0.0001430213283828	2.102850855419999e-05	4.4219817201406206e-10	2.0455100372380716e-08	-0.0001479789072182	-0.000195498244364	3.8219563549430764e-08	2.1897756981492645e-08	0.0002890106444869	-2.798652867129996e-05	8.352715262673332e-08	7.832457870694946e-10	0.0	0.0	0.0	0.0	0.0
265.5189411123498	0.606866873248407	0.3682874018462981	70500.30808942349	362.3920217262124	4.117461308893155	16.953487630232132	131327.9774108116	255.7424933062304	-0.0214004964636274	0.0004579812488897	65404.222882487295	268.6491127538392	253.2575550592743	1.103041	23.469828	0.1295719334165038	0.1072659391187495	0.0117659638	0.1043975617	-0.0715603265	-0.0661769245	-0.0531216797	-0.0746370146	-0.1257392391	0.0692360459	0.0242844286	0.0276530472	-0.0591001197	-0.0918958053	0.0334129437	-0.0090655152	-0.0036146852	-0.103432301	0.0283173079	0.0686724553	0.0478058077	0.0162251292	0.0811914388	0.0542195252	-0.0346221949	-0.1525517395	0.0151423741	-0.0279761182	-0.0976539928	0.0035814684	0.0195258326	0.0927718585	0.0208653875	-0.0061859949	0.0241642657	0.0023175194	0.0390441743	-0.0722527384	0.0709044897	-0.0869164412	-0.062937797	-0.0810545086	-0.0151793788	0.0140293751	0.0332771136	0.0709079108	-0.0520301402	0.0722467535	0.0114813122	-0.0665377302	-0.024845754	0.0382677477	0.1486443792	-0.1073972012	-0.0383673265	0.052815552	0.0073049099	0.042013521	0.0019122653	0.0252934864	-0.0322977239	0.0400089462	0.0226776342	-0.0092769642	-0.1386437432	-0.0372547708	0.0172470508	-0.0208379309	0.124709082	-0.0383897887	0.0229189671	0.012953086	0.0084549118	0.0400208748	-0.1032527252	0.0814175421	-0.107026896	0.0425680126	0.0639562542	-0.0795379651	0.0503203179	0.0360640542	-0.0114943746	0.0184858379	-0.0271945179	0.0017458659	0.0006174758	-0.0043439561	0.0455710137	-0.0728029507	0.038313338	0.1290669729	-0.0131673578	0.0636437199	0.0257773766	0.0744097544	-0.060167877	0.0396902465	-0.0453157247	-0.0639182052	0.0507966597	-0.0447670714	-0.106147545	0.0345181588	0.0123399071	-0.0961308157	0.0241952487	-0.1034865619	0.007515748	-0.0296585563	0.067090173	0.0128843402	0.0591941012	0.0013684698	0.0691187248	0.1021914711	-0.0010788997	0.0165285843	-0.0607160378	-0.0159748139	-0.1502804636	-0.055378796	-0.0022613801	0.0211337758	0.0346897578	-0.0044893357	-0.0502630285	0.0974173387	0.0898027576	0.0775495743	0.0612907054	0.0418659738	-0.0106943193946591	-0.0017880078162022	0.0001143684673149	3.1969719508005166e-06	0.0753787412713506	0.105001463815057	0.0110253074033047	0.0056819546356532	-0.0077398706938254	-0.0041085223640636	5.990559835713728e-05	1.6879956016010756e-05	0.0002859923143643	0.0001429709859815	2.0440702832522272e-08	8.17916038754486e-08	4.754632214631904e-05	0.0001955252293645	3.823011531804778e-08	2.260652749641548e-09	0.0003239932175645	3.4982573077599994e-05	1.0497160502779744e-07	1.2237804191296241e-09	0.0	0.0	0.0	0.0	0.0
265.4733318087385	-0.0456093036112861	0.0020802085759064	70476.08990163259	359.19459979579136	-3.197421930421058	10.223507001137524	129020.76052245872	255.9124902270784	0.169996920848007	0.0288989530978035	65491.20265422449	268.7000126130057	250.78737540423967	1.093641	23.269825	0.0562517892542338	0.0269441305519555	-0.0909862975	-0.0424990646	-0.094269296	-0.0125214054	-0.061089124	-0.0268444995	0.1043401298	0.0554600981	0.1136228646	0.1098505871	0.0014328547	-0.0062982854	0.0181270683	-0.0252939457	-0.0401464963	0.037971788	-0.0847238092	-0.0522115195	0.0939799302	0.0855931952	-0.0465867823	-0.0246798126	0.0240343002	0.0327691867	-0.0137706746	-0.0182244814	0.0451564686	0.0788419894	-0.0117764633	0.0794231099	-0.0115048373	0.0078567761	0.0652030112	0.0985234909	0.0396034738	-0.0219685974	0.0385624389	-0.0548318587	0.0566003418	-0.1204098312	0.0153702612	0.0636755239	0.0285693012	0.0039982842	0.0358282607	0.1108628556	-0.1708295501	-0.1177364685	0.0799128429	-0.019034001	-0.030167283	0.0747214367	7.05149e-05	0.1522533358	-0.0785340238	0.0078277172	-0.1872825686	-0.0977875378	-0.0579772898	0.0152088883	-0.0517837112	0.0366338619	0.0386981218	0.0837838441	-0.0483443008	-0.0151700477	0.0100840093	-0.1178674451	0.0567714804	-0.0029476985	-0.0339071998	-0.0314183309	-0.1119077544	0.0293630588	0.1397040657	0.0555309391	0.0493625767	-0.0010009604	-0.0520164925	0.0632205002	0.0347640633	-0.0928722014	-0.0029588323	0.0615462141	0.0284725132	0.0076672025	-0.073395064	-0.0913575354	0.0731402798	0.024435306	0.0046361503	-0.0296082868	0.0280057679	-0.0514326783	-0.0313027947	-0.0749789321	0.0796386954	0.0078475785	0.0166609309	-0.0391978277	0.0696477589	0.0327191964	-0.0778906555	0.0411654329	-0.0835863889	-0.0785574787	0.081466439	0.1181483192	-0.095702923	-0.0078951582	0.0373714868	-0.0645542815	0.0501244608	0.0552403538	0.0055584421	-0.0143238281	0.1023679965	-0.0555875817	-0.0668133823	0.0112501949	-0.0691590932	0.0472579471	0.0259279667	0.0417789264	-0.0023004872	0.0970506473	0.088376563	0.0744894057	0.0562083378	0.0346117057	-0.0063745468567049	0.0043197725379542	4.063484762832632e-05	1.866043477966327e-05	0.0676667389103613	-0.0077120023609892	5.947498041590438e-05	0.004578787554763	-0.0232850396198927	-0.0155451689260673	0.0005421930700999	0.0002416522769399	0.000285999693067	7.378702700005981e-09	5.444525353507556e-17	8.179582443441822e-08	0.0002970001386486	0.0002494538165022	6.222720656755367e-08	8.820908235728761e-08	-4.249581498017497e-08	-0.0003240357133794	1.805894290829264e-15	1.0499914354534865e-07	0.0	0.0	0.0	0.0	0.0
265.3683322775478	-0.1049995311907423	0.0110249015502756	70420.351775767	360.5101595023893	1.3155597065979237	1.730697341624015	129967.57510443816	255.9827632552025	0.0702730281241201	0.0049382984817333	65527.175083769056	269.0127916467117	254.5394705635105	1.171528	24.927065	0.1761820821837428	0.1082862117465292	0.1172727457	-0.038577588	-0.0874467356	-0.0536523519	-0.0571033518	0.052235626	-0.032432135	0.1067381395	0.0890036938	-0.0357708283	0.0424798324	0.122856231	0.0825427672	-0.1056562574	0.0267109419	-0.0834248884	0.0302248876	-0.0425310431	0.1148320882	-0.0240583475	-0.0566811271	0.0911818203	-0.0294651798	-0.110371467	0.0367961388	0.0386811756	-0.0730276572	-0.0711077826	-0.0780176185	0.1494995192	0.0440577643	-0.1018611779	0.0446145591	-0.0529084071	-0.1051843972	0.0676675603	0.0356977356	0.1150851644	-0.1402200077	0.0198095455	0.0018810535	-0.0273096563	-0.0081787964	-0.0808464299	0.0507008043	-0.1099520787	-0.0042409688	0.1603267496	-0.0169485483	-0.0098707471	-0.0563977292	0.0657942298	-0.0042295895	0.0265244764	0.067658649	0.0692852262	0.0430504141	0.017804965	0.0553470361	0.082398222	-0.0687199546	-0.1121992041	-0.0392440507	-0.1002135811	-0.0688872087	-0.0025737505	-0.0849640677	-0.0026695822	0.0793358749	-0.0926839107	-0.0293593365	0.1279355223	-0.0538103521	-0.0070831046	-0.048696306	0.0395187339	0.1030032384	-0.0992080183	0.0202114145	-0.1094302293	0.1160879474	-0.1446116657	0.0004342155	-0.0983997654	-0.0256719786	0.0712424353	0.1537602108	-0.0044311518	-0.1442924951	-0.0558347233	-0.0662292127	-0.0266975535	-0.0790681606	0.0215499729	-0.0228673299	0.0094597775	0.0280715766	0.109981182	-0.0152435817	0.0648094993	-0.100550345	0.068038813	-0.0999709281	-0.0766229766	0.0898300933	0.0706116186	0.0687979336	0.0238017097	-0.0071670754	0.1075455832	0.0607735639	-0.0009528557	0.0003330478	0.0323166485	0.0605683427	0.0208145396	0.0580574915	0.0604629491	-0.1273319718	-0.0423545006	-0.0256723904	0.0032360974	0.0680180155	0.1408917831	0.0302553225	0.0966600102	0.0868631514	0.0712638519	0.0509041416	0.027144045	-0.0136691165312043	-0.0072945696744994	0.0001868447467436	5.321074673612628e-05	-0.0302337508152419	-0.0979004897256032	0.0095845058885129	0.0009140796883581	0.0051000330615238	0.0283850726814165	2.6010337228635828e-05	0.0008057123511292	5.899115486663134e-05	-0.0002270085382003	5.1532876415868245e-08	3.479956352498882e-09	4.701109263627323e-05	-0.0002499890460123	6.249452312615323e-08	2.2100428308562634e-09	0.0003749989220168	0.0003750414178317	1.406241915137621e-07	1.4065606508927196e-07	0.0	0.0	0.0	0.0	0.0
265.1518450435426	-0.2164872340051715	0.0468667224872099	70305.50092999483	362.68211429164097	2.1719547892516857	4.717387606553334	131538.3160270549	255.94216037596632	-0.0406028792361894	0.0016485938022685	65506.38945791686	268.6304982576404	253.0215438271813	1.167342	24.837984	0.1204521108570154	0.0844730766190957	-0.0353910801	0.1202971384	-0.0669285815	-0.0557347273	-0.1239295943	-0.1158414335	-0.1043202158	0.0398369702	-0.003899798	0.0074690306	-0.0188438078	0.0048787931	0.040579735	-0.0427906257	4.63694e-05	-0.0741155575	0.0393164271	0.053266728	0.0144377648	0.0234586824	-0.0123388161	-0.0381415355	-0.0085321706	-0.091701165	-0.0852640512	-0.0701299545	0.0119245592	-0.0139971066	-0.054212486	0.0595754529	-0.0821321043	-0.012771904	-0.0778026876	0.0808493348	-0.0355760278	0.0965688526	-0.0223115107	-0.1455048075	0.105411133	-0.016239038	-0.0304724904	-0.0688037975	-0.0619415732	0.0042493373	-0.0580205055	-0.0263661827	0.0119016979	0.0266318039	-0.0260435612	-0.0067061525	0.0747430617	0.1044632368	-0.0671973999	-0.0131060052	0.0442702531	0.0781057053	0.0087198996	-0.0668847875	-0.0183429017	0.041676364	-0.0174229487	-0.0128070978	-0.1416212182	-0.0083572404	0.0318611962	-0.0029832722	0.0270027198	-0.0267600119	-0.0372941219	-0.0088614654	-0.0203422523	-0.0015666028	-0.1343774547	0.1228447159	-0.0025514776	-0.0123955404	0.0060936224	-0.0565226417	-0.020006634	-0.1537759293	0.0114218324	-0.0627475446	-0.0254147496	0.0165083789	-0.0601914259	-0.060940195	-0.1057914052	0.083976717	0.088147832	0.0942175496	0.0508179276	-0.0571748548	0.0553980616	-0.0278943729	-0.0131016879	-0.0519870305	0.0747349078	0.0292199469	0.0423659077	0.0771892272	-0.0424145678	0.0432339028	-0.0414478537	-0.0414324022	0.0522186939	-0.1386389584	0.0149143986	-0.0197968396	0.0074020038	-0.0325449423	0.0686272662	-0.012907625	0.0459253868	0.0466841447	0.0498396206	0.0098874144	-0.008096599	-0.0414977348	-0.1265136451	-0.0794839957	-0.0087127897	0.0110871197	0.0277665877	-0.090815007	0.0110373974	0.0962455236	0.0852640164	0.0678800746	0.04539905	0.0195090322	-0.0109338156718763	0.0027353008593279	0.0001195483251465	7.481870791040489e-06	0.0506483047374075	0.0808820555526494	0.0065419069104218	0.0025652507727732	-0.02363378880802	-0.0287338218695438	0.000558555973422	0.0008256325192306	-6.50079092620842e-05	-0.0001239990641287	1.5375767904797312e-08	4.2260282666273726e-09	4.698904196720477e-05	-2.205066906846298e-08	4.862320063668701e-16	2.2079700649957313e-09	0.0003370013853047	-3.799753671210001e-05	1.1356993369728689e-07	1.443812796187388e-09	0.0	0.0	0.0	0.0	0.0
264.75518966995224	-0.396655373590363	0.1573354853981105	70095.31045717238	357.64061717087367	-5.041497120767303	25.41669321870501	127906.81105036342	256.13011425773567	0.1879538817693458	0.0353266616721652	65602.63542968073	269.15906378361086	249.2999387771426	1.156067	24.598076	0.095661459179399	0.050363387701024	-0.0142659297	-0.0786415229	-0.0192266324	-0.056515555	-0.0383184208	0.0371717504	0.0592223727	0.0952529099	-0.0648158023	0.0541307802	0.0835227412	-0.061644455	0.0641159626	-0.0833923665	0.014150079	-0.0113653964	0.0334582195	-0.0319220972	0.1373280687	-0.0067985829	-0.057656117	0.0470090987	0.0098092079	-0.0009384573	0.0139763017	0.0337259569	-0.0906807909	0.0203977462	0.073516892	0.1061055443	-0.0615090449	-0.0179342836	-0.0274304707	0.0657538624	0.0013406552	0.0770744506	0.0308483077	0.1391286846	-0.0349073842	0.0529294127	0.0094377884	0.1436377124	0.0487522662	0.006660533	-0.1227332085	0.0449368249	0.0047231764	0.0383094247	0.0142864039	0.1135031745	-0.0224657775	0.0925269963	0.128707954	0.011195414	-0.0687378113	-0.0364111715	-0.0109162421	-0.0652269879	-0.1103447821	0.0672503227	-0.0734728007	-0.0531159236	0.0481323908	0.0020008096	-0.0270563738	-0.0986418081	0.0220527713	0.0028888166	0.0540176465	-0.0797852012	-0.0378728484	0.0263777643	0.0224051398	0.0914454857	0.0392305312	0.118813457	0.0757313432	-0.0921471283	-0.0609399214	0.0475601106	0.0836452268	0.0886115617	0.0061046103	0.1808831839	-0.0264268693	0.0131165882	0.0911299213	-0.0195612532	-0.0400564942	-0.0868992201	-0.124978008	-0.0338955547	0.0959810533	-0.0590346881	0.004451142	-0.0470797868	-0.0848954416	0.0580517174	-0.1052972882	0.0030372991	0.0342051991	0.0614949109	-0.0739558895	-0.0659212568	0.0082603875	-0.0044039892	0.0073026341	0.0488055498	-0.0592417728	-0.0236992142	-0.0090698225	0.0474579014	-0.0108978481	0.0421842468	0.0530937353	-0.0018106577	0.0149018728	-0.024694397	-0.0234035103	0.1252849552	0.1793682019	-0.0731547871	0.001111736	0.1899409709	0.0630655156	0.0958072899	0.0835807361	0.0643455865	0.0397147891	0.0117537397	0.0051933351917483	0.0161271508636246	2.697073041385135e-05	0.0002600849949781	0.0058361356809939	-0.0448121690564136	0.0020081304955405	3.4060479686970134e-05	-0.0342560484824332	-0.0106222596744132	0.0011734768576308	0.0001128324005906	-7.199995506964446e-05	-6.992045807560263e-06	4.8888704575021046e-11	5.183993530030822e-09	0.0001849998659648	0.0001380108239975	1.904698754049521e-08	3.422495040699397e-08	6.6634109023911195e-09	-0.0003369947218937	4.440104485410484e-17	1.1356544258427801e-07	0.0	0.0	0.0	0.0	0.0
264.78436876022647	0.0291790902742263	0.0008514193092314	70110.7619397516	359.1458926254848	1.505275454611137	2.265854194254766	128985.77218975626	255.8486190834301	-0.2814951743055758	0.0792395331573265	65458.51588689811	268.7355361589801	250.8784399063708	0.958667	20.397928	0.1711378137231324	0.1288453193236126	-0.0005558755	0.0520713539	-0.0285372208	-0.0052056188	-0.0102692384	-0.0050482038	-0.0556278607	0.0018449773	0.0079256538	0.0312134082	0.0389298898	-0.0326781051	0.0012477798	-0.0007286761	-0.0091163118	0.0194277845	0.0291507672	0.054474786	0.0317157184	0.0687004685	-0.0002631734	-0.0117851696	-0.0113682332	0.0279516932	-0.1485664735	0.0307719932	-0.1091540892	-0.1046579903	-0.0286763898	-0.1829163928	0.0971737888	-0.0103286575	0.1760501003	-0.0750046335	0.1030304092	0.0527639948	0.0681655476	-0.0002169132	-0.1305935383	0.0747138927	0.0056447383	0.0600839308	0.0954500327	-0.0628651613	0.025412168	0.1418908682	-0.0494166032	0.0132648866	0.0284073938	-0.0245275271	-0.050687656	0.0980910944	0.0345609136	0.1402966804	0.0200260729	0.1484821806	-0.1090816959	0.0364398396	0.0301724303	0.0017274564	-0.0107365988	0.0044391851	0.0227879644	-0.0264871769	0.0419570234	0.0363672091	0.0721463878	-0.0418631856	-0.0521249044	-0.0289075206	-0.0695540704	0.0416236251	0.0763687004	0.0048917987	0.0395338278	-0.0337637945	-0.066566518	-0.0831974125	0.0526776027	0.1103089562	-0.1309608485	-0.13300964	0.0066170223	0.0967747019	0.0117829603	0.0435444072	0.0433006984	-0.0084964056	-0.0869704069	-0.1156578272	-0.0139792038	-0.0292606013	-0.1456293709	0.0827597591	-0.0608500846	-0.0542847885	-0.0175403056	0.2637347119	-0.0536890739	-0.1202040706	-0.1093117018	-0.0070725861	0.0148487225	-0.016876623	-0.0024526752	-0.0840385545	-0.0553668509	-0.0152745113	-0.0041802445	0.014786095	-0.0412218318	0.061543058	0.0206839598	0.000226817	-0.0762630011	0.1439631756	-0.0855739789	-0.0573221327	0.0565238647	0.1848545522	0.1535967669	0.0210448733	-0.040783571	-0.0122836509	0.0335007196	0.0953454172	0.0818149717	0.0606682351	0.033873792	0.0039259816	0.016704953110036	0.0115116179182877	0.0002790554584085	0.0001325173470966	0.1326522529420231	0.1268161172610292	0.0160823275971631	0.0175966202105944	-0.0298947338879003	0.0043613145945329	0.0008936951142283	1.902106499248568e-05	-0.0001469892107346	-7.498925566495554e-05	5.623388465184066e-09	2.1605828072380653e-08	-0.0002030077305483	-0.0003880075965131	1.505498949518726e-07	4.1212138662371185e-08	0.0001059850902185	0.0001059784268075	1.1232839348623584e-08	1.1231426948613322e-08	0.0	0.0	0.0	0.0	0.0
264.7984577272135	0.0140889669870034	0.0001984989907608	70118.22321471086	358.8387982224518	-0.3070944030329769	0.0943069723741805	128765.2831097335	256.03039699592847	0.1817779124983758	0.0330432094722671	65551.56418589274	269.0117186658792	249.45828591085376	1.036358	22.050997	0.198260247317697	0.1445132540333404	-0.029416664	-0.0159653699	-0.0507543842	-0.0310357777	0.040123154	-0.0082724967	0.0547097617	0.027786464	0.0416643957	0.097151496	0.1157196054	0.0602129277	0.0555741927	-0.074321129	0.0025571811	-0.0016058852	-0.0414704698	-0.0110501443	0.078135989	0.0634422972	-0.0446064557	0.0025899224	-0.0101175989	0.1078570804	-0.0318415404	-0.0609293372	-0.0893170333	-0.0572832773	-0.0126749562	-0.0432206943	-0.0864133667	0.0193267173	0.0881490487	0.2475595929	0.0170601638	-0.0305310037	-0.0074454759	0.0113858192	0.0347874209	0.0095446798	0.0490529854	-0.0351221958	-0.125947932	0.0885357261	0.0227915113	-0.1128156427	0.072297787	-0.1490469906	-0.0017350113	0.0097103769	-0.0988551844	-0.0285003121	0.0812236002	0.1709646439	-0.1013033839	-0.0322968403	-0.0237260155	0.035864275	0.012519398	0.0549225344	-0.0794870688	-0.0283427836	0.0456447741	0.0578597623	-0.0458218105	-0.0114831338	-0.0137257039	-0.0981739695	-0.0188993517	-0.0848961309	-0.0708339256	-0.0711579453	0.0217362287	0.0693917265	0.02434338	0.0463677958	0.0578578999	-0.0205255002	0.0164859304	-0.0989715219	-0.1220019622	-0.0741684296	-0.0407510776	0.0554098651	0.0799608771	-0.1249580267	-0.1738067725	0.0468366031	-0.0680390091	0.0319341215	0.0374055808	0.0280223724	0.0880638551	0.0536629866	0.0087611954	0.1275251239	-0.1974851144	-0.0333157487	-0.1009700451	0.0807633722	0.0197622055	0.0561293428	-0.1216932107	0.0154889321	-0.0842385858	-0.0258501626	0.0940182554	0.0338052927	-0.1096565212	-0.031261228	0.0692052405	0.0056386585	0.0355748337	-0.0209662614	-0.0608309435	0.0584725937	0.0654243175	0.040556623	-0.0159582077	0.0876011742	0.0018831637	0.0176523518	0.0649166781	-5.65814e-05	0.0964795127	0.0948600195	0.0799684658	0.0568561851	0.0278991106	-0.0039259816	0.0049151187241562	-0.0117898343858798	2.415839207255087e-05	0.0001390001948464	-0.0078623985190091	-0.1405146514610322	0.0197443672752153	6.181731047171647e-05	-0.0025899584636519	0.0273047754242484	6.707884843442111e-06	0.0007455507609686	-0.0001470034301023	-1.4219367700006938e-08	2.021904177880006e-16	2.1610008461841805e-08	-5.399132648786775e-05	0.0001490164040604	2.2205888679102013e-08	2.91506333591953e-09	-0.0001180040072841	-0.0002239890975026	1.3924945735105929e-08	5.0171115800029256e-08	0.0	0.0	0.0	0.0	0.0
264.85203881003986	0.0535810828263834	0.0028709324368477	70146.60246183486	362.2276066951032	3.3888084726513625	11.48402286431366	131208.83905206237	256.04062942530487	0.0102324293764013	0.000104702610943	65556.8039165063	269.1866321838028	253.2348273226332	1.030744	21.931532	0.0625992002399	0.0402739109646523	0.0741346768	0.0593061832	-0.037414504	-0.0574709789	0.0569445098	-0.0436408286	-0.0772571051	0.0674116727	-0.0100064433	-0.0433175933	0.1280726177	0.0499322177	0.0542581657	-0.0309044911	0.0129216495	-0.0146621745	-0.0152944325	-0.0494262707	0.040781713	0.0397495818	-0.019486996	0.0272232181	-0.046837	0.0480612153	0.0557652568	0.0263033648	-0.0393651675	0.0286126471	-0.1108103395	-0.0128772101	0.0053824809	0.1332561816	-0.033927181	-0.0548137411	-0.0184931606	0.1154905971	0.0793763729	0.0458339298	-0.0529320129	0.0187949078	0.0958691778	0.0759173761	0.0406248636	0.0922474987	0.0882376327	0.0595688083	-0.0609921338	-0.047610723	-0.028301463	0.0251628134	-0.0473393809	-0.0452952796	-0.0305088334	-0.0336422449	0.082860924	0.0140891036	0.1103902484	-0.0395228765	-0.0314714061	0.0583009465	-0.0185738274	-0.0453291758	-0.0074113993	-0.0588607656	0.0245058889	0.001842951	-0.0170225908	-0.0598548892	0.013974484	-0.0659096526	-0.080888067	0.0372227806	0.0575421577	-0.0910417088	-0.0166492583	0.0803968995	-0.0423524136	-0.0780415169	-0.0607365597	0.1270599853	0.026200177	-0.0046551137	-0.089304756	0.0360595814	-0.1298648314	-0.0205257789	-0.0614371899	0.0238031326	-0.0839587853	0.0220413675	0.0276775417	0.0706913369	-0.0350367877	0.0834714455	0.1405164333	0.0665549727	0.1280910424	0.0387094257	-0.0913926274	0.0243939021	-0.0183913135	0.0454147059	-0.0316337249	-0.0985576126	0.0214529988	0.0552270867	0.0817228234	-0.0338632278	0.0655260534	0.062477353	-0.0026132278	0.0948468396	0.0117858567	-0.0304501579	-0.0773800653	0.0715269609	-0.0206718342	-0.0321288613	-0.0675545653	0.0564047736	0.1209386301	0.0868247869	-0.0649894752	0.1320474011	0.0231012631	0.0943512164	0.0780430407	0.0529179001	0.0218143241	-0.0117537397	-0.0037389851747349	-0.0086541038988911	1.398001013688737e-05	7.489351429280214e-05	0.0301672931826857	0.0380296917016948	0.0014462574509259	0.0009100655779701	0.0073257026747697	0.0099156611384216	5.366591967912794e-05	9.832033581200434e-05	-0.0001470000700523	3.3600500000071677e-09	1.1289936002548168e-17	2.1609020595381108e-08	-5.20000018926492e-05	1.991324595218551e-06	3.9653736435223246e-12	2.7040001968355207e-09	-3.821911467589544e-09	0.0001180001853726	1.4607007266092466e-17	1.3924043747975612e-08	0.0	0.0	0.0	0.0	0.0
263.99761305690146	-0.8544257531384005	0.730043367626123	69694.73969974146	361.64739863557634	-0.5802080595268535	0.3366413923399168	130788.84093987946	255.5358400952896	-0.504789330015285	0.2548122676972803	65298.56557320541	268.1000860207528	250.4284125564538	1.132923	24.105639	0.0843826103044764	0.0607953307929957	-0.0933126868	0.0553184494	-0.0313244256	0.0284647499	0.0050569015	-0.1127517044	0.0309184358	-0.0319759074	0.0050283933	-0.1014802582	-0.0374940286	0.0946934296	-0.0046843123	0.0505102846	0.0260699938	-0.0550205978	-0.0662545959	-0.0196394173	-0.0465685569	-0.0102131095	-0.0419542846	-0.1276118918	-0.0353389251	-0.0351848348	-0.1164611287	0.0171080632	-0.1047723679	0.0045080858	0.071750612	-0.1384428299	-0.0183856879	0.0466615447	-0.1142054467	0.0729937815	-0.0037948983	0.0636282172	0.0162394831	-0.0899764932	-0.0900765364	-0.0321991315	-0.0509598857	-0.0167145254	0.0203046833	0.0054136664	0.1266193727	0.0158935817	0.0137303418	0.0482936639	0.0227610752	-0.108913674	-0.0662507173	-0.0765552298	-0.2098022009	0.0310725654	0.0812439513	0.0011512915	-0.0205369276	-0.1030117716	-0.0501010803	-0.0066615272	0.0664428159	0.0215915567	-0.0442782996	0.0644785946	-0.0299091823	-0.0031058585	-0.0697804199	0.0006474215	-0.1663672947	-0.0113799599	0.0082692936	0.0823090293	0.0201451041	-0.0139728555	0.042931051	-0.0753276052	-0.0420518042	-0.1438781158	0.0569663294	0.0365531128	-0.0508747452	-0.0432844266	0.0479486127	0.0944072257	0.0815503486	-0.0568254678	-0.0455379398	0.0699139029	0.0078505161	0.0216160597	0.1530158691	0.065460834	-0.0902001215	-0.0133829232	-0.0236438535	-0.0161242167	0.1413013619	-0.0466704185	0.0292354551	0.0636125038	0.0677845254	0.0076622629	0.0091900835	0.0564566172	0.0474021771	-0.0702126745	0.0145476837	0.0089640685	-0.0192319048	-0.1481280106	0.0324601037	0.0686230677	0.0779313016	-0.0219019938	-0.0356957667	0.0769787411	0.0634011875	0.0305946264	0.0714284791	-0.047160447	-0.0566070784	0.0242496603	-0.1029308385	-0.0096985788	-0.0656135033	0.0938191336	0.0760405966	0.0488621241	0.0156434465	-0.0195090322	-0.0036226880275904	0.0001162971471445	1.3123868545246822e-05	1.352502643394952e-08	0.0868744338849865	0.0567071407023008	0.0032156998066305	0.0075471672628368	-0.0114831068888037	-0.0188088095635734	0.0001318617438196	0.0003537713171987	-9.499998894678436e-05	5.2000081105515645e-05	2.704008434980205e-09	9.02499789988915e-09	7.099997751813802e-05	0.0001229999794107	1.512899493505408e-08	5.040996807576105e-09	3.375401383589737e-09	7.197312851179281e-09	1.1393334500339512e-17	5.180131227775044e-17	0.0	0.0	0.0	0.0	0.0
263.9003622493702	-0.0972508075312816	0.0094577195654863	69643.40119534881	355.9342216707625	-5.71317696481384	32.640391031279485	126689.17015637147	255.55802660820467	0.0221865129150842	0.0004922413553311	65309.904963879846	268.7929319721245	246.1575737015069	1.218077	25.917501	0.1639270891213417	0.1502464855036151	0.0203561417	-0.1357771647	0.0588226422	-0.0861319267	0.0182397011	0.0832261213	0.0687122565	0.0638748282	-0.1273500246	0.0167660769	0.0169919952	0.0170575135	0.0736490685	-0.1523752194	0.007742702	-0.064573155	-0.0473020447	0.1441094002	0.1186587401	0.0135273038	-0.0368902304	-0.0247772482	0.0501557409	-0.0121582066	0.0286907845	0.0114721898	0.027455449	-0.050951466	0.0516265952	0.105311335	0.0431351714	0.0631255042	-0.0194304936	-0.0711414051	-0.0010834733	-0.0883025096	-0.0290257068	0.1123292256	0.1008366417	0.0256382914	-0.0378918081	-0.0120693964	0.0597794936	-0.0084218786	0.0349110559	0.0945160999	-0.0920683663	-0.0794873863	0.0932839285	-0.1064343661	-0.0334001272	0.166391522	-0.0385023314	0.0785419879	-0.0658958373	-0.0904351062	-0.035776572	-0.0213219941	0.0846222574	0.0758191564	-0.1231602859	-0.0819003006	0.040509919	0.0172131235	-0.1175745393	-0.1028861165	0.1140826165	0.0800842966	-0.0918099742	-0.0736435034	-0.0365772457	0.069038443	-0.0351034609	0.0927792137	-0.0773346445	0.0198830362	-0.0111672235	0.0343355479	-0.0064006479	0.0184860335	0.0403881281	0.0420132362	-0.0410775459	-0.0565199332	-0.0371638037	0.03113654	0.0458301168	0.0258537981	0.0040229836	-0.0402820347	-0.0505062575	-0.0378176513	0.0823564437	-0.0672019788	-0.0640215125	-0.1149416141	0.0818758881	-0.0201522432	-0.0457141032	-0.0330364709	0.121801752	0.0826752925	-0.1354853115	-0.0982547792	-0.0257591711	0.0315932806	-0.022115092	-0.0721217492	-0.1533440422	-0.0501278196	0.0306216425	0.0537486864	-0.0073839608	-0.0001564143	-0.0162718581	-0.0320043654	-0.1172911004	0.1146219686	0.0026353105	0.0180441396	0.1248591887	-0.0215461321	-0.0238127519	0.0268553297	0.0111535857	0.0932639023	0.0739631095	0.0446978621	0.0094108313	-0.027144045	-0.0036335107967175	-1.0822769127100292e-05	1.3202400709862642e-05	1.171323315785152e-10	-0.0645521127870125	-0.151426546671999	0.022929999037007	0.0041669752652671	-0.011443778015888	3.932887291570146e-05	0.0001309600552769	1.5467602448193958e-09	5.500001176791103e-05	0.0001500000007146	2.2500000214408616e-08	3.0250012944703516e-09	0.0001699997379021	9.899976038396196e-05	9.800952556081884e-09	2.8899910886782693e-08	-4.679645957814582e-09	-8.055047341404319e-09	2.189908629049036e-17	6.488378767226479e-17	0.0	0.0	0.0	0.0	0.0
264.2667078899258	0.3663456405556076	0.1342091283540984	69836.89289897936	358.6647099117063	2.730488240943828	7.455566033932519	128640.37413604846	255.56629646224465	0.0082698540399803	6.83904858425797e-05	65314.13188742792	268.4655376908573	247.7166926024594	1.130173	24.047134	0.1774063979112656	0.1289667932982892	0.0673238925	0.083910439	0.0814740022	-0.0426408689	0.0979458342	-0.0013391526	-0.0894773732	-0.0111054389	-0.0520206268	0.1150794969	-0.0025888886	-0.0478913178	0.0225285874	-0.0142090846	-0.0423532687	-0.0378272897	-0.0025820595	0.0930004065	0.0990498698	0.0343563202	0.0528093287	0.0124795243	0.0064476176	0.0360952947	0.0026223956	0.0096265273	0.024289187	-0.1257582135	-0.1028715607	0.0352522086	0.0451805821	-0.0488325466	-0.0117485261	-0.0844459473	0.040002938	0.1861919253	-0.0337986295	-0.0087328776	0.0476536795	0.0711801985	-0.0011908583	-0.0239339805	0.1726169498	-0.0351218594	-0.0319977325	-0.0242584522	0.121097659	0.0265113176	-0.0147795483	-0.0162610728	-0.0628285773	-0.2113921614	0.0701473408	0.1545440975	0.0842077292	0.0031231785	-0.0079510586	-0.049138217	0.0274019702	0.0245609793	-0.0220569972	0.0299262196	-0.0616927433	-0.0097335285	0.0178908197	0.0604328199	0.1765526698	-0.009593738	0.0462209895	-0.0719129964	-0.0423796645	-0.0010154348	0.0456164558	-0.0351226504	0.0320502476	0.1201095659	-0.0722601463	-0.0436949876	0.0393113761	0.0086739698	0.0074131322	-0.1078611152	-0.038293817	-0.030594257	-0.0858838833	0.0068040676	0.075669852	0.0453528728	0.0819796813	-0.1461728218	-0.0171844242	-0.0876858207	-0.0446577264	0.0994808999	0.0866444584	-0.0203490707	-0.0771959996	-0.0124626341	-0.0350459458	0.093446633	0.0606961129	0.0285761519	-0.0347820886	-0.0301154038	-0.0935877976	0.0090970051	0.0708541696	-0.1191286456	0.0387343319	0.0064778869	0.0110050206	0.0122434713	0.0062349322	0.0045014059	-0.0546306904	0.0923837534	-0.0098485912	-0.030215977	0.0362476757	-0.0004417636	0.1014139164	0.1110452859	-0.000901542	0.0384318992	-0.0427346147	0.0926856596	0.0718126298	0.0404343596	0.0031410759	-0.0346117057	-0.0036600119178444	-2.650112112690013e-05	1.3395687238763044e-05	7.023094209826325e-10	0.0604325412913624	0.1249846540783749	0.015621163755091	0.0036520920469322	0.0139541588261522	0.0253979368420401	0.0001947185485454	0.0006450551958322	-1.7949986368319014e-05	-7.294999813623005e-05	5.321702228075967e-09	3.2220201062283835e-10	0.0002810029700974	0.0001110032321953	1.2321717557803693e-08	7.89626692035603e-08	-0.0003559975667089	-0.0003559928870629	1.2673426750265772e-07	1.2673093563940873e-07	0.0	0.0	0.0	0.0	0.0
264.6148643185983	0.3481564286724961	0.1212128988259868	70021.02641835017	360.8099175867045	2.145207674998176	4.601915968871079	130183.7966289245	255.94963168777875	0.3833352255340969	0.1469458951352769	65510.21396110959	268.1728546103566	247.65451461611525	1.07577	22.889576	0.0957371312789545	0.0545507365559633	-0.0885043668	0.0047648065	0.0047920975	-0.0017296565	0.0144527129	-0.1059737482	0.0704575213	0.0025331148	0.002612899	-0.0218288889	-0.1348349857	0.0178706066	0.05919782	-0.0515338271	0.0091335474	-0.0764059513	-0.0338278997	-0.0213714648	0.0349468634	-0.024592996	-0.144592702	-0.0360438885	-0.0234387802	-0.0257524202	0.0185109584	0.011365818	-0.1075534704	0.0867631978	-0.0852178073	-0.0137271409	0.0369642754	0.0223665966	-0.1263493528	0.0116714217	-0.1435138655	0.0267553448	-0.0400567341	-0.0621710496	0.1622857699	-0.0435843334	0.0330426389	-0.0776527062	0.0689582367	-0.0930861927	0.0233463334	-0.0105660124	0.0824297936	-0.0221626523	-0.0228820756	0.0321372074	-0.1515502353	0.0632922215	0.1078240175	-0.019486596	0.1239537934	0.0969176685	-0.0442056606	-0.1724900157	0.0835067632	0.0577158249	-0.0168173708	-0.0152121701	-0.1185501171	0.0810343949	-0.0260863871	-0.0533412353	-0.0516381084	0.0462925865	0.0151774526	-0.0861975995	-0.0762323245	0.096670878	-0.055462912	-0.133688251	0.0575367347	-0.0217038103	0.0570503537	-0.0859777851	0.0871699422	-0.0315649064	0.0972608068	-0.0126793539	-0.0836278278	-0.0151387173	0.075207268	-0.0449830108	-0.0122389	0.0378737929	0.0447861341	0.0280964606	0.1700837193	-0.0812767295	0.077774937	-0.0400421815	0.0577775685	-0.1206855461	0.0564891376	-0.0385163058	-0.0467696906	0.0292787715	0.0090334324	0.0516574352	-0.0570815857	0.0039287916	0.0509601986	0.038961992	0.0708019543	0.009128395	0.0463741483	-0.1067700917	-0.0076833534	0.0750851369	0.0325972089	-0.003385187	0.0840410394	0.1000291608	0.0473913636	0.0857361483	0.0331961178	-0.0162454379	0.0134989295	-0.0865204156	-0.0106372974	0.0549199604	-0.1431595954	0.092084548	0.0695912797	0.0360810826	-0.0031410759	-0.0418659738	-0.0121792464870083	-0.0085192345691638	0.0001483340449913	7.25773576444372e-05	0.0093328687731428	-0.0510996725182196	0.0026111765314692	8.710243953670398e-05	-0.0008154166459775	-0.0147695754721297	6.649043065371956e-07	0.0002181403596269	0.0001190094259602	0.0001369594123285	1.8757880625373285e-08	1.4163243467376325e-08	6.49832021923924e-05	-0.000216019767905	4.6664540125733366e-08	4.222816567177352e-09	-0.0002820037725536	7.399379415530001e-05	7.952612773446255e-08	5.47508157349691e-09	0.0	0.0	0.0	0.0	0.0
264.8478646509678	0.2330003323694995	0.0542891548842972	70144.39141017734	359.2552706844402	-1.5546469022643237	2.4169269907200577	129064.34951455038	256.1905123595423	0.2408806717635627	0.0580234980292652	65633.5786230448	269.17809137043844	249.07370555342507	0.982823	20.911901	0.0727278776496971	0.0431961075638842	-0.0097557134	-0.0717911457	-0.0254412229	-0.0573246319	-0.0568529088	0.0488420234	0.0121973833	0.1196659522	-0.0221828414	-0.0242577309	-0.0362261399	-0.0256414633	0.0299789264	-0.0138719037	0.0006981573	-0.1138780816	-0.0281769745	-0.07454323	-0.0170275296	0.0773837126	0.0394260836	-0.028348901	0.0315615103	-0.040014751	0.0248233584	0.0101012653	-0.0256978944	-0.092391636	0.1459756201	0.0027127594	-0.011593393	0.0417987465	-0.0220947041	-0.0017871309	-0.0016694923	-0.0515588158	0.1155372608	-0.0853124208	0.0063227345	-0.0660906092	0.1127530304	-0.0704236274	-0.0439433973	-0.0580202383	-0.0684337361	0.1521908126	-0.0705702009	0.0454285719	-0.0184871485	0.1207517616	-0.0436395693	0.0726229948	-0.0137853493	-0.0130371841	-0.1179560692	0.0553244232	-0.0652544702	-0.0027056362	-0.0438580297	0.0329149215	0.0018521072	-0.0341320694	-0.0263945339	-0.0551274356	-0.109979187	-0.0957445333	-0.0165289819	-0.0565319768	-0.0225003513	0.0444607893	-0.0067066671	-0.0029153272	-0.0127867247	0.0571338481	-0.0191564375	0.1169968573	-0.0405470073	-0.0077465022	0.1163062618	0.0410111977	-0.0334126163	0.0964892348	0.025819619	0.0269506497	0.0336825007	-0.1157780096	-0.0693791313	-0.0578436109	-0.0118553514	0.0414045834	0.0318037496	-0.0028739785	-0.0381674746	0.0290899016	-0.033232593	-0.1452912463	0.0209233568	0.0464337089	-0.0794824603	-0.1863118705	0.0719522476	0.0371825507	-0.012604926	-0.0567007425	0.080976815	-0.0260045633	0.0177144496	-0.0084097816	-0.1001579622	-0.0611561232	-0.0684425809	0.0066913086	0.0611798219	0.0272745371	0.046626575	0.0358078433	-0.0568085949	-0.0385487933	-0.0281224852	-0.0520286475	0.0743484956	-0.0967483107	-0.0280650814	0.0071509162	0.0427601801	0.091460716	0.0673012514	0.0316476967	-0.0094108313	-0.0488621241	-0.0136499145548043	-0.001470668067796	0.0001863201673534	2.1628645656348234e-06	0.0499700422698481	0.0406371734967053	0.0016513798698013	0.0024970051244504	-0.003984122759256	-0.0031687061132784	1.587323416082164e-05	1.0040698432328537e-05	2.8000020848441188e-05	-9.10094051117588e-05	8.282711818796231e-09	7.840011675131412e-10	0.0002409999962111	0.0001760167940187	3.098191177662414e-08	5.8080998173750216e-08	-3.3722457191951886e-09	0.0002820004003078	1.1372041190630277e-17	7.9524225773805e-08	0.0	0.0	0.0	0.0	0.0
264.5446194899845	-0.3032451609832947	0.0919576276597843	69983.85570110068	358.4030035882626	-0.8522670961775702	0.7263592032269478	128452.71298108816	256.11511850997107	-0.0753938495712418	0.005684232553171	65594.95392937653	269.24151424067816	251.33762682281545	0.945329	20.114132	0.1043403525769664	0.0578874009235137	0.1113321416	-0.0110613956	0.0201606803	-0.01876806	-0.0126678144	0.053295442	-0.0371048715	0.0065369049	0.0017444198	-0.0195308056	0.0250462316	0.0732769175	0.0157825854	0.0411253284	0.0004779693	0.0077777737	0.0028126253	-0.1528123555	0.0911619976	0.0877039732	0.0665539906	0.0183168591	-0.0429457179	-0.048619907	0.1273801517	-0.0011950699	-0.0023442195	-0.0071758464	0.1128209353	-0.0629817144	-0.1425500813	0.1195389793	-0.1504552506	-0.0129407602	0.0784472011	0.046754671	0.0477478061	0.0131807829	0.0677463421	0.0487866571	0.104595856	0.0717550875	0.0357389097	-0.0152946926	0.0014376237	0.1047378266	0.0834744347	-0.1736069271	0.0657664213	0.0728836914	-0.06144719	-0.0205343163	-0.0537441686	-0.0157582974	0.1180927674	-0.0182205678	0.0905820283	-0.0125041375	0.0002175544	0.0136719192	0.0132360255	-0.0063618401	0.0889825591	-0.0932714027	-0.0364512304	0.035458725	-0.041652802	-0.1321386318	-0.0191673482	-0.0437281265	0.1046472928	0.0670769488	0.0496099974	-0.0555713212	-0.0097399005	0.1015363604	-0.005234316	-0.0201924869	0.0390737422	0.0384833585	-0.0190014192	0.1709320874	-0.064914895	0.1680398661	-0.0229631988	-0.1080230107	-0.052291939	0.0379057823	0.0418434061	-0.0406940148	0.0834494972	-0.0854414407	0.1382896675	0.0547202083	0.047840205	-0.0026964957	0.0407657761	-0.0893933178	0.0471454414	0.0815714686	-0.0397486718	0.0083976535	0.0071885772	-0.0376793752	0.0017522088	-0.0445908842	0.0152887085	-0.0677229008	-0.05825084	0.1171007926	-0.0344569789	-0.0121492256	0.0034800704	-0.0199717973	0.0366294872	0.1063494214	-0.0023357446	-0.0792380692	0.1007317288	-0.0610763529	0.0061387279	-0.0993172615	-0.0298069219	0.0968769828	0.0364023045	0.0908143174	0.0649448048	0.027144045	-0.0156434465	-0.0555570233	-0.0036566855731052	0.0099932289816991	1.3371349380555704e-05	9.986462548067084e-05	0.0962613300178674	0.0462912877480192	0.0021428833213699	0.0092662436568087	-0.0213837599628021	-0.0173996372035461	0.0004572651901467	0.000302747374815	0.0002670451321072	0.0002390451112587	5.7142565216712375e-08	7.13131025821519e-08	0.0002409497548987	-5.0241312400022215e-08	2.524189471676626e-15	5.80567843857436e-08	-0.0003740319925486	-0.0003740286203028	1.3989993144987597e-07	1.3989740880567656e-07	0.0	0.0	0.0	0.0	0.0
263.7289796482307	-0.8156398417538071	0.6652683514561755	69552.97470629687	360.3015445709228	1.8985409826601651	3.6044578628402255	129817.20302019264	255.66954014605324	-0.4455783639178321	0.198540078391692	65366.91375849433	268.29512214843515	247.7874194174568	1.062564	22.608591	0.1913888029380236	0.1341040380094408	-0.0302565801	0.1083892796	0.0496030532	0.0463896557	0.0638326302	-0.0667862188	-0.053547325	-0.0689800855	-0.0244574605	-0.0057195396	0.0257875752	-0.0429390937	-0.0760622684	0.0787324837	-0.0081460808	0.0093244808	-0.0195921768	-0.0888117694	0.0448032705	-0.0547746294	0.1047854018	0.099860112	0.0251937412	0.0474088929	-0.1282501097	0.0562699441	-0.058772119	-0.0201108026	0.0025699071	-0.109435815	-0.0549947616	-0.0673563574	-0.0801655042	-0.0291007136	0.0691178443	-0.149745855	0.0256755818	0.0846142424	-0.0081236921	0.0799329776	0.0296746325	-0.0927591239	0.0507287588	-0.0415022026	-0.0430136722	0.1222721228	0.0146029121	0.0413246949	0.0118535356	-0.0427065082	0.0502201828	-0.1004211413	-0.0589935452	-0.0178670447	-0.0611865919	-0.0373965537	0.1126185731	0.0044621088	-0.0389003893	-0.0734243705	0.0658056137	0.0501488659	-0.0142140089	0.0345860311	0.0613264467	0.0014557131	-0.0007320765	-0.1101851832	0.0638385395	-0.0183916037	0.0375615901	0.0507952201	0.1949174842	0.0080077671	-0.1152594595	-0.052863771	-0.0180593595	-0.0682794162	-0.0665089317	-0.0899833282	-0.1109969029	0.1689719795	-0.0232187254	-0.014886031	0.0555577939	0.0159452781	-0.0115129784	0.0281401044	0.0045078682	-0.0216737737	-0.1045884299	0.0152196738	-0.117077685	0.0746126573	-0.0175637191	0.0267989657	0.0294797098	-0.0929217579	0.0550672672	0.028627036	0.0261445491	-0.0752224356	0.075792611	0.011189217	-0.1114645408	-0.0154470047	0.0990379843	-0.035979022	0.1044075082	0.0354044856	-0.0226048124	-0.1142239856	-0.015481923	-0.0434814745	-0.0091859608	0.0702712299	-0.0745829384	-0.0119922367	0.0102072963	-0.0768716454	-0.0375451633	-0.0264323002	-0.1058215583	-0.0725133652	0.0714500858	0.0901455117	0.0625242656	0.0225801267	-0.0218143241	-0.0619093949	-0.008762331340776	-0.0051056457676707	7.677845052554533e-05	2.6067618704934744e-05	0.2269861614336861	0.1307248314158187	0.0170889815486942	0.0515227174823994	0.011217586328172	0.0326013462909741	0.0001258342430299	0.001062847779984	-0.0001839559209706	-0.0004510010530778	2.0340194987728458e-07	3.3839780860141636e-08	0.000241033666501	8.391160230000013e-08	7.041157000553385e-15	5.809722838691529e-08	-0.0003659773679575	8.054624591099992e-06	1.3393943385709938e-07	6.487697730355271e-11	0.0	0.0	0.0	0.0	0.0
263.5735706968512	-0.1554089513794565	0.0241519421688622	69471.02716988802	357.4375156654502	-2.864028905472594	8.202661571382546	127761.57760508894	255.24450678473352	-0.4250333613197199	0.1806533582347395	65149.75824378187	267.7259766849019	244.85622537155524	0.995323	21.177872	0.1017029294627795	0.0756668029052653	-0.0971478802	-0.0513381202	0.0272752076	0.092547926	0.0542781165	-0.0151717396	0.0846612409	-0.0537261901	-0.0240643256	0.0171063521	-0.1263336487	0.0220309144	-0.0450010283	0.0694418637	-0.0043143887	-0.0454402774	-0.1870343905	-0.1079832425	-0.047423807	-0.0200541033	-0.0426608472	0.0084267218	0.0812605996	0.0682648824	-0.0079290617	0.1836911924	0.0221844797	0.0186599623	0.0762938917	0.0442233111	0.0250355482	0.0622246489	-0.0060099278	-0.0601134797	0.0939798017	0.0139247082	-0.0362495198	-0.0065866283	-0.1447355514	0.0668496524	-0.00912459	0.0074707687	0.0101544462	-0.0470118211	-0.1827320841	-0.0102904703	-0.0973049798	0.0706900332	0.043681498	0.0671916412	0.0805957828	0.0154621321	0.030151688	-0.064317651	0.0070758058	0.0627831192	-0.0482341897	0.0496759651	0.0574700271	-0.0512217754	0.0658159662	0.0422028462	-0.0160919793	0.1003615832	-0.1140952247	-0.0126884161	-0.0851500702	-0.041821245	0.0025400864	0.0599727546	-0.0387467707	0.0855900788	0.1768741565	-0.030689889	0.0315873424	0.0543785125	-0.0174149661	0.0216848835	-0.0979492116	0.100396287	-0.0078796212	0.0678705808	0.0090171264	-0.0709424805	-0.0701047766	-0.0669859202	0.0093532753	-0.0237240792	0.0747683236	-0.0201606941	-0.0849763127	0.0749037214	-0.0401981947	-0.1416142208	-0.0492667873	-0.0568183835	-0.0674841337	0.1021653998	0.072459584	0.0090061424	-0.16197345	-0.0427042055	0.0330350811	0.1074325661	0.0232218675	0.0423171651	0.1172211289	0.0404422423	0.0078146518	-0.1156677926	-0.0847181083	-0.0355102762	0.014674823	-0.0812895033	-0.0083813463	0.1047562765	0.0257728411	-0.0111342049	0.0529974067	-0.0143882914	-0.0646295645	-0.0412506668	-0.1343514375	-0.0396332067	0.031795974	0.089454464	0.0600420225	0.0179660749	-0.0278991106	-0.0678800746	-0.0139470750398942	-0.0051847436991182	0.0001945209021684	2.6881567225545887e-05	0.1580446142162657	-0.0689415472174204	0.0047529369327318	0.0249781000827682	0.0102451559714111	-0.0009724303567609	0.0001049632208785	9.456207987501316e-07	-0.0005499757996431	-0.0003660198786725	1.339705515834316e-07	3.0247338019306725e-07	0.0002410545597952	2.0893294200020592e-08	4.365297425286141e-16	5.8107300798057656e-08	-0.0001999339761346	0.0001660433918229	3.99735948129908e-08	2.7570407968053093e-08	0.0	0.0	0.0	0.0	0.0
264.53261377646373	0.9590430796125132	0.9197636285526536	69977.50375140773	356.651818458989	-0.7856972064611796	0.6173201002409014	127200.51961010364	255.6955267726975	0.4510199879639742	0.2034190295430234	65380.20241156726	268.4694055342072	247.88830489863383	1.110472	23.627951	0.163195879277815	0.1292799892421494	0.0377649561	-0.1040302902	-0.0215683939	-0.0199867418	-0.0042157538	0.0998667342	-0.00090533	0.0630042333	-0.0726755448	0.0060970909	-0.188008879	-0.00126741	0.0364990017	0.0040683096	0.0589349265	-0.1221909695	-0.1298026246	-0.012664191	0.0759775429	-0.0272703752	0.0639553772	-0.0032309622	0.0229646495	-0.0442360952	0.0539720682	0.0368378406	-0.0296867603	-0.0439545695	-0.0990651606	-0.0374865096	-0.0643760088	0.1499771385	-0.063869486	-0.023457165	-0.0725922159	-0.0902580891	-0.0333046628	-0.1094399652	-0.0215169214	0.0659183363	-0.0190290859	-0.0793919102	-0.0123088799	-0.0837884422	-0.0684641156	0.1319013166	-0.0665632664	0.112571835	-0.0873974339	0.0226949785	0.000614492	-0.077615238	0.0041461432	-0.043103117	-0.0320498326	0.041111662	0.0380772618	-0.012333887	0.0840306073	0.0357920632	0.0465054499	-0.0673965823	-0.0346096283	0.0359061463	-0.1825711195	-0.0185337233	0.0731597946	-0.0007499403	0.0275119725	0.0007805949	0.0726907217	0.0654165607	0.0011190494	-0.0155817711	-0.0433419755	0.0602692114	-0.0124996128	0.019431277	0.0498302219	0.028911069	-0.0286866409	0.0423487971	-0.1621666935	-0.0655190295	0.0117122766	-0.0875727093	-0.0975814859	0.1476780214	0.0518239112	0.0122885112	-0.0054895004	0.0551534948	-0.1615363276	-0.0106284978	-0.0259834833	-0.0864024785	0.1059619266	0.0239422402	0.030622372	-0.1423639727	0.0151693432	0.0398432263	-0.0397000998	-0.0358358831	0.0680277254	-0.0160789261	0.0803862781	-0.0573139915	-0.1400301779	-0.0513904103	-0.0394919731	-0.0316967242	0.043651072	-0.0251843585	-0.0174737663	0.0861920139	-0.0492538301	0.0690303533	-0.0263040057	-0.0889542401	0.0103582335	-0.0774694845	0.0595746863	-0.0902575738	-0.0802705188	0.0887413447	0.0575005252	0.0133121339	-0.033873792	-0.0734322509	-0.0094520764059353	0.0044949986339589	8.934174838363876e-05	2.0205012719292383e-05	0.0271962174850983	-0.1308483967311674	0.0171213029271169	0.0007396342454967	0.0170450122139698	0.0067998562425586	0.0002905324413743	4.62380449194645e-05	-0.0003089829032964	0.0002409928963466	5.807757608957128e-08	9.547043452947249e-08	0.0001260411576844	-0.0001150134021108	1.3228082665100574e-08	1.5886373430423786e-08	-0.0002649802310797	-6.504625494510002e-05	7.021452286305122e-08	4.2310152823829496e-09	0.0	0.0	0.0	0.0	0.0
265.2821948864152	0.749581109951464	0.5618718403960687	70374.64292375397	358.3399544517949	1.6881359928058828	2.849803130206704	128407.52295651444	255.86242158300925	0.16689481031176	0.0278538777089983	65465.57877832156	268.8521116823006	252.6850591810453	0.934768	19.889429	0.0406464474286437	0.0201139753762668	0.1096720439	0.0449946825	-0.0418516797	-0.025845185	-0.0171758978	0.0366438232	-0.0825293797	0.0486600163	-0.0227566733	0.1034428024	-0.0155846357	0.0074773603	0.0420927446	-0.0444975763	0.0306430894	-0.0783587669	-0.0588284553	0.0261707777	0.1247496613	0.0524386816	0.0927273707	0.0005952205	-0.0723623172	0.1008492108	0.0543358854	0.0794106718	0.0409300965	-0.0899584676	-0.0359699239	-0.0233514406	-0.0011615591	0.0408987508	0.0498079378	-0.0258419177	-0.0601424963	0.0406020852	-0.0063942916	-0.1120126143	0.0407303451	-0.0693398295	0.1635335083	0.1171622504	-0.0129980263	0.0810227823	-0.1445811437	-0.0333061663	-0.0893007284	0.0025683387	0.1233167292	0.0003967144	0.0367911319	-0.1089616427	-0.0238757547	-0.0334120146	-0.0821296318	-0.0908020382	-0.0384974832	0.0135783765	0.0747541467	0.0451602392	-0.0219248026	-0.0494661613	-0.0310343574	0.0101250809	-0.0711792248	0.0540898789	0.1544427115	-0.0830596339	-0.010665193	-0.1105876742	0.0473728593	-0.0246137918	0.0934166445	0.0123290083	0.0615021477	0.1528995844	0.0060038903	0.0405315481	0.0316823555	0.1008292311	-0.0590412416	-0.0504570693	-0.0649592725	-0.0059311943	-0.0471456336	-0.0300764218	-0.0665411022	-0.0161378697	0.0048329255	0.097185475	-0.1142755709	-0.0109977761	0.0198552137	-0.1245023394	0.0653715021	-0.0145262161	0.0344931871	0.0072837698	0.1168535639	-0.0280300077	-0.0195396831	0.0522781226	-0.0796890851	-0.0574776141	0.0352236257	-0.095700612	0.091068009	-0.0974583867	-0.0425889084	0.0121724985	0.012735918	-0.0376114281	0.0519602707	-0.0374537619	-0.0864623713	0.1506938419	0.0002360413	-0.0555673521	0.0066058868	0.0080975086	0.0781054781	0.0551503062	-0.0359119964	0.0227207522	-0.027827837	0.0880063298	0.0549022818	0.0086286366	-0.0397147891	-0.0785316931	-0.0036151399602459	0.0058369364456893	1.3069236932166728e-05	3.40698270710172e-05	0.0107808154516249	-0.0164154020334734	0.0002694654239205	0.0001162259818019	0.0086514335630738	-0.0083935786508959	7.484730269627982e-05	7.04521625687771e-05	-0.0002289685629884	8.001434030799998e-05	6.402294654924431e-09	5.24266028369729e-08	0.0002410294904016	0.0001149883327171	1.3222316661081486e-08	5.809521524325498e-08	-0.0002599722981332	5.007932946500017e-06	6.758559579665743e-08	2.5079392396640345e-11	0.0	0.0	0.0	0.0	0.0
264.8241814502873	-0.4580134361278851	0.2097763076736723	70131.8470808147	362.5423541123012	4.20239966050633	17.66016290662372	131436.9585252892	256.02050724605584	0.1580856630465916	0.0249910768608805	65546.50013052773	268.7551580071259	250.0404309899733	1.033451	21.989132	0.0330688788176844	0.0158863983020125	-0.0741183306	0.0615077995	-0.0426633725	-0.0256877942	-0.0105330019	-0.1258030253	0.0268157084	0.0255919877	0.0256597355	-0.0212318599	0.0123414517	-0.0022302032	0.0411871748	-0.0160578067	0.0285782906	-0.0985009051	-0.0807287515	-0.0463354631	0.0775655799	0.1044412689	0.0478054545	-0.087197372	-0.0249964787	0.0097785129	-0.0046448281	0.0201232823	0.0191984508	-0.009414965	-0.169517949	0.0990412819	0.1093933444	0.0959808287	0.0652618203	-0.0004903522	-0.0459187589	-0.0322224447	-0.0265690271	-0.0610049961	0.0294279902	0.0061047864	-0.0055543085	-0.2034633938	-0.0041274631	0.0993920361	-0.0413505498	-0.013235032	0.1510352069	-0.0470358637	0.0247000534	-0.0385067291	0.0411429111	0.004376171	0.0644100395	-0.0373563283	-0.0301519538	-0.072201424	0.0869824491	0.0244530048	-0.0608192444	0.0434252485	0.0052441217	-0.0222821448	-0.0631819651	0.0698955596	-0.0161416818	-0.0415140207	0.0350704338	-0.1670290314	-0.085290603	-0.0965093917	-0.0043851142	0.0572138231	0.01445041	-0.1059075506	-0.02150358	-0.0277038006	0.0112971591	0.0462796688	0.1120313047	-0.0065131653	0.0599383425	-0.0934463092	-0.1012974605	-0.180679975	0.055009354	-0.0531389867	-0.0134203277	-0.0492436175	0.0834453754	0.0095334506	-0.0803767098	-0.0195984213	0.0501052821	0.0721777323	-0.1267331887	0.0163041267	-0.0008971618	-0.0964454281	-0.0901360608	0.0648676584	-0.0426353632	0.0428473989	-0.0505572445	-0.0703684575	-0.0805579965	-0.0843642152	0.1872628094	-0.0006264243	0.036016816	-0.0398851677	0.0196070243	-0.0117407846	0.0498290984	-0.0445837972	-0.0253144013	0.0442722074	-0.0641654704	0.0618864888	-0.0078271148	-0.0340420426	-0.0558996887	-0.0513270079	-0.0447293245	0.1100583094	-0.0765687668	0.0872496007	0.0522498565	0.0039259816	-0.04539905	-0.0831469612	-0.0105588787794772	-0.0069437388192313	0.0001114899210796	4.8215508789699694e-05	0.0232179884404075	0.0124371729887826	0.0001546832719529	0.0005390749872188	0.0050637321837783	-0.0035877013792954	2.5641383629032157e-05	1.2871601186998828e-05	-0.0003449581614199	-0.0001159895984314	1.3453586944300624e-08	1.1899613313019777e-07	0.0002410594298098	2.993940820001512e-08	8.963681633671324e-16	5.81096487002259e-08	-0.000345958072901	-8.59857747678e-05	1.1968698820537366e-07	7.393553462418831e-09	0.0	0.0	0.0	0.0	0.0
264.22246583291644	-0.6017156173708713	0.3620616841880088	69813.5114508267	357.93269461865697	-4.609659493644244	21.24896064734451	128115.81387697277	255.911698037346	-0.1088092087098289	0.0118394439000591	65490.79719235776	268.7798539500299	247.1711661080552	1.0751	22.875326	0.1911282914894793	0.1130584218800849	-0.0475898418	-0.0886689609	-0.0443626942	0.0251179768	0.0333378767	0.0570706529	0.0538162976	0.0431650952	0.0055469738	0.0142561927	0.0351778665	-0.0697774909	-0.0421391973	0.0704289978	0.0063837544	-0.0858166858	-0.1065115572	-0.1816504	0.0411523107	0.057150404	-0.0089782638	0.0662953045	0.0652433	0.1174691795	0.0097869142	-0.0743716029	0.0346841882	0.02693538	-0.0046236171	0.1163716717	0.1449026144	0.0599321492	0.021062956	-0.0474339765	-0.0007333153	-0.0985993557	-0.0688111686	-0.0163048688	-0.0153966932	-0.0433691185	0.0477375187	-0.1439076161	-0.0538960757	0.0049530089	-0.0370457686	-0.0538097984	0.016698205	0.0459993817	0.0524960267	-0.0969519098	-0.0758761073	-0.0538731707	-0.0144468354	-0.0186410175	0.1090084281	-0.0921736886	-0.0138698215	0.0388829361	-0.0602711979	-0.0408668527	0.0707529838	0.0019206038	0.0292731547	-0.0047886821	-0.1289581169	-0.0838812597	-0.0292624488	-0.15285944	0.0723047315	-0.0033540966	-0.0595124202	-0.0546100606	0.1352501042	-0.0555071263	-0.104983985	0.030374324	-0.0170326888	0.0289032927	-0.0263586852	0.0717651713	0.0235077703	-0.0733571913	0.0825047707	-0.2188269585	0.0958307582	-0.0657701798	-0.0010613007	-0.0551740561	0.0274316715	0.0307488761	0.0505964505	0.0030444608	0.0625376348	-0.071561203	-0.0297182132	-0.0250630909	-0.0585470485	-0.1404666553	0.0128065864	0.0489289168	0.0457129091	-0.0248811306	0.0464790814	0.0142843622	0.0536950321	0.0842460322	0.1972448866	0.0530935805	-0.0507544916	-0.028074485	-0.0862986737	-0.0269086019	0.0792884239	-0.0959221779	-0.1217592706	0.0066055301	-0.0602615941	-0.0477479127	0.0003219753	0.0463183963	0.0176263546	-0.0146926037	-0.1042590042	-0.081280055	0.0135411078	0.0864713441	0.0495458668	-0.0007853901	-0.0509041416	-0.0872496007	-0.0214543908734867	-0.0108955120940095	0.0004602908877523	0.0001187121837907	0.1273071810728794	0.1040891926324718	0.0108345600228798	0.0162071183527229	0.0416308128279112	0.0365670806441329	0.0017331245767125	0.0013371513868345	-0.0008989193699502	-0.0005539612085303	3.068730205563505e-07	8.080560336716645e-07	0.0003157282739403	7.46688441305e-05	5.575436283784904e-09	9.968434296532113e-08	-0.0005088581426175	-0.0001629000697165	2.58936609308132e-07	2.653643271364056e-08	0.0	0.0	0.0	0.0	0.0
264.55382507781496	0.3313592448985218	0.1097989491797186	69988.72636330311	358.0685127366264	0.1358181179694497	0.0184465611687633	128213.0598134196	255.58973216370447	-0.3219658736415454	0.1036620237897635	65326.11118751419	268.508053708587	251.9570324650402	1.068696	22.739061	0.1409785835114284	0.1083180437846093	0.1158650917	0.0007515087	-0.039571065	0.0270636999	-0.0371179478	0.0479089006	-0.0601532156	-0.0019853774	-0.0092396946	0.0023894316	-0.0743326455	0.1132599995	0.0168505102	0.0081696447	0.0115718247	-0.1964504807	-0.0884706283	-0.0112208454	-0.0525164539	-0.0151206974	0.0909776346	-0.0280366665	-0.0922531203	-0.0033790781	0.1365063366	0.0148317434	0.0715518709	-0.0535861026	0.0604896689	-0.0508048572	0.045953156	0.0617337457	0.0056444197	0.0419267719	-0.0230377597	0.0486608235	-0.077230578	-0.0535795608	0.0228339243	0.0622089928	-0.0064819641	-0.1172336136	-0.1314949634	-0.0224295604	0.0927952019	-0.0585683229	-0.0043716926	-0.0658868429	-0.0556268354	-0.013354329	0.0149495075	0.0487474475	-0.1162784904	-0.1913419865	0.0287453061	0.0455532034	-0.106123564	-0.0151056907	-0.0447954105	0.0139394598	0.037584691	-0.0352482092	-0.0942640201	-0.0748808436	-0.1759065068	0.0515642288	-0.0141567591	4.96335e-05	-0.1015971306	-0.0413140582	0.1162266448	0.0022901951	0.0521163906	-0.1313966683	-0.0738256575	0.0169441308	-0.0113090403	0.0635048999	0.0373682992	-0.0412912871	0.0337150162	-0.0470894584	0.0815856894	-0.0738541007	-0.0538626502	0.0237507383	-0.13784705	-0.0097539	0.0274604947	0.0875525388	0.0572697385	0.0076461172	-0.0316952796	-0.0142432096	-0.0601964302	0.0194267618	0.010672519	-0.0107915002	-0.1481936401	0.0364733983	0.0014777746	0.0283547738	-0.0274122866	0.0073819286	0.1474995052	-0.0214249268	0.1227796495	-0.1034061941	-0.0531520822	0.0144096142	-0.00203397	-0.035724874	0.0647153231	-0.1569609353	-0.0362971578	0.0670138425	0.0074942711	0.0514385737	0.0778397622	-0.0598670729	-0.0637171098	-0.0491387194	0.0091598153	-0.0103965718	0.0064148623	0.0856717519	0.0467929814	-0.005495018	-0.0562083378	-0.0908143174	-0.0212087189156875	0.0002456719577992	0.0004498097580446	6.035471084889214e-08	0.0212483277578456	-0.1060588533150337	0.0112484803664998	0.0004514914325048	0.0169597821541458	-0.0246710306737654	0.000287634210716	0.0006086597545058	-0.000772938767035	0.0001259806029152	1.58711123108773e-08	5.97434337585586e-07	0.0002416966551945	-7.40316187458e-05	5.480680574123485e-09	5.8417273132209036e-08	-0.0005089064722531	-4.8329635599954346e-08	2.589857975010952e-07	2.3357536772243746e-15	0.0	0.0	0.0	0.0	0.0
264.5621120417707	0.0082869639557543	6.86737716039717e-05	69993.11112800245	361.3897411958226	3.3212284591961634	11.03055847817452	130602.54504158362	255.3211806572524	-0.26855150645207	0.0721199116176762	65188.90529221332	268.26630747969745	251.38052365772097	1.01545	21.606134	0.1377422433335542	0.0906730369069255	-0.0003385962	0.1044295821	-0.031547929	-0.038437054	-0.0583917144	-0.064554206	-0.0675432211	0.0290473521	-0.0431436646	-0.0089547362	-0.0029067601	-0.0484609587	-0.0177077069	0.0433183795	-0.0347746651	-0.1737255686	-0.0626084941	0.0306476026	-0.0021986157	0.0053570648	0.1685123957	-0.0342471243	0.01335263	0.0436826611	0.0278503365	-0.053329634	-0.0148768645	-0.0504665026	-0.0070264762	-0.0346693098	0.0546608123	-0.004364462	-0.0265682754	0.0414617436	0.1386127889	-0.0288300473	0.0100399949	-0.0650906267	0.0615003216	-0.0180800601	0.0430106851	-0.0748918955	-0.0333627084	0.1929820687	0.0555346564	-0.0148145271	-0.0582407636	0.019438258	-0.0157368833	0.1673848912	0.0357476071	0.0305425577	0.048680998	-0.0660345697	-0.0249576073	-0.0841333187	-0.0473477264	0.0220385629	0.0010644582	-0.0104618776	0.0517067623	0.038961355	-0.124408819	-0.0256167076	-0.0539445597	-0.0435619158	0.1297215219	-0.0830114093	-0.0848108457	0.0067319643	0.0602023254	-0.0649850849	0.049899485	-0.0450907631	-0.1613166285	0.0576619822	-0.0687587017	0.0147513597	-0.0532448337	-0.0742363608	-0.0580176182	0.0061718568	0.0364928636	-0.0405543419	-0.0284070216	0.0123907402	-0.0970410159	-0.0830823623	0.0303949246	0.0538396143	0.0387605389	0.1478107677	0.086920872	0.085869756	0.0499816214	0.0203829818	0.0045592919	0.0940223863	-0.0359298431	-0.1419648596	0.1032405005	-0.0022441013	0.0597567092	-0.0809770415	0.0421726318	-0.100549628	0.1255784206	-0.0988554268	0.0443139089	-0.0364958114	-0.0050696452	-0.041841523	0.0894481378	-0.1094190327	-0.0520707969	0.0167021686	-0.1384092559	-0.0510176992	0.0073808654	-0.037396645	0.0594255503	0.0435312214	-0.0888297726	-0.1047610047	0.0414634849	0.0848510215	0.043993917	-0.0101924456	-0.0612907054	-0.0938191336	-0.0216247867781618	-0.0004160678624742	0.0004676314032009	1.731124661839326e-07	0.1027246978671314	0.0814763701092858	0.0066383988861853	0.0105523635518934	0.0087682502046817	-0.0081915319494641	7.688221165190068e-05	6.710119567909112e-05	-0.0004702836923391	0.0003026550746959	9.16000942391808e-08	2.2116675128009729e-07	0.0004597215001522	0.0002180248449576	4.7534833018829124e-08	2.1134385770218925e-07	-0.0009413920208461	-0.000432485548593	8.86218936912704e-07	1.870437497417882e-07	0.0	0.0	0.0	0.0	0.0
264.03702499346826	-0.5250870483024528	0.2757164082949824	69715.55056740138	359.6240243659829	-1.7657168298396757	3.117755923179073	129329.43890118509	255.495411002396	0.1742303451435987	0.0303562131688575	65277.90504328325	267.9127732956893	247.11534846431863	1.098956	23.382912	0.1013769136042593	0.0757445401761259	-0.1033277389	-0.015544148	-0.0167119891	0.0657653303	-0.0459084496	-0.0688794855	0.1202644033	-0.0857989068	0.0313782283	0.0201238549	-0.0663950051	0.0120417043	-0.0774656727	0.064172291	-0.0354487389	-0.0922128416	-0.091484807	-0.0267355878	-0.0509573782	-0.0235049773	0.1006385031	-0.0373560467	-0.0113523686	0.1791287403	0.104655937	-0.0262358513	-0.0669178964	0.0674722299	0.0458803409	-0.050297779	-0.0869579724	-0.1193118352	0.096055131	-0.0449020948	-0.0504693653	0.0949912708	0.0264177611	0.1382616097	0.0068909934	-0.1360848258	-0.0307027231	-0.0904591477	-0.0317959729	0.015458412	-0.0443392494	-0.0220208534	-0.0592980398	0.099985707	-0.0968301343	-0.0846081256	0.1119526156	0.0716152767	0.0393705183	-0.0276579575	-0.0663299947	0.113644715	0.0871156849	-0.0145759494	-0.0084984933	-0.0766962252	0.0529912614	0.0770273098	-0.0522458444	0.0888455436	-0.0902804568	-0.0118087701	0.0356981087	-0.0479341134	-0.0503794507	0.001769176	0.0595929126	-0.0890952107	0.055594441	-0.1511386702	0.0586369251	0.0077283371	0.1191777618	0.0079286176	-0.0223697131	-0.0132561512	-0.139336655	0.0077240431	0.1157152822	-0.0307541944	-0.088470241	-0.0016561178	0.0801337075	-0.0574488485	-0.0673086025	0.1546009611	-0.0936522287	0.0216590205	0.0075647657	0.0039228649	0.0038743411	-0.0353433269	-0.0586489339	0.0149942392	-0.0138007851	0.1365100108	0.0373295612	-0.0484186831	0.032327504	0.0881895474	-0.055761398	-0.0815378286	0.1160565516	0.0397054702	-0.0542222706	-0.0947152821	0.0246733519	-0.0728672923	0.0731858206	-0.1072340586	-0.0231834122	-0.0432832215	0.0008738161	0.0137674261	0.0603076154	0.0167657627	-0.0986639515	0.0456034805	-0.0869890501	-0.0400751531	-0.0102909219	0.0840093554	0.0411514359	-0.0148672434	-0.0661311865	-0.0962455236	-0.0218231300403601	-0.0001983432621983	0.0004762490047584	3.9340049659464144e-08	0.167626711132101	0.0649020132649696	0.0042122713258462	0.0280987142849648	0.0087290643575883	-3.918584709340124e-05	7.619656455891843e-05	1.5355306124274223e-09	3.511348686966061e-05	0.0005053971792087	2.5542630875217204e-07	1.232956960145828e-09	0.0002409834582113	-0.0002187380419409	4.784633099213893e-08	5.807302713147737e-08	-0.0009420042242964	-6.122034502999965e-07	8.873719585922623e-07	3.7479306455922025e-13	0.0	0.0	0.0	0.0	0.0
264.6864054363359	0.6493804428676526	0.4216949595789886	70058.8932228084	357.8162731098679	-1.8077512561150115	3.2679646039854022	128032.48530223555	255.7204342400468	0.2250232376508165	0.0506354574828558	65392.94048791811	268.6713377177506	247.30549745303	1.090796	23.20929	0.1712251070229445	0.1341843569022945	-0.0085540295	-0.1172512574	-0.0262069336	-0.0319791663	-0.0105477105	0.0651358431	0.0796929518	0.0668478592	0.0115447511	0.0619038777	0.0260751232	-0.0758977184	0.0362673265	-0.0250517944	-0.0206927991	-0.0613275026	-0.0680023912	0.0772519089	0.0289945997	0.023824552	0.0065126819	0.0329744103	-0.0341101488	0.0421492237	0.0266719532	-0.1061017643	-0.0038403861	-0.0049577827	-0.0177729855	-0.122667817	-0.0206088697	0.0134495333	0.069660447	-0.0818830549	0.007753386	0.0401434914	-0.0577913786	0.0942369573	-0.1630369755	0.0309694179	-0.0089732183	0.0746947081	-0.1060789421	0.1567979918	0.0891244992	-0.0951778435	-0.0990388446	-0.0152837396	-0.0491061318	-0.0346771089	0.0366449844	0.1402532751	-0.0156926251	0.0001467954	-0.0360315404	-0.0881644689	0.0933814658	-0.1480361572	-0.1791134351	0.0343482056	-0.0312635062	-0.0081328061	0.0311723555	-0.0072663697	-0.1211195655	-0.0247308926	0.0694867697	0.0148348777	0.0148663206	-0.0275384439	-0.0508808966	-0.0907019498	-0.0516755235	-0.0716245157	-0.0663412973	-0.0777188236	-0.0334744045	-0.0310858209	0.0197099021	0.050375722	-0.0955571304	-0.0189456869	0.0460080977	0.0074348641	-0.0142258052	0.0684049228	0.0448153408	0.0319217524	-0.0963780405	-0.0392479223	-0.0422285108	0.1730761765	0.0476220441	-0.0205792961	0.0937306644	0.1291442549	-0.0279103025	0.067741667	-0.0293075626	0.0877565739	0.0657666362	0.0328682856	-0.0339725355	-0.0114246491	-0.0109417435	0.0594773372	0.0983554012	0.0561992951	-0.0625490484	0.0177816278	-0.0307387872	0.054580924	0.0155622593	-0.0628662888	-0.0026169554	-0.0874783097	-0.0333539041	-0.0291747486	-0.034364248	0.0452704227	0.0344972506	-0.0542725468	0.0973600555	-0.0143650301	0.0053972405	0.0831469612	0.0382683432	-0.0195090322	-0.0707106781	-0.098078528	-0.021642884517746	0.0001802455226141	0.0004684144502484	3.248844842243015e-08	0.032225119510258	-0.135401591621843	0.0183335910137283	0.0010384583274504	0.0161202809616938	0.0073912166041055	0.0002598634582839	5.463008288880488e-05	0.0002977295170377	0.000262616030168	6.896717930122057e-08	8.86428653155021e-08	0.0004378443790264	0.0001968609208151	3.8754222144169086e-08	1.9170770024501384e-07	-0.0010475683388009	-0.0001055641145044	1.097399424458077e-06	1.1143782271119166e-08	0.0	0.0	0.0	0.0	0.0
265.41655279213296	0.7301473557970439	0.5331151611774151	70445.9464960591	362.56741929684046	4.751146186972562	22.57339008998392	131455.13353557093	255.6739591112073	-0.0464751288395177	0.0021599376006497	65369.1733675993	268.4549981589971	253.58645292751945	1.057266	22.495855	0.1550930755082295	0.1166568980790629	0.1049985103	0.0210911975	-0.0679013114	0.0184377741	-0.0589804319	0.0199383495	-0.0734206223	0.0143112259	0.1526724737	0.014409784	-0.0771879728	-0.0161349961	-0.0255283143	0.0685646645	0.0012013809	-0.1347008347	0.0551782823	0.0255660268	-0.0947764596	0.0221914014	0.0478008905	0.0107296315	-0.0047560583	0.0005656317	0.1270968681	-0.1492022146	-0.0906687823	-0.0140315773	-0.0884888173	0.0460056282	0.0599420265	-0.1164887131	-0.0209494494	-0.0905782828	0.0208812193	-0.0645530023	-0.0196739111	0.1164104098	-0.0410246798	-0.0439985863	0.0281551137	0.2078190597	0.0375836417	-0.0887563791	-0.021801784	-0.1134558684	-0.0449518987	-0.0688581149	0.0386548656	-0.0117209451	-0.048644295	0.0929552452	0.0541118158	0.09192873	0.0783126306	0.0880652701	-0.0152247215	0.1052294596	-0.0810661873	-0.0258371803	0.0841555848	0.0013040864	-0.1019640679	-0.1105853636	-0.0426887139	0.0099281587	0.0201526341	0.0315581207	0.0272990525	0.0173169456	-0.0031853148	-0.1586344093	-0.104632609	-0.1712410892	-0.0218172316	0.1017778016	-0.0194098136	-0.0582032541	0.0187610167	-0.0579991384	0.021539767	-0.0041789196	-0.0375631102	0.031530218	0.044230609	0.17146912	0.1241164742	-0.0881539407	-0.1023340643	-0.0778622738	0.0350319655	-0.0810707632	0.0750842237	-0.0752350814	-0.0161887399	0.0273154472	-0.1536471527	-0.0132876319	-0.0431452443	0.009084951	-0.0637307628	-0.0316451027	0.0639426547	-0.0034122472	0.1110653639	0.006741991	0.0994276309	0.0061806902	0.0241805414	0.0925323288	-0.0455814363	-0.0055815839	0.0154649097	-0.1305487288	0.0174675622	0.016290311	0.0242305803	-0.0633482747	0.0557469076	0.0347846674	-0.080695532	-0.0120592729	0.1077720918	0.0154254805	-0.0213675787	0.0822640518	0.0353474844	-0.0241075061	-0.075011107	-0.0993068457	-0.0216194213640648	2.346315368120105e-05	0.0004673993801169	5.505195806676586e-10	0.1508742130454976	0.1186490935352396	0.014077607396734	0.0227630281620982	0.0087914078376201	-0.0073288731240737	7.728885176736811e-05	5.371238126876983e-05	-0.000170252387877	-0.0004679819049146	2.1900706332759125e-07	2.898587557782045e-08	0.0004980846336095	6.024025458310002e-05	3.628888272236703e-09	2.480883022379099e-07	-0.000993957584394	5.361075440689996e-05	9.879516795743555e-07	2.874112988076943e-09	0.0	0.0	0.0	0.0	0.0
265.10059475426226	-0.3159580378707005	0.099829481695103	70278.32533906358	365.39275604104097	2.825336744200513	7.982527718129554	133511.86616726767	255.80092528362405	0.1269661724167576	0.0161204089381618	65434.113375958215	268.3348663015539	253.0890855365243	0.97416	20.727575	0.0996048396450886	0.0548238468689786	-0.0315911414	0.0955593491	-0.0856431829	0.0628132971	-0.1349176546	-0.0847893232	-0.0593270022	0.0175690799	0.1497020905	-0.0551707979	-0.0715618808	-0.0524611296	-0.072623051	0.0847895051	0.0197675743	-0.1294527417	0.0818535456	-0.0377966925	-0.1474686426	-0.049225819	0.1026706749	-0.0455689602	-0.068617827	-0.0629564939	-0.0252144164	-0.0470374648	-0.0487067865	-0.0230334247	0.0235599856	0.1191879822	-0.0112910495	-0.0442896383	-0.0089830842	0.0228036461	-0.0040008335	-0.0733987206	-0.1256186251	0.1297157932	0.008037959	-0.0301326329	-0.0488254004	-0.0456784892	0.095587325	0.0414559023	-0.061731257	-0.0484655519	-0.0545561515	0.0771397434	-0.0175719567	-0.099299458	-0.0019843231	-0.1541259004	0.090583106	0.0140314605	-0.1205196618	0.0405270962	-0.0549883767	-0.0354572976	0.0189415142	-0.0699346637	0.109433755	0.0164588174	-0.1538715034	-0.054907411	0.0333206003	-0.0262612315	-0.0636641536	-0.0031815928	-0.0374511899	0.0586112646	0.089276235	-0.1184820421	-0.0831468198	0.0116455844	-0.1147164803	0.0268649794	0.0048323745	-0.088515221	0.0490419936	-0.0492835995	0.0188478314	0.0653767335	0.0193793041	0.0029221601	0.0775259034	0.0521839063	0.0996998247	-0.062625426	0.1186796853	0.0275568768	-0.2406218434	-0.0012094418	0.0061781155	-0.0969302099	0.0245952998	0.0450797285	-0.0481618803	-0.0109129655	-0.0675564319	-0.0116172241	0.0366619408	-0.0672426668	0.0998153338	0.0243686539	0.1206504343	-0.0802850716	0.0613832929	0.0290928307	0.1012573766	-0.0058547784	0.0076978174	-0.0599893176	-0.0010978643	-0.1167015303	0.0982865163	-0.0333841841	-0.0561616437	-0.02598359	-0.0593592909	-0.0196134607	-0.0560658058	-0.0354320344	0.0588643483	-0.1068201487	0.1033602608	0.081360845	0.0323917418	-0.0286524553	-0.0790155012	-0.0999229036	-0.0342400457847844	-0.0126206244207196	0.0011723807353441	0.0001592801607688	0.1963541874829815	0.0454799744374838	0.0020684280748341	0.0385549669421018	-0.0172320125475451	-0.0260234203851652	0.0002969422564387	0.000677218408543	-0.0001703865292113	-1.341413342999991e-07	1.7993897567784113e-14	2.9031569336673183e-08	0.0002410804652965	-0.000257004168313	6.605114253025686e-08	5.8119790747576945e-08	-0.0009414794860069	5.247809838709991e-05	8.863836225718167e-07	2.753950810326138e-09	0.0	0.0	0.0	0.0	0.0
264.39944220079377	-0.7011525534684893	0.4916149032353827	69907.06503609089	360.8708846470095	-4.52187139403145	20.44732090415993	130227.79538591523	256.01485535282416	0.2139300692001029	0.0457660745079608	65543.60616132748	268.5032151168282	249.03554140957496	0.968898	20.615623	0.0689084144400244	0.038826353710296	-0.0890045709	-0.0288186711	-0.0428933004	0.057359637	-0.1302126863	-0.0260947819	0.0697642492	-0.0167635732	0.0843262782	-0.0916970583	-0.0269244429	0.0610272729	-0.0518803554	0.059097645	-0.0377164797	-0.041342651	0.0502265212	-0.0834501495	-0.0663970848	0.0135856381	0.0084010789	-0.1564766331	0.0376579131	0.0012627577	-0.0987880708	-0.0476884813	-0.0214132329	-0.0174496435	0.1401377539	0.0878224513	-0.0144291201	-0.0917823801	0.0544294742	0.0592595023	-0.0138379949	-0.0292751934	-0.0112885288	-0.1261230852	-0.0378429628	0.0724753856	-0.1329297846	0.1081643183	0.0610668546	-0.0427186876	0.0438209303	-0.0492633687	-0.0561220268	0.0195261894	-0.0473690995	0.0140649328	-0.0513273337	-0.0318978406	-0.0680131921	0.0376932824	0.0243970403	0.0897671427	0.1776058386	0.0090307241	0.1539371255	-0.0586199482	0.0387379597	0.0546387373	-0.0158848596	-0.00949102	-0.0174787189	-0.0645650899	-0.1045036013	-0.0474769479	-0.1149943151	0.0499422959	0.0636635747	-0.0649595401	-0.0356903173	0.0658997324	0.0894966277	0.0373956465	-0.0229952591	-0.0892138123	0.0263083414	-0.0589652064	0.0066787913	-0.0620471169	0.1419588458	0.0443443784	0.0665111644	0.0052778914	0.023980573	0.0414502984	0.080034566	-0.0204858136	0.001088589	-0.0222629549	-0.1008510618	-0.0524743295	0.0373499295	0.107744849	0.0898783589	0.0923995633	0.1297941253	0.0330161578	-0.0856773419	-0.0465488013	0.0573704208	0.0704633314	0.0552878401	-0.1209122718	0.021811861	0.0742829112	-0.0581971537	-0.091468708	-0.0086731702	-0.0451814029	0.0562636428	-0.0667036051	0.0722472466	-0.049493034	0.0159108501	-0.0570864881	-0.0142643955	-0.027108168	-0.0790150424	0.0706182603	-0.0256751148	-0.0131405699	0.1115100995	0.0804375635	0.0294040325	-0.0331337888	-0.0827080574	-0.0999229036	-0.0256388334372843	0.0086012123475001	0.0006573497800248	7.398085384678822e-05	0.180135365002144	-0.0162188224808375	0.0002630502026649	0.0324487497244556	-0.0172501535921369	-1.81410445917983e-05	0.0002975677989523	3.2909749888161434e-10	0.0005127067560563	0.0006830932852676	4.666164363776827e-07	2.628682177057743e-07	0.0004387585773679	0.0001976781120714	3.9076635992112975e-08	1.925090892139035e-07	-0.0009421128600098	-6.333740028999311e-07	8.875766409958449e-07	4.011626275494819e-13	0.0	0.0	0.0	0.0	0.0
264.53025733243334	0.1308151316395651	0.0171125986658767	69976.2570443634	356.8435316841557	-4.027352962853797	16.21957188740726	127337.30610482104	256.2001215403512	0.18526618752702	0.0343235602407969	65638.50227729071	269.31105834921925	248.63513211286087	1.05747	22.500204	0.1550036626244087	0.110719196487217	0.0501381394	-0.1004655766	-0.0019730757	-0.0377219592	-0.0531691441	0.0995152763	0.0282671751	0.012626604	-0.0228520086	-0.092031004	0.0347776895	0.0377328278	0.0254239566	-0.0134920414	-0.026535844	0.0641574727	0.0200966074	-0.0035041269	0.059837354	0.0506069728	-0.0403606612	-0.0333075696	-0.0227174688	-0.0100713645	-0.1258863364	-0.012850061	0.0592796984	-0.0271689895	0.1328447635	0.089256458	-0.0388184014	0.0859453503	0.0529601022	0.1058717909	-0.051653489	-0.0086462351	0.0093958438	0.001841666	0.0115420129	-0.0586659817	-0.0498157723	-0.0703065655	0.0250568293	-0.0421440037	0.0624459555	0.0273706314	0.0446160341	0.00668124	0.058499555	0.0149332854	-0.0877987642	-0.0409861917	-0.01850849	-0.0396962967	-0.0005241502	0.0374962775	0.1225868245	0.1305357268	0.2121732338	0.0225115334	-0.0453510872	0.0025311508	0.1340878639	-0.063856144	-0.038205468	-0.0101880107	-0.0271005252	0.0118365405	-0.0973006126	-0.0061824818	0.0404814659	0.0202385709	-0.013559213	0.1645197267	-0.0056546373	-0.0967340719	0.0260268954	-0.0251841117	-0.0108375212	-0.0033527074	0.0554966033	-0.0503620176	0.0521888314	-0.0144495568	0.0862360172	-0.1315415538	0.0118669821	0.0039955393	0.0430723713	-0.0025642628	0.0128467	-0.025960054	-0.0141844852	0.0058473767	0.0645584133	-0.081258325	0.0636890405	-0.0161681234	0.0485118674	0.0479930632	-0.0008839109	0.0245570549	-0.004502574	-0.026173443	-0.0095465465	-0.038869233	-0.0538912422	0.0093525973	-0.1332895234	0.0667021379	-0.0243732165	0.0499032203	-0.0202368932	-0.0257539141	0.0658997282	-0.1043492562	-0.0690620244	-0.0666971409	-0.0159515085	-0.0380444614	0.0070631918	0.0017536321	0.1361781143	-0.016101449	0.0191366016	0.0794944353	0.026387305	-0.0375415571	-0.0860742027	-0.0993068457	-0.0216964470241691	0.0039423864131151	0.0004707358134725	1.554241063031531e-05	0.0680812304119342	-0.1120541345902098	0.0125561290787608	0.0046350539344028	-0.0171348219756382	0.0001153316164986	0.0002936021241368	1.3301381764202998e-08	0.0010232793245086	0.0005105725684523	2.606843476559787e-07	1.047100575966777e-06	0.0004678961557909	2.9137578423000024e-05	8.489984763564765e-10	2.189268126039022e-07	-0.0011802389132262	-0.0002381260532164	1.3929638922933615e-06	5.6704017220419815e-08	0.0	0.0	0.0	0.0	0.0
264.0357310897689	-0.494526242664449	0.2445562046838175	69714.86729210874	358.95754392371987	2.114012239564147	4.469047749027021	128850.51833974928	255.67002963379724	-0.5300919065539347	0.2809974293939854	65367.16405294676	268.6077473373145	249.0752264259301	0.944524	20.097	0.1530520191720566	0.1007314935750753	0.0843894974	0.0541735592	0.0656670922	-0.0138174382	-0.0389201568	0.0230146099	-0.0505410789	-0.0674534897	-0.007765393	-0.024230827	0.1377443541	0.0416232793	-0.0362353934	0.0374190898	-0.0797485592	0.0843624463	0.0302226777	0.0748573772	-0.0262516787	0.0728865261	-0.0175799035	0.0313479525	-0.132226558	0.0048708638	-0.0012117277	-0.0299623873	0.0557200582	0.1159394557	0.0626461601	-0.0291844683	0.1049642038	0.090956745	-0.1195667266	0.0373528833	0.0683138619	0.1161348144	-0.0498290217	-0.0683933525	-0.0216032516	0.003618162	0.0348551421	0.0189912981	0.028053481	0.0912603445	-0.086763435	-0.0328248188	0.0564336415	0.0530500159	-1.62218e-05	-0.1574784204	-0.075935502	-0.0607772901	-0.048768842	0.085600817	0.0928379823	0.0507434264	-0.0384797795	0.0580942983	-0.0386340623	-0.0380046555	-0.0168606261	0.0800742082	0.06810416	-0.0771292413	0.0590100726	0.1059107065	0.0270380829	0.0380852177	-0.047992536	-0.037463877	-0.0535959972	-0.0189660822	0.004157274	-0.0734476653	-0.0216684455	-0.026995304	-0.0544919576	-0.0695697152	-0.0155359509	0.0945004802	0.1929350723	0.0124674086	0.0584683325	0.0919957063	-0.0400377256	-0.0642925786	-0.1027991468	0.0075964575	0.1000026541	0.0471402405	0.035035024	-0.0155916089	-0.0138903288	0.0230862993	-0.0404926082	0.0410539918	-0.0471268918	0.0059633865	0.1092152369	0.0954260985	-0.0184400522	-0.0286890638	0.0439581917	0.0096176032	-0.0914260946	-0.038691336	-0.0231732141	-0.0591468648	-0.0306717226	0.1293101884	0.0283834964	0.039495265	-0.0322903479	-0.0422555166	-0.0059943516	-0.0722488485	-0.0061210649	-0.0981519139	0.0687859813	0.0226770686	-0.0485194735	0.0253074637	0.1894020268	0.0835371486	-0.0018189674	0.0785316931	0.0233445364	-0.0418659738	-0.0891006524	-0.098078528	-0.0306959633748817	-0.0089995163507125	0.000942242167512	8.099129454674338e-05	0.1635451524009425	0.0954639219890083	0.0091133604015234	0.0267470168738475	0.0113834392178375	0.0285182611934757	0.0001295826884262	0.0008132912214993	0.000900886911768	-0.0001223924127406	1.4979902696465404e-08	8.115972277948843e-07	0.0005688881280232	0.0001009919722323	1.0199378455369658e-08	3.236337022057409e-07	-0.0013582609210305	-0.0001780220078042	1.844872729598622e-06	3.16918352626742e-08	0.0	0.0	0.0	0.0	0.0
263.8795148624611	-0.156216227307766	0.0244035096742716	69632.39836404784	359.9732574031038	1.015713479383919	1.031673872202187	129580.74604540122	255.7327125440508	0.0626829102535566	0.0039291472378554	65399.22026513812	268.3129144816705	246.76037765988323	0.9200060000000002	19.575321	0.1220399508087052	0.083256588092588	-0.0494439218	0.0699896798	0.0663774199	-0.0117749918	-0.023491074	-0.0865302429	0.0101397397	-0.0601709799	-0.0529751141	-0.0120126097	0.0520298394	-0.0266933137	0.0188319855	-0.0120613075	-0.0836357477	0.0385116513	0.0086436645	0.0894206229	-0.0343824355	-0.023430651	-0.0153294109	-0.042033533	-0.0090403222	-0.013321166	-0.1151219923	-0.0102899827	0.0576238447	-0.0033784519	-0.0138210671	-0.075069037	0.2351004505	0.050599598	0.019609278	0.1338375585	0.0247155766	0.043579933	0.0129846066	0.0412271913	-0.1103560928	-0.0072429111	0.0109072459	0.0042855225	-0.0046979228	-0.0378085162	0.0541218587	-0.0735237752	0.0167924155	-0.0358647269	-0.0254783078	-0.008696986	-0.1311929451	-0.0581167246	-0.0220962136	0.007373606	-0.0431123243	-0.0450624317	0.0150169309	-0.0958084405	0.0175676357	0.0133710069	-0.0413211595	0.0887876582	-0.0254027053	0.0375848606	0.0528645105	0.0180425912	0.0113775812	0.0854783424	-0.0624780684	-0.0262052751	-0.0302502254	0.0368835853	0.0118807465	0.0050337503	-0.0855930967	-0.109932672	-0.0784474038	0.0236593849	-0.013256989	-0.014455664	0.0882146871	-0.1134238217	0.025860803	-0.0022212701	0.1454344276	0.0256638068	-0.0636983793	-0.0869539301	-0.0156598093	-0.0565610002	0.0454021397	0.0391739405	-0.1150160246	-0.0601035056	0.1502818173	-0.0088462001	-0.0308937402	0.0979042705	-0.0339989213	0.1026575268	-0.0160072327	0.0140527401	0.0118321362	0.0232366523	-0.0848202077	-0.0026011725	0.0448865525	-0.0300429472	0.0768037553	0.0326905661	0.0449009735	0.0536744636	-0.034519735	-0.0478163752	0.1056470545	-0.0829428095	-0.0127458688	0.0032675118	0.0214867902	-0.0559579243	-0.0153555074	-0.0495482347	0.1763544982	0.0380153739	-0.0097130742	0.0775495743	0.0202787295	-0.0460974375	-0.0917754626	-0.0962455236	-0.0363451335655042	-0.0056491701906225	0.0013209687338943	3.191312384261788e-05	0.084349907152216	-0.0791952452487265	0.0062718868700059	0.0071149068365874	0.0028204864269412	-0.0085629527908963	7.955143684559536e-06	7.332416049911873e-05	0.0008896526650449	-1.1234246723100008e-05	1.2620829943548322e-10	7.91481864421493e-07	0.000749727500517	0.0001808393724937	3.2702878643951325e-08	5.620913250314682e-07	-0.0017388389533828	-0.0003805780323523	3.023560905801391e-06	1.448396387091483e-07	0.0	0.0	0.0	0.0	0.0
263.4322468733356	-0.4472679891255211	0.2000486540963872	69396.54869273404	357.5718656467941	-2.4013917563096925	5.76668236727215	127857.63910212896	255.51705227922272	-0.2156602648280738	0.0465093498257149	65288.96400546304	268.24769440379987	243.55898340578764	1.092777	23.25145	0.2884977320023548	0.2442816203342137	-0.0904160472	-0.0417009618	0.0607202862	0.0175793164	0.0035122033	0.0167674865	0.0679967728	-0.0610496074	-0.0252369951	-0.1024075907	0.0594779827	-0.1467663227	-0.1099682113	0.0829514974	-0.0097230586	0.0536073635	0.0776903196	-0.0302141795	-0.0245384582	-0.0584602749	0.0033172732	0.0767119172	0.0952073679	0.0626897666	0.0809579324	0.0736391206	-0.0472243454	0.1263244856	-0.1013722916	-0.0411009445	0.0989051488	-0.0028979768	-0.1116013982	0.0078070083	-0.0521185733	0.0533999873	-0.0855151282	0.0247199158	0.0576788893	0.0598491228	0.000581911	0.0437021112	0.0190007003	0.0198927468	0.0591373193	0.1451157926	0.0187643855	-0.0481392534	0.0098190127	0.0436997974	0.0887970136	0.130542376	-0.0825500867	0.0969984398	0.0732831675	-0.0101566868	-0.03619624	-0.0152681007	0.0990654162	-0.103539449	0.0677236717	0.0454845707	0.0529135972	-0.0212048558	0.1028143829	-0.1250163608	-0.0112183019	0.0747825497	0.0649972394	0.0626674935	-0.0531990967	-0.0464845457	0.0383756362	-0.1352685931	-0.0300037263	0.0759308534	0.0710740035	0.0006889072	-0.0967677205	0.0141001015	0.0803902806	0.009254288	-0.0252414098	0.0763253916	0.0083688166	0.1209877309	-0.0777637696	0.0616918828	-0.0262776248	-0.0859696519	0.0528739126	0.0614710792	0.0945721634	0.056522053	0.0407405942	-0.1071753976	0.1189519664	0.0706338387	0.0166923926	0.007941333	-0.0385254018	-0.1264905915	0.1401144857	-0.0561732225	-0.0462596888	0.1176379518	-0.0306059691	0.0835559877	0.0659063311	-0.0555476221	-0.036849188	-0.0267097693	0.0071991487	-0.0283253616	0.0736438464	-0.1061093954	-0.0041293677	0.0030666736	-0.0234434652	0.0433823049	0.0197846312	0.1330461162	0.0536529379	0.1355936391	0.088349115	0.0765483213	0.01719291	-0.0502265533	-0.0940880769	-0.0938191336	-0.0381653485842008	-0.0018202150186965	0.0014565938325535	3.3131827142886634e-06	0.3263149899640467	0.2419650828118306	0.058547101300136	0.1064814726752358	0.0280222011324937	0.0252017147055525	0.0007852437563099	0.0006351264241	0.0009212144836183	3.156181857339997e-05	9.961483916602156e-10	8.486361248281311e-07	0.0006970594374648	-5.266806305219993e-05	2.773924865670507e-09	4.858918593587435e-07	-0.0020448234610827	-0.0003059845076999	4.181302986994233e-06	9.362651895235026e-08	0.0	0.0	0.0	0.0	0.0
263.1795806779075	-0.2526661954281053	0.0638402063121135	69263.49168579922	353.59792975299763	-3.973935893796465	15.792166488003913	125031.49592560584	255.55785936637213	0.0408070871494032	0.0016652183616189	65309.81948392244	268.09768504858704	245.43677851737613	1.202541	25.586929	0.2154875322838819	0.1611745854528495	0.0690601252	-0.1151512307	0.05836954	0.1812836509	-0.0391818839	0.159520138	0.016186486	-0.1239869362	0.011872395	-0.1271077824	-0.1022517631	-0.0014998842	-0.1867566182	-0.0252751672	0.0680812055	0.0457978175	0.0636342315	-0.0623895602	-0.1174129562	-0.1312075611	0.0571805582	0.1650015134	0.0462468953	0.1574415756	0.0541778099	0.0938110729	-0.0217057625	-0.0832455647	-0.0374457676	0.0333379697	-0.1318874794	-0.0673525238	0.01848433	0.0354137122	-0.0790324665	-0.0987232045	-0.0491289208	-0.004463966	0.0174320211	-0.1065318609	-0.1414789121	0.0621164546	-0.0780112246	0.1291902334	0.0230896085	0.0330507348	0.1416567899	0.0465690588	0.0275338489	0.0450838094	-0.047506385	0.0133070348	-0.0363676569	0.055995157	-0.0154462486	-0.0047957293	-0.0815849391	-0.0058879217	0.0928795578	-0.1883018459	0.0092211764	-0.0813734874	0.0438465875	-0.0214729673	0.0087326738	-0.0106804332	-0.0956232453	0.1566366471	0.0667103478	0.1178721922	0.0753864136	-0.1173621065	0.1398927341	0.0360139984	0.0080403787	0.0556235358	0.2148388463	0.0183596224	-0.052952754	-0.0734826529	-0.0715875418	-0.0529304051	-0.0701917844	-0.0168361493	0.0474790705	0.0434584889	0.0911859839	0.1570651048	-0.0391730285	0.0663698562	0.0327281418	0.0630039039	0.0165577731	0.0027009552	-0.0231937116	0.01271138	0.0028711905	0.0132753628	0.1065656777	-0.1318079312	-0.0184257209	-0.2113672184	0.0285675761	0.0581703364	0.0820641004	0.103085618	-0.229884221	0.014487065	-0.0314966306	-0.0270724277	0.0240966042	-0.2163874608	-0.0861262536	-0.090781856	0.0567518927	-0.0716135523	-0.0417450036	0.146880605	-0.0758576241	-0.0141755978	0.0591235893	-0.005224037	-0.0257665061	0.0131484521	0.051431928	0.0755281812	0.0140901232	-0.0542441537	-0.0960293686	-0.0908143174	-0.0391440654973678	-0.0009787169131669	0.0015322578636622	9.578867961191368e-07	0.4738728388250592	0.1475578488610125	0.0217733187604894	0.2245554673761205	0.0054525320385963	-0.0225696690938974	2.9730105631919124e-05	0.000509389963008	0.0016013634296224	0.000680148946004	4.62602588750488e-07	2.564364833732015e-06	0.0008579035174625	0.0001608440799976	2.5870818070306493e-08	7.359984452745299e-07	-0.0019981905387684	4.663292231430003e-05	3.992765429223549e-06	2.1746294435715413e-09	0.0	0.0	0.0	0.0	0.0
263.6921199289078	0.5125392510003053	0.2626964838159539	69533.5341126015	358.4883651652426	4.890435412244983	23.91635852133976	128513.90795884831	255.68090654539583	0.1230471790237004	0.0151406082656905	65372.72597187544	268.3549993593649	246.92860128906773	1.172758	24.953218	0.3345758101815922	0.2866554496798133	0.0427500978	0.092667704	0.0970392664	0.0685710765	-0.0250228449	0.0097140381	-0.0868021865	-0.119525627	-0.0163254394	0.0477738129	0.0246853876	0.0324719377	-0.0548248305	0.0429344838	-0.0614168719	0.0936865939	0.0327034847	0.0236751941	-0.0351713526	-0.0155715519	-0.0018719404	-0.0170676138	-0.1442133566	-0.1190770569	0.0238699566	0.005015709	0.0513395216	-0.0016652968	-0.0672399185	-0.0110500953	-0.0916126256	-0.0762616233	-0.1039461311	-0.0295903205	0.0251568217	0.0019544684	0.0336830352	-0.0517211052	-0.0315857295	-0.0271576378	0.0454976467	0.0572491495	0.0870809316	0.091025651	0.069373911	-0.0303567323	0.0028261698	0.0821307687	0.0164425036	-0.0783914898	0.019711833	-0.0129867528	0.03856561	-0.0677954551	-0.042013347	-0.0275540607	-0.0139685735	0.0717031648	0.1190633982	-0.0580977144	-0.007819755	0.0906650474	0.0262846551	-0.0150369922	0.0639670851	0.1425465516	0.0036491387	0.0461191275	-0.0101532642	-0.0091192893	0.0649269146	-0.0262445081	-0.0310529997	0.0585536104	0.0240345599	0.04574087	-0.0724837691	-0.0220906188	0.005645018	0.0110385271	0.0516513323	0.0342840641	-0.0854810839	0.1255656437	0.0124164848	0.0079306397	0.072389196	0.0048232327	-0.0278445995	0.0164619593	-0.0461770223	0.0865735285	0.0539653453	0.0398175345	-0.0763376082	-0.0474940028	0.1556267294	-0.011125224	0.1061384664	-0.0074831047	0.0479442776	-0.0503680575	0.0269789651	0.1131924725	-0.0205327413	-0.0662778225	-0.0988993571	-0.0944656758	0.0171126359	0.0319802573	0.0029226434	-0.0017686192	-0.0758396421	0.0030118414	0.0396003024	-0.0357773688	-0.025995904	-0.0673904884	0.0112895277	0.029322494	0.0967884752	0.0925822959	0.0491378836	-0.0051238957	0.0480097465	0.0744894057	0.0109734311	-0.0581413184	-0.0975916762	-0.0872496007	-0.0376579663989389	0.0014860990984289	0.0014181224333036	2.208490530351194e-06	0.1911271514515249	-0.2827456873735343	0.0799451237283324	0.0365295880219741	-0.0173869939985777	-0.022839526037174	0.0003023075603065	0.0005216439496027	0.0013361525572194	-0.000265210872403	7.033680684076035e-08	1.7853036561639418e-06	0.0006962481304679	-0.0001616553869945	2.6132464144373865e-08	4.84761459180046e-07	-0.0018749668447169	0.0001232236940515	3.515500668787648e-06	1.5184078775697696e-08	0.0	0.0	0.0	0.0	0.0
264.05376560646454	0.3616456775567371	0.1307875960954715	69724.39113095372	358.7436479172617	0.2552827520190703	0.0651692834784301	128697.0049209842	256.0153043926162	0.334397847220373	0.1118219202256199	65543.83608324392	268.57905019148734	245.7138562361918	1.042753	22.187065	0.0816295794299111	0.0523456306646778	-0.0687956891	-0.0146573092	0.0718893493	-0.0165810666	-0.0382685372	-0.0674058502	0.0992517992	-0.0672668775	-0.0173581581	-0.0714380401	-0.0268083691	-0.0088377298	-0.0055842562	0.0337261013	-0.0717890057	0.0720703789	0.0296779359	-0.0088742875	0.028266557	-0.0171983088	-0.0451417695	-0.0926741227	0.0152153506	0.0421103172	-0.061969057	-0.0477279001	-0.1214522248	0.0270788301	-0.0496743056	-0.0295977439	-0.0907740385	0.0843026972	0.0863027619	-0.0525708212	0.0323317808	-0.1099429084	0.0264871908	-0.0764489961	-0.0975223097	0.1251223019	-0.074146037	0.0132143305	0.0826265796	-0.0586821917	0.0983956155	-0.0226644852	0.1132753217	-0.0867711504	-0.1057095519	0.0063510009	0.0524758147	-0.1033185284	-0.0105349597	-0.0491241828	0.0400997737	0.0355247101	-0.0067906838	0.0254931389	-0.06295916	-0.0084567644	-0.010210584	0.1067824068	0.040017541	0.0505585593	0.0502315465	-0.0602224203	-0.0336731062	0.032078701	-0.0568030521	-0.038884445	0.0108928975	0.0273138038	-0.0514517706	-0.0596365909	0.0580936741	-0.0644948669	0.0311856307	-0.0644766577	0.0704542783	0.0579912592	-0.0926074298	0.0394239743	-0.0924543075	-0.004617804	0.1136570599	-0.0348877075	0.0885187979	0.0445931446	0.0728712416	-0.1113097557	0.0146256327	-0.0687058883	-0.1437949941	0.0807057682	-0.0204969594	0.2099574629	0.0426411767	-0.0445644654	-0.0250733563	-0.0160162411	-0.0633387618	-0.0104146394	0.0633434704	0.0094957453	-0.0926180136	-0.0288569877	-0.0198443203	0.0109276316	0.0149724	-0.0381712376	-0.010552441	0.0780240638	-0.0185722411	-0.0016759728	0.1257905447	-0.0459719136	0.0185041409	0.0321609314	0.0968373506	-0.0123538595	-0.0755890657	0.0250992815	0.0822476418	0.1145432841	-0.1606475188	0.0734322509	0.0078459096	-0.0619093949	-0.0987688341	-0.0831469612	-0.0338231489121199	0.0038348174868189	0.0011440054023314	1.4705825157212784e-05	0.1438020745558361	-0.0473250768956887	0.0022396629031828	0.0206790366465622	-0.0173228972603993	6.409673817839995e-05	0.0003000827694943	4.108391845110354e-09	0.0012439465706541	-9.220598656529987e-05	8.50194395848026e-09	1.547403070642096e-06	0.0008370995939308	0.0001408514634629	1.9839134759640653e-08	7.007357301591103e-07	-0.0022500211608732	-0.0003750543161562	5.062595224377181e-06	1.406657400674697e-07	0.0	0.0	0.0	0.0	0.0
263.60454997394794	-0.4492156325165979	0.2017946844972871	69487.35876696762	356.9445367057368	-1.7991112115248598	3.236801151434449	127409.4022840731	255.7862487959381	-0.22905559667808	0.0524664663695512	65426.60507309756	268.6675619208877	243.44557049535032	0.999214	21.260666	0.1986143745204577	0.1394624600198272	-0.0311383982	-0.0826288797	0.063589155	0.0588177973	0.0207055605	0.0790286125	0.0345146399	-0.0590058476	0.0002415581	-0.0602201612	0.0473012397	-0.1130110745	-0.0949780261	0.0702680453	-0.0143566352	0.0849582867	0.0675912272	-0.073069754	0.0107219934	0.0030359632	-0.0761747248	0.0673802577	-0.0232768902	0.0049456937	0.0925313623	-0.0177017959	0.0084576258	-0.0641927678	-0.0635360874	0.018161358	-0.0310282699	0.039912942	-0.0109351403	0.0629563364	0.0667724674	-0.000176195	-0.0370483323	0.0903620682	0.0358721211	0.0152019806	0.108870117	-0.0103712054	0.0493104599	0.0251176116	0.050529832	-0.0538323957	0.0640401321	-0.0333365569	0.0825533736	0.092148185	-0.0350590226	0.0571683102	0.0711037935	0.1081814469	-0.0220486796	-0.0572988749	0.0763222618	0.0405511064	0.1002215962	-0.0931864392	0.034802507	0.0365135256	0.1281278262	-0.0371554684	0.0345602268	-0.025492451	-0.0614122961	0.0105035625	0.0708726936	-0.0464546374	-0.0280251104	-0.0732268367	0.0060727639	0.0293986584	-0.0812788702	0.0012185063	0.0031477874	0.0922667939	0.0083068625	-0.0480177039	-0.0033034429	-0.0137368224	-0.1094678608	0.024395586	-0.00948636	-0.0814657746	-0.009823678	-0.0448002034	-0.0965892192	-0.1888063699	0.022470174	0.0453276783	0.1544325642	-0.025904988	0.0674466853	-0.0344547643	-0.0177449693	-0.0141350841	0.0243159673	-0.0579430346	0.000264428	-0.1016642557	0.0789322476	0.0265883676	-0.0813760382	0.110706799	-0.0158391661	0.058856469	-0.047211909	0.0484696737	-0.0307655283	-0.0188529543	-0.0572085397	-0.0014802382	0.0597883019	-0.1103948586	-0.0522735912	0.0229911241	-0.0756906056	0.0282247744	0.0765937788	0.0594354385	0.0052256329	-0.0421783689	0.0361146741	0.0723569779	0.0047106451	-0.0655400171	-0.0995561965	-0.0785316931	-0.0374005375887804	-0.0035773886766604	0.0013988002119297	1.2797709743898758e-05	0.2742878763900762	0.13048580183424	0.0170265444803245	0.0752338391345777	0.0129251339269629	0.0302480311873622	0.0001670590870299	0.0009149433907116	0.0016891883460138	0.0004452417753596	1.982402385254575e-07	2.853357268308837e-06	0.0010340652054565	0.0001969656115256	3.8795452123692926e-08	1.0692908491357934e-06	-0.0022938768304317	-4.385566955850042e-05	5.261870913191383e-06	1.92331975242438e-09	0.0	0.0	0.0	0.0	0.0
263.7589136344704	0.1543636605224492	0.0238281396898899	69568.76452163601	357.47440581771565	0.5298691119788259	0.2807612758292295	127787.95081472886	255.546811555056	-0.2394372408821254	0.0573301923212449	65304.1728959553	268.30752317331667	248.005633249174	0.969061	20.619081	0.0557227307604195	0.040336215456513	0.1021396629	0.0011983572	0.0664065723	0.0963338997	0.0320935541	0.0629866167	-0.0447415073	-0.1020218933	0.0088288773	-0.0120351388	-0.0179324372	0.05943863	-0.069691284	0.0769046669	-0.0111699125	0.065973903	0.0006006174	0.0235347455	-0.0135153954	-0.0424164935	-0.0502950961	0.0316977872	-0.0372108152	-0.0145680795	0.1673037306	0.0545065415	0.0245886896	-0.0416276777	-0.0361542686	0.0861425966	-0.0251101812	-0.0816821463	-0.0974166833	0.0140244699	-0.016215738	-0.0684583736	-0.0445435162	0.0231561596	-0.0351672388	0.0510147843	0.0959366991	-0.0262350366	-0.0475379062	-0.1716737118	-0.1450021641	0.0143363173	0.004374863	-0.0193002149	-0.0210874292	0.1482523825	-0.0764279649	0.0477527756	-0.0254154036	-0.0044260943	0.0631701365	-0.0267181839	0.0024839696	0.1461732723	-0.0701816	-0.0731371628	0.0566347605	0.0368229319	0.0414002378	-0.0729174775	0.0166887148	0.104774104	-0.0501198681	0.1144659512	0.050666634	-0.0237279919	0.0202354157	0.0303164467	-0.0033284297	-0.0575769505	0.0160659486	0.1378234747	0.0093756362	0.0471714155	-0.032887896	-0.0371668772	0.0841412047	0.07607939	-0.0514890077	-0.0255659752	0.0339826268	-0.0102578711	0.0372649188	0.0972011698	0.0055198089	-0.0261130019	-0.0251411898	-0.1307621832	0.0555580853	0.0267085165	-0.1102995016	-0.0747968622	-0.1059881548	-0.0944315857	-0.003661287	-0.1891919288	-0.0534259314	-0.0765739319	0.0678908007	0.0894399709	0.0408258653	0.0893553425	-0.0519802356	-0.0611970815	0.0029300609	0.0942465714	0.016373128	0.0080735735	-0.0686636923	-0.0133293173	0.0393852022	0.0029206276	0.0837695216	0.0404102073	0.0190787097	-0.0442618994	0.0040181142	-0.001988396	0.0755841904	0.113538374	0.0043322427	0.0712638519	0.0015707317	-0.069025124	-0.099950656	-0.0734322509	-0.0408530242263083	-0.0034524866375279	0.0016689695884353	1.1919663982308726e-05	0.2360005224357309	-0.0382873539543452	0.0014659214728253	0.0556962465899379	0.0127531832482716	-0.0001719506786912	0.0001626436829639	2.9567035902398664e-08	0.0016089990956172	-8.018925039659998e-05	6.43031587916861e-09	2.5888780896969674e-06	0.0008886947629114	-0.000145370442545	2.1132565565758212e-08	7.897783816261494e-07	-0.0022432177335763	5.065909685540021e-05	5.032025800231192e-06	2.5663440942048195e-09	0.0	0.0	0.0	0.0	0.0
263.916516460864	0.1576028263935995	0.024838650887251	69651.9276608375	362.6026843664781	5.1282785487624665	26.29924087369727	131480.70670977575	255.6919284186908	0.1451168636347972	0.0210589041112003	65378.36225846889	268.2250773136362	246.85835400374444	1.008111	21.449963	0.0677906103254136	0.0329476261388616	-0.0729694447	0.1068750658	0.0565784136	0.0482867815	-0.0219218126	-0.0855027239	-0.0429634876	-0.076755117	-0.0198997997	-0.0566263836	-0.0159639698	-0.0410093951	-0.0442938228	0.0660491834	-0.0466811374	-0.0109547901	0.0775504741	0.0049370976	-0.0703159541	-0.0981787384	-0.0117061251	-0.0215486426	0.0050426011	-0.0837503626	0.0441389495	-0.0403023538	0.0328762757	0.0060487658	-0.0932512602	0.0202705324	0.0515400313	-0.1518640297	-0.1021197121	0.0984893426	0.0097484373	-0.1148817356	0.1250272667	0.0324716605	0.0362478896	0.0184938548	-0.060461317	0.0746957223	-0.067466056	-0.0661324929	-0.0357348413	0.0654169821	0.0253107996	-0.1234976651	0.0290132924	0.0105279271	0.0612728406	-0.0290496097	0.0160709555	-0.0398663531	-0.0392768984	-0.0205081016	-0.0094535515	-0.1030038185	0.0328096899	-0.0443552986	0.0515795382	0.0834479726	-0.0912348524	-0.012776447	0.0906881116	-0.0142881167	-0.0711550427	0.0633032461	0.0284854444	0.0055604909	0.013161809	-0.0196897341	-0.0733976705	0.0201775095	-0.0926789142	0.0205487007	-0.0634077392	0.0994754974	-0.0661582957	-0.1316299298	0.045342695	0.0434344479	-0.0188385244	0.0553270828	-0.0249988138	0.0256974804	0.0368167596	0.0314599176	-0.0860925054	0.0230473717	0.0339394645	0.0159330892	-0.0608447935	0.0303526759	-0.0495383467	-0.0228925096	-0.0027952001	-0.095695692	0.031228981	-0.0511434947	0.0046706485	-0.0544191953	0.0881109563	0.0527735511	0.0169831992	0.0010924255	-0.0348588099	-0.0154858375	0.1091185456	-0.0162953782	0.0080770346	0.0431713346	-0.0536993887	0.0471168866	0.0995208748	-0.0001824634	0.0069154029	0.0735793471	-0.0552382894	-0.0820871006	0.0202517658	-0.0156672925	0.0683308191	-0.0030553335	-0.0172856548	0.0701531426	-0.0015707317	-0.0723569779	-0.099950656	-0.0678800746	-0.0373902094432168	0.0034628147830915	0.0013980277622076	1.1991086221997052e-05	0.2157446684693695	-0.0202558539663613	0.0004102996199065	0.0465457619729581	-0.0097682263033291	-0.0225214095516007	9.541824511305048e-05	0.0005072138881909	0.0015313413220093	-7.765777360790004e-05	6.030729801735855e-09	2.3450062444931902e-06	0.0006951607430614	-0.00019353401985	3.745541683930019e-08	4.832484586936777e-07	-0.0024030365806056	-0.0001598188470292	5.774584807728654e-06	2.5542063865774774e-08	0.0	0.0	0.0	0.0	0.0
263.73692695826367	-0.1795895026003222	0.0322523894442311	69557.16664138851	357.5583945148396	-5.044289851638496	25.44486010734312	127848.0054880297	255.5349463392424	-0.1569820794483973	0.0246433732679429	65298.10880059949	268.2687144512641	245.33305995654905	0.990617	21.077747	0.0823166140408895	0.0572554630597708	-0.0700239616	-0.0749227016	0.0534606411	0.0118162697	-0.0500810974	0.0185166062	0.0914334397	-0.0363387597	-0.0362325085	0.0043269766	-0.0514649906	0.0475099897	-0.0142875156	0.0334213805	-0.0719890763	0.0226817328	0.0053069612	0.0868611233	-0.0585195048	-0.0386027847	-0.1238977932	-0.1420761565	0.0989283426	-0.0733614235	-0.0431781852	0.0392421239	0.1104835727	-0.0748599046	-0.0572635453	0.0445835918	-0.066163779	0.0743310253	0.0902619934	0.0449535825	-0.1150730239	0.1179969991	-0.0095469829	0.154216242	0.0164230993	-0.0198578248	-0.0330302457	0.050071954	-0.0346844813	0.0225874856	0.0022343205	0.0376104658	-0.009521154	0.1057448892	0.0794852957	0.0458938011	-0.0392728119	0.032606622	-0.0716554997	-0.1543408189	-0.1033262303	0.0758884809	-0.1262740829	0.0727989807	-0.046923135	-0.0182669287	-0.0044605392	0.0849674404	0.0341076501	0.018508144	-0.0493636782	-0.0277749298	-0.0467944859	0.1138935052	-0.044679441	0.0574509777	0.0164056058	0.0291169297	-0.1042079004	0.1078062987	0.1690313572	-0.0302513162	-0.0948565982	0.0970462107	-0.0446192835	-0.0544928935	0.0483019983	-0.1288923151	-0.0728184948	0.0444763164	-0.0808469555	0.0067400101	-0.0227850722	-0.0433380716	-0.0759628683	-0.0235509648	-0.1466022941	-0.0110608208	0.0563461432	-0.0980450041	-0.0129626535	0.0001674535	0.0081627662	0.1048563831	-0.0975455857	-0.0441363025	0.0101170071	-0.0087941888	0.026228033	0.1020342274	0.0150137953	-0.0408863713	-0.0845984711	0.0256773799	-0.098425135	-0.089551557	-0.0119736669	0.025726451	0.0108552073	0.0917762804	0.053892047	-0.002779787	0.079922838	-0.0329645809	-0.0235713336	-0.0436799669	0.0080819365	0.0822158395	0.0676950905	-0.0196443125	-0.0219796246	0.069025124	-0.0047106451	-0.0755281812	-0.0995561965	-0.0619093949	-0.0348170718157803	0.0025731376274364	0.0012122284898252	6.621037249729514e-06	0.1577664370705491	-0.0579782313988203	0.0033614753161351	0.0248902486659355	-0.0016737635312864	0.0080944627720426	2.80148435866432e-06	6.552032756798517e-05	0.0018038370483063	0.0002724957262969	7.425392085012951e-08	3.2538280968423844e-06	0.0006943341383154	-8.266047459999084e-07	6.832754061095731e-13	4.820998956301891e-07	-0.0024031298944144	-9.331380880018073e-08	5.7750332894281656e-06	8.707466912796685e-15	0.0	0.0	0.0	0.0	0.0
264.28270380120813	0.5457768429444627	0.2978723622944247	69845.34752847711	355.3074732978389	-2.250921217000723	5.066646325144016	126243.4005812945	255.99607986731817	0.4611335280757771	0.2126441307156135	65533.992907434345	269.19631190679445	246.24379888755465	1.117521	23.777922	0.2715681703238498	0.2169128578413562	0.0759296924	-0.0651070579	0.0824503434	-0.0890521723	-0.0262762785	0.0877625697	0.0159036519	0.0015157754	-0.1212032145	0.0158250155	0.030433051	0.0788128211	0.0955548324	-0.1977981623	-0.0270053894	0.044899407	0.059155071	0.1083806407	0.0332989172	-0.0538186605	-0.064997179	-0.0440712505	-0.005622437	0.0046090602	-0.0399109923	0.0705879572	0.1016651188	0.0710020071	0.0759642983	-0.0911235094	-0.0644193834	-0.0114278446	-0.0407261029	0.0585101021	-0.0026456798	-0.0087319878	0.0133685984	0.1427057438	0.0405258508	0.0305545185	0.0803722424	-0.0114171606	-0.0615254408	0.0694581114	-0.0009207918	-0.0229464682	-0.1016134822	0.1271651265	0.1076808999	-0.0142906408	-0.0288172766	-0.0010016167	-0.1324658991	0.0260594107	0.1053837152	0.0960713953	0.1126944211	0.0336408577	0.0443437297	0.090596772	-0.2008001149	-0.0681821808	0.0689290763	-0.0347113878	0.0026702283	0.0085032319	0.0245082929	0.1382595514	-0.0851567866	-0.0783157192	0.0542805303	0.041219344	0.003738529	0.0338645535	0.0615857117	-0.08878044	-0.0368392891	0.066696778	-0.1198862582	-0.0899793771	0.0323153931	0.0552834311	0.0341283578	0.065554459	0.0237287125	0.0018798234	-0.0870260882	0.0291769418	-0.05594036	-0.0148715886	0.0181690501	-0.114870382	0.1042377513	-0.0488542684	-0.058213281	0.0012028085	0.0734006984	0.057110131	0.0343756324	0.0297721505	-0.0099385213	0.1077903723	-0.150990615	-0.0536487803	-0.0295197627	0.0211247434	-0.1120898423	-0.0519864871	-0.0899622681	0.0134505785	0.0153119027	-0.0071724969	-0.0789298751	0.0572809595	0.0568610362	-0.0630480059	0.043030845	0.0841340534	0.0446321104	-0.069754166	-0.0598247816	0.0624897546	0.02088243	-0.0479040093	-0.0086879749	0.0678800746	-0.0078459096	-0.0785316931	-0.0987688341	-0.0555570233	-0.0213795943709556	0.0134374774448247	0.0004570870554665	0.0001805658000801	-0.060442860039231	-0.2182092971097801	0.0476152973451442	0.003653339329722	-0.0160181954127764	-0.0143444318814899	0.0002565825842818	0.0002057627260027	0.0021650219566182	0.0003611849083119	1.3045453799227573e-07	4.687320072638899e-06	0.0008439008851472	0.0001495667468317	2.237021175784773e-08	7.121687039522276e-07	-0.0024039175170258	-7.876226113998595e-07	5.778819428663487e-06	6.203493779883343e-13	0.0	0.0	0.0	0.0	0.0
264.27100652665155	-0.0116972745565817	0.000136826232052	69839.1648906095	359.46796293798485	4.160489640145954	17.30967404576181	129217.21637878443	255.95350427115525	-0.0425755961629192	0.0018126813886279	65512.19634868429	268.830288039415	245.7588118028874	1.10009	23.407036	0.2731956821197815	0.195891884203698	0.015523691	0.0841473908	0.0969505415	-0.0858962505	0.04845339	-0.0361247361	-0.0974872212	-0.0174744286	-0.1042027009	0.014803434	0.030538171	-0.0484045113	0.0216238114	0.0167789566	-0.0468184966	0.0489915398	0.0864416323	0.1389680729	0.0617537267	0.0056449405	-0.0207991125	0.0002680185	0.0293285375	-0.0535482886	-0.0869696589	-0.0173838016	-0.0527327898	-0.0206196142	-0.1083476297	-0.0552292438	0.0722525301	-0.0824767674	-0.0684201386	-0.0366621583	0.0424167645	-0.0936439483	-0.0144981502	0.0478498488	0.1076649499	0.0306701678	-0.0249830386	-0.0267242031	0.0088186606	0.0076444623	-0.0564179231	-0.0167088043	0.0119131766	0.0391117797	-0.0597658453	-0.0231108064	0.111953963	0.1525436059	0.0652629009	-0.0175410702	-0.0133941857	-0.0086845633	-0.0033142774	-0.1078886761	-0.0183693498	0.0270755042	-0.0082446448	0.0467784009	-0.0169136951	-0.0273410204	0.1255971176	-0.0110599028	0.1233362192	0.0271102231	0.0808226827	-0.0368629923	-0.0739972831	0.0570292342	-0.0464089817	0.0443071182	-0.013032346	-0.0871796596	-0.0526470717	-0.0162481522	0.0203289353	-0.1520269117	0.0037719112	0.0741118634	-0.0853974464	-0.0757902092	-0.002160495	0.1136369139	0.0120019577	-0.0329451464	-0.0137764076	0.0049385109	-0.0193417467	0.0034449372	0.0001635441	0.0181854222	-0.0661445025	-0.0372041654	-0.115823886	0.0091892994	0.0726394723	0.0286266284	0.0022203158	0.0204464599	0.0443387727	-0.086986226	-0.1232093488	0.0143774055	-0.0182249324	-0.0779806302	0.1028107832	0.0648574831	-0.005521481	0.0375861354	-0.0437841935	0.091597129	0.0229237184	-0.0498223815	-0.1339171225	-0.0544932723	-0.068087169	-0.0365170728	0.0310831111	0.1116653598	0.0135358218	-0.0541616396	-0.1366308497	0.0667182767	-0.0109734311	-0.081360845	-0.0975916762	-0.0488621241	-0.0311796011115745	-0.0098000067406189	0.0009721675254768	9.604013211617586e-05	0.133795415856639	0.19423827589587	0.0377285078230001	0.0179012133042509	0.0042827449781412	0.0203009403909176	1.8341904547793665e-05	0.0004121281807555	0.0017999675505658	-0.0003650544060524	1.3326471937827066e-07	3.239883183089846e-06	0.0010339566239667	0.0001900557388195	3.612118385822604e-08	1.069066300244616e-06	-0.0028259365540014	-0.0004220190369756	7.985917407241309e-06	1.7810006756981298e-07	0.0	0.0	0.0	0.0	0.0
264.30612429492254	0.0351177682709931	0.0012332576483351	69857.72733980304	357.3518730289531	-2.116089909031757	4.47783650310603	127700.361157301	256.0620462078376	0.1085419366823714	0.0117813520187599	65567.77150814477	268.5336887643679	243.7088304355522	1.25244	26.648657	0.0564225928780998	0.0359927862213022	-0.1106139677	-0.0471785683	0.0260915966	0.0161186304	0.0487966659	-0.0092143589	0.104383387	-0.0266502953	0.0086013371	0.1679781965	-0.0194896122	-0.0059029798	0.0295544746	0.0262038133	-0.0498585167	0.067859101	-0.0232157081	0.0028778171	0.04570228	0.0426685734	-0.1423466154	-0.0668593659	0.0686797208	0.0317365658	0.037236457	-0.0156532275	0.0248628402	-0.0174053381	-0.0044992028	-0.0301024909	-0.1198590138	-0.0848101441	-0.1144355192	0.1259834783	-0.0310068927	0.1242547348	0.0077130288	-0.1725383097	-0.0643272178	0.0103716284	-0.027974549	0.1453122551	0.1058594907	-0.0773204154	-0.0079233693	-0.0965244127	0.0608869547	-0.0652437206	-0.0263564902	-0.1241679042	-0.0666568672	-0.06534977	-0.0137226237	0.0525663156	-0.1487680289	-0.110022317	0.0179901187	-0.0518931676	-0.1199626731	0.0229190117	-0.0173512058	0.0879131065	0.0345069822	0.1138538732	-0.0188253643	0.0163792967	-0.0121520652	-0.0002509258	0.0717893403	-0.038613815	-0.0887874232	-0.0487855111	-0.0932925165	0.0168668672	0.2262376586	0.1093775384	-0.0011758039	0.0271279727	0.0447677388	-0.0894571414	0.0027413175	-0.0015083484	-0.0005083656	0.1729086843	0.0423264465	-0.0235399271	-0.0332076446	0.0779579134	0.0869800309	-0.0716438827	0.0147670796	0.0713927767	-0.1040919887	0.0095117351	0.0650733565	0.0651236301	-0.012103279	-0.0999618026	0.0284371348	0.1054533517	0.1206066326	0.0325702383	-0.0420582996	0.1409898633	-0.0629536048	0.0482938184	0.0532639002	0.0882746964	-0.0615872277	-0.0702187257	0.0105765893	0.0295239973	0.0153950504	0.0641049832	0.0529547508	0.0076165048	0.2393181762	0.019219235	0.0508914283	0.0168609542	0.0455459132	0.134265438	0.142151342	-0.0803245106	-0.0998902028	0.0655400171	-0.0140901232	-0.0840093554	-0.0960293686	-0.0418659738	-0.0380785595915398	-0.0068989584799653	0.0014499767005664	4.759562810828512e-05	0.0998068740532431	-0.0339885418033959	0.0011552209739211	0.0099614121082799	0.0044244175022498	0.0001416725241086	1.957547023421436e-05	2.007110408730187e-08	0.0019132429943149	0.0001132754437491	1.2831326156555542e-08	3.6604987552950446e-06	0.0012278018876512	0.0001938452636845	3.7575986252913345e-08	1.5074974753198502e-06	-0.0028266842479804	-7.47693978999861e-07	7.99014383778052e-06	5.590462862326446e-13	0.0	0.0	0.0	0.0	0.0
265.8265391763407	1.5204148814181622	2.3116614116378043	70663.7489304706	360.9615608575209	3.6096878285678144	13.029846219710624	130293.24841669777	257.0072213819363	0.9451751740986652	0.893356109732442	66052.71184246361	270.2123268373708	252.33010721897028	1.466115	31.195103	0.3211845962548603	0.2767467485019471	0.1341585506	-0.0221589501	-0.0432471108	-0.0969975755	-0.0078108875	0.0395474736	-0.050935884	0.1277102908	-0.000226502	0.0077261538	0.0017757751	0.1013128664	0.1303340849	-0.2900217029	0.1454680712	0.0081172976	0.1590579598	-0.1415394039	-0.0475097721	-0.1136144705	-0.1978641981	0.164223207	0.0325120253	0.020790564	-0.0337967224	0.1175970648	0.0847763582	0.0216743066	0.0048062904	-0.1231174298	0.0709173134	0.0376732741	-0.0222221215	0.0329070841	0.0020954425	-0.1322986405	0.014655903	0.041530362	-0.0136325962	0.0027395544	-0.1587864388	-0.0909050069	0.0148990819	-0.0681928426	-0.0012188332	-0.0028653713	-0.0109574689	0.1443367449	0.0754345617	-0.0269813629	0.1642755072	0.0064433424	-0.0369101061	0.0463925317	-0.021896821	0.0635633853	0.0395236904	-0.0417647711	-0.1227446923	0.1369207801	-0.1902017285	-0.2614369192	-0.0515295962	-0.0556817996	0.0860709776	-0.0437127574	-0.1761682625	0.1050072362	0.1098370285	-0.0193052335	-0.0406511308	0.024779623	0.1569908357	0.018528391	0.0269266436	-0.1228244795	0.1030300122	0.1495643435	-0.067546793	0.0311312934	0.0613382688	0.0184466048	-0.0419363948	0.0924493302	0.1543895441	0.1047771552	0.0724967903	-0.0201774495	0.1200853711	0.0259768118	0.028759437	0.0350767174	-0.1199194518	-0.0814848725	-0.1408695305	-0.0086165372	0.001602964	0.0881872578	-0.0200752801	0.0951324029	0.0346642359	0.1402996751	-0.2284635157	-0.1371729122	0.1207453739	0.1271271378	-0.1001146109	-0.0214024011	0.0853061877	0.0011324057	0.0412711256	-0.0815691011	-0.1517471398	-0.0274634586	0.0361578188	-0.064818721	0.0375851717	0.1129482359	0.0529731746	0.0503380346	-0.164123257	0.0639399206	-0.1080514373	0.0861974967	0.0369051419	0.0643455865	-0.01719291	-0.0864713441	-0.0940880769	-0.0346117057	-0.0399554944147126	-0.0018769348231727	0.0015964415339241	3.5228843304387007e-06	-0.1760454701320526	-0.2758523441852957	0.0760945157925228	0.0309920075540154	-0.021385438064712	-0.0258098555669618	0.0004573369612196	0.0006661486443874	0.0020079287349961	9.468574068119992e-05	8.965389488347437e-09	4.031777804823039e-06	0.0010282255002032	-0.000199576387448	3.9830734426794235e-08	1.057247679268121e-06	-0.002768037142521	5.8647105459400106e-05	7.662029622375821e-06	3.4394829787659973e-09	0.0	0.0	0.0	0.0	0.0
265.21675761078825	-0.6097815655524528	0.3718335576876002	70339.92851757961	364.7268611692033	3.765300311682381	14.177486437155435	133025.6832583393	256.2670640593407	-0.7401573225955644	0.5478328621918345	65672.80812159424	269.1327203120923	250.3410895776982	1.348098	28.683996	0.3279955446466794	0.3098025373380969	-0.0705702022	0.1234265382	-0.0325616909	-0.0789582566	-0.0925449407	-0.1442557646	-0.0738677733	0.0411611277	-0.0109560501	-0.1138309886	-0.0089922762	-0.0399484692	0.0365577342	0.0036570016	-0.0269587316	-0.0696325251	0.1246053796	-0.0375327865	-0.0562111764	0.0030775447	-0.0321949786	-0.0371909108	0.056693871	-0.1583302331	-0.0037631349	-0.0049133423	0.0813312193	0.0564446601	-0.0528118162	-0.0654645526	-0.0193223062	0.0543448816	0.111834337	0.027579362	0.1402334669	0.0108698809	-0.0702284577	0.0414060178	0.1536415445	0.0020723392	-0.0323426711	-0.0053158055	0.0853821111	-0.0248619937	0.1517000771	0.1263687374	-0.0435466916	-0.0435473028	-0.0534349826	0.0033969843	0.0298181249	-0.0178032933	0.0100518491	-0.0789136908	-0.0114348753	-0.1759676117	-0.0722849827	0.0141599465	-0.0396692543	0.040724656	0.0066289079	0.0281375834	-0.1113873701	-0.0719022131	0.1128513476	-0.0985272997	-0.0718424529	-0.0518731895	-0.0538480253	0.0450609055	0.0088703423	0.0810848871	-0.0828499267	0.0172521914	-0.0461288916	-0.163796815	-0.0270909378	0.1315231064	-0.0021902464	0.0030681018	-0.0841796795	-0.0596096047	-0.0690489494	0.0311170943	-0.0938078923	0.0513536629	-0.038897884	-0.1082109524	0.0887775382	-0.0682738529	-0.0106854584	0.019119917	0.0482770307	0.1016432572	0.0381672936	0.0546412884	0.0840148084	-0.1043580159	-0.0298704739	-0.0311428841	0.1238480438	0.0262625502	0.0703098247	-0.095243624	0.0578962093	-0.0573959403	-0.0632312496	0.001318923	0.1402213874	-0.0502249837	-0.0193900949	0.123297356	-0.0072460364	0.0718765957	0.0129072825	-0.0614631863	-0.0897479429	0.0074261386	-0.0887463888	-0.0380677534	-0.0422696902	-0.0696363279	-0.0638262515	-0.0034655456	-0.166829629	0.0631352795	-0.0202787295	-0.0887413447	-0.0917754626	-0.027144045	-0.0364676308537212	0.0034878635609914	0.0013298881000832	1.216519222009161e-05	0.1345562755891478	0.3106017457212003	0.0964734444450572	0.0181053913004226	-0.0215957431868147	-0.0002103051221027	0.0004663761237908	4.4228244382631724e-08	0.001890116551451	-0.0001178121835451	1.3879710591664338e-08	3.5725405780690206e-06	0.001168900175045	0.0001406746748417	1.9789364141846152e-08	1.3663276192202318e-06	-0.0027526113960602	1.5425746460799757e-05	7.576869497720484e-06	2.3795365387287624e-10	0.0	0.0	0.0	0.0	0.0
264.62945575536725	-0.5873018554210034	0.3449234693809532	70028.74885338187	356.7849302543784	-7.941930914824866	63.07426665585093	127295.48645662169	255.72155205835432	-0.5455120009864061	0.2975833432201927	65393.512187133616	268.9969454223106	248.34746492161835	1.248824	26.571709	0.149102023761035	0.07804520642146	0.0418159018	-0.1270609188	-0.0139637464	-0.0066068202	-0.0694171887	0.1183324216	0.0481199921	0.0419979206	-0.0143086431	0.0113273007	0.0373140847	-0.0396438814	0.0012750005	0.0131008739	-0.0745784962	0.0622756889	-0.0289954193	0.0240580791	0.0416152258	0.0653801229	0.0076204438	-0.1008743423	-0.0185992297	-0.0466515998	0.033084453	-0.0562834543	0.1500440116	-0.0687273469	0.093825918	0.0264442903	-0.0673167264	0.1495981649	0.0708748328	-0.1118018091	0.1941884235	0.0616423326	0.1399903702	0.0045587689	-0.0490160474	0.087972332	-0.098189489	-0.0067320627	0.0035441224	-0.1300144751	0.0673005075	0.0154027979	-0.055556434	0.1543022257	-0.102659813	0.0033489262	0.0511072334	0.0582228072	0.020070243	0.1373889842	0.0648036288	-0.0926594625	0.0615904956	0.0089388216	0.0605426099	-0.0034784693	-0.0350246316	0.0502705449	0.1193394743	-0.0402999779	-0.0705804967	-0.0236364881	0.0069793358	-0.0271991354	-0.031074182	0.0212621806	0.0684820556	-0.0267180737	-0.1121284942	0.1495906664	-0.0035441751	-0.0396077883	-0.0923311628	0.117422235	0.0593850442	0.090180099	-0.0263302384	0.0721773923	0.0221582379	-0.0677663724	-0.2015171987	-0.0732132789	0.1081810419	-0.0288102388	0.0864981541	-0.1595676744	0.1301556357	0.005093365	-0.1210486547	0.0896385807	0.0219483397	-0.0107110275	-0.0464968621	0.1440560443	0.042985579	0.0250128022	0.0703598488	-0.0029653145	0.0230697436	0.0210581255	0.0172155908	-0.0585071785	-0.1188391682	0.0267634946	-0.1778778164	0.0486970877	-0.0572344492	0.1099448854	-0.0457850937	0.0596276633	-0.0799715232	0.0238854481	0.0256802215	-0.0283619928	-0.0470123412	-0.0652496147	0.0512140313	-0.1345125135	-0.0226961769	-0.1309063549	-0.0047338908	0.0619093949	-0.0233445364	-0.0908143174	-0.0891006524	-0.0195090322	-0.0054514712716411	0.0310161595820801	2.9718539025528228e-05	0.000962002155221	0.1773505491774329	0.0427942735882851	0.0018313498519489	0.031453217293537	-0.0336181654220695	-0.0120224222352548	0.0011301810463456	0.0001445386364027	0.0026056805980724	0.0007155640466214	5.120319048171934e-07	6.789571379170941e-06	0.000987896245427	-0.000181003929618	3.2762422537157936e-08	9.759389917287634e-07	-0.0023837960051913	0.0003688153908688	5.682483394366001e-06	1.3602479254177944e-07	0.0	0.0	0.0	0.0	0.0
264.68985139698333	0.0603956416160826	0.0036476335262182	70060.71743255711	361.4206276839634	4.63569742958498	21.489690658660788	130624.8701154701	255.87368150685447	0.1521294485002045	0.0231433691009763	65471.34088787123	268.75470399719416	249.59847165320863	1.150401	24.477533	0.0763943020643695	0.0382164178197265	0.0170249187	0.1452480767	0.0137669573	-0.0475150353	0.0312238573	-0.0597407672	-0.089645146	-0.0319158048	0.0097932927	0.050052502	0.1370564068	-0.0761795766	-0.0026175622	0.0094311453	-0.0704876927	0.0819900866	0.0586848392	0.1014719226	0.0987142775	0.0574864824	0.0575603207	0.0031773117	0.0738351282	0.0015033646	-0.0131024633	0.0674971055	0.0499108059	-0.0034198633	-0.0772476159	-0.0145850785	-0.0863057925	-0.0768035131	0.0702773242	-0.0665213218	0.0018615153	-0.0183566616	0.1084336896	-0.0730651727	0.0184322239	-0.0233328932	0.1438313306	-0.0926083634	-0.0171653619	-0.0912707115	0.1027555755	0.0544959137	-0.0196163258	0.0745642835	0.0868900752	0.0265391015	0.0547885133	-0.1080350214	0.2397685675	-0.0284499216	-0.0493759653	-0.0422163519	-0.0189644526	0.0156339618	-0.0535518034	-0.0004230475	-0.0327116973	0.0734807074	0.0051006672	-0.0420391749	0.1274889592	0.0567494551	0.1049316748	-0.0707099665	0.0389560046	-0.0218458121	-0.02533888	0.0671818168	-0.0466770722	0.0454890741	0.0938512711	-0.0028137205	-0.0510014141	0.0700594929	-0.0559455066	-0.0326188922	-0.1588307074	-0.0127667986	0.0124130973	-0.102264192	-0.063386444	-0.0628240327	0.001213009	-0.0923676791	-0.104200676	-0.095198313	0.0196475491	-0.0314331494	-0.0552329722	0.0626773569	-0.0698422923	-0.0707441789	0.0567250187	-0.1315008916	-0.1520968753	-0.0496047678	-0.0204025274	-0.0088943074	0.0467332523	-0.0422298617	-0.1323003992	-0.0751339477	-0.0245607729	-0.0189101803	0.0691070985	0.0860616124	0.0080866839	0.0751530303	-0.0391216624	0.0625785591	-0.0685953301	0.0118157443	0.0201718495	-0.0109190901	-0.0025532591	-0.0014036847	0.0121618829	0.0806419576	0.0517327838	-0.0386348582	-0.0259195613	0.0606682351	-0.026387305	-0.0926856596	-0.0860742027	-0.0117537397	-0.0116393111873094	-0.0061878399156683	0.000135473564915	3.828936282193788e-05	0.1916978200720223	0.0143472708945893	0.0002058441821227	0.0367480542203654	-0.0249777258856127	0.0086404395364568	0.0006238867904168	7.465719538316584e-05	0.002486995909681	-0.0001186846883914	1.4086055258563786e-08	6.185148654770024e-06	0.0014420812552415	0.0004541850098145	2.0628402314019758e-07	2.0795983467189003e-06	-0.0027553013413385	-0.0003715053361471	7.591685481581737e-06	1.380162147858439e-07	0.0	0.0	0.0	0.0	0.0
264.0458653430877	-0.6439860538956168	0.4147180376120483	69720.21900478001	356.3747135954083	-5.045914088555094	25.461248989078783	127002.9364902093	255.61710945231803	-0.2565720545364911	0.0658292191690761	65340.106644758336	268.21719225880133	246.21385855231355	1.257578	26.757984	0.2163716554936806	0.1628327555912643	-0.0314674523	-0.087671095	0.0150831594	0.1146131173	-0.0053021343	0.0408891701	0.1099039967	-0.0745884414	0.0698413153	0.014655964	-0.0148191648	-0.0174990887	-0.1051480747	0.0593614884	-0.0182020936	0.0633091576	0.0022595542	-0.0225362003	-0.000336674	-0.080769144	-0.0587966924	0.0422881703	0.078471017	0.0187040738	0.1397948301	0.0300161346	0.0187834689	-0.1199476904	-0.0231162316	-0.0127400767	0.0329749495	-0.002791155	0.0458291343	-0.1121200593	-0.1610651233	0.0092288153	0.175604738	-0.032491082	0.0257022953	-0.1174666898	-0.0768569308	0.0723932295	0.002467537	-0.0405535308	-0.0268068358	-0.0340085169	-0.0044847394	-0.0124048257	0.0502282209	-0.148540661	-0.0043680755	0.0064393004	0.0636219449	-0.0158907319	0.0682906012	0.0637991879	-0.0850220788	-0.069636209	0.0715807493	-0.1078611096	0.0308884466	0.0438288052	0.080283938	0.0469053102	-0.010935497	-0.0462392656	-0.038039536	0.0295874498	0.1311724396	0.0058465455	-0.0158660743	-0.0220528944	0.0278692748	-0.0033112281	0.0757418881	0.0332700081	0.0323048496	0.0824019724	0.0956034062	-0.0019636983	-0.0078360522	-0.0184953586	-0.079015287	-0.0108641727	-0.1589478256	0.1329191071	0.1468091948	-0.0360759478	-0.0457723717	0.1486116512	0.0425459142	-0.0621946724	-0.0814400862	-0.0942133689	-0.0887396081	-0.0954867507	0.0183146974	0.041198771	-0.1114719	0.0267549011	-0.078353421	-0.1082963613	0.0388927814	0.0687367791	0.0047394837	0.03544436	-0.0607934107	0.0830121143	-0.0018974797	0.0011976255	-0.0264398098	-0.0199815743	-0.0515259925	0.0455777337	-0.0554611772	0.0494949936	0.0564786278	-0.0292426274	-0.0402575197	0.0979286466	0.1031527542	0.016654624	-0.0921463878	0.108944103	-0.0672884975	0.0594121063	-0.0294040325	-0.0943512164	-0.0827080574	-0.0039259816	-0.0277897499991439	-0.0161504388118345	0.0007722702050149	0.0002608366738148	0.3539366000307637	0.1622387799587414	0.0263214217225009	0.1252711168413368	-0.021201324582023	0.0037764013035897	0.0004494961640322	1.426120680575399e-05	0.0022108873778857	-0.0002761085317952	7.623592133015609e-08	4.888022997694306e-06	0.0015681481800369	0.0001260669247953	1.5892869527369033e-08	2.4590887145530416e-06	-0.0030372465931381	-0.0002819452517995	9.224866867528994e-06	7.949312501233977e-08	0.0	0.0	0.0	0.0	0.0
264.6657220416804	0.6198566985926846	0.3842223267902221	70047.94442384403	359.6866524210516	3.311938825643267	10.968938784803305	129374.48792986236	255.93280560218247	0.3156961498644364	0.0996640590392286	65501.600983404525	268.7109701401054	247.0670734521421	1.251156	26.621334	0.3953542513432497	0.3158886357666227	-0.0518561676	0.0447640495	-0.0058554319	0.0443125243	0.0080365407	-0.0311735332	-0.0104268739	-0.0308289978	0.0465389492	0.1423297961	0.0386212643	0.1134199584	0.0788218108	-0.1156161399	-0.0074622074	0.0878790433	-0.0485107503	0.1396508802	0.0218383265	-0.0118548716	-0.0103549329	-0.0586317233	-0.1138397918	0.0026817776	-0.0971547608	-0.0465645719	-0.068506423	0.0422704956	-0.0652553261	0.0164967686	-0.1349000634	-0.0195566829	0.1718282668	-0.1173343256	0.0312524356	0.0452270979	-0.0136889436	-0.0045057757	0.0765765044	0.0034898658	0.0768187856	0.0471695759	-0.0068088073	0.0818854421	-0.0136557638	-0.1098262346	0.0375058013	-0.0886146207	0.0179253201	0.0404681959	0.0051368773	-0.0490777677	-0.0932358849	-0.177166677	0.102897845	0.121506165	0.0687361313	0.0566181687	-0.0333949854	0.0702658379	-0.1294962876	-0.0143638774	0.0175901196	0.1033124209	0.02725668	0.1672336149	0.0452314445	0.0195476209	-0.0362246335	-0.1010868181	0.0102843696	-0.0197719402	-0.0668852701	0.0308338018	0.0769678802	-0.0839675978	-0.0205138125	-0.1128769498	-0.0557561524	0.0930936681	-0.1637876113	-0.0601867021	0.0059084076	-0.0296688494	-0.1079389969	-0.0188029093	0.043608053	-0.0317234653	-0.01496987	0.0628613303	-0.0678838209	-0.1190879414	0.1253387138	-0.0136892967	0.0634962029	0.2169484085	0.0046708672	-0.0266483318	0.0110392349	-0.0290552191	-0.1488718857	0.0774082899	-0.1509181439	0.1235308393	-0.0209185805	-0.1014895223	-0.1215367596	0.0117464484	-0.0376462256	-0.0196241569	0.0118413675	0.0538222119	-0.0736368887	0.0726508451	0.0162343589	0.0470376506	0.0957596165	-0.041463377	0.1450069146	0.1292088006	0.1280454317	-0.0497883982	-0.0712502497	-0.0119467234	-0.0148777301	0.0581413184	-0.0323917418	-0.0958072899	-0.0790155012	0.0039259816	-0.0266900134009802	0.0010997365981636	0.0007123568153445	1.2094205853406663e-06	0.0393790912177109	-0.3145575088130528	0.0989464263506738	0.0015507128251327	-0.0678834644146562	-0.0466821398326332	0.0046081647409358	0.0021792221793535	0.0026297635241949	0.0004188761463091	1.7545722594684625e-07	6.91565619318598e-06	0.0014328746595471	-0.0001352735204897	1.8298925345704318e-08	2.053129789972218e-06	-0.0031433942483271	-0.000106147655189	9.880927400415894e-06	1.12673247021229e-08	0.0	0.0	0.0	0.0	0.0
265.78606828479514	1.1203462431147386	1.255175704461309	70642.23409428979	360.329420305648	0.6427678845964238	0.4131505534685615	129837.29113780434	257.17268847459115	1.2398828724086854	1.5373095372924126	66137.79169724911	270.33298998863484	249.1223562755553	1.409592	29.99243	0.3116533775972283	0.2283194436075335	0.052354948	-0.017216049	-0.0158284199	-0.1611382449	0.0786284367	0.0030292156	-0.0027900488	0.167776291	-0.0511917023	0.1005427847	0.1622329971	-0.0161872713	0.1419442719	-0.2916426071	0.1633125292	0.0966506889	0.1241048092	-0.0636223569	0.0330972625	-0.0198955971	-0.0560293525	0.1024529905	0.0240717879	0.063633297	-0.0775867677	0.0653500103	0.0683865676	0.0665408313	0.0657319182	-0.0423794292	-0.062001093	-0.0405592213	0.1765783418	0.0136251673	0.0286188318	-0.0038366474	-0.0803999247	-0.0982204253	-0.0406848253	0.0057734268	0.0767380506	-0.0665723863	0.0654235329	0.1115265854	-0.1344244621	0.0445497361	0.0193889566	-0.0938912923	-0.026201603	-0.1286155532	0.0117677859	0.0828097934	0.0351295643	-0.1030363579	0.0279190227	0.0305914586	0.0609260061	0.0219642832	-0.029315272	0.1483829571	-0.2034616878	-0.254998545	0.0198867103	0.0498236468	0.124052645	-0.0558342055	-0.0023672037	0.0140502723	0.080464984	0.0267634464	-0.0382413276	-0.0476012382	0.0842233529	0.1121939707	0.0382557468	-0.086605229	0.1048108076	0.0954186372	-0.048406071	0.1081570996	-0.1220808216	-0.0064237247	0.0732628584	0.004997539	0.1003228038	-0.0175035356	-0.1201896176	0.0038150618	0.0738241784	0.0648564098	-0.1521366626	0.1184684073	0.1079779332	0.064718966	0.0008108653	-0.0708519351	-0.0255060733	-0.0433465624	-0.0140419358	0.085801683	-0.0674176804	0.1606570313	-0.2561865483	-0.1780145718	-0.0666697706	0.1225838059	-0.0757144869	0.0229655692	0.0933433712	-0.0524296677	0.0445816084	-0.1383153862	-0.165065794	0.0231318411	-0.0647687957	-0.1246652099	-0.0048654515	0.1144197014	-0.0400178213	0.1275629016	-0.1676162155	0.0758730206	-0.1360481103	-0.1130217333	0.0996797704	0.0568561851	-0.0353474844	-0.0970506473	-0.075011107	0.0117537397	-0.0373366498386218	-0.0106466364376415	0.0013940254211718	0.0001133508674353	-0.1823018415854278	-0.2216809328031387	0.0491424359684697	0.0332339614454384	-0.0208222552057932	0.047061209208863	0.0004335663118551	0.0022147574122003	0.0026150532919768	-1.4710232218100028e-05	2.1639093191042806e-10	6.838503719878699e-06	0.0017720191192125	0.0003391444596653	1.1501896452173609e-07	3.1400517588546443e-06	-0.0034348315393953	-0.0002914372910681	1.1798067704024685e-05	8.49356946251706e-08	0.0	0.0	0.0	0.0	0.0
265.3872542926272	-0.398813992167959	0.1590526003489448	70430.39474097957	366.8022804656119	6.472860159963886	41.89791865044771	134543.9129547734	256.505177680278	-0.6675107943131593	0.4455706605245848	65794.90617679099	269.33883691984613	250.53746296803288	1.143329	24.327047	0.3196580254747307	0.2789510698958111	-0.0241388875	0.0920723161	-0.0396223964	-0.0661380942	0.050502076	-0.1236549544	-0.0742675794	0.0863894415	0.0075260607	-0.0325865168	0.0478105165	-0.0176535819	0.0795605652	-0.02506616	0.0406567324	0.021599336	0.0590341326	-0.0401791128	-0.104389967	-0.0344944405	-0.0185005968	0.0663456122	0.0325277952	-0.1094264148	-0.1120170797	-0.0915117648	-0.0151761795	0.0438440583	-0.0138885703	0.0394647517	0.0708527939	-0.0615307859	0.0117708041	-0.0245889314	0.1473967722	-0.0317799804	0.0882019547	-0.1021397104	0.0717497181	-0.1810677109	-0.0006213439	0.0110020891	-0.0838052053	-0.023724248	-0.1552935191	0.1144683192	-0.0862811249	-0.0499090174	0.0461891401	0.0452053821	0.0114730239	-0.1181765953	-0.0159030033	-0.0328915614	0.0599454441	-0.0541499626	0.0378190254	-0.0598748695	0.064854849	0.0838473141	0.0055609657	-0.0516139662	-0.0948585836	-0.0060885108	0.1229446641	-0.0042958513	-0.0756961964	-0.0377817375	0.1030261315	0.0877457381	-0.0599573182	0.0323624872	-0.0217707529	0.0686586459	-0.08317464	-0.0786133303	-0.1015454885	-0.0536790405	-0.0348761782	0.0002550631	-0.0619999474	-0.028204394	0.0401205498	-0.0151343905	-0.0823037412	-0.0050086578	-0.0356157358	-0.1351702515	0.0306414501	0.1469037563	0.0578207477	-0.0560916981	-0.0376533708	0.0056192492	-0.0167995196	-0.0998723021	-0.0570265863	-0.1551278348	0.1594279464	-0.0359618257	-0.0481646563	0.0642555951	-0.0139822608	-0.0437409069	0.0369631403	0.0573012874	-0.0351332208	0.0143361143	0.1730185387	0.0308016947	-0.0185871132	0.0417218071	-0.0339185654	0.107197136	-0.0062587298	-0.0032946805	-0.1131462915	-0.0742232525	-0.1391576397	0.0082595195	-0.0613973968	-0.0303625554	-0.1633581249	-0.1422846329	-0.101530099	0.0555570233	-0.0382683432	-0.098078528	-0.0707106781	0.0195090322	-0.0520907924850888	-0.014754142646467	0.0027134506617245	0.0002176847252322	0.0961721443807022	0.27847398596613	0.0775477608598643	0.0092490813547826	-0.0206440605142645	0.0001781946915286	0.0004261772345166	3.1753348089008e-08	0.0025470146137871	-6.803867818970001e-05	4.62926172980156e-09	6.48728344284505e-06	0.001609261439126	-0.0001627576800865	2.6490062427139496e-08	2.5897223794578843e-06	-0.0037290692245312	-0.0002942376851359	1.3905957281345725e-05	8.657581535413301e-08	0.0	0.0	0.0	0.0	0.0
264.61821803896225	-0.7690362536649218	0.5914167594509779	70022.80131811577	361.224365140807	-5.577915324804906	31.11313937069341	130483.04197137905	256.12656656687693	-0.3786111134010639	0.1433463751907932	65600.81810133684	269.2869194520857	248.5356575816529	1.066337	22.68886	0.1024007952778627	0.0908723032784727	-0.0266369603	-0.0494515186	-0.0242830259	-0.0964279572	-0.0124399259	0.0194022594	0.0042502693	0.0916732828	-0.0538438836	-0.1112802364	0.0324945333	-0.0734448383	0.0184516673	0.0615082593	0.0096259949	-0.0234078664	0.0912420849	-0.0064999973	0.0221156784	0.0418097909	0.0670583498	0.0200760035	0.1443244677	-0.1176279486	-0.0286169878	-0.0941658392	-0.0610380525	0.0831481915	0.1580908826	0.0966669185	0.060624182	-0.009926388	0.0168463496	-0.034202333	-0.0377355235	-0.0106932471	0.2347561484	0.0852485406	0.0289233135	-0.0133049749	-0.0015092948	-0.0523461608	-0.1037567709	0.0463115246	0.05621061	0.062858512	0.0718045788	-0.0919631076	0.0352754187	-0.0748683017	0.0574643393	0.0563678285	-0.0714232865	-0.0718043045	-0.0093290679	0.0288896926	-0.0100546071	-0.1211703673	-0.2065581477	0.0253429895	0.0661341493	0.0019262636	0.0365047911	-0.0952726653	0.0041711959	-0.1342208812	0.0112518615	-0.0345494931	-0.0258387102	0.1053633275	-0.0306408132	0.0516453398	-0.0932957982	0.1098567817	-0.0476476397	0.0128596779	0.015079776	-0.044751772	-0.0309288988	0.0867156261	0.0181754745	0.0413798521	0.1759982148	0.0314132585	-0.0186290303	-0.0325156834	0.0629935149	-0.0328073836	-0.1355726904	0.0943080614	0.100046248	-0.0558100785	-0.046529933	0.0137281397	-0.0597329772	0.0835569739	0.0218552292	-0.1434597112	-0.1283789459	0.0798007502	0.0864818543	0.0067740352	0.1170688913	-0.1066811198	0.0333155695	0.0291403038	-0.0584012122	0.0269347257	-0.0584917237	-0.0286602823	-0.0533924613	0.0403750753	0.0659691895	0.1150958662	0.0060095659	-0.0113792609	0.03738175	-0.0208993565	-0.0474576572	0.0143363412	0.0426403899	-0.1546522271	0.0040456585	0.0216750754	0.1331539186	0.0542441537	-0.0411514359	-0.0988886499	-0.0661311865	0.027144045	-0.0464214212570084	0.0056693712280804	0.0021549483515206	3.214177012178588e-05	0.1873957330199118	0.0912235886392096	0.0083217431242157	0.03511716075407	-0.0207003627681672	-5.630225390269861e-05	0.0004285050187337	3.1699437945239406e-09	0.0024896124254252	-5.7402188361900097e-05	3.295011228735059e-09	6.198170028831546e-06	0.0016608692191679	5.160778004189995e-05	2.663362960853127e-09	2.7584865631793897e-06	-0.0037290899192608	-2.0694729600118092e-08	1.390611162593252e-05	4.2827183322200383e-16	0.0	0.0	0.0	0.0	0.0
263.81900154987164	-0.799216489090611	0.6387469964343228	69600.46557877118	357.7496817390873	-3.4746834017196875	12.0734247421863	127984.83478441824	255.582116933477	-0.5444496333999211	0.2964254033093085	65322.21849619752	268.4576099684689	248.6754965346556	1.281912	27.27574	0.3117784003863746	0.2742947972578137	0.0704492823	0.0446799798	0.048004864	0.1147321689	0.0051334596	0.0578289161	-0.0702700879	-0.1119804932	0.0235060425	-0.0058253531	0.0240549909	-0.0495244492	-0.1537708676	-0.0154663927	0.0317552269	0.0584218929	0.0325109612	0.0019693397	0.0393006545	-0.0498851547	0.1208014472	0.1274608559	-0.1227231619	0.083246698	0.0379271698	-0.0303632177	-0.0027629569	-0.0786034455	0.1061502938	-0.055198284	0.0487683583	-0.0591731592	0.0277547705	-0.1094049994	-0.0492450857	0.179367133	-0.0185252333	-0.0826068629	-0.0011005639	-0.0250204711	-0.0997349783	0.0444875621	-0.0451647092	0.0278640615	-0.0431909711	0.0647676615	0.0407586504	-0.14445209	0.0351932254	0.028565131	-0.0447947062	-0.0373836915	0.0091162128	0.0418821522	-0.0655023551	-0.01498978	0.0146847831	-0.0240700548	-0.0155048219	-0.1519899111	-0.0169053525	-0.0326651805	0.0380034444	-0.0057585699	0.0713990675	0.0825234454	0.0978875665	-0.0209611664	0.02220913	-0.0089137711	0.0830168206	-0.0716877794	0.1358407709	0.0175275642	-0.0451886186	0.0299479189	0.0836691771	-0.0443363739	0.0867718882	0.0918144372	-0.0207416095	-0.1110742766	0.1391863431	0.0860545339	-0.1166440709	0.066690982	0.0162526218	0.1742112798	0.0119643415	0.06866474	0.0509303501	0.0075103595	0.0813706646	0.0369564305	0.0421286051	-0.0766868087	0.0318941222	0.0624705355	0.0137745602	0.0554165792	0.0410768853	-0.1569717412	-0.0064738563	0.0198074891	-0.0224403547	-0.0440573135	-0.1322607491	-0.059394052	0.0063274585	-0.0254118646	0.0744860191	-0.1368691576	-0.0152754603	-0.0401134328	-0.1226823714	0.1079483249	0.0345984151	0.0437458993	-0.0417676986	0.1205836078	0.1247399375	-0.0094443303	-0.0706289054	0.039607485	0.0088137359	0.0529179001	-0.043993917	-0.0994792142	-0.0612907054	0.0346117057	-0.0350744912442024	0.0113469300128059	0.0012302199360396	0.0001287528207155	0.459317660413447	0.2719219273935352	0.073941534597415	0.2109727131676826	-0.0355491528641707	-0.0148487900960035	0.0012637422693601	0.0002204865673151	0.0026438305545243	0.0001542181290991	2.3783231342826715e-08	6.989840001036268e-06	0.0017790851821404	0.0001182159629724	1.3975013901515491e-08	3.16514408531154e-06	-0.0037298708848698	-7.809656090000151e-07	1.3911936817799424e-05	6.099072824407645e-13	0.0	0.0	0.0	0.0	0.0
264.3421743648718	0.52317281500018	0.2737097943552125	69876.78514794829	357.1464318077519	-0.6032499313353696	0.3639104796561281	127553.5737530092	255.6227951305825	0.0406781971054783	0.0016547157197521	65343.01339037174	268.3842867945436	245.0591069100148	1.348399	28.690407	0.4664409131539845	0.4391365774766316	-0.0664852534	-0.0523358953	0.0279739105	-0.0016319655	0.0611792831	-0.0320158833	0.1322519547	-0.0459039081	-0.0256205212	0.1854377774	0.0516634621	0.0878054806	0.0926857982	-0.1301246139	-0.0555734922	0.0535652849	-0.154502972	0.1014277646	-0.0130903112	-0.0269896909	-0.0049115213	-0.0441757902	-0.0115711188	0.1004045146	-0.0123378851	-0.0203672029	-0.0455230342	0.0578987668	-0.0169776331	0.0758650625	-7.95292e-05	0.0316573543	-0.050064249	-0.0270802564	0.1138239157	-0.0081320248	-0.0199007499	-0.0963870499	0.0405443757	0.0240747393	0.003554261	0.039502177	-0.1133196252	-0.0341932143	0.0368808326	-0.0340750794	-0.0185525433	-0.0231144343	-0.1595630755	0.0567446396	0.0671430834	-0.0004116923	0.0284784009	0.0630080046	0.0052202906	-0.0467808083	-0.1571427864	0.0021325849	0.0575661707	0.0837140865	-0.139818196	0.024647971	0.0016405736	0.1775063717	-0.0706259929	0.0403652979	0.0202010235	0.0403904491	-0.0056362808	-0.0034849087	-0.0334715672	-0.0542899502	-0.0292394412	-0.0053732459	0.0280035895	0.0293085374	0.0174537458	-0.0858209799	-0.0783552432	0.0027221717	-0.036229632	0.0978433041	0.0154922867	-0.1264401189	-0.0708955318	0.0546458448	-0.1177113937	-0.058051283	0.0872019521	-0.0116449224	0.0975206996	0.0070142254	-0.04451184	0.0962658686	-0.0232374087	0.0775976516	-0.091981781	0.0707055338	-0.0093562752	-0.0606400854	0.0440692232	0.0950976917	-0.155422671	0.1228402817	-0.0759339249	0.0091316219	-0.0333251278	0.0253935451	-0.0297972541	-0.050827977	0.00860427	-0.0045327295	-0.0398633582	0.0242774324	0.0127986829	-0.0439195516	0.0361514946	-0.0122319093	0.0854663404	0.0641630243	-0.032490622	-0.0037584396	-0.1072709809	-0.0464298099	0.0861794065	0.0515785898	-0.0467929814	-0.0998489097	-0.0562083378	0.0418659738	-0.0381505785277767	-0.0030760872835743	0.001455466642004	9.462312976167523e-06	0.0176322981329803	-0.4416853622804667	0.1950859592528271	0.0003108979374503	-0.0383950007208042	-0.0028458478566334	0.0014741760803505	8.09885002310548e-06	0.0029698841454753	0.000326053590951	1.0631094417204213e-07	8.820211837545554e-06	0.0017839041095721	4.818927431700197e-06	2.322206159199266e-11	3.1823138721482277e-06	-0.0037756706811533	-4.579979628350009e-05	1.4255689092520624e-05	2.0976213396101086e-09	0.0	0.0	0.0	0.0	0.0
265.33057248713925	0.9883981222674264	0.9769308481017748	70400.31269635305	360.3803791585958	3.2339473508438914	10.458415468030225	129874.01768249329	256.19261356968207	0.5698184390995777	0.3246930535378792	65634.65524766444	269.24932966905874	249.51399928788376	1.17221	24.94157	0.065141610059495	0.0334332910392512	0.0673562066	0.0440831691	-0.007976385	-0.1113377398	0.0583213762	0.0013753401	-0.0675578966	0.0891414353	-0.0323967132	0.0469498247	0.0331043211	-0.001684051	0.1041040035	-0.0596083628	0.0025831094	0.0702165342	0.0201561005	0.0479842715	-0.0151215934	-0.0122972247	0.0286033148	0.0144550573	0.0011445114	0.0200596833	0.0169088047	-0.0557991276	-0.0326547033	0.1890393675	0.019537363	-0.0443910099	-0.0056775292	-0.0127787617	-0.0710114283	-0.1596449458	-0.0955530632	-0.0106538515	-0.0065915103	0.0180438503	-0.0068003665	-0.0388205229	0.0425786896	-0.0046449117	-0.0359067914	-0.0104278505	0.0205789026	0.0511848727	-0.0121949153	-0.111108682	-0.2061734928	-0.0314186313	-0.1243677675	-0.1169615121	0.0221114155	-0.0221492327	-0.1361272778	0.081935996	-0.0968344299	0.0829822468	-0.1133414267	0.107231564	-0.0579651993	-0.0271019541	-0.0079867321	-0.0268097391	0.0732610159	0.0660526892	0.0870915989	0.0446474986	0.0717586467	0.0458098493	-0.0085517639	0.046475031	-0.03513326	-0.1386951862	0.0631334884	-0.045851599	-0.014064766	-0.051740707	-0.0522959591	0.1462179748	-0.0050005927	0.1045541897	0.0542962227	-0.0640344882	0.0140896462	0.0222471959	0.0361394614	0.0406416417	-0.0411949786	0.1265496666	0.0372807751	-0.0042469974	-0.0133153826	0.0379790881	0.1509119454	0.0113107744	0.0195238231	-0.0431955497	-0.0667701537	0.0007647837	0.0627226265	0.1051967327	-0.0394117888	-0.0832602774	-0.001623971	0.0781653479	0.0008007457	0.0040916234	0.1204483171	0.0406941616	-0.0506294854	0.0843224105	-0.0443278926	0.0115802082	-0.039388928	0.0181734108	0.0602952299	-0.0812053771	0.0612605581	0.1051622545	0.0153504918	0.0369765257	-0.0800112095	-0.087903308	-0.0861603882	0.0502265533	-0.0495458668	-0.0999969158	-0.0509041416	0.0488621241	-0.0421777811709063	-0.0040272026431295	0.0017789652245008	1.6218361128830025e-05	0.0429766166683123	0.0253443185353319	0.0006423344820203	0.001846989580255	-0.0274316962795708	0.0109633044412334	0.0007524979607746	0.0001201940442711	0.0026133425124083	-0.000356541633067	1.2712193611008328e-07	6.8295590871605264e-06	0.0018157185648906	3.1814455318499935e-05	1.0121595672128287e-09	3.29683390688838e-06	-0.0036678910807428	0.0001077796004105	1.3453424980192586e-05	1.1616442264647072e-08	0.0	0.0	0.0	0.0	0.0
265.3558915275198	0.025319040380566	0.0006410538057927	70413.74916836487	359.9353311952555	-0.4450479633403006	0.1980676896733495	129553.44264263829	256.21477624393947	0.0221626742574017	0.0004911841302396	65646.01156573197	268.82442894359866	249.32213813017864	0.959228	20.409859	0.0694763066980175	0.0322942024358174	-0.0375956419	-0.0149347243	-0.0731739285	-0.0440282495	0.0119677839	-0.0521025838	0.0584076158	0.0501553497	0.0195891839	0.1132979719	0.0086223059	0.070513462	0.1101053727	-0.0983617289	0.0426777941	0.0197109102	-0.0537121376	-0.0053983642	-0.0420305737	-5.43868e-05	-0.0272427299	-0.0895182872	0.06177253	0.0342238456	0.0423882313	-0.1239805747	-0.0071557792	0.1298890242	0.0605503321	0.1690154566	-0.0798741047	-0.0214298787	-0.0394323463	-0.112899627	-0.0796213433	-0.0459079506	-0.0211547839	0.0482216222	0.1203684985	0.018954588	-0.0320646415	-0.0822089243	-0.0041625445	-0.0946671683	-0.0020096794	-0.0932401737	0.0449952863	-0.1751808287	0.0519251158	-0.1010105122	0.0620409838	-0.0379687383	-0.0337901488	0.0584719851	0.0005150125	-0.0016543297	0.0215735919	-0.0092404937	-0.0548840349	0.1067782428	-0.0688502812	-0.0545445247	-0.0464548726	0.1049990834	-0.0120152165	-0.0165322466	-0.0475758693	0.0266303284	0.0344488723	0.0569791971	-0.034712107	-0.0524714813	-0.1375080833	-0.0496152038	0.0753179048	0.0168846686	0.0081082539	-0.054438957	-0.0257520901	0.0015065592	0.0054503048	0.1265474103	0.0812161442	-0.1652583105	-0.0061480241	-0.0256826428	0.0911736212	0.026399779	0.0620535501	0.1056644984	-0.004285408	-0.1501324926	0.0398351527	-0.0345026123	-0.0188231162	0.056963006	0.0306365631	-0.1043404481	-0.0736446725	0.1107577733	-0.0136446571	0.1068501976	-0.093827034	0.029862742	0.0860038902	0.0119219307	-0.0101269972	0.1000298691	0.0486208409	-0.0817401511	-0.0374480432	0.1043525611	-0.0310932108	0.0401701923	-0.0342038146	0.0258941322	0.0953065409	-0.0682872207	0.080400984	0.1045562486	-0.0595143534	-0.0424054028	-0.0617911108	-0.10836325	0.0374794202	0.0488621241	-0.0522498565	-0.0999229036	-0.04539905	0.0555570233	-0.027836656831468	0.0143411243394383	0.0007748794635529	0.0002056678473192	0.038859227777408	-0.0041173888909042	1.6952891278942095e-05	0.0015100395834564	-0.0492011718541007	-0.0217694755745299	0.0024207553118167	0.00047391006679	0.0024082973474596	-0.0002050451649487	4.204351966883965e-08	5.799896113780945e-06	0.0015837666400115	-0.000231951924879	5.380169545511962e-08	2.5083167700133165e-06	-0.0035199218127077	0.0001479692680351	1.238984956757546e-05	2.1894904282843317e-08	0.0	0.0	0.0	0.0	0.0
265.66466648106496	0.3087749535451394	0.095341971936803	70577.71501649548	361.0541602728502	1.1188290775946823	1.251778504871368	130360.106650333	256.7488265773594	0.5340503334199411	0.2852097586259502	65919.95994885097	269.81110134350297	252.3085700539936	1.032184	21.962177	0.0768725360387728	0.0486660768088889	0.088026055	0.0438277827	-0.0668199386	-0.1054157917	-0.0030390488	0.0132990286	-0.0936271695	0.1039645085	-0.0081106989	-0.0704197237	0.0120653191	0.0549215202	0.0949342947	-0.0227809239	0.0652410488	-0.0069307754	0.077043747	-0.0335244321	-0.0731650986	0.1034335638	0.0770982609	-0.0250030617	-0.0920243677	-0.0800029366	-0.0527826222	0.0231509525	-0.0967773813	0.1121860899	0.0828145592	-0.0395821317	0.0300188897	0.001619441	-0.0220447106	-0.0029214531	-0.0809374505	-0.0807373626	0.0212063363	-0.0327496897	-0.1199448794	-0.0313950387	-0.0465074962	0.134857032	-0.1181538927	-0.0194365556	-0.0439559674	0.010510134	-0.0111861361	0.0490470724	-0.064167531	-0.0217977344	0.015794707	-0.046575262	0.1556024607	0.0824150377	0.2513276706	-0.1311226789	-0.0908767395	0.0647608829	0.0362736306	0.0996867026	0.0096380079	-0.0853912379	-0.0284898804	-0.1126610308	0.0709751859	0.0243242005	-0.0285039884	-0.0630256183	-0.0427018883	0.086900134	0.0327262825	0.0499999195	-0.0248522365	-0.0184153641	0.039893376	-0.0505001273	0.0041297191	-0.0931919955	0.0564159816	0.1562609339	0.0808702452	0.1128784785	0.0283805996	0.0069756102	0.0318549825	0.0167893187	0.0225457357	-0.010838398	-0.1916809608	0.1166061106	0.0401920241	0.0843130621	-0.1153344976	-0.0382622221	-0.015343125	0.0633961626	-0.1657254779	0.0208487851	0.0818871921	-0.1546655714	-0.0089718991	0.0851850082	0.0155361632	-0.1102581887	0.0909312359	0.0057362408	-0.0485661594	-0.0058522671	0.0941160713	0.0716542022	-0.0475599258	0.1175652259	-0.0083004693	0.0249747706	-0.0873284516	-0.0026018358	-0.0231202009	-0.1197936739	0.0536073014	0.0876342696	-0.0936527907	-0.1281026735	-0.0577803808	-0.0069852514	-0.0057556328	0.047485639	-0.0549022818	-0.0996270376	-0.0397147891	0.0619093949	-0.0420926448618246	-0.0142559880303566	0.0017717907514636	0.0002032331947216	0.0830048548472177	0.0441456270698097	0.0019488363893867	0.0068898059282076	-0.0375569621560742	0.0116442096980265	0.0014105254063927	0.0001355876194916	0.0025043674432763	9.607009581670024e-05	9.229463310229966e-09	6.271856290942273e-06	0.0016241008481963	4.0334208184799854e-05	1.6268483498947755e-09	2.6377035651119408e-06	-0.0035200517335178	-1.299208101002321e-07	1.239076420664167e-05	1.6879416897100564e-14	0.0	0.0	0.0	0.0	0.0
265.1348638349847	-0.5298026460802703	0.2806908437936561	70296.49602079586	361.44730183583385	0.3931415629836579	0.1545602885452334	130644.1520044044	256.3261295421012	-0.4226970352581816	0.1786727836160564	65703.08468603405	269.0664564335678	250.51063866483057	1.035085	22.023895	0.1606603792364547	0.138596158229409	-0.0489775388	0.0249814605	-0.0689321442	-0.0085514996	-0.0625898251	-0.0518887181	0.0320750083	0.0163066501	0.0664354918	-0.0149368109	-0.0314815037	0.0746782487	0.0068027944	0.0501485349	-0.0208722194	0.0354176821	-0.0017081393	-0.1069068073	0.0378100524	0.0625812633	0.0542850417	-0.0610923712	-0.0648023689	-0.0719270828	-0.1217351507	-0.0039282291	-0.0674982024	-0.1279188303	-0.0456578727	-0.0360712538	-0.0816800847	0.08693739	0.0744788044	0.0309082963	-0.0326247924	0.0906838226	-0.089883001	0.0960374784	-0.1290010371	-0.0378287691	-0.0230903938	0.1006786335	-0.0742722181	-0.0856804009	-0.0712020309	0.0312054637	0.042899017	0.0455884336	-0.061391219	0.0769289598	0.0704997053	0.0617037901	0.029405402	-0.0036719431	-0.0712005724	-0.0547665513	-0.0659414156	-0.0007448558	-0.0705719042	0.0064953624	0.0384366799	0.0415006995	0.0128182698	0.0189537324	0.0127267597	-0.0204628207	-0.0601333191	-0.1198245739	-0.0600064	0.0619430366	0.0996750868	0.0538328232	-0.0194555432	0.0815840762	0.0622079652	-0.0474925956	-0.0333575502	-0.1128113982	0.0672454431	0.0698179202	0.0071477776	-0.0684567388	-0.1126594802	0.0255386399	-0.013103525	0.056859522	-0.0057052725	0.1112001863	-0.1212772593	-0.0393808281	-0.0940801624	0.0631296946	-0.0584492209	0.0477560533	0.1073951303	-0.0707709971	-0.1367931777	-0.0117564447	-0.002773245	-0.0391758295	0.0761239815	0.0005674433	0.059015218	0.009492116	0.0607749248	-0.1002547496	-0.0374206062	0.0581781118	0.0030872936	-0.0809793893	-0.0090492052	0.0838289828	0.0603269293	0.0711796936	-0.1078619261	0.0463511795	0.0116986698	-0.065198727	0.0029215221	0.0438437326	-0.0747602728	-0.0601206985	-0.0397548396	0.0127672875	0.0254382522	0.0460974375	-0.0575005252	-0.0991099747	-0.033873792	0.0678800746	-0.0361257747402987	0.0059668701215259	0.0013050716005868	3.5603539047158585e-05	0.2201267090770642	0.1371218542298465	0.0188024029074312	0.0484557680490984	-0.0442509709110865	-0.0066940087550122	0.0019581484265738	4.480975321218128e-05	0.0026066684043969	0.0001023009611205	1.0465486646198477e-08	6.79472017048108e-06	0.0015089174192992	-0.000115183428897	1.3267222292493282e-08	2.276831778264558e-06	-0.0035199832009341	6.853258370000116e-08	1.2390281734858274e-05	4.696715028597663e-15	0.0	0.0	0.0	0.0	0.0
264.6477210457157	-0.4871427892690008	0.2373080971367821	70038.41625469095	358.04780300068404	-3.3994988351498137	11.55659233018494	128198.22923361664	256.2222141611496	-0.1039153809516051	0.0107984063983172	65649.82302964202	269.38278126068946	251.31233907018168	1.064746	22.655014	0.1856236282522899	0.1240912166830157	0.0968580752	-0.0660879376	-0.0227864617	0.0116043294	-0.0222917991	0.0903898289	0.0099859403	-0.0239322503	0.0655969204	-0.1200538948	0.067478658	-0.006762408	-0.0659635641	0.0640494031	0.0239744502	0.0866894185	0.0528223247	-0.1120963734	0.0862742201	0.0318232576	0.0939710809	0.0083125406	0.0040491249	0.007051727	-0.0250252919	-0.0341996297	0.0124424918	0.0498899137	-0.023231807	-0.0663144283	-0.0549335155	0.0520448584	-0.0179428729	0.132889945	-0.1249655341	0.0066573525	-0.1184787951	-0.0698374871	0.0138869101	-0.0330675519	0.0565428093	-0.0457550457	-0.0956815119	-0.0654326009	0.023276857	-0.1048958234	-0.0755585591	0.002023187	-0.0288942741	0.017358783	-0.0924949173	0.0756063384	-0.0077571115	0.0752602168	0.0072435633	0.0286914706	0.0385915261	0.0639958177	0.0070576994	-0.0660219726	0.0449968734	-0.0172465458	0.1379946461	-0.0806048341	0.0332887874	-0.0272957639	-0.0279730442	-0.1126937189	0.0302321567	0.0152280616	0.1016512723	0.0722630308	-0.0062247214	-0.0565800663	0.0247998049	-0.027688848	0.0898662749	-0.0401354627	-0.0006365392	-0.0716253717	0.0779845553	-0.0338019217	-0.0693193239	-0.0443349414	0.0803009209	-0.0674818046	-0.1039671015	0.088911307	-0.0529817979	0.0823421967	0.0930124597	-0.0780664124	0.0711763335	-0.0601520421	0.0355381702	-0.0247088275	-0.0795117982	0.0651636143	0.0183141456	-0.0291618754	-0.04433335	-0.0744407517	0.065684805	-0.0830981268	-0.0330653263	-0.013667081	-0.029248635	-0.0059479922	-0.0978045714	0.1424071374	0.0197754926	-0.044754941	0.0243994338	-0.0125132885	-0.0721602001	0.0456251392	-0.0184780752	0.0426662846	0.020167889	-0.0219108131	-0.0812175687	-0.0992184549	-0.070448065	0.1649458732	0.0433216564	0.0446978621	-0.0600420225	-0.0983728629	-0.0278991106	0.0734322509	-0.0446330854564962	-0.0085073107161975	0.0019921123173668	7.237433562192884e-05	0.334673980804169	0.1145472717271048	0.0131210774601231	0.1120066734273092	-0.0398059290304289	0.0044450418806575	0.0015845119859755	1.9758397320800046e-05	0.0028787586172404	0.0002720902128435	7.403308392522124e-08	8.287251176335861e-06	0.0018301293792057	0.0003212119599065	1.03177123186975e-07	3.349373544631841e-06	-0.0040891611067507	-0.0005691779058166	1.6721238556962614e-05	3.2396348846977066e-07	0.0	0.0	0.0	0.0	0.0
263.63105820219926	-1.0166628435164284	1.0336033373869098	69501.33484881137	363.192102227121	5.144299226436942	26.463814531119723	131908.5031201555	255.32788402762188	-0.8943301335277454	0.7998263877357549	65192.32836202273	268.0533572325275	247.1270318912254	1.276936	27.169867	0.1383595480160921	0.1067626726709241	-0.079785032	0.1140871428	0.0250091798	0.1513378159	0.0552120483	-0.1031040795	-0.0381368375	-0.1293968203	0.0812160178	-0.0330019908	0.0556531165	-0.0179155945	-0.133926086	0.00450916	0.0178436228	0.0826127419	-0.0447633556	-0.0433917409	0.0039788245	-0.0802076327	0.0159822226	0.0350238519	-0.1229652937	0.0657417788	-0.0851230763	0.1041635216	-0.0807428735	0.0394184284	0.0501636892	0.0534732308	0.038540895	-0.0078078897	0.0164954562	0.0144606228	-0.0192067007	0.0232523699	-0.0090638209	-0.0565346905	0.0840023996	0.021601759	-0.0178455192	-0.0366937858	0.0233505526	0.155888093	0.0563587942	-0.0294791569	-0.0416526951	0.0864591088	0.0032573884	0.2011536977	0.1198228026	0.0081939601	0.0363574136	0.1049284437	0.0306914369	0.0571384615	0.0487783	-0.0670862901	-0.0789040301	-0.1359967173	0.0022617935	0.012402802	-0.0089978676	0.1058688781	0.0923850608	0.0672513386	-0.0585149	-0.0590671584	0.0085859071	-0.0636525437	0.0059558033	0.0033186169	0.0974578396	0.0461577402	-0.0985230836	-0.0519343592	0.1121537876	-0.0672713766	0.0244465277	-0.0227125073	0.0407713315	0.0057783415	0.0412861709	-0.0236281222	-0.0360975509	0.0278474891	-0.0798143193	-0.0277041043	0.0928763082	0.0040847133	0.0083939585	-0.0273926433	0.084514264	0.0455270993	-0.0037596074	0.1044912263	0.0270932291	0.0715255953	-0.0886738061	-0.1162313285	-0.0486098692	-0.1377200363	-0.0344599733	0.0804138217	-0.0982384723	-0.0212253557	0.0314704131	0.0190296279	0.0847785737	-0.0173949034	0.100550994	-0.0899459241	-0.0355711421	-0.0392318296	-0.0993804576	0.0976358115	0.0282021019	0.1396188786	-0.0793272542	-0.0179183415	0.063293681	-0.1631648244	-0.0325976319	0.0753259143	0.0352657673	0.0432872582	-0.0625242656	-0.0974173387	-0.0218143241	0.0785316931	-0.0446385252367491	-5.439780252899928e-06	0.0019925979353118	2.959120919984001e-11	0.4385950776663918	0.1039210968622227	0.0107995943730474	0.1923656421531882	-0.0228468050153125	0.0169591240151164	0.0005219764994077	0.00028761188736	0.002941103224949	6.234460770859979e-05	3.886850110339201e-09	8.650088179805409e-06	0.0020381202784394	0.0002079908992337	4.326021416404314e-08	4.153934269385898e-06	-0.004010018866523	7.914224022770051e-05	1.6080251309870404e-05	6.263494188259056e-09	0.0	0.0	0.0	0.0	0.0
263.63189040767907	0.0008322054798099	6.92565960625792e-07	69501.77363992651	357.1823274432488	-6.00977478387216	36.11739295286567	127579.21503777622	255.52630747404675	0.1984234464248686	0.0393718640911227	65293.69381132108	268.35222557582347	244.84993302685984	1.207558	25.693674	0.3155360626113388	0.2824142204313825	-0.0368884963	-0.1175475771	0.0201435077	0.0178328284	0.0922986855	0.0449161422	0.1029811474	0.0305826088	-0.0632469647	0.0484403423	0.0168399548	-0.02178508	0.0283887198	0.0236180926	0.0054225704	0.02664196	-0.1534214485	0.0280184165	-0.0098282061	-0.0123965342	-0.0980821783	0.0014211365	0.018405534	0.0584655171	-0.0797157187	0.0123553215	-0.007801989	0.0682091335	0.1178403775	-0.0210738882	-0.0339581121	0.0885874332	-0.1411278187	-0.0954556661	-0.0540797903	-0.1066953894	-0.0714160099	0.1153362758	0.0096797558	0.129196464	0.0551122744	0.033847376	0.0478332594	0.038010054	-0.0484613264	0.0615642126	-0.0972617544	0.0576356034	-0.0038122485	0.0194669509	-0.0500659073	0.0810618991	0.1465153502	0.0096864239	0.0717540247	0.0541113818	-0.0164305176	-0.004200034	0.0638415068	0.0229657216	0.0209974999	0.0108629341	0.0758263948	0.0648201404	-0.1232824606	-0.0092608539	-0.0307554712	0.0596920803	0.0415881096	0.0021419982	-0.0994107456	0.0165323569	0.0036641508	0.0361299465	-0.0753840337	-0.0460633245	-0.0982281423	-0.0718820844	-0.0810127336	0.0389784685	0.0472968024	0.239179049	0.0448168942	-0.0614633327	0.0405090134	0.0093563681	-0.0223954038	0.1073931577	0.0007400933	-0.0701177328	-0.0018374019	0.0359333264	0.0394818114	-0.1237497197	0.0689900686	-0.0550325469	0.0392802802	0.0750942168	-0.0913942193	-0.0669833415	-0.1071712471	0.0215878421	-0.0016496209	0.0531050059	0.0364552046	0.1285063345	0.0313358752	0.0463478593	-0.0351829877	0.0210002947	-0.0970626301	0.0752183339	-0.0020266256	0.0529009578	-0.0394638929	0.0029104597	-0.0345741893	0.0122623526	-0.0243806513	-0.0748677402	0.0801684029	-0.1134070242	-0.0962291887	-0.0021049285	0.1041136989	0.0418659738	-0.0649448048	-0.0962455236	-0.0156434465	0.0831469612	-0.0521936546300167	-0.0075551293932676	0.0027241775836374	5.707998014901605e-05	0.1565251273662511	-0.2820699503001407	0.0795634568623238	0.0245001154970211	-0.021609123971352	0.0012376810439604	0.0004669542388092	1.5318543665791515e-06	0.0029861441559956	4.504093104660016e-05	2.0286854695445893e-09	8.917056920386676e-06	0.0017407968931701	-0.0002973233852693	8.840119542799667e-08	3.030373823270672e-06	-0.0041611205876865	-0.0001511017211635	1.7314924545268446e-05	2.2831730138572194e-08	0.0	0.0	0.0	0.0	0.0
264.0628510688943	0.4309606612152379	0.185727091515075	69729.18931463305	358.30713413886303	1.124806695614211	1.2651901024985606	128384.0023748052	255.38253723054925	-0.1437702434974994	0.0206698829153302	65220.24032231287	268.0232813205152	247.22451676824548	1.150243	24.474171	0.1505156790958008	0.1124429018659452	0.0560915863	0.0752297391	0.0418393382	0.014030939	0.0639675142	0.0272015761	-0.1390059741	-0.016486655	-0.0822626565	0.0046879076	-0.15930402	-0.0219583509	-0.0414937688	0.0634312209	0.025918617	-0.0892197655	0.0268238166	0.1298654112	-0.0203142848	-0.0673894098	0.0106529991	0.0406317646	0.1390704284	0.0347694052	-0.0116305786	0.0397920609	0.1045625633	0.1468227097	0.122030276	-0.0576844546	0.0702097394	0.010759911	-0.0136321409	0.024873631	0.0022801817	0.039060766	0.0094707448	-0.0494989943	-0.0671317485	-0.0748239497	0.0379257376	0.0105292659	-0.0122896171	-0.1263853719	0.0923592668	-0.0346437522	0.0864628684	0.0799520894	0.1486532019	0.1052154902	-0.0081375354	-0.0074448012	0.0717481634	0.0759056743	-0.0614577459	0.010450105	0.0315660312	0.0843977751	-0.1161208222	-0.0342299536	0.0995007625	-0.0135290133	-0.0944783177	-0.0593921413	-0.0215017183	0.0251974113	0.1335633344	0.0955001891	0.0302053057	0.05695639	-0.0079981877	0.0528344587	0.0581837149	-0.0023365849	0.1023697308	-0.05082126	-0.0220485642	0.0809342419	-0.0798519145	0.0559754927	0.0022659838	-0.0595409147	0.1753215904	0.0426567275	-0.0118787775	-0.0416466315	-0.0518425894	-0.0610170125	-0.0455966388	-0.0751401722	0.1432770894	-0.0114998933	-0.0682734657	-0.0657282235	0.0623086384	-0.044920653	-0.0357449074	-0.0373970793	-0.0444484774	0.0169500321	-0.0351613287	-0.0351640626	0.0912688116	-0.0331214553	0.0419881273	-0.0277900901	-0.0162870344	-0.1101358444	0.0267126338	-0.0218084353	0.0147346791	-0.0114766022	0.0652678413	0.0785711314	-0.0950363151	0.0838217271	0.0487559567	0.060082659	0.0403186895	-0.0302579551	0.0904389974	0.0542772375	0.0250561612	0.006912562	0.0252500301	0.0404343596	-0.0673012514	-0.0948600195	-0.0094108313	0.0872496007	-0.0559627821840393	-0.0037691275540226	0.0031318329897782	1.4206322518492408e-05	0.2691062292012702	0.1125811018350191	0.0126745044903869	0.0724181625949265	-0.0136102392155379	0.0079988847558141	0.0001852386115041	6.398215733679519e-05	0.0027793735550032	-0.0002067706009924	4.2754081434758364e-08	7.724917358251126e-06	0.0019179256866046	0.0001771287934345	3.13746094635618e-08	3.6784389393377274e-06	-0.0040216886830945	0.000139431904592	1.6173979863730373e-05	1.9441256018152595e-08	0.0	0.0	0.0	0.0	0.0
264.43246059144013	0.3696095225458293	0.1366111991565559	69924.52621444354	356.53142870057303	-1.7757054382900035	3.153129803572694	127114.6596512718	255.4822312617462	0.0996940311969467	0.0099388998562977	65271.17049048036	268.072287858504	244.92887105132783	1.082188	23.026133	0.1026637366385048	0.0623590575474797	-0.0669715808	-0.0794363333	0.0007556911	0.0166044835	0.0527096441	0.0244118907	0.1018896617	-0.003171373	-0.0164026633	0.1342300919	-0.1017087128	-0.0505360744	-0.0026554686	0.0458769698	-0.0157368171	0.0006385498	-0.132485106	0.125730751	0.023976938	-0.0212433464	0.0509783048	-0.0239819029	-0.0426308477	0.0186575387	-0.0740132538	0.0049706641	0.0213615944	0.0219713529	0.0084439291	0.0216544616	0.0326641598	0.0256065452	-0.0178750172	0.032168446	-0.0622913565	-0.0825157412	0.0434158957	-0.0561866767	-0.023608316	0.0134354992	0.0159642565	-0.0480448678	0.1020625002	-0.0052877564	0.0359961771	0.0189648374	0.1163530845	-0.0103586597	-0.1714088877	0.0281132128	-0.0198363739	0.1595837838	-0.0474925137	-0.0119709665	-0.1369233648	-0.1175453526	-0.0133836113	-0.0579156926	-0.0024567888	-0.0029355853	0.037296386	0.058764214	-0.0101506242	0.1351634858	-0.0776876195	0.0194796797	0.1294827328	0.0331455428	0.0411122296	0.0259617827	0.0089057907	-0.0321808661	-0.0618495166	0.0278311692	0.039567561	0.005077192	0.0215711679	-0.0167601847	0.0787756751	-0.0088383003	0.1039934051	0.0860000679	0.0017037289	-0.0572212537	0.1286950158	-0.0538650658	-0.0500066581	-0.0341972985	-0.0160596219	-0.004491491	0.0515082885	0.0441817643	-0.0462943666	0.1279512154	0.0383871988	-0.0171656743	-0.0093593874	0.0535403111	-0.0197799257	-0.0389080109	0.0299985147	0.0031614575	0.0034384794	0.0814002665	-0.0489877697	-0.0208661396	0.0145821846	0.0245586678	-0.0696118174	-0.033272336	-0.0267744487	-0.0132417394	0.0590661012	0.1088697865	-0.0753372461	0.0141053701	-0.0201245162	-0.0019930022	0.0138092372	0.0106906147	-0.0037746591	0.0355553478	0.02133496	0.0402023544	0.01184327	0.0389927688	-0.0695912797	-0.0932639023	-0.0031410759	0.0908143174	-0.0446058478844832	0.0113569342995561	0.0019896816654936	0.0001289799566844	0.2092989056185388	-0.0598073235827313	0.0035769159541295	0.043806031893118	-0.0259746775609102	-0.0123644383453722	0.0006746838743932	0.0001528793355965	0.0030879650822966	0.0003085915272933	9.522873071727319e-08	9.535528349483048e-06	0.0019327150572669	1.4789370662299977e-05	2.1872548458689926e-10	3.735387492586197e-06	-0.0040810085933557	-5.931991026120013e-05	1.665463113904307e-05	3.518851753396837e-09	0.0	0.0	0.0	0.0	0.0
265.5538152125957	1.1213546211555467	1.2574361863868997	70518.82877396542	359.49291960338377	2.9614909028107377	8.770428367430759	129235.15924496496	256.43394406849904	0.9517128067528516	0.905757266537391	65758.3676705261	269.4732365813946	250.9321332611812	1.097447	23.350813	0.126214682874966	0.0786367591155988	0.1064514813	-0.0300291792	-0.0537986998	-0.0284150683	0.0964314373	0.0692836966	-0.0314889254	0.1001534764	0.0476226214	0.0914319041	-0.0863305146	0.0189945705	0.057648533	0.0266110026	0.0348078811	0.0704484564	-0.0419203236	-0.0366989503	0.004452989	0.080895929	-0.004667068	-0.0320119961	-0.0051656577	-0.0179553919	0.0418089283	-0.0304291378	0.0479826941	-0.0485473456	0.051377332	-0.0030002024	-0.0912048938	-0.0410794903	0.0060641978	-0.0206292415	0.0268421451	-0.0369452467	-0.0203152982	-0.0448292227	-0.1178008609	-0.0650955459	0.1008540481	-0.1644176455	-0.0367196239	0.0045318133	-0.0223719702	-0.1579763463	0.0332296564	0.1011274145	0.0345104136	0.0473698772	0.0614133082	0.025938975	-0.0789111257	0.0516141599	-0.1227039779	0.0070259077	-0.1084802397	0.0049299317	0.1312743439	0.0595873395	0.0233441972	-0.0386165791	0.0796790271	-0.0259143387	-0.0232642754	0.0913939808	0.0073444525	-0.0433164769	0.0549266877	0.0075376334	0.0209284491	0.0195453089	-0.0276425501	-0.0987894348	0.0912790945	0.0205906422	-0.0166450003	0.0459145623	0.1596724744	-0.0790113769	-0.0409714429	0.0156829642	0.0171095122	-0.0675403612	0.124827478	-0.1444248785	0.0273619554	-0.0709665216	0.015306796	-0.098936741	-0.0310182146	-0.0360503916	0.0091757508	0.006642017	-0.0824233682	-0.0236465946	-0.0476952475	0.0043724302	0.1769817395	0.0169102478	-0.0660395212	0.0643387701	-0.0231392802	0.0018099738	-0.0659229136	0.0518980947	0.0816754447	0.0006205585	-0.0143157463	0.1628158574	-0.0047340547	-0.0410414858	0.0071222033	0.0473381739	-0.0424764071	0.0732502543	0.0949772365	-0.0303684074	0.0524865601	-0.088034436	-0.1291169133	-0.065079059	0.0769985057	0.0068625638	-0.0525305376	0.0375415571	-0.0718126298	-0.091460716	0.0031410759	0.0938191336	-0.0536353600530787	-0.0090295121685955	0.0028767518480233	8.153209000281425e-05	0.1340194977739059	-0.0752794078446329	0.0056669892454385	0.0179612257835699	-0.0087793816759926	0.0171952958849175	7.707754261275464e-05	0.0002956782005698	0.0032342356124402	0.0001462705301436	2.13950679884898e-08	1.0460279996776436e-05	0.0019108899733497	-2.1825083917200068e-05	4.763342879928251e-10	3.651500490248417e-06	-0.0044071223188313	-0.0003261137254756	1.9422727133140976e-05	1.0635016194357501e-07	0.0	0.0	0.0	0.0	0.0
265.3471208042226	-0.2066944083730959	0.0427225784527041	70409.0945190907	365.8602446933962	6.367325090012457	40.54282880190215	133853.71864711176	256.5465773032016	0.1126332347025709	0.0126862455595644	65816.1463259876	269.0825221414344	251.6250764331849	1.064326	22.64607	0.0899316928405511	0.0412994633092619	-0.0354775615	0.1017299595	-0.1041392875	0.0122832243	0.0755483278	-0.1145237301	-0.0948884654	0.0871262937	0.070557474	-0.0239460128	-0.0746825741	0.008515735	0.0429672288	0.0674215688	0.1002647063	-0.0552783453	-0.0095736289	-0.1540249511	-0.0689445513	0.0333922849	-0.0179773237	0.0058352895	-0.0522818116	-0.1371436105	-0.061713986	0.0186902708	-0.0002902463	-0.0939800376	-0.0332027358	-0.0638339754	0.1806080002	-0.0517176378	-0.1190102394	0.0412279108	-0.0123995488	-0.0067033167	0.1079222872	0.0350572288	-0.1078981107	0.0936149914	0.008310684	0.0054584236	-0.0714423037	0.0547365447	-0.0909158209	-0.0270055327	-0.0970207001	-0.117143853	-0.0355041449	0.0716466697	0.0836101785	-0.0822908153	0.0336399789	-0.0786935508	-0.1047886802	0.1168035028	0.0251566479	0.053551548	0.0867190015	0.0470257237	0.1267581715	-0.0587463622	-0.1093159958	0.0157189023	0.0352024874	0.0414261362	-0.1168959419	-0.1060816592	0.0365830647	-0.008780605	-0.060606125	0.07189967	0.0510900522	0.035703086	-0.1414245604	0.0132662242	-0.1511807764	0.0386300609	0.0778773246	-0.0274172261	0.091421581	0.0111679887	-0.011750175	0.0273455402	0.0449733309	-0.0618526023	0.0205100168	0.0363660772	-0.0817166194	0.044726182	-0.038699144	0.0709465587	-0.0683926153	-0.0530942167	-0.0219570314	0.0501355764	-0.0078993762	0.0672614658	0.0754934824	-0.0453904171	-0.0576721549	0.0430899967	0.0231925375	0.0171985753	0.084182574	0.0149161137	0.0949031577	0.0380149699	0.136153861	0.0306778238	0.0012063768	-0.0143522087	0.0441497454	0.1049378769	0.024858464	0.0587520532	-0.0012221598	0.003084211	-0.0904835562	-0.1291203513	0.00777576	-0.0665832441	0.0064974481	-0.0875608728	-0.0142014996	0.0360810826	-0.0739631095	-0.089454464	0.0094108313	0.0962455236	-0.0655851483368508	-0.011949788283772	0.0043014116823667	0.0001427974400269	0.1696337426247254	0.0356142448508194	0.0012683744362941	0.0287756066368715	-0.0259178808503222	-0.0171384991743296	0.0006717365477714	0.0002937281539484	0.0029102256792921	-0.0003240099331481	1.0498243677863633e-07	8.469413504411164e-06	0.0018539202549969	-5.696971835280002e-05	3.245548809197359e-09	3.4370203118877705e-06	-0.004530725877963	-0.0001236035591317	2.05274769812436e-05	1.527783983002367e-08	0.0	0.0	0.0	0.0	0.0
265.00783821142755	-0.3392825927950298	0.115112677773718	70229.15431349416	360.6203729449578	-5.239871748438418	27.45625594008308	130047.05338296044	256.3083842872773	-0.2381930159243097	0.0567359128351184	65693.98785595462	268.99186245341315	249.4727754001711	1.012078	21.534369	0.1127454869022496	0.0574128132334334	-0.0753049167	-0.0392106496	-0.0977190683	-0.0287493004	0.0374983654	-0.0010144971	0.0517327843	0.0810530595	0.0248655398	-0.0813495343	-0.0971478528	0.0245795806	0.0214815954	0.0856013818	0.0963250968	-0.0573778528	-0.0251819766	-0.11713569	0.0107315049	0.0541834983	0.0398955886	-0.0323182628	0.0856040744	-0.0744222765	-0.0596940796	0.118845771	-0.0696122797	0.0382866258	0.0420220577	0.0493387733	0.0388634705	-0.0792692168	0.1138506463	-0.0206796008	-0.1815987224	0.0619164364	-0.1070855837	-0.0197257222	-0.1138598985	0.0839389213	0.0983105796	0.1016135532	0.0534779094	0.0475712353	0.1058940177	0.0104495863	0.1356419349	-0.0575790261	-0.0022228917	0.0581856963	-0.0516673396	-0.0151323617	-0.0095157354	-0.0739942693	-0.0054844066	0.027963033	-0.0255671513	0.0269310171	0.0515168629	0.0255280533	0.1248928518	-0.0424025519	0.0015297741	0.0322449188	-0.049561149	-0.0593199009	-0.0512980225	-0.1049938119	-0.0693587402	0.0817683936	0.0327933099	0.0839580273	0.0460931749	0.0485488041	0.0800156115	0.0393201037	0.0377380116	-0.0027790475	0.0526922913	0.0850229598	0.0550266092	-0.0741932175	0.0858406496	0.0005214986	0.0777607809	0.0729245984	-0.0680409543	0.11785784	-0.1557983884	-0.0954054624	-0.0917464581	-0.0231712548	0.0599410885	0.0404890459	0.0329104714	0.071649262	0.1056933226	-0.0672667347	-0.0448787805	-0.0831831656	-0.1213498227	0.0210747712	0.0618593118	-0.0355735161	0.0239922334	-0.061890456	0.0021233779	0.0816299553	-0.0618226299	-0.0596730018	-0.0205786375	-0.019716655	0.0971072775	0.1330239485	-0.0470617806	0.0255261545	0.009692707	-0.0095364143	-0.0285239233	-0.1244986861	-0.0464937626	0.0575613292	0.0682001718	0.1034778785	0.091416744	0.0346117057	-0.0760405966	-0.0872496007	0.0156434465	0.098078528	-0.0676378231057412	-0.0020526747688904	0.0045748751144835	4.213473706839258e-06	0.2050315734164058	0.0353978307916804	0.0012530064247564	0.042037946097607	-0.036031529289481	-0.0101136484391588	0.0012982711029387	0.0001022858847508	0.0032713022908517	0.0003610766115596	1.3037631941536253e-07	1.0701418678131582e-05	0.0013643388610982	-0.0004895813938986	2.39689941251794e-07	1.861420527902733e-06	-0.0040777572253709	0.000452968652592	1.6628103989064583e-05	2.051806002311025e-07	0.0	0.0	0.0	0.0	0.0
264.1878357524331	-0.8200024589944519	0.6724040327569478	69795.21255955457	355.05121176467753	-5.569161180280275	31.01555625194079	126061.36297556588	255.4506589102265	-0.857725377050798	0.7356928224369336	65255.039137668886	268.5180069864577	249.06412597056507	1.117544	23.778427	0.2295244828792446	0.1722360490874931	0.0929747346	-0.096560425	-0.0146852902	0.0622494974	0.0616796516	0.1443388359	0.0028940682	-0.0284362015	0.019321194	-0.0432888449	-0.0685601448	0.0014867956	-0.0856645804	0.0503467847	0.0816958206	0.0326414264	-0.0466631856	0.0343458658	0.0579445012	0.0198101184	0.0644525239	0.0834188963	0.0068220823	0.0208408152	0.0140066731	-0.0388599385	0.0466886414	-0.106810704	-0.0316560764	0.0319826869	-0.0569818724	0.0679165985	0.0553069173	-0.0766580994	-0.0235121474	0.0753899164	0.0025752373	0.0602126946	0.1067882248	0.0493069456	-0.0350875461	0.0223504263	0.0854109782	-0.0010747506	0.0589937074	0.0080806259	0.0209908332	0.049750457	0.0460268938	-0.0027975553	0.0522477809	0.0016666807	-0.0790809937	-0.0698481625	0.0883358704	-0.0658169661	0.112006926	0.075854098	0.0548096972	-0.0854756641	0.0627980996	-0.0700849506	0.1339860114	-0.0166669982	-0.0636898121	0.0313765618	0.070523353	-0.0434689239	-0.0189638164	-0.0027262498	0.066670129	0.0405086573	0.0842546066	0.0049494142	-0.0266265483	-0.0858646891	0.0118188799	-0.0004279712	0.0490711382	-0.0881511288	0.0138618558	-0.059108402	-0.0639675846	-0.067776887	-0.1899896009	-0.0293099681	0.0737480774	0.0590710597	-0.0175556636	-0.0490974916	-0.0689716176	-0.1233691231	0.0058043317	-0.0117014023	0.0104432193	0.0647256491	0.0988969429	-0.0426145718	0.0640721234	0.0189634106	-0.0185344327	-0.0821905167	0.014478655	-0.0222573305	-0.0204216104	-0.0138753301	-0.0321117571	-0.0234720294	-0.1229693989	0.0969373025	0.0372496085	-0.1153937953	0.03995444	0.0177072414	-0.1143425695	0.0649730811	-0.043934439	0.0721706689	-0.0702371927	-0.108101274	-0.0707064764	0.0141751796	0.0082387884	0.0442486907	-0.0648860451	0.0331337888	-0.0780430407	-0.0848510215	0.0218143241	0.0993068457	-0.0611838192990887	0.0064540038066524	0.0037434597440235	4.165416513628489e-05	0.3738027899926663	0.1687712165762605	0.028483723544631	0.1397285258063013	-0.0177772654073393	0.0182542638821417	0.0003160311653629	0.0003332181498788	0.0034350510410453	0.0001637487501935	2.6813653189966004e-08	1.17995756545864e-05	0.0016039644619125	0.0002396256008143	5.742042856561428e-08	2.572701995078256e-06	-0.0043952828466468	-0.0003175256212758	1.93185113020276e-05	1.0082252016664601e-07	0.0	0.0	0.0	0.0	0.0
264.3546070281686	0.1667712757354706	0.0278126584104363	69883.35825701743	361.06919452739214	6.01798276271461	36.21611653233017	130370.96323665977	255.42427269084345	-0.0263862193830561	0.0006962325733307	65241.55907964636	268.0665906907347	246.6972208388672	1.182005	25.149986	0.2016292219319292	0.1512626450959808	-0.0422257932	0.0853992789	0.0063979961	0.0705928368	0.1502414197	-0.0626386612	-0.0706170433	-0.0289238033	-0.0015201326	0.1380960653	-0.0717278321	-0.0169143958	-0.0011614345	0.0542649733	0.0206264084	-0.0059259499	-0.1502366669	0.0687048869	0.0010289304	-0.0225700534	0.0148886629	0.052593111	-0.0492597655	-0.0368416874	-0.122262902	0.0551822196	-0.0413394558	-0.0275242038	0.0516021404	0.0517111957	0.1362290371	-0.1374524791	0.0091962475	0.018557705	-0.0407787242	0.0911656844	0.0598609011	0.035059158	0.0080397595	-0.040442947	-0.0744761837	-0.0120730213	0.0127527679	-0.0164684742	-0.0721423541	0.0002194012	0.032726882	-0.008793072	0.0325186935	-0.0352645291	-0.1627944107	0.0065693963	-0.1165987718	-0.1094912837	0.0178450762	0.0098593238	0.0457535108	-0.0107175607	0.0661713136	-0.0013315693	0.0623877506	0.0230346973	-0.0588082591	0.1174715704	-0.0350633945	0.13036158	0.0804772587	-0.037319287	0.0514617952	-0.0201249726	-0.0670504899	0.0529407203	0.052388491	0.0877982993	-0.0934759117	-0.0192097424	0.007414817	-0.0313203256	0.038964833	-0.0761584104	0.063507621	-0.0322149736	0.0899496038	0.0054170719	-0.0082207898	-0.0165670844	0.0299607852	-0.0223877248	-0.0987293963	0.0095627655	-0.0039216724	-0.0295554001	0.0020181593	-0.0517737702	-0.0346804928	-0.0534313498	-0.0525828326	0.0051908158	0.1016235136	0.0847232362	-0.0103653666	0.0041590375	-0.0241978006	0.1113061282	-0.1205559731	-0.0226636107	0.128035339	-0.0343616642	0.0392144868	0.040625811	0.0663459645	-0.0748867368	0.0467097388	0.0685592449	-0.0265908221	0.0750064419	0.0302040707	0.0659232855	-0.0581143152	-0.0658575733	0.0512722448	-0.0350748267	0.095333089	-0.1126390559	0.0351784995	0.0316476967	-0.0799684658	-0.0822640518	0.0278991106	0.0999229036	-0.0679863158000557	-0.0068024965009669	0.0046221391360649	4.627395864566821e-05	0.2262742635578405	-0.1475285264348258	0.021764666112031	0.051200042348643	-0.0052820504225579	0.0124952149847814	2.790005666644409e-05	0.0001561303975159	0.0033283516687805	-0.0001066993722648	1.1384756041702409e-08	1.107792483107394e-05	0.0018095635426	0.0002055990806874	4.227098197954512e-08	3.274520214707062e-06	-0.0047790440739216	-0.0003837612272748	2.2839262260485165e-05	1.4727267955946097e-07	0.0	0.0	0.0	0.0	0.0
264.9847538924193	0.6301468642507189	0.3970850705250139	70216.91979542602	359.8508462474031	-1.2183482799890155	1.4843725313521932	129492.63154497216	255.77022828351733	0.3459555926738744	0.1196852721023317	65418.409676202566	268.44826347921634	247.8745555340952	1.086292	23.113455	0.042588792368421	0.021181063263858	-0.0687344532	-0.0597138071	-0.0786288731	-0.0060694984	0.0906271577	-0.0191114092	0.0915332674	0.0871185597	0.027791315	0.0113971579	-0.0357612887	-0.0776272509	0.0285910463	0.0451582705	0.0352019026	-0.0129530844	-0.1407917745	0.0258229918	-0.0109561716	0.0260787619	-0.0422194111	0.019293783	0.0655432259	-0.0541206938	0.0520629355	-0.091762815	0.096590128	0.073216321	-0.0471987079	-0.0764238271	0.1436588333	-0.0062763647	-0.0438494368	0.0418013187	-0.0609896135	-0.0359922168	-0.1102421808	-0.0322055028	-0.0936103286	-0.1579592618	0.0261734255	-0.0801260323	0.2427160046	0.0525142368	-0.0206222076	0.0009169493	0.0770708814	0.0461141925	0.1159125829	0.0935384702	0.0954657099	-0.0025633337	-0.1432588722	0.0983038802	0.0052842807	0.0079450108	0.0012601922	-0.0730386339	0.0497881452	0.0289978804	0.0616417516	-0.0065151103	0.0219174424	0.0799861047	-0.0703578245	-0.0155571089	0.0776764765	-0.0131435094	0.0363022694	0.0484688472	-0.1197025985	0.032416418	-0.0425360842	-0.1854813409	-0.0415928099	-0.0068811333	-0.1020997352	0.0601702596	0.0224841054	-0.0064740126	0.0991647451	-0.1136868877	0.0145717318	0.0896772357	0.1459826426	-0.025923629	0.0203303865	-0.0531764116	0.1265581695	0.044600857	-0.0492812387	0.0139013243	-0.0038398629	0.0179391152	0.0639825559	-0.1053065493	0.1022117715	-0.020264477	0.0276287067	-0.009433697	-0.1482642792	0.0220077759	0.0474791684	-0.0230638546	0.0257108291	0.1010293866	0.0996266831	0.1093819935	0.016341712	-0.0069581305	-0.0640537822	0.0077802384	0.1063840118	0.0635391816	-0.0062286421	0.0057681638	-0.0124526399	-0.040027347	-0.0412155728	-0.0425254201	0.0228118022	0.0499867225	0.0571812976	0.0851829256	-0.0615593887	0.030153796	-0.0818149717	-0.0794944353	0.033873792	0.0999229036	-0.0771631895931648	-0.0091768737931091	0.0059541578281906	8.421501261465275e-05	0.2119549782073164	-0.014319285350524	0.0002050419329497	0.0449249127868639	-0.0054073518104758	-0.0001253013879178	2.9239453602255907e-05	1.5700437814151954e-08	0.0032160426590136	-0.0001123090097669	1.2613313674821655e-08	1.0342930384595268e-05	0.0016466626480695	-0.0001629008945304	2.6536701438837055e-08	2.7114978765472584e-06	-0.0048831808063616	-0.0001041367324399	2.3845454787618324e-05	1.0844459043280068e-08	0.0	0.0	0.0	0.0	0.0
264.8356580916347	-0.1490958007846075	0.0222295578116033	70137.92579682922	360.00986031766206	0.1590140702589337	0.0252854745403131	129607.09952594255	255.91412487606075	0.1438965925434274	0.0207062293456091	65492.039311080014	268.6014411471529	252.02778641862545	1.05405	22.427422	0.0991348956192362	0.0546124457897156	0.1074806204	-0.009379946	-0.0531573653	0.0628714475	0.0387032356	0.0750471838	-0.0710351487	0.0182505549	0.0629519118	-0.0276077132	-0.0669536727	0.0857061605	-0.0347743077	0.0712566286	0.0496828703	-0.1337182855	-0.0567789621	-0.0010995399	-0.0639301821	0.0771519884	-0.0733626571	0.1115425541	0.0478199101	0.0182988349	0.071284292	-0.0050300978	-0.0329056303	-0.0124830534	-0.0438590365	-0.0721267354	-0.0774977752	-0.0067489002	0.1213783673	0.0303775296	0.1193826612	0.0377802517	-0.1047508093	0.0450654913	-0.0033115842	-0.1001329058	-0.0451599851	-0.0314825386	-0.0330285374	-0.0336754679	0.0853662047	-0.1173306724	-0.1151080811	-0.0432698914	-0.0485167303	-0.0318495527	-0.0120359233	-0.0218820928	-0.0413839929	0.006760929	0.0654337421	0.0429603299	-0.1920293719	0.0048991487	-0.0079815466	-0.0341173052	0.1019354386	-0.045781778	-0.0440475716	-0.0820466822	-0.1432619549	0.0702926864	-0.0264316418	-0.0078342708	0.0079293202	0.0229568125	-0.0751501922	0.0028639693	-0.0124865537	-0.0871750222	0.0698597668	-0.0089286929	0.1035141103	0.0235128868	-0.0258985034	-0.0122245744	-0.1938506676	-0.0956895628	-0.0280583923	0.0273092805	0.0333935652	0.0222504293	0.0133548886	-0.1282937426	0.0585021926	-0.010380165	0.0161788485	-0.0238102696	0.0475348949	-0.0242664024	0.0005585058	0.0337443439	-0.0860394003	0.0187840653	-0.0730588459	-0.0318180323	0.0432359033	-0.0230595526	0.0265851116	0.0617664142	0.1370022966	0.0106096051	0.0476036649	-0.0429383858	-0.0346354118	0.0768125176	0.0283739719	-0.0496946776	0.0797587554	-0.0128318171	0.0322833532	0.0580333482	0.0827072313	0.0135460377	0.0848328648	-0.0365915679	-0.0384261183	-0.0009700007	0.0059524599	0.0430180167	-0.0046211852	0.0286524553	-0.0835807361	-0.0765483213	0.0397147891	0.0993068457	-0.0889820812685258	-0.011818891675361	0.0079178107868785	0.0001396862004339	0.2619983042500848	0.0500433260427684	0.0025043344814228	0.06864311142992	-0.0230761282904126	-0.0176687764799368	0.0005325076968755	0.0003121856622979	0.0030440854063565	-0.0001719572526571	2.9569296741377733e-08	9.266455961192616e-06	0.0018660865304471	0.0002194238823775	4.814684015765878e-08	3.4822789391160952e-06	-0.0048838776997503	-6.968933887003745e-07	2.3852261386118284e-05	4.856603952142912e-13	0.0	0.0	0.0	0.0	0.0
265.16169756193455	0.326039470299861	0.1063017361934139	70310.72585392685	361.78800567770907	1.778145360047006	3.161800921456696	130890.56105225404	256.0396358758811	0.1255109998203636	0.0157530110759073	65556.2951394538	268.8207433913302	250.2049642830455	1.170436	24.903812	0.2462131720208097	0.1907276829663823	-0.0415238856	0.0727005087	-0.0513095073	-0.046004107	0.0279568809	-0.1083076675	-0.0331774249	0.0492576755	-0.0464729535	0.0256896187	-0.0505726782	0.0318867049	0.1003401102	-0.0319072152	0.0248097836	-0.0824323469	-0.0433295992	0.106513896	-0.0529027428	0.0646606084	0.0961544365	-0.0923215931	-0.0404233558	-0.0462045616	0.0413180458	0.1607212071	0.0318971929	-0.0630531148	-0.017657899	-0.0555151086	0.0519822839	-0.0075075306	0.0657472128	0.1365921787	-0.079909131	-0.0037904682	-0.067098888	0.065793647	0.1009437685	-0.0196050975	-0.0245679943	0.0068664998	0.0853143175	0.0423124602	-0.0547372246	0.0367795972	-0.0419317135	-0.0119512193	-0.1019138426	-0.0338357989	0.0514230198	-0.0225016545	0.0782360385	0.0437677342	-0.0234948438	-0.0319812063	-0.0906276436	0.0448349493	0.0609903665	0.1005655637	-0.0006339644	-0.0198386121	-0.0848660596	0.0603075576	-0.0275971515	0.0399844268	0.0890497715	-0.001377499	-0.2004843778	0.0340122631	0.0503391625	0.0415314089	0.0108258808	0.015684137	-0.0488719752	0.0037924338	0.0527665146	0.1373226114	0.0508117531	-0.0463842742	0.053186653	0.0006522959	-0.1010257797	0.0220325576	-0.0072109374	0.0137846692	-0.0540760146	-0.0379458504	-0.0072768356	0.0471144365	-0.1611646934	0.0059412315	0.0026099594	0.035062553	0.0931974911	-0.0303891712	-0.0517237816	0.0602276246	0.0013207403	-0.147465272	0.0442908706	0.1047634525	-0.0276660444	0.0051535176	0.0334552893	-0.0602627864	-0.0430060538	-0.0453158178	0.0629906375	-0.0597655792	0.0407905815	0.0095817838	0.0616255095	0.0222047396	-0.026582953	-0.1118887871	-0.1070505207	0.029087204	0.0536345097	-0.0788348189	-0.0593644959	-0.0946628515	0.0897505941	-0.0416592902	0.0019169481	0.027144045	-0.0852640164	-0.0734322509	0.04539905	0.098078528	-0.0776112134521156	0.0113708678164102	0.0060235004535098	0.0001292966348982	0.0712172044146512	-0.1907810998354336	0.0363974280544176	0.0050718902046382	-0.0274736628562735	-0.0043975345658608	0.0007548021507401	1.9338310257941395e-05	0.0033612883784781	0.0003172029721216	1.0061772552277665e-07	1.1298259563291936e-05	0.0019130311288884	4.694459844130014e-05	2.2037953228149196e-09	3.6596881000960255e-06	-0.0044547518742511	0.0004291258254992	1.9844814261143688e-05	1.841489741103699e-07	0.0	0.0	0.0	0.0	0.0
264.9545609250398	-0.2071366368947451	0.0429055863440655	70200.91935498062	359.81560671104575	-1.97239896666332	3.890357683694533	129467.27083283797	256.40255609934763	0.3629202234665172	0.1317110886009868	65742.27077427911	269.4562306820146	247.9541892880912	1.131638	24.078297	0.2695275157929617	0.2204254473329025	-0.0382032644	-0.0753752981	-0.036892744	-0.0707905559	0.0694498184	0.0313123321	0.0666115626	0.1016976631	-0.0161894048	-0.064843253	0.0902572851	-0.1430406919	-0.0113018643	0.0733086018	0.0421056959	0.0336323534	0.0166756503	-0.0185208525	0.061110469	0.1285363084	0.003870086	0.0223831519	0.0334100166	-0.0537924529	0.0622856913	-0.0833622496	-0.0199618949	-0.1094012982	0.0972804098	0.0002677859	-0.027018545	0.0475244027	0.0520033926	0.0340811518	0.0363887379	0.0840794328	-0.0531012207	0.0765723818	0.0234520056	0.1004441631	0.0321343848	0.0331107601	-0.0043908699	0.0007716826	-0.1424414067	-0.0242825606	-0.0321965914	0.0088757169	0.0461275232	0.0216025731	0.0047639296	-0.0457372102	0.0249055987	-0.064915644	0.0342177808	0.1039855876	-0.0654394128	-0.0902451399	0.0949028828	-0.0032391404	0.0681126862	-0.0170852699	0.1073868516	-0.0345478483	0.0126777299	-0.101505081	0.0464668904	-0.0794674498	-0.0042684765	0.0192317648	-0.0806137851	-0.023024394	-0.0405773437	0.0323364275	-0.070953361	0.0950900615	-0.0332925457	0.0042505316	0.073313224	0.0380037612	-0.0752349586	0.0103818882	0.0313387686	0.0840648151	-0.0773129725	-0.057428599	-0.0428996575	0.0604836331	0.0437057226	-0.003848043	-0.1611432381	-0.0316195504	0.0397193881	-0.0785175449	-0.0069465	-0.0237069568	-0.0598080658	0.039665994	0.0371660257	0.023419791	0.0219972077	-0.0152360568	0.0638593027	-0.1156283357	-0.114587326	0.0177374948	0.0226382765	0.0598601722	-0.0847022454	0.0106732126	-0.0029925398	-0.0101343606	0.0889192635	-0.0058496903	-0.0279555546	-0.0450617413	-0.057385049	-0.0016779869	0.0280212791	0.0498265443	0.0128281367	-0.0239467842	0.0028153401	0.023319094	0.04285728	0.0256289373	-0.0868631514	-0.0701531426	0.0509041416	0.0962455236	-0.0765991524171596	0.0010120610349559	0.0058674301510272	1.0242675384761918e-06	0.2870606699225959	0.2158434655079447	0.0465884016024793	0.0824038282164095	-0.0328352634373345	-0.0053616005810609	0.0010781545249991	2.8746760790833644e-05	0.0034501656140509	8.887723557279978e-05	7.899163003062946e-09	1.1903642764379222e-05	0.0017870718861352	-0.0001259592427532	1.5865730834959582e-08	3.1936259262148216e-06	-0.0051861231693051	-0.000731371295054	2.6895873527203177e-05	5.349039712289652e-07	0.0	0.0	0.0	0.0	0.0
264.25007791860133	-0.7044830064384655	0.496296306360579	69828.10367998687	358.5750115160672	-1.240595194978539	1.539076437803839	128576.03888374774	255.6016399268336	-0.8009161725140359	0.6414667153945329	65332.198333286695	268.3727988038592	249.88098223223	1.215842	25.869947	0.3272984873489393	0.2435911234593495	0.0951687764	-0.0137101263	-0.0101087866	0.1462841882	0.0679249918	0.0675181036	-0.028410385	-0.0739469934	0.1202320761	-0.0422086101	0.0198652256	-0.0112315478	-0.1496210267	-0.0796781272	0.1307219934	-0.0113734986	-0.0248452485	0.0149038425	0.0413656344	-0.013214251	0.0116297574	0.0889672853	0.022305441	0.0464890734	0.072431591	-0.100975297	-0.0274959075	-0.0929796705	-0.0030661229	0.0044671068	0.0666897714	-0.0643183104	0.007324676	0.057711958	0.0789568455	0.1153752549	-0.0629075313	-0.0031713612	0.0859800359	0.1219504067	0.0350150672	-0.0210203574	-0.0369730476	0.0652453413	0.0126054669	-0.016841078	-0.0260421541	-0.0107352387	-0.0093046022	-0.0334814821	0.0111987897	-0.0185374643	-0.0487335545	0.0277928425	-0.0505053126	0.0947434047	-0.0046996527	0.0325633009	-0.0636302605	-0.1462846386	-0.0116968001	-0.1624554322	0.0133692852	-0.0181195312	0.0048851175	0.0279240324	0.0288247892	0.0289844355	-0.0173600613	-0.0242813894	-0.0346278082	-0.0015666664	0.0950645416	-0.1087807585	-0.067920754	0.0518365163	0.0222718071	-0.0162525286	0.0359436609	-0.0718931664	0.0048432362	-0.1371883096	0.0865774118	0.0812199925	-0.0491182117	0.0288112516	-0.0204512849	0.0449015389	0.0723569668	-0.0531256725	0.0116629314	-0.11675776	0.088296714	0.065544495	-0.1249350942	0.0964948531	-0.0278285155	0.0292850918	-0.0404011165	-0.0022260977	0.0774795683	-0.1594682025	-0.0804983006	-0.0512914452	-0.0009560865	0.1264061929	0.0345747571	-0.026159502	0.0389416841	0.0317924115	0.0905103103	-0.1425810202	0.0409783207	-0.1308316119	-0.0781916213	0.0339629925	0.0468511986	0.0831692352	-0.0033298764	0.0403957835	0.0227941649	0.0264769574	0.0599803303	0.1340924018	-0.0578816115	0.0241075061	-0.088376563	-0.0667182767	0.0562083378	0.0938191336	-0.096224107783243	-0.0196249553660834	0.0092590789186811	0.0003851388731207	0.5239555435008327	0.2368948735782368	0.0561191811276488	0.274529411565253	0.0146944371734747	0.0475297006108091	0.0002159264838451	0.0022590724401531	0.0035233353996374	7.316978558650003e-05	5.3538175227743875e-09	1.2413892338338035e-05	0.0019610033509265	0.0001739314647912	3.025215444444718e-08	3.845534142344961e-06	-0.0054040010748035	-0.0002178779054983	2.9203227616477375e-05	4.7470781704369446e-08	0.0	0.0	0.0	0.0	0.0
264.1154872186023	-0.1345906999990234	0.0181146565262271	69756.99058871968	361.9899382681217	3.414926752054498	11.661724721897484	131036.71540735856	255.4550091980288	-0.1466307288048085	0.0215005706298293	65257.26172436497	267.78795792081934	248.91881244995463	1.052591	22.396397	0.164946551030661	0.1219751392278922	-0.0542524599	0.0862512601	-0.0239436919	0.1767164949	0.018276554	-0.067277428	-0.0397990286	-0.0954151298	0.0707615537	-0.0320804759	-0.044116199	-0.0516835366	-0.1128452202	-0.0151576229	0.0587092467	-0.0831092432	-0.0157823021	0.0501666327	-0.0739820889	-0.0720618783	-0.0577587664	0.0715781111	-0.0469973823	-0.018940141	0.0032868892	-0.0474229181	0.0311390616	-0.1176267361	-0.0505566569	0.0436628598	0.1216438115	-0.0538423889	0.0526732807	-0.0365525027	-0.0211038356	0.0311382526	-0.0396306446	-0.111543386	0.2150669309	0.108684904	-0.001631118	0.0461779887	0.012023986	0.0391407371	0.0383470377	0.1058489405	-0.070318737	0.0181591094	-0.0035403372	0.0287410193	-0.0156591691	-0.0175786742	-0.0267410988	-0.0500118011	0.0209066785	-0.0466850978	0.0881669315	0.0392770847	-0.0726771763	-0.1136800095	0.0417052607	-0.0473462834	-0.1456975992	0.0611231307	-0.0023431154	0.0331659313	-0.0394571276	0.0704363697	-0.0138766117	-0.0186457664	-0.0754360805	-0.0638450084	-0.0016431459	0.0774969035	-0.1666798723	0.0245045913	-0.0131120262	0.0462667819	0.0230094761	-0.0543473344	0.0209115926	-0.0960125697	0.041797103	-0.0144362486	-0.0963135209	0.1483622345	-0.0436806432	0.0913694495	0.1047457439	0.0246166514	-0.009000028	-0.0642854764	0.0276181198	0.068902736	0.0598840478	0.0282592016	0.1294189122	-0.0066267198	0.0044447229	-0.0447237995	0.018383785	-0.1165604784	-0.0458237863	0.0751235854	0.0794487081	0.0243296065	0.0210078487	-0.0410622973	0.1022034358	-0.0635358805	0.1101198244	-0.0839667667	0.0575544526	0.007715844	0.031768842	0.0033134754	-0.0695872781	0.1111048118	-0.113363572	-0.0159707201	0.0508094647	-0.0023440353	0.0244137112	0.0837397871	0.0416067309	0.0225801267	-0.0898027576	-0.0631352795	0.0612907054	0.0908143174	-0.1066700294866365	-0.0104459217033934	0.0113784951906799	0.0001091172802334	0.4033637102057383	-0.1205918332950944	0.0145423902574718	0.1627022827109388	-0.0069554275871084	-0.0216498647605831	4.837797291950858e-05	0.0004687166441515	0.0036720745116744	0.000148739112037	2.2123323449555262e-08	1.3484131219288783e-05	0.0018645951937448	-9.64081571816998e-05	9.294532771171338e-09	3.4767152365362086e-06	-0.0054039697185904	3.135621309997838e-08	2.9202888719442004e-05	9.832120999712558e-16	0.0	0.0	0.0	0.0	0.0
264.46874267228543	0.3532554536831185	0.1247894155568658	69943.71585065953	359.1221667811556	-2.867771486966092	8.22411330145571	128968.73067359214	255.61398361193253	0.158974413903735	0.025272864276036	65338.508617961306	268.27848484798835	248.23767609697376	1.107676	23.568445	0.2611142259524686	0.2179708551957437	-0.0859865242	-0.0435675166	-0.0237941896	-0.007620059	-0.0157583539	-0.0278450246	0.0837468543	0.0076143595	-0.0281079597	-0.0517123786	-0.0406428677	0.0363604347	0.026917819	0.0325479516	0.0002244503	-0.0506221502	-0.092277623	0.0831082423	-0.0438886408	-0.0162942079	-0.0274443015	-0.0828333617	0.0751001575	-0.0457300864	-0.034438806	0.1402243934	-0.0094249847	0.0129534581	0.0223380138	0.1473333151	-0.0252683487	-0.0403201218	-0.019187233	0.1098051995	0.0607827173	-0.0075312024	0.0182314398	0.0243596236	0.0628248516	0.018157548	-0.0586233077	-0.012167659	-0.0008891938	0.1256974448	-0.0242975104	0.0413796723	-0.1224990021	0.0278948182	0.0227763933	-0.0442427808	-0.0823602576	-0.1475606496	0.0368528597	0.0859267505	0.0570468503	0.027076172	-0.0755167698	0.0513685405	-0.0446078917	0.0237579184	0.039357432	0.0227259329	-0.0066578471	0.0498577425	-0.0876615655	-0.011412144	0.01091535	0.0711566177	-0.1480614074	0.08690236	-0.028165931	0.0916433965	-0.0287549122	0.0574599016	0.0259290847	0.072083076	0.0016165682	-0.0426319881	-0.1416385702	-0.0065426631	0.0542795936	-0.0398180623	0.0660503501	0.0346174584	-0.029097378	0.0122330562	0.0028559705	-0.0694562015	0.0373644922	0.041480468	-0.1179825898	0.1127353821	0.0119213891	-0.0767155123	-0.0527560277	0.0554965097	0.0806347792	0.0599585756	-0.0133804917	-0.0449416993	0.0807916734	0.0341154206	0.0185724668	0.0451043121	0.0236410098	-0.0365881989	-0.0146077471	0.0061210581	-0.0499781722	-0.0972872337	0.0237041364	-0.0357653033	0.1265190041	0.0507393508	0.0602545852	-0.0620117632	-0.0533468428	-0.0129291791	-0.005424267	-0.019294778	-0.0108456262	0.0897986504	0.0486843124	0.0560627518	0.0961983944	0.021047176	-0.0911403277	-0.0594121063	0.0661311865	0.0872496007	-0.1083566204922021	-0.0016865910055656	0.0117411572044911	2.8445892200547976e-06	0.1883007739756124	-0.2150629362301259	0.0462520665399232	0.0354571814798146	-0.0224879225286755	-0.0155324949415671	0.0005057066596557	0.0002412583991098	0.0035460779101579	-0.0001259966015164	1.5875143593707688e-08	1.257466854490982e-05	0.001817655478842	-4.693971490280012e-05	2.2033368351561556e-09	3.30387143976434e-06	-0.0050002619595055	0.0004037077590848	2.5002619663677784e-05	1.6297995474535137e-07	0.0	0.0	0.0	0.0	0.0
264.24531056737385	-0.2234321049115806	0.0499219055052195	69825.58415684786	355.46266541570986	-3.659501365445749	13.3919502436993	126353.7065044409	255.7175541564122	0.1035705444796804	0.0107268576838174	65391.46750373761	268.7685892172765	248.32756521690143	1.046965	22.276684	0.1457351666848345	0.0826059984251727	0.0765058873	-0.097074627	0.0323136385	-0.0363042102	0.0482967513	0.1177930896	0.0310347378	-0.0077360521	-0.0495547536	-0.0676061097	0.030781403	0.0158988673	0.004561699	0.0361680936	-0.0195749984	0.0163310307	-0.0534882625	0.0733951426	0.0571804931	0.0233969564	0.0511263558	0.0463437131	0.0532362613	0.0057443082	0.1340593773	0.0256689933	-0.0249835502	-0.0862353803	0.0628812552	0.0264800562	-0.0686512438	0.0002607008	-0.0973646265	0.0306944777	0.0946343148	-0.0466192983	0.0949619655	-0.0685723711	0.0741381419	0.1454876899	0.0174490631	-0.1414627212	0.0408786157	-0.004058395	-0.0179341459	-0.0119438601	-0.0466647772	0.0571206841	0.0672014335	-0.0567384175	-0.0567461877	0.1279659861	-0.099174676	-0.0095453515	-0.0590767004	0.0929492128	-0.0242618626	0.0220642898	-0.0959204924	0.0033693213	0.0142227457	0.0117637899	0.1131923299	-0.0514306836	-0.0665441043	0.0195218267	0.0843179411	0.0445159668	-0.0636692173	-0.0189669707	-0.0183976447	0.0429878465	0.0221818884	-0.0478480271	-0.0869792353	0.094684216	0.0492872137	-0.0350029094	-0.0405331573	-0.1041708455	-0.0497131034	0.0445893043	0.0384484971	-0.0061664626	-0.071876732	-0.1112353363	-0.0180775496	0.0027931146	0.0637599335	0.0244323897	0.0362221663	-0.0263485256	-0.0391004993	-0.0777345772	-0.165126075	-0.0562005619	0.1853741038	0.0992309767	0.0295836498	-0.0257353756	0.0569417226	0.0100385007	0.0208861473	-0.0381825679	-0.0831323883	0.0240486367	-0.0184009544	-0.0505269295	-0.1322695808	0.0831800455	0.0549048403	-0.0879799083	0.1261214271	-0.0086699309	0.0576513737	-0.0243207893	-0.0563772874	0.0207319907	0.0284617514	-0.0696691874	0.0090822701	0.0621366278	-0.0421206259	-0.0225960099	-0.0828112509	0.0195090322	-0.0923879533	-0.0555570233	0.0707106781	0.0831469612	-0.1051191145947569	0.0032375058974452	0.0110500282531856	1.048144443599247e-05	0.2514862601834693	0.0631854862078569	0.0039924056673232	0.0632453390610676	-0.0132415619616281	0.0092463605670473	0.0001753389631836	8.549518373584909e-05	0.0039673162567301	0.0004212383465722	1.7744174462288106e-07	1.5739598280914935e-05	0.0019849943410379	0.0001673388621959	2.8002294801018454e-08	3.940202533952488e-06	-0.0058130010309871	-0.0008127390714816	3.379098098625709e-05	6.605447983127733e-07	0.0	0.0	0.0	0.0	0.0
264.22756044781534	-0.0177501195585136	0.0003150667443415	69816.20370020391	359.6097489303013	4.147083514591429	17.198301676996003	129319.17152571434	255.81683055506457	0.0992763986523641	0.0098558033293831	65442.250795238615	268.35456717802947	246.40729528500245	1.05946	22.542538	0.0641702584973229	0.0391672436000579	-0.0225058745	0.0886399547	0.0510922425	0.018574139	0.1353960227	-0.0458094689	-0.0715823582	-0.0650442301	-0.0586689653	0.0569335413	-0.0338292913	-0.0219755498	0.0182931901	0.0386008506	0.001719767	0.0369001337	-0.0721063548	0.0683361259	-0.0133131289	-0.006340625	-0.0486125675	-0.002422731	0.0140246725	-0.0134125903	0.0245057892	0.0901669991	0.0899543102	-0.0588428944	-0.1898703413	-0.0959380766	0.0744439117	-0.0165549015	-0.1016391547	0.0530657541	0.0894834765	-0.0256111094	0.0593514272	-0.0475806357	-0.0367808569	0.0234390331	-0.0652952127	0.0324937192	-0.0399244469	0.0580365816	0.0479322157	-0.0571685541	0.0168652911	-0.070753936	0.0296528208	0.0043472871	0.0275082733	0.0494802517	0.0606547568	0.0117544454	0.0176547423	-0.0029426191	-0.0047191376	-0.06172695	-0.0310912134	0.0150458593	0.0361304269	0.0440181762	-0.0347489222	0.0713585711	0.0326156998	0.1075868921	0.0514152814	0.0490851878	0.0136524018	-0.036524028	-0.0873020284	0.0298762913	0.0183459192	-0.0034826897	-0.0242610433	0.085000922	-0.076530892	0.1008208745	-0.0874412409	-0.0892110889	0.012552139	-0.0402071545	-0.1435219969	-0.0055303109	0.0508865945	0.0121111273	-0.006174528	0.0044046739	0.052959925	-0.0422071712	0.1246849073	0.1490250883	-0.0132638128	-0.0343594929	-0.0056583564	0.0220659732	-0.015119266	0.0524979941	0.0046570646	0.1255025539	0.0458849607	0.0175837043	-0.0080869328	0.0564960657	-0.1013976026	0.0344064493	0.0732012006	-0.07076984	0.0487141417	0.0406606866	0.0640111019	-0.0404814039	0.0630019088	-0.0305281213	0.1153849431	-0.0013421817	-0.0256628197	0.0329971331	0.0594475954	-0.0432816203	0.1859929028	0.1136527476	-0.0219400945	-0.101580804	-0.0047126475	0.0179660749	-0.0935444031	-0.0515785898	0.075011107	0.0785316931	-0.1121306311679433	-0.0070115165731864	0.0125732784461213	4.91613646560677e-05	0.2207837334775604	-0.0307025267059089	0.000942645146127	0.0487454569682904	-0.0217811772918707	-0.0085396153302426	0.0004744196842199	7.292502998851442e-05	0.0036108093755261	-0.0003565068812039	1.270971563458029e-07	1.3037944346387186e-05	0.0019840321149302	-9.622261077000226e-07	9.258790823395354e-13	3.936383433074403e-06	-0.0058121381405391	8.628904479999686e-07	3.378094976470931e-05	7.445799252495864e-13	0.0	0.0	0.0	0.0	0.0
264.9304224984009	0.7028620505855656	0.4940150621533462	70188.1287651812	359.4015146435432	-0.2082342867581132	0.0433615181816601	129169.44872807298	256.1472184162012	0.3303878611366428	0.1091561387864456	65611.3975023571	268.7809182645872	247.51471905140463	0.987939	21.020765	0.0647357531847559	0.0390389603144325	-0.0616633769	-0.041507378	-0.0268755805	-0.0503522749	0.0701864415	-0.022277542	0.0727763165	0.0546808847	-0.0241663417	0.0415998031	-0.0089696041	-0.027124374	0.0356687725	0.035512107	0.0131131291	0.0299702192	-0.0340266494	-0.0477002946	0.0020372969	0.0093432502	-0.0755134585	0.0369785061	0.0588731728	-0.0101231235	0.0226016081	-0.0756037351	-0.0070897956	0.0367779209	-0.0184753073	0.0887391296	-0.0296811418	-0.0577392321	-0.0782574362	0.0021250895	0.1675677177	0.0261296218	0.1257675932	0.0546531774	-0.0803336282	0.0266568227	0.0705029979	-0.0701995757	0.0394393273	0.1267244793	0.0030785858	0.010777538	0.1472837313	0.0460353013	-0.0343408507	-0.0065608333	-0.1512311306	-0.0081518052	-0.0085848704	0.0348507469	-0.0238097125	-0.0322433759	-0.0182761246	-0.0103385386	0.0223025796	0.0400795624	0.0390329164	0.0193116364	0.0434182567	0.053578945	-0.0076446216	-0.0635538932	-0.0188689189	0.0344403149	0.0226420934	0.023557882	-0.0947083385	-0.0179638389	0.0011526174	-0.0739278377	-0.0100382886	0.1187679135	-0.0375878747	-0.056059745	-0.0540857934	-0.0041166522	0.040996755	0.0382043628	0.022047639	0.1312984017	0.1155657697	-0.0754620106	0.0999849838	-0.0742131554	0.0545435605	-0.0698472008	0.0087590755	0.0296272107	0.0844900077	0.2068638238	-0.0715809811	0.0359258702	0.0622336016	0.0851517742	0.0163268727	0.0541952276	0.1320977473	0.0396244752	0.0365688555	0.0073361833	0.0198221789	0.0931300562	0.0315345518	0.0533114179	0.0203568631	-0.0545752138	-0.0144332537	0.0370689281	0.1296864207	-0.0084886011	0.0995552282	-0.0483923526	-0.0144270728	-0.031297913	0.1093992126	0.0085376836	0.0975571167	0.1532852977	0.0370303689	0.0425213263	-0.0893664846	0.0164186847	-0.0946085359	-0.047485639	0.0790155012	0.0734322509	-0.1126111154309512	-0.0004804842630078	0.012681263318603	2.3086512699824146e-07	0.193409858350833	-0.0273738751267274	0.0007493290394536	0.0374073733072892	-0.0150839784686951	0.0066971988231756	0.000227526406444	4.4852472077144645e-05	0.0035302101191793	-8.059925634680033e-05	6.496240123657233e-09	1.2462383485555926e-05	0.0019411095877281	-4.292252720210005e-05	1.8423433414150182e-09	3.7679064315699546e-06	-0.0053319760246511	0.0004801621158879	2.8429968327454148e-05	2.30555657534041e-07	0.0	0.0	0.0	0.0	0.0
265.28647110659455	0.356048608193646	0.1267706113966324	70376.91175219002	358.69947916606685	-0.7020354774763291	0.4928538116354174	128665.31635400762	256.4396810627624	0.292462646561205	0.0855343996335843	65761.3100235713	269.2006001586768	251.93457588208247	1.024782	21.804689	0.0533791276959146	0.0277619139190377	0.1029605199	-0.0424629921	-0.0534335932	-0.0179346919	-0.0013804786	0.0878013379	-0.0344522452	0.0476247307	0.0136744195	-0.0455116742	-0.0506815856	0.0981300639	0.0334074174	0.0282383111	0.036254889	-0.0892656492	0.0403382928	-0.0508340272	-0.0535009415	0.0397222679	0.0334384442	-0.0017669462	0.023549058	-0.0924048068	0.0250324913	0.0040049984	-0.0087631881	-0.1053573284	-0.0316556702	0.1167535872	-0.1096617571	-0.0476483084	0.0537269926	0.122518105	0.0242287976	0.0771331213	0.0954670868	0.0005919497	-0.0419485019	0.0477255333	-0.0650712051	-0.0717643315	-0.0443522525	-0.0435114156	0.0251149553	-0.1695894805	-0.0132068087	-0.0017302521	-0.0783012066	-0.1781929792	0.0789039087	-0.0124970968	-0.0116867656	0.060506284	0.033024686	-0.1686643237	0.168805415	0.0514052442	0.1007162289	0.0303096498	0.0445510245	-0.0507027837	-0.023676956	-0.1033435946	-0.0744121404	0.0192107374	-0.0997165072	-0.0067567118	-0.0205518418	0.0357790441	0.0629794399	0.0096714846	-0.0601590075	0.0369344441	0.0059438499	0.0650170203	0.0991325961	-0.0058646996	0.0300769294	-0.200927425	-0.0278222557	-0.0575653055	-0.0304173789	-0.0674081229	-0.0370559701	-0.0821214707	0.0261430732	-0.1364973373	-0.036613532	-0.0293519163	-0.0713273433	0.0009880666	-0.1453115668	0.0669579018	-0.0047837038	0.1171183012	-0.0657964099	0.0469710027	0.0464907551	0.2627159112	0.0852118729	0.0376760952	0.021141188	0.0140780098	0.1201662788	0.0430320696	-0.0173100662	-0.045512418	-0.0568486454	0.0716045356	0.0285477061	-0.0152011397	0.0926946171	-0.0377919759	0.1040525576	-0.0209239139	-0.0114154982	-0.0306883801	0.0766402711	-0.0362419191	0.0237518359	-0.0242167551	-0.0380638654	-0.0523617224	-0.0181421047	0.0148672434	-0.0955793015	-0.0432872582	0.0827080574	0.0678800746	-0.1041444978915393	0.0084666175394119	0.0108460764410808	7.168361255867721e-05	0.2012067472362702	0.0077968888854371	6.07914762918541e-05	0.0404841551334003	-0.0218214074648557	-0.0067374289961606	0.0004761738237472	4.539294947830563e-05	0.0036317607513878	0.0001015506322085	1.0312530901946064e-08	1.3189686155320876e-05	0.0019669713033805	2.586171565240004e-05	6.688283364855932e-10	3.868976108322383e-06	-0.0058121275222883	-0.0004801514976371	3.378082633534113e-05	2.305454606832456e-07	0.0	0.0	0.0	0.0	0.0
265.1181660283165	-0.1683050782780242	0.0283265993741718	70287.64195821801	361.885444378403	3.185965212336157	10.150374334216174	130961.07485295422	256.3049891843092	-0.1346918784532249	0.0181419021212583	65692.24748076886	269.28014773901907	252.67583397862185	1.015518	21.607578	0.0623644055121405	0.0305244572304248	0.0123815524	0.129972032	-0.0225131544	-0.0743225148	-0.0437855363	-0.0818202499	-0.0976209815	0.0082606697	-0.0154047047	-0.0174835578	0.0671056415	-0.0128627785	0.0409708925	0.0239827	-0.0005541491	-0.0267305947	0.0335780706	-0.0189661362	0.0353910426	0.0592451764	0.0960431048	-0.0005374644	-0.0006108795	-0.0433734923	-0.0602224298	0.054412166	-0.0262127058	-0.0099407606	-0.036460138	-0.0030140645	-0.0771010009	-0.0032996253	0.0321086556	-0.028669246	-0.0105323328	-0.0832668078	0.0670885854	0.1678423037	-0.0432683085	-0.0830052252	-0.0472144003	0.051932865	0.060694892	-0.0174631574	-0.0784512323	-0.0536776928	-0.0323592494	0.0647393334	0.0532639247	0.1016208596	-0.0807281926	-0.0327253708	-0.0942400367	-0.0109125155	0.1063072822	-0.1106540737	0.1385208313	-0.0674141697	-0.1016287893	0.0427892839	0.0138408929	0.0229404199	-0.0311533351	-0.031335683	0.0607459418	0.0031935673	0.033892033	-0.0892129607	-0.1086758499	0.0010157695	0.0321706227	0.0207014533	0.0322692941	0.1031014271	-0.0697047683	0.0615377548	0.0080906733	-0.0053038213	-0.0849064717	-0.0253285814	-0.046833689	0.0523595109	-0.090282052	0.0743906912	0.0793933819	0.0005188727	0.1411979631	0.0079245744	-0.0539490731	-0.0264431824	-0.0372417006	-0.0760307863	-0.0033779644	-0.0834008059	0.0781918891	-0.0139867636	-0.0018976741	-0.0617467962	0.00952858	0.0313552245	0.0730737585	0.0434271464	0.0441110555	-0.0389190401	-0.0008286683	-0.1109560059	-0.0392325596	-0.0736661337	0.0379537219	-0.0111250386	0.0716270045	0.0179287619	0.0876919301	-0.0450560654	0.0303440539	-0.0411358429	-0.0395068372	-0.0402090615	0.0870301696	0.0248146817	0.082873511	-0.0145310155	-0.0130127686	-0.1266418126	0.0250946999	0.0133121339	-0.0964557418	-0.0389927688	0.0860742027	0.0619093949	-0.0939902193754704	0.0101542785160688	0.008834161338249	0.0001031093721818	0.2036989873762422	0.002492240139972	6.211260915287718e-06	0.0414932774581064	-0.0388979169211154	-0.0170765094562596	0.0015130479408019	0.0002916071752097	0.0035009197471533	-0.0001308410042344	1.711936838909243e-08	1.2256439076007927e-05	0.0017839433652044	-0.0001830279381761	3.3499226152994314e-08	3.182453930256799e-06	-0.0054731689167021	0.0003389586055861	2.995557799075404e-05	1.1489293630094082e-07	0.0	0.0	0.0	0.0	0.0
264.6382385050393	-0.4799275232772402	0.2303304275990259	70033.39727905006	360.11452916343256	-1.7709152149704437	3.1361406986138127	129682.47411460071	256.1250013537055	-0.179987830603693	0.0323956191654237	65600.01631843565	269.0029668939041	248.16812594640896	1.004376	21.370489	0.0562286614334713	0.0364767584011061	-0.084091836	-0.0474906522	-0.016888125	-0.0253329003	0.0135100919	-0.0392008182	0.1011223519	-0.0036952881	0.000673007	0.0085949773	0.075184829	0.0708984507	0.0192280795	0.0354615495	-0.0140912283	0.0844705446	-0.0430891559	-0.0779796669	0.0278316447	0.0407012671	-0.0376652264	-0.0367234804	0.006629302	0.0483394813	0.0352323217	0.0299752912	-0.0492123994	-0.0082108579	0.0271679088	0.073385237	0.1084010604	0.0940633635	-0.0774242831	0.0498054811	-0.0181485322	-0.03193231	0.0131613922	0.0211230264	0.0200810275	0.0210731522	-0.0129072776	0.11780876	-0.0485695877	0.0023092242	0.1125722364	0.0806449442	-0.0787801576	-0.024986905	-0.0224799466	-0.0521033496	-0.0077077691	0.135265826	-0.0462175086	-0.1032942051	0.0231694697	-0.0889671882	-0.0450573007	-0.02706078	0.0330245699	0.017788951	0.0053547715	0.0408594434	0.0965114973	0.0584478057	0.0191828447	-0.0505906061	-0.0710218217	-0.0757266328	-0.0309901548	-0.0049454031	-0.0299170236	-0.0155395331	0.0245260532	2.98154e-05	0.0192574289	0.1053914299	0.0175712721	-0.0350959809	0.0053712341	0.0156549187	0.1267210028	0.006710623	-0.0296785824	0.0178877553	-0.0180022143	0.0814481343	-0.0997446789	-0.0372315875	-0.0108629486	-0.0321074926	0.0918441044	0.0536691082	-0.0015483978	-0.0868244993	-0.0057166305	0.0097447028	0.0593913237	-0.0672542967	-0.0404971902	0.0109402011	0.0826586234	0.0267583797	-0.0063638633	0.0325714531	-0.1022614771	-0.0242411555	0.0273578249	0.0616496923	-0.0638371383	-0.0288446189	0.0428002003	0.015602255	0.0830399195	-0.0602310986	0.0332465771	-0.0412767384	-0.0459150734	-0.0883498749	0.075346101	0.0622985643	-0.0017753863	0.0650266688	-0.0562697544	0.0115267608	0.0307916269	0.0117537397	-0.097236992	-0.0346117057	0.0891006524	0.0555570233	-0.0936664319311972	0.0003237874442732	0.0087734004707215	1.0483830906897545e-07	0.2336912722086168	0.0299922848323745	0.0008995371494662	0.0546116107064818	-0.0362039432424268	0.0026939736786885	0.0013107255063008	7.257494181466954e-06	0.003625220474889	0.0001243007277356	1.5450670915624558e-08	1.3142223491554426e-05	0.0017819863162995	-1.9570489049000085e-06	3.830040416170322e-12	3.1754752314786617e-06	-0.0058112834496242	-0.0003381145329221	3.377101533187614e-05	1.1432143737312994e-07	0.0	0.0	0.0	0.0	0.0
264.87348106776244	0.2352425627231582	0.055339063316559	70157.96097295432	359.8830360988401	-0.2314930645924846	0.0535890389544202	129515.79967171904	256.2771865025463	0.1521851488407719	0.0231603195276879	65677.99632166089	269.29818022582583	250.6376899121053	0.993403	21.137028	0.1158332301915369	0.077552635103987	0.091319998	-0.0104012465	0.00377846	-0.0368795979	0.025173465	0.0458203001	-0.0263532133	0.019967405	0.0095627752	-0.0297070831	0.0820596308	0.087518694	0.0526941933	0.0016421349	-0.0238450455	0.0204483489	-0.0088973488	-0.0674580312	-0.0394251094	0.0615021636	-0.0560477308	0.013166669	-0.0266201604	0.014488561	0.0859773604	0.1100067469	-0.0667686506	0.0056520689	-0.0756541132	-0.1363572152	-0.0002050673	-0.0348054414	-0.1339474222	-0.0674095181	0.118433015	-0.0356816199	-0.0701347726	0.0331427338	-0.0006663147	-0.0582712551	0.0213749189	0.069272887	-0.0119806808	0.064745233	0.0439486797	0.0391794264	-0.0558682592	0.0252206882	0.0338484493	-0.1092722252	-0.0203932193	0.0004980967	-0.1043036384	0.0758117991	0.0080359846	-0.0399243527	0.2555036301	0.0057283564	-0.0734870823	0.0519677476	-0.0228321512	0.0013807558	0.0684920674	-0.1007777041	-0.020886884	0.0767109741	-0.056876793	-0.0006721918	-0.0445625409	-0.0186382018	-0.027796613	0.0626879515	0.0634665181	-0.1832614454	0.0273145715	0.0301883039	0.0128462727	-0.0220558771	-0.0371068831	-0.0109020547	-0.0006722461	0.0650485506	-0.0936640213	0.043045261	0.0410571363	0.1533495343	0.0025127048	-0.0558773736	-0.0054086206	-0.0844150983	0.0515861659	0.0920796592	0.0825203418	0.0150375619	0.0102738647	0.0045201187	0.0116369701	-0.0022883134	0.108344633	0.0933819818	0.123750426	0.0504185159	0.015248077	-0.007169676	-0.0030602625	0.1092159054	0.0749107343	-0.0238381618	0.0153112838	0.1098596259	0.0166814646	0.0368885668	0.0384900506	-0.1393077928	0.0409059513	-0.0214435575	0.0414492753	-0.0365809265	0.1093939878	0.0147673838	-0.0383004	-0.025175083	0.0320145938	0.0164083445	-0.0178603281	0.0101924456	-0.0979222811	-0.030153796	0.0917754626	0.0488621241	-0.0935925864466469	7.384548455029172e-05	0.008759572237773	5.453155588467373e-09	0.1724508852580299	-0.0612403869505868	0.0037503849938576	0.0297393078262781	0.0008706032463479	0.0370745464887747	7.579500125515023e-07	0.0013745219973483	0.0033298700366033	-0.0002953504382857	8.723188139555512e-08	1.108803446066846e-05	0.0018353485937783	5.336227747880008e-05	2.847532657724454e-09	3.3685044606839834e-06	-0.0058111071400362	1.763095880003701e-07	3.37689661929797e-05	3.1085070820860254e-14	0.0	0.0	0.0	0.0	0.0
264.7385980459922	-0.1348830217702357	0.0181934295618698	70086.52529535742	362.9534087055134	3.070372606673345	9.427187943810072	131735.17689095146	255.77248827403025	-0.5046982285160198	0.2547203018672085	65419.565757888944	268.2827624351158	249.94255270343425	1.057965	22.510742	0.2364435871352573	0.1536092573186255	-0.0577006566	0.0654512172	-0.0172541414	0.0165716384	-0.0858907136	-0.1148935497	-0.0052084991	-0.0301286348	-0.0115226007	-0.1138417767	-0.054265961	-0.0482476599	-0.040571772	0.0248442516	0.0095608766	-0.0921944389	0.0528439609	0.0160136394	-0.0860197669	-0.0640782003	0.0179215616	0.0617686693	-0.0940879428	0.0413975962	0.157357866	0.0918996266	-0.0833715068	0.2107640903	-0.0778286933	0.0881973202	0.0427402685	0.1645874398	0.0543445135	-0.0045895764	0.0159641672	-0.005336425	0.0887385529	-0.0354343958	0.0266375436	0.0421508627	0.0418169095	-0.1082777453	0.0063388549	-0.0556784245	0.0507203919	0.0012837864	0.0720253835	-0.0766329707	0.0986043524	-0.0985381618	-0.0398961361	-0.0062379908	0.158939611	0.0195830167	0.0148150342	-0.0224880691	0.020367497	0.0712733197	0.0672165964	-0.0374715895	0.0491403471	0.0131970292	-0.1312070334	-0.0022372302	0.0441140862	-0.0513619685	-0.0321684687	0.0759545105	-0.0278518848	-0.0241603656	-0.0138792952	-0.0587858636	-0.0046281366	-0.0889911	-0.1253472805	0.0054045351	0.1845463246	0.0577075034	-0.0278573003	0.1817513971	0.0358542594	0.0768814408	-0.1002223408	-0.0689763038	-0.0746415405	-0.108347065	-0.0526108512	-0.0347652393	-0.0106497552	-0.058892789	0.0627756237	0.0256396169	0.0078673933	0.0102336715	-0.0664628231	-0.0391545741	0.0340912305	-0.1131865906	-0.0930334028	0.1446182597	-0.0864790732	-0.043735828	0.053347563	-0.033635565	0.0942055914	-0.0021011457	0.0521041197	0.0018053432	0.0950142781	-0.0842403361	0.0224339385	0.0960710632	0.020150074	-0.1316970434	0.0077995172	-0.0280095057	-0.0450722899	0.0556109792	0.0619371835	0.1137460475	-0.0104564646	-0.171799546	0.0544066476	0.0065353151	0.0076159379	0.0086286366	-0.0985109326	-0.0256289373	0.0940880769	0.0418659738	-0.0944771094355303	-0.0008845229888833	0.0089259242072931	7.823809178632067e-07	0.324598229133926	0.1521473438758961	0.0231488142484901	0.1053640103568807	-0.021368205693335	-0.0222388089396829	0.0004566002145526	0.0004945646230557	0.0028901875309272	-0.000439682505676	1.9332070579761358e-07	8.353183963927065e-06	0.0015728720788241	-0.0002624765149542	6.889392090250247e-08	2.473926576344445e-06	-0.0052898079340506	0.0005212992059855	2.798206797914468e-05	2.717528621612165e-07	0.0	0.0	0.0	0.0	0.0
264.6903951371809	-0.0482029088113336	0.0023235204178737	70061.00527787695	358.9840254801624	-3.9693832253510095	15.756003189697983	128869.5305499419	255.83621428956923	0.0637260155389753	0.0040610050564737	65452.16854201839	268.5532255139203	248.7748235798582	0.980176	20.855591	0.1337088648082309	0.0851622121214881	-0.0404290681	-0.0955437324	-0.030756514	0.0487660035	-0.1292186896	0.0593167964	0.0756997602	0.0162293672	0.019312995	-0.0986939254	0.0159161433	-0.0983811116	-0.0948137755	-0.0300344849	0.0164879856	-0.0795780438	0.0405295718	-0.0424852767	0.0902217154	-0.0556190999	0.0660992632	0.0976198716	7.94818e-05	0.0710690179	0.0455488875	-0.0452553699	-0.0107269988	0.0632344318	0.0848665601	0.0097863323	-0.09944014	0.0943848741	0.0946064593	0.0178701118	0.0680348221	0.0547343889	-0.0132104028	-0.0202561632	-0.0156162299	-0.1109163772	-0.0698735997	0.110923974	0.0171209541	-0.0626543668	0.0144277055	0.0220326065	-0.0046885534	-0.0111286935	0.1102469573	-0.029458643	0.0294619081	0.0108505202	-0.0573321702	-0.0396546586	0.0472962492	-0.0253862182	-0.0300742783	-0.02854831	-0.0426373763	-0.0927974062	-0.0039917944	-0.0362681085	-0.011785781	-0.0165720673	-0.0603670492	-0.1379485118	0.018900135	0.0110235687	0.0363078622	-0.0015670316	0.0794229266	-0.0972931409	0.0008258128	0.1061335422	-0.0641121721	-0.0076809194	0.1514033678	0.0074023187	-0.0650610381	0.1103101948	-0.1069343116	-0.0514497718	0.0208661434	0.1016265864	-0.0374302871	-0.0302958007	0.0266250767	0.0184567123	0.04793815	-0.0324406729	0.0859449642	-0.0061938553	0.0338054326	-0.0222941916	0.0973117179	-0.0599739118	0.0137914952	-0.1234594765	0.0497447024	0.0559808055	-0.0395639888	-0.0953061821	0.0018263768	-0.0361449233	0.0766482015	-0.0266579978	-0.0274282416	0.0194355165	-0.1196825611	-0.089638358	0.0040299555	-0.016810855	-0.00497293	-0.1097271991	-0.0016628391	-0.0455728005	-0.0740808003	0.0087718272	-0.052452392	0.0937510678	0.0649551788	-0.1002346818	0.0171385576	-0.0139830669	0.1077838845	0.0070626986	-0.0990023658	-0.021047176	0.0960293686	0.0346117057	-0.0937718861962793	0.0007052232392509	0.0087931666408079	4.973398171796716e-07	0.3961510703666135	0.0715528412326875	0.0051198090884701	0.1569356705526135	-0.0217107035992825	-0.0003424979059475	0.0004713546507758	1.173048155784237e-07	0.0034240011922846	0.0005338136613574	2.8495702505179293e-07	1.1723784164766362e-05	0.0012298695323249	-0.0003430025464991	1.1765074690493577e-07	1.5125790665410684e-06	-0.0056351577748009	-0.0003453498407502	3.1755003146899025e-05	1.1926651250625704e-07	0.0	0.0	0.0	0.0	0.0
264.7470382460928	0.0566431089119419	0.0032084417872101	70090.99426007814	357.7210900612597	-1.262935418902714	1.5950058723189735	127964.37827461588	255.8286319259029	-0.0075823636663301	5.7492238768483424e-05	65448.2889130791	268.8820070600159	253.2850100321249	1.130896	24.062517	0.1909855804933308	0.1505891093556421	0.11527751	0.0491617801	0.0167248404	0.0130966495	-0.1028003532	0.0426784446	-0.0400503703	-0.0708063059	0.0194543896	0.0984125293	0.1687869149	0.0640226322	0.0047536767	-0.0196072068	-0.106860971	-0.0060181751	-0.025565409	0.0116770769	0.0386535945	0.0533134569	0.0810611334	0.0085812939	-0.1716124642	0.115465306	0.0532476734	0.0454738021	0.016315247	0.0033223076	0.0467038228	-0.002489879	0.0767299674	0.0290609063	-0.0081355092	-0.0494984279	0.0396553121	-0.0847301348	-0.039456074	0.0827603591	0.0193001049	-0.0739375726	0.012654247	-0.0098557776	-0.0496901454	-0.0730423958	0.0835685012	-0.061539356	0.0490917642	-0.002890442	0.0450229841	-0.0390008432	-0.1089103251	0.0392712995	-0.0063763488	-0.0596066459	-0.0321646803	0.1440715034	0.0494631031	-0.1145053202	-0.0562548307	-0.0009164792	-0.0873490654	0.0806320539	0.0516480331	-0.0683976198	-0.0420122112	0.1176527646	0.0573925311	-0.0583243916	-0.0770790203	-0.1059148165	0.0800510585	-0.1056674162	0.0424563098	-0.0132236168	-0.0206776773	0.0759289801	0.0142534669	-0.0273126652	-0.0390470336	0.0960746192	0.012362086	0.0046265154	0.0699040671	0.0007773609	0.0543603131	0.0784222797	0.0411887083	-0.0834478419	0.0085631887	-0.0085114077	0.0957231978	0.0058863152	0.0539321318	-0.0961939718	-0.0007238701	-0.024490512	-0.0361688572	-0.0176396621	-0.0896073331	0.0238266241	-0.0632460621	0.0115289365	-0.0432818264	0.0851577483	-0.0085242904	-0.1344460175	-0.0156937634	-0.0708915973	-0.0632725272	0.0755333832	0.0427820199	0.0312700618	-0.0179690542	-0.1325621062	-0.0188812065	-0.0016278685	0.01605512	-0.126080649	0.06475071	0.0927384442	0.0415177062	0.0028212444	-0.0336418021	-0.0238260194	0.0727682189	0.005495018	-0.0993960955	-0.0164186847	0.0975916762	0.027144045	-0.0940402670555045	-0.0002683808592252	0.0088435718278706	7.202828559845849e-08	0.2474237481603722	-0.1487273222062413	0.0221198163706391	0.0612185111537272	-0.0433372831759868	-0.0216265795767043	0.0018781201130756	0.0004677089441875	0.0034620159282158	3.801473593119994e-05	1.4451201479188635e-09	1.1985554287219907e-05	0.0014510198215758	0.0002211502892508	4.890745043575672e-08	2.1054585226058667e-06	-0.0054870568429598	0.000148100931841	3.010779279787197e-05	2.193388601220212e-08	0.0	0.0	0.0	0.0	0.0
264.7506341163562	0.003595870263382	1.2930282951075217e-05	70092.89826501271	360.8005831304586	3.079493069198918	9.483277563244172	130177.06078727898	256.2748101221635	0.4461781962606039	0.199074982818366	65676.77830315096	268.886607866845	248.14246168338843	1.216717	25.88855	0.1897903341904424	0.1471153076730926	-0.0945107735	0.0421633674	0.0437966316	-0.103456696	-0.0558557494	-0.1486338133	0.0855139775	-0.0467494467	-0.0414169058	-0.0269621361	0.0744905963	0.0520856326	0.1149098972	-0.0715526061	-0.0880830426	0.0009704781	-0.0161832611	-0.0088240243	0.0175011827	0.0336322006	0.0543581612	-0.1014312223	0.0785807925	0.1271256489	0.1118606147	0.0500275073	-0.2663031279	0.1313143186	-0.0913176082	-0.1408813009	0.0333490846	-0.0400039582	0.0108007363	-0.0772370112	0.0290509635	-0.0003459321	0.0124725604	-0.0447263448	0.0632987654	0.0287453246	0.0383195502	0.1097372174	-0.0266742612	-0.0942910097	-0.0674950754	-0.0204901211	0.0199522831	0.1039081239	-0.0750056752	-0.0408394104	0.0271706429	-0.0792184752	-0.0713299528	-0.099314305	-0.0324980389	-0.0841384318	0.0138552361	-0.0671816469	0.1126063973	0.1112632012	-0.108481795	0.0755225346	-0.0183919177	0.0748547813	0.0599867399	-0.0816032284	-0.0339228264	-0.0138317209	-0.0996780973	-0.0828670141	-0.0087511189	0.0177637589	-0.0064427779	-0.2505868933	0.0035620878	0.0131179735	0.0821079434	-0.0637526952	-0.0329715547	0.0036083622	-0.1758525003	0.1318214689	-0.0553033858	-0.0525127963	-0.0769596669	0.1655170013	-0.043206189	-0.0291860602	-0.0562687681	-0.0146732703	-0.0128767844	-0.0746222124	-0.1521767377	0.0003223379	0.0272155883	-0.0118834979	-0.0236920691	0.0213524471	0.0632907096	-0.0746357978	-0.0070533375	0.1090998537	-0.0286629888	-0.039765266	-0.142061497	-0.059681668	0.0481557976	0.0588785884	0.0560745243	-0.0295110052	-0.0347141765	0.0977123702	-0.0465437753	-0.1642733549	0.0725931691	-0.0487518566	-0.0142979605	0.004703257	0.1672634024	-0.0255899907	-0.0779599775	-0.0503823547	-0.0369070486	-0.0178939438	0.0277272304	0.0039259816	-0.0996917334	-0.0117537397	0.0987688341	0.0195090322	-0.0946776862960518	-0.0006374192405473	0.0089638642823735	4.063032882199024e-07	0.1021172689164302	-0.1453064792439419	0.0211139729102701	0.0104279366109505	-0.051286998854735	-0.0079497156787482	0.0026303562515255	6.319797937293495e-05	0.0035587790528996	9.676312468379987e-05	9.363102298572604e-09	1.2664908347356971e-05	0.0012910742381169	-0.0001599455834589	2.5582589668007944e-08	1.6668726883291338e-06	-0.0050258311505584	0.0004612256924014	2.525897875392317e-05	2.1272913933115095e-07	0.0	0.0	0.0	0.0	0.0
264.55477429594464	-0.195859820411556	0.0383610692516469	69989.22860277821	358.2852702806581	-2.515312849800523	6.326798732371628	128368.33490008424	256.4774439446878	0.2026338225243193	0.0410604660308173	65780.67925240048	269.3848608888045	247.9188639911509	1.151882	24.509033	0.3262532677107903	0.2191105845556436	0.0278260628	-0.0799185797	0.0469611731	-0.0191117805	-0.0594410015	0.0733290149	0.0280908604	-0.000605354	-0.0268665115	-0.0508859046	0.0553714027	-0.0358931124	-0.0281406828	0.0052746085	-0.0410064659	0.0249582627	0.0714446705	-0.0722088103	-0.0047950532	0.0350450293	-0.0760145774	0.0294714798	-0.0311063413	0.0911548495	-0.0783262423	-0.1003830235	-0.0034436365	-0.0292583343	-0.0280905208	0.0521790265	-0.0124787852	0.2330599973	0.0641170191	0.0180508156	0.0188595794	-0.0707178795	0.0378758817	0.0213565366	-0.0146103821	-0.0039669041	0.1414278919	-0.0567189332	0.0948768771	-0.1043363017	-0.0585351878	0.0280826013	-0.0235397279	0.0730971781	-0.0729926067	0.1344322379	0.0558619086	0.0173757899	0.0597338616	0.0772116489	-0.1656879937	0.0018106383	0.0851016749	-0.1530410938	0.0891885089	-0.0294167702	-0.0289036912	0.0218459803	0.081590727	-0.061909518	-0.0124151615	-0.0660098369	-0.0498606826	0.0186164284	0.0455104668	-0.0314288135	-0.0307755719	-0.1159760659	0.0005823198	0.0325381709	-0.0316725462	-0.0977468958	-0.0162606789	-0.034080451	0.0820954361	0.0713547536	-0.0516905952	0.0178975066	-0.1577920567	-0.0841456938	0.0586804906	-0.1629345486	-0.0500907843	-0.0631721279	0.0475611819	-0.0653258422	-0.0413405441	-0.0042917652	-0.0507494076	0.0463296695	0.1467197327	-0.0658419582	-0.0053122394	0.0685888451	0.0165215261	-0.0133863098	0.010407113	-0.0279240951	0.0146238998	-0.0271962725	0.0173542309	0.0854475004	0.0483785634	0.0380008636	-0.0527781892	0.037245925	-0.0550485241	0.118543335	-0.0670084097	-0.1603191691	-0.0181401633	-0.0118971062	-0.0452796326	-0.0439059839	-0.111883827	-0.0199790278	-0.0272017343	0.0462761415	0.0295952437	-0.1507201442	-0.1147301103	0.0023559765	-0.0998889875	-0.0070626986	0.0995561965	0.0117537397	-0.1110664312898137	-0.0163887449937618	0.0123357521594549	0.0002685909624705	0.3109029175675175	0.2087856486510872	0.0435914470826552	0.0966606241519945	0.0043977702464061	0.0556847691011411	1.934038314017477e-05	0.0031007935098473	0.0035759945644071	1.7215511507500097e-05	2.963738364648682e-10	1.2787737124669124e-05	0.0007314299747214	-0.0005596442633955	3.132017015514918e-07	5.349898079209478e-07	-0.0053568534749514	-0.000331022324393	2.869587915209889e-05	1.095757792465449e-07	0.0	0.0	0.0	0.0	0.0
264.7074350842195	0.1526607882748862	0.0233053162767096	70070.0261888663	360.77928516819793	2.4940148875398336	6.220110259270329	130161.69260647587	256.2667375474968	-0.2107063971910179	0.044397185817219	65672.64077323761	268.60948839565555	249.63347509167903	1.0174	21.647608	0.1365515049999312	0.0908716018732474	0.0355327843	0.0961918289	0.0407038662	0.0084037912	-0.0706860673	-0.0310044454	-0.1138091829	-0.0432177533	-0.0709644699	0.0227782706	-0.0310625196	0.0598875238	0.01336798	0.0210671692	-0.0386172052	-0.0564408352	0.0955080139	-0.0629464306	-0.0439563933	-0.0725230627	-0.0342792051	-0.0521444287	-0.0378217736	-0.0540161288	-0.0095694674	-0.0305670951	-0.1430292287	-0.0317905962	-0.1578777319	-0.0174780516	-0.1991404675	-0.0515109894	0.0017761981	0.0072403542	-0.0343053489	-0.0696862604	-0.0369306348	0.0089767884	0.0188178305	0.0879600984	0.0823294837	9.04269e-05	-0.0900668353	-0.0537276664	0.002572254	-0.1010268003	-0.0035321501	-0.0115904753	0.1410902618	0.0653319576	-0.0485755472	-0.0526471747	0.0770509102	0.0554854812	-0.0640516164	0.0400114462	0.0281916209	-0.0742683805	-0.0073415473	0.0125251069	0.0280870813	0.0408691606	-0.1569060641	-0.0635439814	0.0357466715	0.0375462781	-0.0820389065	0.0558448794	0.1154625157	-0.0406233841	0.0121665067	-0.0449347351	-0.0949664581	0.0662413123	0.0193592271	0.1133228484	-0.0448655047	-0.1169232607	-0.0684051705	-0.0275715871	-0.1763430652	0.0265298703	-0.1243707746	-0.0548575241	0.1047597028	-0.0534479383	-0.0455937064	0.1272055757	-0.1382624215	-0.0896331204	-0.0198708639	-0.0330690882	0.0595848283	-0.1134196832	0.0018149582	-0.0187088149	-0.0073813554	0.0068872293	-0.0635085771	0.0053776323	0.0230551633	0.0105358046	0.0346062146	0.038334407	0.0923322133	-0.0195162509	0.0316239609	-0.0510705266	0.0558743403	-0.0291736931	-0.0047151549	0.112738018	-0.1150749541	-0.1273108388	0.0411878215	0.0296897783	0.0756255862	0.0140189267	-0.0485345209	0.0154353057	-0.0001890055	0.0975859641	0.1476740199	-0.0864529263	0.1542866442	0.0007853901	-0.0999876632	-0.0023559765	0.099950656	0.0039259816	-0.1149618985135276	-0.0038954672237139	0.0132162381098346	1.5174664891029343e-05	0.2243775947178079	-0.0865253228497095	0.0074866314942464	0.0503453050113488	-0.0119398276168567	-0.0163375978632628	0.0001425594835202	0.0002669171039416	0.0035478246104851	-2.816995392199975e-05	7.93546303967589e-10	1.2587059466763751e-05	0.0005186328294832	-0.0002127971452381	4.528262502152757e-08	2.6898001181775e-07	-0.0050019582328467	0.0003548952421047	2.5019586163142884e-05	1.2595063286855365e-07	0.0	0.0	0.0	0.0	0.0
265.28195899722874	0.5745239130092159	0.3300777266194211	70374.51776940735	360.7436972852023	-0.0355878829956282	0.0012664974161105	130136.01513099768	256.2735974420637	0.0068598945669009	4.705815346899715e-05	65676.15674589692	268.81518702813327	250.43520576802203	1.049197	22.324173	0.1072759521293287	0.053347071997817	-0.0891779043	0.015049448	-0.0152332005	-0.0499961618	-0.1939204098	-0.0601762602	0.056387517	0.0002090571	-0.0176487854	-0.091976752	-0.0455582443	0.0101184067	0.0003954138	0.0094709582	-0.0908968111	-0.0534293569	0.0568504059	0.0001759594	0.0239957094	0.0368442705	0.041787548	-0.0445830159	0.0234331907	0.0817353475	-0.0605845234	0.0649054872	-0.0454658016	0.0678960483	0.0107654732	0.0982570757	0.0044999458	0.041234948	0.0480942816	-0.0750846874	0.0912695223	5.5308e-05	-0.1898974552	-0.0901620035	-0.0556940558	-0.1193071464	-0.1602787051	0.0898430439	0.0086840573	-0.0719610679	-0.0638597284	0.0063159727	0.0593308794	0.0224536688	-0.0155535284	0.0009058548	0.000594831	0.0842670757	0.0454779048	0.0897888468	-0.0386886935	0.1492276298	0.0180860147	-0.0943651571	-0.0181967369	-0.0014775867	-0.0162436023	0.0829339473	-0.0526932814	-0.0252998943	0.0134072733	-0.1199440281	0.0160313608	-0.0213162819	-0.0827659866	0.0546921639	0.065288931	-0.0294231859	-0.0317632468	0.0035493717	0.0985168695	-0.029298389	0.1043631929	-0.0992868985	-0.0243539835	0.090993348	0.0370730408	-0.0626128568	-0.0209779031	-0.0544800273	0.0277691457	0.0938960168	0.0657875988	0.0590410268	0.2123750077	-0.098792975	0.0175560176	0.0479676274	-0.0207101356	-0.044825316	0.0391623154	-0.1126216623	-0.1264190332	0.0301824452	0.0711944788	0.0397126521	-0.1450321493	-0.0049419162	0.0626676614	-0.0517017669	0.059364159	-0.1347382498	-0.0482173449	0.011583117	-0.0267377012	-0.1529147973	-0.0203433148	0.077436097	-0.045116445	-0.0751560903	0.044027462	-0.0361359991	-0.0713669226	-0.0792167677	-0.0624962034	0.0712618104	-0.1104007379	0.0475733507	0.0596977683	0.0640661963	-0.0216977687	-0.0007853901	-0.0999876632	0.0023559765	0.099950656	-0.0039259816	-0.1301526780688107	-0.015190779555283	0.0169397196084834	0.0002307597834972	0.268707346563076	0.044329751845268	0.001965126898663	0.072203638096969	-0.0309518093321443	-0.0190119817152875	0.0009580145009334	0.0003614554487424	0.0033248546695252	-0.0002229699409599	4.9715594571661394e-08	1.1054658573463526e-05	0.000496642057409	-2.199077207419998e-05	4.835940564194138e-10	2.466533331874445e-07	-0.0053318663000824	-0.0003299080672356	2.842879824195438e-05	1.088393328271951e-07	0.0	0.0	0.0	0.0	0.0
264.6042449139851	-0.677714083243643	0.4592963786267715	70015.40642650021	356.9633547063144	-3.7803425788878826	14.290990013752689	127422.83660318604	256.03395252739824	-0.2396449146654617	0.0574296851250164	65553.38484680202	268.9735324386592	249.0775574085957	1.046569	22.268257	0.1691559132645184	0.1194713093831529	0.0299519111	-0.1051902872	0.0424703673	-0.018253562	-0.193132256	0.0913125197	0.043960033	-0.031817934	-0.0171657364	-0.0851009122	0.0642457339	-0.011215361	-0.0726371064	-0.0254133534	-0.0698787886	-0.0003853578	0.1242778518	-0.0078361049	0.0753359974	-3.99626e-05	0.0172562256	-0.0515523085	-0.0274601622	0.0048969318	0.0067834019	-0.1057884996	-0.03557983	-0.109713009	0.0756945863	0.0777229594	-0.021645957	0.0038446709	-0.0081268817	-0.0175149038	0.0001359185	-0.0834009573	-0.0341070436	-0.0120055344	-0.0648331193	-0.0853612627	0.0330984813	-0.0761650044	0.0225836824	-0.0384049541	0.1113014278	0.1494988173	-0.0032745931	0.0893792828	0.1648103441	0.0304752218	-0.0378981845	-0.0594187445	-0.0475199002	-0.0824899062	0.1266178798	0.007075155	-0.1043523189	-0.0367257585	-0.0299722292	-0.0723382292	-0.0662861094	0.0313915192	0.0794752784	-0.0998640601	0.0025142032	-0.1101780032	0.0033397304	-0.0005731138	-0.0020471079	-0.0893311083	0.0782053026	-0.0538871672	-0.0711503098	0.0350566124	0.0238812114	-0.0290486074	0.0110452874	-0.0798787367	0.1081697797	-0.0232270924	-0.0143696101	-0.0716249236	0.0377322611	-0.067921682	0.0666775236	0.0025403455	0.0270637714	-0.0764106776	-0.041849643	-0.0512568355	0.0205359341	0.0090759566	0.0001391681	-0.0243527112	-0.1212567667	-0.0775862459	0.0704260489	-0.1691351638	-0.015459719	-0.1344985522	0.0556972978	-0.0680829536	0.0115114757	-0.0851729118	-0.0622324525	-0.0760730201	-0.0008680005	0.0138061144	-0.1673793952	0.0033356643	0.0055230645	-0.0129776213	-0.1202871253	-0.1507113351	0.0961088923	-0.0148189876	-0.0009678632	-0.0016316357	-0.0958439324	0.0581724736	-0.0575094057	-0.0137380046	0.0413693351	-0.0166964569	0.0290321297	-0.0023559765	-0.0998889875	0.0070626986	0.0995561965	-0.0117537397	-0.1283859886640073	0.0017666894048034	0.0164829620852346	3.121191453044595e-06	0.377640165898228	0.108932819335152	0.0118663591283048	0.1426120948996412	-0.0355349561640423	-0.004583146831898	0.0012627331095804	2.100523488273669e-05	0.0035897146774648	0.0002648600079395	7.015082380576494e-08	1.2886051465606213e-05	0.0005480682306573	5.142617324829996e-05	2.644651294964162e-09	3.0037878545582335e-07	-0.0060930452727478	-0.0007611789726654	3.712520069575432e-05	5.793934284279538e-07	0.0	0.0	0.0	0.0	0.0
264.06849599728434	-0.5357489167007543	0.2870269017460318	69732.17057826777	358.6882579650519	1.72490325873747	2.975291252003143	128657.26640200362	255.7392395550773	-0.2947129723209514	0.0868557360542498	65402.55864820921	268.383394976476	248.61306711812588	1.108411	23.584085	0.2079098964082716	0.1497212784023202	0.059388841	0.0723308575	0.0666885668	0.1034930938	-0.0857900596	0.0391625434	-0.094862839	-0.1285098625	0.0119180089	0.0339384132	0.0720188758	-0.0504172936	-0.1353125547	-0.1258656982	-0.0078874853	0.0275037846	0.1294364845	0.0330049253	-0.0116038128	-0.0912457566	-0.0207170128	0.0339343365	-0.0585091665	0.1439867931	-0.055957172	0.0150349587	-0.0485619547	-0.1073055146	-0.0489233908	-0.0237383157	-0.0187645357	0.0971377917	-0.027726978	-0.0567044452	-0.0167808463	-0.0227744137	-0.0960323379	-0.1173062227	-0.0501247279	0.0361593815	-0.0094256047	-0.0360935567	-0.0056181032	-0.1318445369	-0.031106745	0.0738535837	-0.0716800584	-0.1321959477	-0.0064029558	0.0610330045	0.0016720453	0.0190781861	-0.0077148414	-0.01557166	-0.0026238461	-0.0205908937	0.0624099288	0.0574798527	0.0127545299	-0.1336075035	-0.1162979476	-0.0466275893	-0.0597757327	-0.0222136646	0.11967376	0.0365605633	0.0316114974	0.0585248693	0.0907134336	-0.0746609008	0.0091213795	-0.1157176367	0.094751624	0.0413087734	0.0582734687	-0.003463991	-0.0021116704	-0.0698454136	0.0482771809	0.0318473566	-0.0817159029	-0.0414696559	-0.0774855785	-0.1012185327	0.0034556284	0.0234327155	-0.090754699	0.0705479714	0.0645153851	-0.0113099583	0.0395616786	0.0338680616	-0.0311432101	-0.0273199513	0.0507892087	-0.0851888383	0.0286219864	0.0034397899	-0.0689949734	-0.0348394787	-0.0240249678	-0.1444306227	-0.1247691227	-0.0464194818	-0.0310931195	0.0092414423	0.0160015323	-0.0342360203	0.0865234665	-0.0128162197	0.0522868466	-0.0468928791	-0.1375065202	-0.1556311168	-0.0245057737	0.0156331412	-0.0053561887	-0.0943986153	-0.1129696118	0.0598508634	0.0706348023	0.0910688742	0.0455930603	0.0384060336	0.0018926501	-0.0039259816	-0.0996917334	0.0117537397	0.0987688341	-0.0195090322	-0.1265152450401814	0.0018707436238258	0.0160061072275771	3.499681706085215e-06	0.5200636905446885	0.1424235246464604	0.0202844603727209	0.2704662422229615	0.010701145128543	0.0462361012925853	0.0001145145070621	0.0021377770627382	0.0035067361766977	-8.297850076709971e-05	6.885431589555566e-09	1.2297198612960404e-05	0.0003851440699862	-0.000162924160671	2.6544282130382395e-08	1.4833595464553493e-07	-0.0061947331482176	-0.0001016878754697	3.8374718777625936e-05	1.0340424017561464e-08	0.0	0.0	0.0	0.0	0.0
264.81342956624854	0.7449335689641998	0.5549260221697403	70126.15247863848	360.3357753969588	1.6475174319069197	2.714313688437172	129841.87103092756	256.0648122281836	0.3255726731063078	0.1059975654735867	65569.18806145493	268.24750380182314	248.49042946829493	1.212582	25.800583	0.3527108855228476	0.3016524488729787	-0.0907890874	-0.0050667569	0.0171855666	0.0708792535	-0.1406804484	-0.086374958	0.1206470463	-0.0782862531	0.0075146308	0.0172174663	-0.0644321027	0.1258085564	0.0132462117	-0.0099368586	-0.0695093637	-0.0883886783	-0.0018795583	-0.0617025589	-0.05997293	-0.1332393751	-0.1223725215	-0.1031308628	-0.075596022	-0.0380751011	-0.0183120289	-0.1235663427	-0.0280836322	0.0309370101	-0.0844740409	0.1034930961	-0.0964740581	-0.047047095	0.0646767164	-0.0405634146	-0.0175854854	0.1121059591	-0.0603898252	-0.0263640914	-0.0102753628	-0.0435820577	0.0443081193	0.029874414	-0.0373342694	0.0718145741	-0.0472572196	0.2227459832	0.1115242313	0.1406063198	-0.0460621786	0.0518034726	0.0716734879	-0.1016401163	0.0683167268	-0.0291353758	0.0020726332	-0.0572422318	-0.037725577	-0.0444168919	-0.0947187335	0.0071281233	-0.01996059	0.0744671218	-0.127126679	0.0655248935	-0.0494613547	-0.0355047773	-0.1560290075	0.073948427	0.0372182885	-0.0682229639	0.0461556973	-0.0564094928	-0.096099322	-0.0242279095	0.0966493436	-0.046262076	-0.0505044923	-0.0769408929	0.0028113127	0.0650299259	-0.0317294232	-0.079143439	-0.022302311	-0.0159101686	-0.1031138526	-0.0095849431	-0.0079073539	0.0542388436	-0.0214722172	0.047039055	-0.1047019998	-0.0051929552	0.0514575461	0.1835487035	-0.0194687574	-0.0322261142	-0.041279753	-0.1283050293	0.0716906979	-0.0764720459	0.00419252	0.0114325478	-0.0393769324	0.1283463731	0.0848881478	-0.0299528167	0.0463476978	0.027727219	0.0472604439	-0.1053132827	-0.0161102552	0.072272072	-0.1002388348	-0.0858184787	0.1416547944	-0.0325946138	0.0081121345	-0.0242470365	-0.11291117	-0.0115094302	-0.0913135691	0.0621327494	-0.0201192974	0.0781943743	-0.0767045546	-0.005495018	-0.0993960955	0.0164186847	0.0975916762	-0.027144045	-0.1339437343171425	-0.007428489276961	0.0179409239628212	5.5182452937925686e-05	0.2176500271462771	-0.3024136633984113	0.0914540238100476	0.0473715343167751	-0.0057033337087872	-0.0164044788373302	3.2528015393788353e-05	0.0002691069259244	0.0037179864374852	0.0002112502607874	4.4626672682786656e-08	1.3823423149323887e-05	0.0004833987631986	9.825469321239996e-05	9.653984738262834e-09	2.3367436426193613e-07	-0.0059749530220146	0.0002197801262029	3.5700063615281405e-05	4.8303303873806434e-08	0.0	0.0	0.0	0.0	0.0
265.31351636990485	0.500086803656302	0.2500868111911767	70391.26196856376	358.3049711983159	-2.030804198642897	4.124165693225621	128382.452385426	256.29380574002363	0.2289935118400308	0.0524380284648303	65686.51486070496	269.44639007090456	250.72434821369987	1.200626	25.546179	0.1546302089525789	0.1066127894975014	0.0380560414	-0.0665517459	0.0016143242	-0.1253814769	-0.1600776149	0.0738196108	-0.001722754	0.0860067081	-0.0564072962	-0.0382278513	0.0345101529	0.0269782507	0.089910415	-0.0395368294	-0.0741594846	-0.0771332457	0.0396819959	0.0045582921	-0.0406266365	0.0055728509	0.0160920272	-0.0913792995	0.0145572694	0.0104415866	0.0061210177	0.0363464554	-0.0023201882	-0.0349414297	-0.0190414102	-0.017602286	-0.0224736773	0.0388508547	-0.02121758	-0.0280048612	-0.0089696574	-0.148054738	-0.044843063	0.0147947827	-0.1171853565	0.0238822014	-0.057093748	-0.0442206008	-0.0713452285	-0.0169468127	-0.0255004122	0.1582504938	-0.0087704579	-0.0439485335	0.0281524927	-0.1162324928	-0.1245018825	-0.0048178715	-0.007557731	0.0358758321	-0.0416050242	-0.0418764053	-0.0373682254	0.0883048259	0.0894922409	0.0885500668	-0.0626498726	0.0192632869	0.0200220335	-0.1066230684	-0.0727183396	-0.0782114125	-0.0237356707	0.0307928892	-0.0959747239	0.0190914684	0.0595883618	-0.0287860191	0.0071400758	0.0258323213	-0.012807792	-0.0013275517	-0.0587911801	0.0271028256	-0.0218356754	0.0406208499	-0.0659776007	0.0049462854	-0.0473841863	-0.0702614839	0.0928179225	0.0033018105	-0.0010663803	0.104009645	0.0059830077	0.0394758143	-0.0249056608	0.1208634774	-0.0501499175	-0.0780901012	-0.138960648	-0.0493988593	0.0272939883	-0.0163664582	0.0084600057	-0.0218698807	-0.0089140264	0.0939990048	0.0261985008	-0.0434824636	0.0815349816	-0.055264734	-0.051278591	0.0128458894	-0.1243161339	-0.0260385457	-0.0853868128	0.0123094465	-0.1192177092	-0.1018537758	0.0780826433	-0.0394829251	0.0201286141	-0.0700730058	-0.0744287031	-0.0380865835	-0.0377346821	0.0519787321	0.0411980612	-0.1368457779	-0.0056523418	-0.0070626986	-0.0990023658	0.021047176	0.0960293686	-0.0346117057	-0.134567066344843	-0.0006233320277005	0.0181082953446573	3.885428167572328e-07	0.1183357196748033	-0.0993143074714738	0.0098633316685384	0.0140033425509536	-0.0168518150749719	-0.0111484813661846	0.000283983671321	0.0001242886367721	0.0033791086044122	-0.0003388778330729	1.14838185748252e-07	1.1418374960412566e-05	0.0003881460592372	-9.525270396139996e-05	9.0730776119581e-09	1.50657363301368e-07	-0.0055382017973046	0.0004367512247099	3.0671679147667905e-05	1.907516322856847e-07	0.0	0.0	0.0	0.0	0.0
264.67625063745567	-0.6372657324491797	0.4061076137539895	70053.51765150126	359.2568513402399	0.9518801419239936	0.906075804589242	129065.48523490324	256.4291548024888	0.1353490624651954	0.0183193687102073	65755.91143271877	269.48679275610226	252.17344311516592	1.010155	21.493462	0.1354914348054188	0.0999747916938132	0.0824131271	0.0852011301	0.0889203063	-0.068676324	-0.0966541134	-0.0114151409	-0.071765697	-0.0414184625	-0.0373526611	0.0268217143	0.1433528571	0.0596416251	0.0210853626	-0.0196955121	-0.1264058362	0.0333525939	0.1167036581	0.04195248	0.0409916856	0.0584464044	0.0565851018	-0.1164694904	-0.0595797615	0.0752181712	0.1106139815	-0.111659379	0.0949624325	-0.1198470924	0.0656201132	-0.1368217051	0.0518139839	-0.0980277336	0.002499276	0.0521342601	-0.0546247591	-0.1315830851	-0.035005715	-0.1438932399	-0.1095679216	-0.0412006475	0.0356811143	-0.0357289535	0.0787825656	-0.0325419977	0.0040545247	0.0163371868	-0.1045823556	-0.024182248	-0.0481815402	0.0081483716	0.0790585445	-0.001299887	-0.0369132463	-0.0674329704	0.0634090773	0.0288049491	-0.0031216396	0.1875109476	-0.0464295734	0.0222071411	-0.0961208275	0.095351479	0.0565246359	-0.1194242139	0.0701752971	0.025493608	0.0339472556	-0.0415179606	-0.0926575117	-0.1056211465	0.0635313275	-0.0891498885	0.0179676345	-0.0360726441	0.0440239778	0.0606964709	-0.1252635947	0.1171360355	0.0915835265	-0.0446724605	-0.0440883736	-0.0587180353	0.1428612028	0.0514151364	0.0727129921	0.0269007258	0.0166498326	0.0516781828	0.0309625633	0.1802036077	0.0126928514	0.0455974877	-0.1620615461	-0.0464995127	0.0245810456	-0.0024530785	0.0604948158	-0.0285430044	0.0171984809	-0.1243256915	-0.1261916313	0.0368603787	0.0168238519	-0.0327810984	-0.0511689749	-0.1273517819	-0.0451001468	-0.0892189008	-0.0391881346	0.0180821672	-0.04337602	0.0510867013	-0.1311536973	-0.0747840391	-0.0147278126	0.0609416893	0.0619448025	-0.0836869787	-0.0524639299	-0.0501237282	-0.0254300876	0.1194108434	-0.0209855647	0.028188698	0.0296913284	-0.0086286366	-0.0985109326	0.0256289373	0.0940880769	-0.0418659738	-0.1218063284934629	0.0127607378513801	0.0148367816610573	0.0001628364305116	0.2129597511458598	0.0946240314710565	0.0089537073318354	0.0453518556081065	-0.0165156229759446	0.0003361920990272	0.0002727658022835	1.1302512744838144e-07	0.0036791579095091	0.0003000493050969	9.002958548913267e-08	1.3536202923103372e-05	0.0003858498044004	-2.2962548368000383e-06	5.272786275527571e-12	1.4888007155582692e-07	-0.00579126570505	-0.0002530639077453	3.353875846648827e-05	6.404134140337193e-08	0.0	0.0	0.0	0.0	0.0
263.81166378381056	-0.8645868536451076	0.7475104274959466	69596.5939483823	359.9175792550141	0.6607279147742133	0.4365613773618801	129540.66385678935	256.202104101245	-0.2270507012437974	0.0515520209353001	65639.5181459052	268.74434359060683	244.15564799347672	1.081729	23.016357	0.1111464456813796	0.066682363315977	-0.1021665058	0.014502157	0.1491017381	-0.0205650818	0.0069115304	-0.0930394756	0.0764387212	-0.085067165	-0.0467254651	-0.025583683	0.0568935088	0.0109955091	-9.03549e-05	0.010501832	-0.0906012073	0.0492938551	0.0656380201	-0.0222079502	0.0210183845	0.0250585976	-0.1200830681	-0.1911809988	0.0145075552	0.0418820547	-0.0227601076	-0.0720446869	-0.0285152206	-0.0786878114	-0.077283506	-0.0470864369	0.08989514	-0.0504977259	-0.0643376837	0.0203166347	-0.1714451508	0.1257671059	-0.0346000746	-0.0141637233	-0.0065437661	-0.0542433374	-0.0498324117	-0.0651652978	0.1151269945	0.0796091674	-0.0786673223	0.0234282162	0.0132441242	-0.0504514127	0.054388746	0.0880150847	0.0147209086	0.0566520705	0.012167882	0.0365264672	-0.0258297544	0.0399747417	0.0442316264	0.1862058607	-0.0803663071	-0.0027911935	-0.0443872632	0.1043106153	0.0355586033	0.0448671665	0.0873238763	-0.0735040415	-0.0606084812	-0.0132094538	-0.0627640228	-0.1044550283	-0.0683244346	0.0279976961	0.0143578548	-0.0695009498	0.0865388084	-0.0667538549	-0.1394829383	-0.0118273814	0.1739551998	-0.0921855717	0.0719969652	-0.0702090912	-0.0463581776	0.0210348736	-0.0299915034	-0.0043784023	0.0551765312	0.0838513216	-0.0670385425	0.0957134175	-0.0258825354	0.0005570204	0.0375671234	4.72121e-05	0.0136036693	-0.0877026049	-0.0287860888	-0.0347154995	-0.0411901464	0.0343266626	-0.0835331482	-0.0081117068	0.0173470752	-0.0029721668	-0.1527658615	0.003919499	0.0653323031	-0.0162365711	0.0050887715	-0.0907261739	-0.0594549725	0.0817274495	-0.1172514842	-0.0219179126	0.006623139	0.0543525756	0.0205104822	0.0241168861	-0.0454511798	-0.0343813972	-0.0835279912	0.0677043323	-0.0155396783	0.0749505566	-0.0747353041	-0.0101924456	-0.0979222811	0.030153796	0.0917754626	-0.0488621241	-0.1222278793155453	-0.0004215508220823	0.0149396544819755	1.77705095598343e-07	0.2650707551878355	0.0521110040419757	0.0027155567422628	0.0702625052558494	0.0224874798130869	0.0390031027890315	0.0005056867483439	0.0015212420271717	0.0034701917543829	-0.0002089661551262	4.3666853988227165e-08	1.2042230812187067e-05	0.0003861370826734	2.8727827300003986e-07	8.252880613788544e-14	1.4910184661552418e-07	-0.0059742280322166	-0.0001829623271666	3.569140058092263e-05	3.3475213162218084e-08	0.0	0.0	0.0	0.0	0.0
263.8952636765012	0.0835998926906427	0.0069889420578869	69640.7101908901	356.61500219668983	-3.302577058324289	10.907015226169912	127174.25979174508	255.9825092546092	-0.2195948466358288	0.0482218966690131	65527.04504428608	268.8377869869048	245.001682487242	1.037007	22.064808	0.1462708293912076	0.0937512374146248	0.0195044552	-0.1042869445	0.1080313515	0.0239073279	-0.0270936568	0.09408488	0.0428286973	-0.0264171166	-0.0297481918	-0.0385258976	-0.0048826347	-0.0506434291	-0.0645332629	-0.0233805894	-0.0417748987	0.0104817598	0.0592278996	-0.0013530898	-0.0146808993	-0.069300399	-0.0750762814	0.0150629323	0.078502178	-0.0094548546	0.0443667233	-0.0951774064	0.0280687196	-0.0534564627	-0.032577198	-0.1623864288	0.0388523001	0.1214748743	-0.0274148358	0.0207472503	-0.0933544261	0.0437384169	0.0933347456	-0.0013721933	-0.0558240451	-0.0277001604	0.1021339927	-0.0419524944	-0.1661360026	0.0526221353	0.0476985696	0.0402817749	-0.0455039828	0.0426697368	-0.068300853	0.0511285046	-0.0111255043	-0.0850966015	0.0080396921	0.0610126093	-0.0129596679	-0.0890827961	-0.0102156868	-0.1265941177	0.0950633321	-0.0653896921	-0.0457164216	0.0065895719	0.0666254836	-0.0495390126	-0.0198449746	-0.0925631704	-0.0098043667	0.085611811	0.0580026034	0.002728405	-0.0269681043	0.0032065465	0.0363653333	-0.0258141463	-0.0566662324	-0.0929370251	-0.1038426227	0.0702439449	0.0474087083	0.0324639688	-0.050340456	-0.0258861752	-0.0874419482	-0.0160619289	-0.0204466939	-0.0733462891	-0.0883666237	0.0756783015	-0.146277312	0.1368257574	0.0826819762	0.1003372806	-0.0399329824	-0.020773647	0.0770195094	0.0295452464	-0.0049666819	0.0182534487	-0.0110625065	0.0235629406	0.1029699799	-0.0693234559	0.0008180119	-0.0272190364	0.0222375899	0.1352820642	0.0075976675	-0.0245652352	-0.0792721859	-0.0494572787	-0.0913967071	0.0665970896	-0.1250289187	0.0072526817	-0.017372938	0.0565741371	-0.0326659323	0.083945274	-0.1048699805	-0.0020983946	-0.0261082604	0.0148329793	0.0528894146	-0.060096035	-0.1129907542	-0.0117537397	-0.097236992	0.0346117057	0.0891006524	-0.0555570233	-0.1412836277723101	-0.0190557484567648	0.0199610634765046	0.0003631215492474	0.3505241120045212	0.0854533568166857	0.0073022761912398	0.1228671530965581	0.053506867149764	0.0310193873366771	0.0028629848321824	0.0009622023907428	0.0036189990018606	0.0001488072474777	2.21435969018895e-08	1.309715377546802e-05	0.0003201938508723	-6.594323180110002e-05	4.348509820373609e-09	1.025241021364327e-07	-0.0059741317758738	9.625634280006209e-08	3.569025047550504e-05	9.26528352924306e-15	0.0	0.0	0.0	0.0	0.0
263.9744123628845	0.0791486863832915	0.0062645145562006	69682.49038233019	358.7681494173014	2.1531472206115723	4.636042953627339	128714.58503631513	255.84888783077267	-0.13362142383653	0.0178546849081016	65458.6534042433	268.2580580993292	248.0535240780082	1.029737	21.910109	0.042097730802248	0.0212910264067485	0.0669354289	0.0629567614	0.0971765239	0.0664314205	-0.0548048684	0.0540505846	-0.1263569317	-0.0712623442	-0.0428078012	0.0481821258	-0.091518405	-0.0120798372	-0.0716902912	-0.0405809479	-0.038921746	-0.0498299613	0.051990833	0.0356134124	0.0011093379	-0.0541559784	-0.0284583404	-0.0730207522	-0.0786340681	0.0471979383	-0.025202763	0.1240685249	0.232039924	-0.0612758793	-0.1015820661	0.066907614	-0.0027735666	0.0102559755	-0.0309245405	0.0663639247	0.0407158357	0.0101386481	-0.023484338	0.0778578932	-0.0450054371	-0.0152016483	-0.0123171139	-0.0267000832	-0.07201217	-0.0413840233	-0.0584371915	0.0333742397	0.0509147166	-0.1636992184	-0.0231105477	-0.0765236715	-0.0242645762	0.0139864097	0.035659423	-0.0661166136	0.168357196	0.0476949353	-0.0951379189	-0.1565917173	-0.1109098001	-0.0735691686	-0.030041408	0.0122215013	-0.1240475164	-0.0445109996	-0.0062467406	0.0639405951	0.0223897115	0.0784262155	0.0459054934	-0.0375093313	0.0583595304	-0.0314221221	0.0475534558	0.1208553796	0.1290503555	0.0812417924	-0.0879590129	0.0732414342	-0.1164960799	0.0473889502	0.108487322	-0.057412435	-0.042141252	-0.0849652146	0.0291924943	-0.0695645155	-0.0310416293	0.026109419	0.0548041926	0.0179513515	-0.0224375347	0.0844299509	-0.0081290473	0.0179319618	0.0573618894	-0.0259373816	-0.103283646	0.0384807618	-0.0660142475	0.0651610098	-0.0333263167	-0.0728291308	-0.0323032515	0.0304721993	0.0624713129	-0.0339198702	-0.0280259224	-0.1415767197	0.0107960858	-0.0651341755	-0.0364499036	0.0142137817	-0.1185769598	0.0769817886	-0.1038311758	0.049255285	-0.0200975967	-0.0300271298	-0.1024922695	0.0351054777	-0.0231566511	0.0863138444	0.0129465126	0.0312484947	0.0321034408	-0.0133121339	-0.0964557418	0.0389927688	0.0860742027	-0.0619093949	-0.1342909943450365	0.0069926334272736	0.0180340711621786	4.889692224822418e-05	0.3527867452400812	0.0022626332355599	5.119509158660598e-06	0.1244584876170899	0.0382954688065595	-0.0152113983432045	0.0014665429311141	0.0002313866395556	0.003280949129832	-0.0003380498720285	1.1427771597855278e-07	1.076462719254536e-05	0.0003057038689808	-1.448998189149998e-05	2.0995957521599734e-10	9.345485550983015e-08	-0.0059740503138697	8.14620040997735e-08	3.568927715264666e-05	6.636058111951514e-15	0.0	0.0	0.0	0.0	0.0
264.5676688287452	0.5932564658606907	0.3519532342855169	69996.05138947659	359.3577265613484	0.5895771440469844	0.3476012087825985	129137.97563934085	256.03507721664124	0.1861893858685732	0.0346664874101164	65553.96076533145	268.49879800233265	245.91808075228096	1.06581	22.677647	0.1554063656108356	0.1249653216815857	-0.0886969263	0.0016627804	0.0902757979	-0.0242436069	-0.0884572973	-0.0709534421	0.0545087903	-0.0249284781	-0.05432804	0.0253562282	-0.1408141435	-0.0447630635	0.0086672823	0.0124289995	-0.0810235136	0.002448456	0.044175626	0.0416456317	0.0630314416	-0.0634207362	-0.0072023698	-0.1093930884	-0.0366795233	0.0434692175	0.0233134452	-0.0095332541	0.0883899742	0.067886637	0.0245961511	0.0655616444	-0.0667264396	-0.0050891174	0.0253260261	-0.0120917267	0.0027208576	-0.0601454493	0.0484159212	0.04928097	-0.0747732727	0.0689293159	-0.0477416421	-0.0315067063	0.0269884688	0.1526041804	-0.0512197735	-0.0040266831	0.0821723466	-0.0484354432	-0.1393951413	0.0375926478	-0.0239020988	0.0301405505	0.0447353784	-0.0618259911	-0.0368508511	-0.0968197799	0.0235809168	0.0290630199	0.033906645	0.0083600993	-0.0193367045	0.092716732	-0.023736105	0.0421265343	0.0273474862	-0.0647947715	0.0428457249	0.0498231726	-0.0256938782	-0.0702749782	0.0660400807	0.0033142763	-0.0347181766	-0.0226794185	0.052835563	-0.04541559	0.0306002716	0.0721050463	0.0623725937	0.0234048862	0.0950892994	0.0528692631	0.0126984733	-0.042871732	0.0233549392	-0.1093758757	0.0822743792	0.0606584192	-0.0058136604	0.0263669877	-0.0443485077	0.0912460522	0.0677558596	0.0983852609	-0.0612674671	0.106122383	-0.0343931505	0.0212208848	0.0401246273	-0.047033957	0.0215379724	0.011939984	0.0310432864	-0.0022663794	-0.0718131166	-0.0425694679	0.0367285879	-0.0503617942	-0.0117569439	-0.1119781617	-0.0386077137	0.0162573932	-0.0838819333	0.0605048985	-0.0212961606	0.0363824563	0.0432877944	0.0592938963	-0.0637980698	-0.0097321128	-0.125852487	-0.0451456334	0.0454604026	0.0449297746	-0.0165499243	-0.0148672434	-0.0955793015	0.0432872582	0.0827080574	-0.0678800746	-0.1278018499542526	0.0064891443907839	0.0163333128517292	4.210899492444225e-05	0.2263984878446194	-0.1263882573954617	0.0159739916074614	0.0512562752983302	0.0406964134373595	0.0024009446307999	0.0016561980666644	5.764535120167337e-06	0.0035412059366253	0.0002602568067932	6.773360548224492e-08	1.2540139485590267e-05	0.0003858158307639	8.01119617831e-05	6.417926420736875e-09	1.4885385526803833e-07	-0.0060362419291691	-6.219161529939961e-05	3.6436216627459096e-05	3.867797013548515e-09	0.0	0.0	0.0	0.0	0.0
264.22816386074214	-0.3395049680030411	0.1152636232987459	69816.5225772192	359.1911981618629	-0.1665283994854576	0.0277317078351881	129018.31683695468	255.8300541295301	-0.2050230871111296	0.0420344662485778	65449.01659591831	268.640308277719	245.46227009008604	1.107725	23.569489	0.3171340844745708	0.258693058832862	-0.0304754831	-0.0885193255	0.0622723959	0.039343592	-0.0409534171	0.0599502689	0.0664107899	0.0188123195	0.0753578111	0.0129751914	0.0168754826	-0.2029929097	-0.1142826934	-0.1111272342	0.0141093206	0.0264502565	0.063282863	0.0433766902	-0.0156642437	-0.0162475317	-0.0236990638	-0.0595641086	0.0753583412	-0.0192236629	-0.0304677175	-0.1839564359	0.0125061014	-0.1243757078	-0.0410016522	0.0145383161	0.0739957627	0.1749950897	-0.0136097716	-0.0984764532	-0.0765863634	0.0237915906	0.0449710519	-0.0105710217	0.09250364	0.0092481449	-0.0137225396	0.0787985316	0.0864258433	0.1141390051	-0.0046475777	-0.1068780108	-0.0652215111	-0.0077791858	-0.1187851043	-0.0298632034	0.0523074315	0.129316025	-0.021801541	0.0351458399	0.0519109918	0.0215251439	0.0063177035	0.1761047743	0.0172590443	-0.1118636176	-0.0953496349	-0.0691618284	0.0534078038	0.0169945961	0.0423335504	-0.13271419	0.0484786332	0.043691823	0.0490746511	0.0160052753	-0.0425038287	-0.0930427494	-0.0191019419	0.0212659085	-0.0463779326	-0.0121183304	-0.1969523217	-0.0101740969	0.1679211387	-0.0382526178	0.044498347	-0.029650785	-0.0973750558	0.008793558	-0.0663584236	0.0428267285	0.0728762834	-0.0529344418	0.0682257224	0.1055402019	0.0349190485	-0.0682725918	0.0885390329	-0.0519595558	-0.0155249946	0.1225490084	0.0307509702	0.1308487985	-0.0866932751	0.015963551	-0.0871787913	-0.123456253	-0.0743355595	-0.1060520074	-0.0775638612	0.0835208604	0.0318460738	0.0481052221	-0.0186686643	-0.0467753063	-0.0704707041	-0.0605530007	-0.0741587432	0.0222730136	-0.0447019591	0.0100925092	-0.0338000265	-0.016035112	-0.0877031436	0.0151398679	0.0392083784	-0.0550020314	-0.0031179549	0.0544500087	-0.0142897106	-0.0164186847	-0.0946085359	0.047485639	0.0790155012	-0.0734322509	-0.1328276032126467	-0.0050257532583941	0.0176431721752163	2.525819581425897e-05	0.4836801118268852	0.2572816239822658	0.066193834038952	0.2339464505768681	0.0538004161970704	0.0131040027597109	0.0028944847829779	0.0001717148883265	0.0034533419326004	-8.786400402489977e-05	7.720083203287604e-09	1.1925570503456266e-05	0.000711357218228	0.0003255413874641	1.059771949520513e-07	5.060290919250784e-07	-0.0064572906271641	-0.000421048697995	4.169660224366134e-05	1.772820060832852e-07	0.0	0.0	0.0	0.0	0.0
264.43222591762327	0.2040620568811277	0.0416413230585566	69924.40210374896	357.8583927838308	-1.3328053780321056	1.776370175711304	128062.62928582654	256.1862490705196	0.356194940989468	0.1268748359864906	65631.3942128223	268.5434424003194	249.88539241499848	1.189342	25.306087	0.2239893965393002	0.1640917188131463	0.0987720259	-0.022504605	0.04226623	0.126322485	-0.0676351171	0.0860561599	-0.0438128688	-0.0836076611	0.0853985911	0.0423011638	-0.099468937	0.1095167977	-0.0559654835	-0.0224096408	-0.0126950698	-0.0912076394	0.0255995926	-0.0682581557	-0.0326182928	-0.0557552895	-0.0648706107	0.0539211465	-0.1251366411	-0.1316108251	-0.0526056176	-0.0205398706	0.1049213582	0.0549054435	0.0525337075	-0.0206483271	-0.0327801233	0.0225832172	-0.024367396	0.0057397455	0.0148094952	-0.014001707	0.0609899169	0.0465202579	-0.0192873993	-0.0961285226	-0.0431990563	-0.0501806603	0.0348604434	0.0109845005	0.06901922	0.0395527387	-0.0155082776	-0.0239172695	-0.0234311934	-0.0304105066	-0.1282446688	0.0530689977	0.1928664492	-0.055154367	-0.0238861688	0.1922054385	0.0399584311	0.1212346813	0.009664365	-0.0655729681	-0.0155739457	-0.0212818192	-0.0709785702	-0.0900409035	-0.0894301083	0.0685236598	-0.1454028966	0.0624144209	0.0324414534	-0.0418708181	0.0803189266	0.0080886227	-0.0455232084	0.0529588024	-0.0011484597	-0.053334031	-0.0292119128	0.0004813787	-0.0693413419	0.0193152573	0.0942627975	0.0311108062	-0.0151001439	0.1667629701	0.0678795171	-0.0047735286	0.0675865731	-0.1342862925	0.0212036031	0.0511612698	0.0200264454	0.0208678896	0.0810783318	0.0393171628	-0.0466990935	-0.0660732866	-0.0136093748	0.0570136428	-0.1721560676	0.0196557303	-0.0838367361	-0.0559233746	-0.0675386191	0.1234213026	0.1696859636	0.0329534022	-0.0189460322	-0.0879814941	-0.0080421026	0.0354992962	-0.036243189	-0.0060720334	-0.0581404215	0.0545604367	0.085585857	0.0127974645	-0.0494267786	-0.0208773093	0.0143784822	-0.0285034364	0.0126956899	-0.0190418062	-0.1354886194	0.0531300651	-0.0471393121	-0.0179660749	-0.0935444031	0.0515785898	0.075011107	-0.0785316931	-0.1525882347828542	-0.0197606315702074	0.0232831693941474	0.0003904825600534	0.3260261270896762	-0.1576539847372089	0.0248547789035201	0.1062930355450937	0.0291983448976367	-0.0246020712994337	0.0008525433447613	0.0006052619122224	0.0031187135077644	-0.000334628424836	1.1197618270822261e-07	9.726373943512128e-06	0.000667348198365	-4.400901986300005e-05	1.9367938293019326e-09	4.453536178610114e-07	-0.0065181073611141	-6.081673394999973e-05	4.248572357100981e-05	3.6986751283450493e-09	0.0	0.0	0.0	0.0	0.0
264.92081931250544	0.488593394882173	0.238723505522487	70183.04050520915	360.67816419781377	2.8197714139829486	7.951110827115397	130088.73812910511	256.32977277320504	0.1435237026854565	0.0205990532325433	65704.95240996292	269.0640682886111	249.6961132674972	1.295784	27.570902	0.3232117346614824	0.2485888911895896	-0.0110583994	0.1177633942	0.0708300461	-0.0786318728	0.022856178	-0.0719592	-0.0518518487	0.0077173125	-0.0615464763	0.0684462929	0.0665666276	-0.0025896361	0.1035472941	-0.0437338882	-0.0483767384	0.0088343819	0.0269100165	-0.0231977363	0.0535517597	-0.0161977658	0.1427855365	-0.00967231	-0.044829006	0.0628873667	-0.0514708523	0.0694269442	0.0060684186	-0.1211568595	0.0196695942	-0.0606106618	-0.0535256858	-0.1285422254	-0.1488383912	-0.0500809025	-0.0272782336	-0.0295785195	0.0061099673	0.121275855	0.1122204059	-0.0277828844	-0.0991051835	-0.0212660153	-0.0140520494	0.075442324	0.0300372751	0.0186853354	-0.084070252	-0.0498243222	-0.068993978	0.0303612766	-0.1175663714	-0.1256807555	-0.0758307335	-0.0005495769	-0.0777229837	0.0396188076	-0.0509892156	-0.0286574072	0.0240684951	0.1021277948	-0.0740950663	0.0435602233	-0.0201745662	0.0175505692	0.05775752	0.0347698161	0.0354921925	-0.0493917779	-0.0483124168	-0.0791571479	0.1413704314	-0.0380876181	0.1126360495	0.0424564475	-0.0594949664	0.0775195955	-0.0245931493	-0.0418604646	-0.0937609745	-0.1653639223	-0.0364429679	0.0862824347	0.0190270881	0.0336639234	0.0388356729	0.0983912648	0.1198138529	0.0928487242	0.0512058878	0.0629699697	-0.014368599	0.0067618978	0.0261395557	0.0412117172	0.0730257697	0.0170059205	0.0554668675	0.0665771075	0.0271452187	-0.0094806761	0.1059740129	0.109755577	-0.0269583367	0.0214518603	-0.0832943809	-0.1073585108	-0.0412004851	-0.094071986	0.0619670093	-0.0106562653	0.0007321786	-0.122120113	-0.029685957	0.0181229734	0.1317623873	-0.0388479218	-0.0216145489	0.0098835832	0.1159835621	-0.1357310662	0.1439525811	-0.0036021699	-0.1072481249	-0.0022154507	0.0963442269	-0.0195090322	-0.0923879533	0.0555570233	0.0707106781	-0.0831469612	-0.1572671444478715	-0.0046789096650173	0.0247329547227876	2.1892195653392305e-05	0.0785283794895832	-0.247497747600093	0.0612551350671193	0.0061667063852599	-0.0032138078989305	-0.0324121527965672	1.0328561211228072e-05	0.001050547648908	0.0034539165844492	0.0003352030766848	1.1236110261895597e-07	1.1929539772333228e-05	0.001043366168822	0.000376017970457	1.4138951410660133e-07	1.0886129622422985e-06	-0.0064568699162598	6.123744485429967e-05	4.169116911550085e-05	3.750024652283394e-09	0.0	0.0	0.0	0.0	0.0
264.6345933003545	-0.2862260121509621	0.0819253300318427	70031.46797124403	359.9858216339687	-0.6923425638450453	0.4793382257115307	129589.79177748357	256.240944827163	-0.0888279460420449	0.0078904039980484	65659.42180591718	268.85757458480487	245.3414358034803	1.022781	21.762112	0.1811816365839929	0.1036726849776528	-0.0958349018	-0.0084244258	0.0880423116	-0.0871756685	0.0352649205	-0.080486474	0.0898036527	-0.0205618321	-0.0692950404	-0.0027627263	0.008493461	-0.0035003262	0.046020288	-0.0136724528	-0.085237183	0.0186799539	0.0123066385	-0.0699085557	0.0708443405	-0.0881168003	-0.0299740233	-0.045193932	0.0949111005	0.0612732135	0.0213459093	0.0100024091	0.0409030105	-0.0120052531	0.0144271112	-0.1137588518	0.0315444452	-0.0309130254	-0.1186272194	-0.0291158398	-0.0836647717	0.0567901716	-0.0117383886	-0.0045782227	0.008346404	-0.1532717553	-0.0975838929	-0.0569330988	0.0847278893	0.0843976844	-0.0487701461	-0.1104258664	-0.0246892766	-0.0149483047	0.014856667	-0.0296646909	0.1946987833	-0.0579008164	-0.0453146162	0.0276231804	0.0357190256	-0.0210339808	-0.0786722683	-0.0230784806	0.114713447	0.0462461736	-0.0494472323	0.0804934672	0.0155596704	0.0491959522	0.0328581063	-0.0969154173	-0.008264113	-0.0158396552	0.0404537737	-0.0481172477	0.0186077113	0.0856931539	0.1185484335	-0.1178540111	0.1012980825	-0.0850618865	-0.042221244	0.0363329336	0.0442029664	-0.0619588323	0.0119239762	-0.000649407	0.0011771693	0.0595884235	-0.0863492935	0.0460228354	0.1540848505	0.0040852109	0.0642996763	0.1550081065	-0.0074205534	0.0191508958	-0.0289612011	-0.0454764057	0.0246852569	-0.0039691584	-0.003661266	-0.0591936052	0.0971894686	0.0162492757	0.0361279169	0.060324148	0.0298412771	-0.0318182081	-0.1183877649	0.0388017207	0.02915663	0.0123079563	0.0474482364	-0.0515347257	-0.0585557266	-0.0620637256	0.0220077498	0.0410114396	0.0996960013	-0.0394186247	-0.0132346937	0.0186281087	0.0689689751	-0.0035810551	0.0197371726	0.0979941691	-0.1166054742	0.0844143684	-0.1671514859	-0.021047176	-0.0911403277	0.0594121063	0.0661311865	-0.0872496007	-0.1649062533436449	-0.0076391088957734	0.0271940723918383	5.835598472148438e-05	0.167592849438364	0.0890644699487808	0.0079324798072572	0.0280873631828701	0.0403714106283032	0.0435852185272336	0.001629850796119	0.0018996712740667	0.0033998119118402	-5.410467260899988e-05	2.9273155981270613e-09	1.1558721035890516e-05	0.000792168245072	-0.00025119792375	6.31003968963108e-08	6.275305285004523e-07	-0.0069694241041449	-0.0005125541878851	4.8572872343435946e-05	2.627117955185544e-07	0.0	0.0	0.0	0.0	0.0
264.7135988488216	0.079005548467137	0.0062418766885931	70073.28941549486	359.8588673429669	-0.1269542910018231	0.0161173920037755	129498.40440536304	255.48968509379648	-0.7512597333665099	0.5643911869779195	65274.97918932729	268.11148398872683	246.5467382667504	1.061638	22.588894	0.2544971463734315	0.1650250047650405	-0.0218322912	-0.0891742731	0.0262456848	0.0115306605	-0.0080248255	0.0521254094	0.0255921074	0.0381642843	-0.033709985	-0.0022154149	-0.0757633891	-0.091790444	-0.0490869737	-0.002090577	-0.0122670959	-0.0389143174	-0.0416334789	0.0338441782	0.014156956	-0.1391449035	-0.061038043	0.0906315122	0.0316751114	-0.0658136436	-0.038994512	-0.0475813372	0.1512433356	0.0410104083	0.1190805929	0.0418817793	0.0278680497	0.1006199013	-0.1066268892	-0.0257666225	-0.0766587294	0.0306243269	-0.0051653147	0.0909315281	-0.0527256867	0.0997087749	0.0302687946	0.105876694	0.0212185823	0.0347506062	0.012011079	0.0462976224	0.0806214581	0.0015128209	-0.0279689775	-0.0727495652	0.045000187	-0.065004253	-0.0069919687	-0.0088990569	-0.1007418284	-0.0293710349	-0.0010277941	0.0574600386	-0.0134524975	-0.0449855425	0.0135078283	-0.0041910442	-0.0338867906	-0.0007250583	-0.0788823357	-0.0729851134	0.0174848255	0.0995198797	0.157750576	0.0277564528	-0.0140032453	0.0382503704	0.0239434311	0.0382970891	-0.028241372	-0.1261467884	-0.096994692	0.0324476443	0.0179484442	0.0388398258	0.1699691363	0.1252918681	0.0496155865	0.043971132	-0.1066812634	-0.0287418178	-0.0390792318	0.0404550582	0.02990526	-0.071256356	-0.1308482864	0.010732205	-0.0305963641	0.0757239876	0.0003026795	0.0941444027	-0.0044112531	-0.1055882924	-0.1251031812	0.0183303309	0.0407884497	-0.0448358709	0.0090276552	-0.0117476392	0.057844437	0.122547567	0.0231947789	0.0187589059	-0.0410947738	-0.0158135443	-0.0511311807	-0.0254782508	0.019850385	0.1339680594	0.0580082322	0.0076839045	-0.0140259906	0.0625373433	-0.0640562472	0.0383841376	0.091176465	-0.0246743792	-0.0579805577	-0.0254233101	-0.1251795935	-0.0225801267	-0.0898027576	0.0631352795	0.0612907054	-0.0908143174	-0.1652873424469874	-0.0003810891033425	0.0273199055731876	1.4522890468639244e-07	0.317868559411238	0.1502757099728739	0.0225827890078513	0.1010404210621757	0.0930112414566082	0.052639830828305	0.0086510910372994	0.0027709517896325	0.0039031005178296	0.0005032886059893	2.532994209187534e-07	1.5234193652281692e-05	0.0006190885938679	-0.0001730796512041	2.9956565660932925e-08	3.832706870573337e-07	-0.0066217820319602	0.0003476420721847	4.384799727879095e-05	1.208550103528725e-07	0.0	0.0	0.0	0.0	0.0
265.44036823648963	0.7267693876680141	0.5281937428513402	70458.58908952322	356.2851009872724	-3.573766355694488	12.771805965093863	126939.0731855109	255.5836427387775	0.0939576449810317	0.0088280390503816	65322.998435623056	268.22177832467213	251.1339390013385	1.013298	21.560329	0.1010808380737377	0.051373995520674	0.1211464941	-0.0158076481	-0.0038378435	0.0272979472	-0.0751904734	0.1202361898	-0.0910312197	-0.0222647609	-0.0131093691	0.0621887101	-0.137444033	-0.0435216972	-0.0366588203	0.0058101869	-0.0164540477	-0.1108802019	0.0037872434	0.1698681245	-0.0227389751	-0.0813996244	0.0491650062	0.1028220253	-0.0426142278	-0.0968571718	-0.0411385047	0.0574030089	0.0386353416	0.0219795462	0.0667842354	0.033581791	-0.0726576456	-0.0268621055	0.0801232665	0.0427371813	-0.0161873308	-0.0595695145	0.0793022292	-0.1016473908	-0.0767314617	0.1080053667	0.0714842805	0.0004197708	-0.0863602199	-0.085894984	0.0494984411	-0.0415315266	0.0554660654	0.028338127	-0.0859079377	-0.0395969153	0.0142258376	0.1162884616	-0.1087133384	0.0483163575	0.0158300506	-0.0261555446	0.0069726165	-0.0859109462	0.1314353865	-0.0365761576	0.0172139647	-0.0073663826	-0.0820835477	-0.0764141207	-0.0899135842	0.0617402815	0.1274364958	0.1171353176	0.0578495678	0.0564195462	0.0726673861	0.012788468	-0.0517906604	0.0809054234	0.0446883109	-0.0241250597	0.083230236	-0.0088047574	0.0444012554	-0.0118287227	0.0417821391	0.0530846983	0.0260752386	-0.0193469432	0.030953379	0.0096260027	-0.0894861279	-0.0614981392	-0.1012927224	-0.0507476404	0.0237539415	-0.0542973705	-0.0832156537	0.1052094691	-0.1276395186	0.0380916143	0.0030620992	0.1055810596	0.0879511503	0.0601012368	-0.0747919788	-0.0293903849	0.0028899244	0.0056894829	0.110025629	-0.0356672639	-0.044079225	-0.0896926211	-0.0377635908	0.044147774	0.0019298735	-0.0758212779	0.0032164253	0.1256472447	0.0131218705	0.0095967431	0.0127408588	-0.0637045474	0.0058369727	0.1023270387	-0.0533072249	0.0294302815	0.0234226042	0.0922576817	-0.0666520955	-0.0241075061	-0.088376563	0.0667182767	0.0562083378	-0.0938191336	-0.1652625671740537	2.477527293370807e-05	0.0273117161089586	6.138141489397276e-10	0.2874688541921557	-0.0303997052190823	0.0009241420774071	0.0826383421305508	0.0635145374176815	-0.0294967040389267	0.004034096463382	0.00087005554916	0.0033462055717104	-0.0005568949461192	3.1013198101310664e-07	1.1197091728145726e-05	0.0007932734209286	0.0001741848270606	3.034035397816595e-08	6.292827203517637e-07	-0.0067138953296362	-9.21132976760006e-05	4.5076390497310784e-05	8.484859608747499e-09	0.0	0.0	0.0	0.0	0.0
265.58397844768587	0.1436102111962327	0.0206238927598265	70534.84960810086	361.0151972356832	4.730096248410803	22.37381051922995	130331.97263511924	256.0824522652082	0.4988095264306764	0.2488109436579957	65578.22235816263	268.6591058580515	250.2995272701755	1.074276	22.857784	0.0966581445506203	0.0557258056806712	-0.0536388723	0.0646447931	-0.0233971474	-0.0071609388	-0.0696640111	-0.0781019636	-0.0264064381	0.000842635	0.0236076356	0.1130705869	-0.0414311847	-0.164401358	-0.0091812461	0.0005059765	-0.0615576829	-0.0016110351	0.042465361	0.0605935308	-0.0139522366	-0.039385933	0.0528600479	-0.0184048535	-0.0533011674	0.0094058575	-0.0021870554	-0.016521273	-0.0014441004	0.1306457984	0.1433321106	0.0411433757	0.0711747259	-0.0307190261	0.0232064732	0.0334719634	-0.0390559292	0.0282701599	0.0615365284	-0.010819049	0.0082355939	-0.0918621586	0.045060531	-0.0009056619	0.009142634	-0.0112585591	-0.1126754429	-0.2116308747	-0.0457248476	0.0439714226	0.0522180982	-0.0011394443	-0.0187518251	0.0457538914	0.1650920714	-0.0915563937	0.0520941873	-0.0445306585	-0.0102993547	-0.0636084086	0.0099456245	-0.0079081156	-0.0250056544	0.0646506621	-0.0440485639	0.0312237017	0.0531214234	0.0076418507	0.0936929528	-0.0026368652	0.0363034965	-0.0314106896	0.0364929409	-0.0514047529	-0.0517848924	-0.017452945	-0.0151834633	-0.0564959405	0.0855700675	0.0365783981	0.0642688577	-0.0343980131	0.0419975135	0.0812207677	0.1505879003	0.01528518	0.0275121128	-0.1073347544	-0.0109538714	-0.2175731901	-0.0242355562	0.0410991884	-0.0139296556	-0.0137617552	0.1052178611	-0.1446499337	-0.0066387526	-0.0485322341	-0.1238056026	0.0755721142	-0.0605755067	-0.0333026814	-0.0371990857	0.0025970762	-0.0018836376	0.0262556954	-0.0639068164	-0.135018888	0.0073311482	0.0287548625	0.0310698581	0.045400022	0.0235269106	-0.0541127967	-0.0328670675	0.0847125553	0.0720114984	0.0077110021	-0.0248749658	0.0375774497	-0.0373385613	0.046162414	-0.0101989619	-0.151707524	0.0139948438	-0.0126822184	-0.0922137027	-0.0256289373	-0.0868631514	0.0701531426	0.0509041416	-0.0962455236	-0.1447044285015692	0.0205581386724844	0.0209393716279657	0.0004226370656771	0.262380907805678	-0.0250879463864776	0.0006294050538907	0.0688437407809317	0.0198442340743483	-0.0436703033433331	0.0003937936259975	0.0019070953940987	0.003474197979989	0.0001279924082786	1.6382056576955862e-08	1.2070051604159649e-05	0.0007923787949986	-8.946259299999785e-07	8.003555546283264e-13	6.278641547634334e-07	-0.0066959472408783	1.7948088757900604e-05	4.483570945262572e-05	3.2213389006147804e-10	0.0	0.0	0.0	0.0	0.0
265.4148771115108	-0.1691013361750606	0.0285952618961908	70445.05699211838	360.1350254850568	-0.8801717506264026	0.7747023106007463	129697.23658112252	256.89788288398074	0.8154306187725524	0.6649270940317877	65996.52223027148	269.5033478058729	248.24173060910348	0.9783	20.815674	0.1462620970759299	0.1001771112755323	-0.062533052	-0.0610758325	-0.0223929435	-0.0429118121	-0.011195085	0.0044948975	0.0864805223	0.0853439178	0.0540735124	0.0702700011	0.0868293949	0.0128945891	0.0629558631	-0.0034160137	-0.0489855527	0.0692987472	-0.0072705923	-0.1267093962	0.034279685	0.0546122343	-0.0111071513	-0.0176746229	0.0172490558	0.0211204856	0.0163121082	-0.1036020161	0.030397012	-0.0303730918	0.0290176214	-0.0036030313	-0.0324251792	-0.0798529558	-0.0193973652	0.0143201092	-0.0040306796	-0.0614563837	0.0840164604	-0.0323130746	0.0913158547	0.0668215648	-0.072009777	0.0951280613	0.058234573	0.0984411961	0.0326809157	0.0755468212	-0.0088305314	0.1278988907	0.1009704054	-0.0190988493	0.0068480933	-0.073284915	0.0349145542	-0.082439406	-0.0567376326	0.0499565757	-0.0308083592	-0.0096295615	-0.0787299703	0.0608731679	-0.0429800791	0.0411100733	0.0603819553	0.0174484055	-0.0015347802	-0.019511129	-0.0727460931	-0.0993939484	0.1115514018	-0.0053473426	-0.0199638183	-0.0879651108	-0.0416985213	-0.0099699981	0.0470542777	0.0653806708	-0.0419858107	0.0347848872	0.0122909015	-0.0407987868	0.0168507245	0.0271696967	0.0996130299	0.0598656143	-0.0559304952	0.0357964289	-0.0035091021	-0.0204583687	0.0183927045	-0.0412800734	-0.0109169158	0.0475466938	-0.03156657	0.0173164528	-0.0764048802	0.0949676934	0.0074049556	-0.0794218432	-0.0241358706	-0.0985361025	0.1556664739	0.061587169	-0.0196733158	0.0449759906	-0.0900295075	-0.010191664	0.0477267897	0.1120241275	-0.0336816161	0.0365595317	-0.0663459001	-0.0526995062	-0.0086139745	0.0527148852	0.0221832749	0.0125374784	0.0637583867	-0.0703665974	-0.0072219398	-0.0088619491	0.0022322828	-0.0725697764	-0.0585729136	0.0648761396	0.0595019584	-0.027144045	-0.0852640164	0.0734322509	0.04539905	-0.098078528	-0.1447509879930635	-4.655949149429128e-05	0.020952848524968	2.1677862482069823e-09	0.1663638997919321	-0.0960170080137459	0.0092192658279117	0.02767694715398	0.055489506544248	0.0356452724698997	0.0030790853365241	0.0012705854494533	0.0037071782541064	0.0002329802741174	5.427980812781887e-08	1.3743170607719376e-05	0.0007912028909369	-1.175904061700029e-06	1.3827503623226254e-12	6.260020146269081e-07	-0.0066390382770416	5.690896383670017e-05	4.407682924402349e-05	3.238630164966847e-09	0.0	0.0	0.0	0.0	0.0
265.21573323132026	-0.1991438801905474	0.0396582850173471	70339.38515342683	359.832712957994	-0.3023125270628384	0.0913928640191194	129479.58131471009	256.8197258750864	-0.0781570088943226	0.0061085180393072	65956.37159855453	269.8689819828471	251.4867515486177	1.003555	21.353031	0.0866997235495161	0.0477336431622328	0.0841619175	-0.0125289352	-0.0146290908	-0.0356825165	0.021995994	0.045208732	-0.0388711787	0.0112886381	0.0397195666	-0.033781459	0.0652394294	0.1267378166	0.0479747325	0.015407725	-0.0009219021	0.0414924818	0.0361115568	-0.1605234598	0.0322707993	0.0628400721	-0.0446762315	0.1206390266	-0.0151235043	0.0100755466	0.1667714263	0.0647812673	0.0269548121	0.0426022123	0.0626838394	0.0944555208	-0.0673622956	-0.1063911352	-0.0216863742	-0.0210057654	0.0182041597	0.0368962509	-0.0303208969	0.0246191259	0.0311789929	0.0559719176	-0.0340947323	-0.0686809637	-0.0096524106	0.1012290004	0.0449274687	0.0728107223	0.0645609975	0.0721625248	-0.0233543068	-0.0457683569	0.0682008343	-0.052230403	0.0518272247	0.0645780005	0.0699755067	-0.046095228	-0.1139156623	0.0327313738	0.0647124474	0.0470331058	-0.0033072326	-0.0179588684	0.0740506322	-0.1102957454	0.0043148374	0.0454096925	-0.1597605992	-0.1153483723	0.0631135678	-0.0364544157	-0.0114895118	0.0641559719	0.0345164105	-0.0614253031	-0.0279579649	0.0246402732	0.1633316083	0.1089193367	-0.0279239999	-0.086193908	0.043329476	0.0781516467	0.0968813615	-0.07070791	-0.150040328	-0.0548753776	0.0457873549	-0.0021430913	-0.0238431154	-0.009301387	-0.0537190359	0.0953978148	0.0268833251	0.0807309373	0.0041169047	0.0403092244	0.0190791597	-0.0678225781	0.0031680555	-0.0420738639	-0.0591981679	0.0426526033	0.0190190016	0.0091873585	0.0392778652	0.0741593097	0.0199507039	0.0566626768	-0.0016428417	0.1495582918	-0.0632654617	0.0206486426	-0.0259786953	0.0201459997	-0.002772401	0.0660281775	0.0866637752	0.0013465084	-0.0176253759	-0.0936086525	-0.0063061544	-0.0574198072	-0.0352315387	-0.1002943391	-0.0286705699	-0.0286524553	-0.0835807361	0.0765483213	0.0397147891	-0.0993068457	-0.1410419841740804	0.003709003818983	0.0198928412997615	1.3756709329231162e-05	0.1988718522516137	0.0325079524596815	0.0010567669731209	0.0395500136179876	0.0744269331568645	0.0189374266126164	0.0055393683791363	0.0003586261267082	0.0038139706125802	0.0001067923584737	1.1404607828396554e-08	1.4546371833625386e-05	0.0007923483133114	1.1454223744999893e-06	1.3119924160051937e-12	6.278158496074204e-07	-0.0061160692447252	0.0005229690323163	3.740630300627348e-05	2.734966087619512e-07	0.0	0.0	0.0	0.0	0.0
264.9409601519964	-0.2747730793238361	0.0755002451211031	70193.71236626175	361.6527276452982	1.8200146873042515	3.312453462003192	130792.69541328424	256.4362645501258	-0.3834613249605922	0.1470425877405329	65759.55777642212	269.06911191029	251.81680314653656	0.954113	20.301031	0.0774783089971801	0.0357958126863855	0.0598717311	0.0817118961	0.0180619652	-0.0126372167	-0.024589697	-0.0328780505	-0.0933138669	0.017391729	-0.0549644153	0.001383164	-0.0320783288	0.0857220194	0.018532792	0.0315095045	-0.0126644933	-0.0625801091	0.0450017826	-0.1237831583	0.0611362841	-0.0020465636	0.0429095618	0.0139225158	0.0267445988	-0.050551251	-0.0354498156	0.0940905557	0.0955379843	0.0424900288	0.024938216	-0.0169543695	0.0341798449	-0.1172842086	-0.0274478647	-0.0892397655	-0.0092962417	0.1581513144	0.0846734759	-0.0345205547	0.1240232537	0.1104026702	0.0584918197	-0.0497218568	-0.0182712618	-0.0967812961	0.0716409756	-0.044901111	0.0325528458	-0.1002290163	-0.074041331	0.0943074042	0.0623228984	-0.0059151313	0.0508893202	0.0516247675	-0.0391411569	0.1358139052	-0.0016684406	-0.0214864347	0.0094599602	0.0185223132	0.0434760146	0.0076940249	-0.1073510775	-0.0783898556	0.005371609	0.0105552194	-0.0948043638	-0.1019844899	0.073525978	-0.0038022327	0.038071529	0.1029825588	0.0275039574	0.1034433981	0.0561269243	0.0634301076	-0.0354869706	0.0747522967	-0.0830375119	0.0143783114	0.0006654135	0.0339262605	0.1220402422	-0.06924817	-0.0943949673	0.0118013455	0.0018502059	0.0743736471	-0.0443232055	-0.0251845953	0.1097694708	-0.1362532303	0.0015941979	0.0942117895	0.0769888958	-0.0438474353	0.0767769388	0.0586715248	-0.0437703014	0.0644882307	-0.0652206513	0.0177255081	0.0420223254	0.0097404885	0.1080882732	-0.0434658682	-0.0080117227	-0.0451751565	0.0735185818	0.0303048976	-0.0635268663	0.0246853585	-0.0528329104	0.0737722381	-0.024057142	0.0644364413	0.1053876488	0.0169261762	0.00385018	-0.0332371021	0.0372915541	-0.0241236463	-0.0567595191	-0.0249919897	0.0936126958	-0.030153796	-0.0818149717	0.0794944353	0.033873792	-0.0999229036	-0.1431388711237105	-0.00209688694963	0.0204887364265702	4.39693487952898e-06	0.226517158335838	0.0276453060842243	0.0007642629484904	0.0513100230205431	0.0598882510090987	-0.0145386821477657	0.0035866026089288	0.0002113732785937	0.0033550857329967	-0.0004588848795834	2.105753327103632e-07	1.1256600275758003e-05	0.0009967527493812	0.0002044044360698	4.178117348501295e-08	9.935160433989813e-07	-0.0061167286053831	-6.593606578994549e-07	3.741436883191188e-05	4.3475647718560206e-13	0.0	0.0	0.0	0.0	0.0
264.7027465813649	-0.2382135706315011	0.0567457052330091	70067.5440477183	361.677217303582	0.0244896582837554	0.0005997433628551	130810.40951646246	255.8503193727276	-0.58594517739823	0.3433317509162433	65459.38592312671	268.6233261720408	247.91791991425185	0.962626	20.482174	0.0856209033924588	0.0503610982359256	-0.0717084027	0.0711822852	0.034125021	-0.0097151929	-0.0166650183	-0.065056975	-0.0323153172	0.0020629987	-0.042427827	0.0229465938	-0.0001699641	-0.0148630173	0.0010027812	0.0117810914	-0.0437163439	-0.0026425874	-0.055188486	0.0076092538	0.0383263451	-0.0049845718	0.1302990516	0.0292931246	-0.0312343001	-0.0391585679	-0.0440545273	0.0864855574	-0.0362221878	0.094688616	0.1022217029	-0.164214488	-0.0547956359	0.0144686645	-0.0179808881	0.1173710343	0.1112799963	0.0166095309	0.0142701411	0.0471521634	-0.0147749262	-0.0107907661	-0.0542056135	-0.0620641316	0.0816238437	-0.0455798359	-0.0431126127	0.0044461584	0.1013586062	-0.0943176941	-0.0463202627	0.0187066758	0.1857991619	0.063442993	0.0133736207	-0.0059658714	0.1044847563	-0.0304839831	0.075856879	0.0413697045	0.015411495	0.0012230109	-0.0117325751	0.050559277	-0.0158880723	0.0397531915	0.0121879448	0.0286872845	0.0587939337	-0.1090048451	-0.0501378424	0.0400811294	0.1256543796	0.0872820618	0.056259676	0.0658217752	-0.0443983821	-0.1099186988	0.0616240493	0.0127277288	-0.0163792626	-0.0004087354	-0.0691554412	0.0997888733	0.0326650788	0.1730821928	-0.0334430894	-0.0595878087	-0.0476174356	-0.0015347275	0.0303444311	-0.0092221344	0.0339995838	0.0435549867	-0.0165655993	0.0379778914	-0.0218226915	-0.0426959946	-0.09975412	-0.0344609848	-0.000454232	-0.0012390043	-0.1190147674	0.0084767806	0.0185036726	0.0179179825	-0.0556392845	-0.1552931828	-0.0124099097	-0.0017556095	0.0443285302	-0.0146909957	-0.0721819126	-0.0174518035	-0.0522989194	0.1187408351	-0.0165666612	0.0489803689	-0.0219720506	0.035052371	-0.0142631612	-0.0244692105	0.0027890395	-0.1587540969	-0.0414723779	0.0756065464	0.0334943119	-0.0316476967	-0.0799684658	0.0822640518	0.0278991106	-0.0999229036	-0.1453750787932932	-0.0022362076695827	0.0211339135341562	5.000624741500546e-06	0.258175885609873	0.0316587272740349	0.0010022750126117	0.0666547879104422	0.0274726280765875	-0.0324156229325112	0.0007547452934345	0.0010507726101027	0.0035379673128511	0.0001828815798543	3.3445672250041256e-08	1.2517212706802832e-05	0.0007941921432617	-0.0002025606061194	4.103079915149919e-08	6.307411604186127e-07	-0.0061159638810304	7.647243526996694e-07	3.740501419406843e-05	5.848033356119284e-13	0.0	0.0	0.0	0.0	0.0
264.8473984837796	0.1446519024146937	0.02092417287219	70144.14448362595	359.018721224227	-2.658496079354961	7.067601403945701	128894.44218947925	255.8915774550213	0.0412580822937229	0.0017022293545556	65480.49941241917	268.7370739306227	246.19088317597283	0.980514	20.862783	0.1592287475073704	0.085961584356744	-0.0727527945	-0.0936385099	0.0122005879	-0.0667922089	0.0273090832	0.0114884199	0.1004381328	0.0745555145	-0.0449860651	0.0525953879	-0.0077593081	-0.0640006009	0.0390899302	0.0302476137	-0.045128414	0.0299457782	-0.109222182	0.0389079307	0.1115375105	-0.0365995676	0.0524858599	0.1163396527	0.0924719864	0.0004606692	-0.0514623283	-0.025546785	-0.0794592652	0.0247630624	0.1017355555	-0.131983011	-0.0290840006	0.0050787704	-0.0410996635	0.11539772	0.0114969128	0.0405802367	0.042252852	-0.0256596309	-0.0095557765	0.1503379201	-0.0325189724	0.1760951662	-0.0572984167	0.0225078111	-0.046861798	-0.0860955011	0.2039880671	0.1459718619	0.000498095	-0.0617882194	0.017034092	0.006609909	0.0616398958	0.00568242	0.0444958376	0.0969787497	-0.0567798376	-0.0178453703	-0.0330998134	0.0415855888	0.0026208001	0.0533102174	0.0545184713	0.062172649	-0.0588257545	-0.0619152689	0.0887838055	-0.0509438032	0.1351828246	0.0277479108	-0.0185552467	0.0446493903	0.0172517823	-0.0059249618	0.0113767451	-0.0220693544	0.0539110806	-0.0725252002	-0.0115339454	-0.0350836388	0.0082887767	0.0795914708	0.0654419956	0.1838445456	-0.0375673264	0.0346295093	-0.1510000282	0.1228435227	-0.0272496375	-0.1324828336	0.0666612067	-0.0381681534	-0.1287441111	-0.0070364033	-0.0983650975	0.1274209258	-0.1461170979	0.0677082238	-0.055226646	0.0265027906	-0.0511231586	0.0419865339	0.0280708475	-0.0208753426	-0.1024316741	0.0014252068	0.044768474	0.0999400367	-0.0431590798	0.0176694273	-0.1000532263	-0.0712338299	-0.0119026085	0.1296669171	-0.0093852589	0.0418250449	0.0656001858	0.0084203666	0.0013715377	-0.029136062	-0.0140280891	-0.1119163753	0.0672199195	0.0574911969	0.0888820279	-0.0331337888	-0.0780430407	0.0848510215	0.0218143241	-0.0993068457	-0.1507008914676788	-0.0053258126743855	0.0227107586891531	2.836428064264617e-05	0.187316295576764	-0.0708595900331089	0.0050210814996602	0.0350873945886016	0.0713297116623934	0.0438570835858058	0.0050879277658401	0.0019234437806523	0.0036828893056682	0.000144921992817	2.100238400207956e-08	1.3563673637805196e-05	0.0010250008508796	0.0002308087076178	5.327265951224522e-08	1.050626744303904e-06	-0.0065239584048768	-0.0004079945238464	4.2562033268562645e-05	1.6645953148865097e-07	0.0	0.0	0.0	0.0	0.0
264.6759066835658	-0.1714918002138006	0.0294094375405701	70053.33557876764	358.60306762839264	-0.4156535958343852	0.1727679117300544	128596.16011249354	255.8371235572252	-0.0544538977961224	0.0029652269851905	65452.63379003491	268.550479803576	249.6714845073651	1.196854	25.465925	0.3688168059753001	0.3415409639610789	0.0744423598	-0.0443775465	-0.0340677702	0.0726527233	0.036778325	0.0928840173	-0.0334799577	-0.0042521236	0.0929059768	-0.0222841313	-0.03396561	-0.1225215146	-0.1205853408	-0.1226890392	0.1183752742	0.0200521876	-0.0337502415	0.0477158833	0.0122356143	-0.1126015887	0.1313997722	0.1044208436	0.1183532633	-0.0609223395	-0.0817529138	-0.1840282912	-0.0260730001	0.0655620269	-0.1105467263	-0.0451927021	0.0072122039	0.0826593153	0.0361424974	0.0944846363	0.0284496771	-0.0364587606	-0.0609212061	-0.0388729876	-0.0283180596	0.0334227224	0.1088315004	-0.0299246824	-0.0053477065	-0.0779281067	-0.0713798317	-0.010532261	-0.0798137152	0.0046670218	0.0273042251	-0.0407274691	-0.0684076905	0.0215869318	0.0567398622	-0.0579760787	-0.0401611554	-0.030816295	-0.0491916767	-0.0281956564	-0.0159806658	-0.1131022758	-0.0488420946	-0.1732770926	-0.0038540324	0.0101602974	0.032705804	-0.0422728236	0.1081430901	0.0193578601	0.1507936576	0.1024287224	0.0420477244	0.0211847165	-0.0299747031	-0.1353205292	-0.0798105485	-0.1067039194	-0.0797831183	-0.1344948505	-0.0905105544	-0.0532271805	-0.0582295658	-0.0984547297	-0.0501160938	0.0275597613	0.0280589908	-0.1149026908	-0.1135804398	-0.0140909331	-0.000512294	0.0150466542	-0.0734604789	-0.040177103	-0.0921078234	-0.0396195782	-0.0360869544	0.0414488175	-0.0323240097	0.0207496672	-0.0659757026	-0.1132656748	0.0229199066	-0.1345463898	-0.0778754853	-0.1437683572	0.0619205116	0.0815208248	-0.014340302	0.1085148163	0.06475171	0.0535354675	-0.1160722346	-0.0836970468	-0.0433084626	0.0147508057	-0.0512741003	0.0950920662	0.0495500269	0.0693470121	0.0490223504	-0.0351755592	0.0459822307	-0.0501720284	0.0067431818	-0.0626680479	-0.0704946825	-0.0346117057	-0.0760405966	0.0872496007	0.0156434465	-0.098078528	-0.1446995111961939	0.0060013802714848	0.0209379485404174	3.601656516296806e-05	0.5287240996453875	0.3414078040686235	0.1165592886789596	0.2795491735458256	0.0795568527830852	0.0082271411206918	0.0063292928247494	6.768585101977811e-05	0.003653128066606	-2.9761239062199837e-05	8.857313505174091e-10	1.3345344671024493e-05	0.0007920952435613	-0.0002329056073182	5.424502192030615e-08	6.274148748724351e-07	-0.0065230156409673	9.427639095001966e-07	4.2549733052304034e-05	8.888037890560949e-13	0.0	0.0	0.0	0.0	0.0
264.75781371819426	0.0819070346284434	0.006708762321625	70096.69992483805	358.4113170551804	-0.1917505732122322	0.0367682823272196	128458.67219322904	256.0171534743085	0.1800299170832886	0.0324107710450157	65544.78287308762	268.39025762600045	252.47848957008875	1.277558	27.183105	0.3450802004839433	0.2636214150293623	0.0728909427	0.0439101231	-0.0471610522	0.1476023917	-0.0240213194	0.0248571306	-0.0562310597	-0.0654350657	0.0954644863	0.1422365076	-0.1238205479	0.0591242282	-0.0410258441	0.0130380312	0.0220608122	-0.0424336505	-0.1413967351	-0.0073697747	0.0534733878	-0.0507493927	0.0416756038	0.0416539544	-0.1276046109	-0.0718233133	-0.1351526077	0.103110324	0.1256417906	0.1173998444	-0.183162591	0.1188726349	-0.1060458769	-0.0456121374	0.0033787893	-0.0075508117	0.0025291816	-0.0082286661	0.0523099052	-0.1023518106	-0.0587310004	-0.1157501202	0.0658151404	0.1499577818	-0.0121639554	-0.023445806	0.0137772617	-0.0298150221	-0.0450241072	0.029750531	-0.0128498024	0.0107973123	0.1412748111	0.0075378438	-0.0404945507	0.065145795	-0.0186372794	0.1589207291	0.0440781279	0.0198165179	-0.0975472551	-0.0505063411	0.0288193217	-0.0126561851	-0.0672287231	0.070194821	-0.1155619701	0.157043407	0.0085709913	-0.0428971047	0.0557750741	0.0057466134	0.1011246323	0.0232868049	-0.0468897351	0.1393473847	0.0648897701	0.0143094224	0.0010839312	-0.0622824999	-0.2303044269	0.1312126451	0.0990279906	-0.0684848238	-0.0966366434	-0.0019185101	-0.0067137527	0.0255124221	0.0361372684	-0.0901152732	-0.014977888	0.0953510102	0.0121803792	0.0074189479	-0.0554867928	0.059590158	0.0275719594	0.0763279468	0.0984347742	-0.029651276	0.1045166805	0.028324988	-0.1063941294	-0.0360926408	-0.0693138333	0.1485885377	0.1476667708	-0.1134494979	-0.0410251837	-0.065483893	0.000149351	0.0688666834	-0.0527781914	-0.053046225	-0.0244925644	0.1481228022	-0.0826273441	-0.0124210858	-0.1019885115	-0.0017178649	0.0524062036	0.0847428136	0.0447267173	0.0399305319	-0.0325632056	-0.026451266	0.0467694872	-0.0360810826	-0.0739631095	0.089454464	0.0094108313	-0.0962455236	-0.1677411847791603	-0.0230416735829664	0.0281371050711164	0.0005309187215039	0.2743206595291667	-0.2544034401162208	0.0647211103429675	0.0752518242445169	0.0629125580016491	-0.0166442947814361	0.0039579899543108	0.0002770325487713	0.0030931220334008	-0.0005600060332051	3.136067572262235e-07	9.5674039135095e-06	0.0012509232408171	0.0004588279972557	2.105231310657684e-07	1.5648089544163562e-06	-0.0065239974505727	-9.818096053998068e-07	4.256254273507909e-05	9.639501012553245e-13	0.0	0.0	0.0	0.0	0.0
264.99255857082085	0.2347448526265907	0.0551051458346798	70221.05609790992	365.0458338395604	6.634516784379969	44.01681296221952	133258.46080361994	256.6466641650104	0.6295106907019203	0.3962837097080088	65867.51022702764	269.3756292921623	250.66013705244268	1.363034	29.001804	0.2124992150465452	0.1715524403356173	-0.0588499894	0.1035118117	-0.0306099002	-0.0803154283	0.1020828607	-0.1235014946	-0.0095684718	0.0905805938	-0.0067724227	0.0157922348	0.1081438522	-0.0065336831	0.1054844167	0.0325881807	0.0182589838	0.0335222758	-0.0200406209	-0.086814727	0.0091546038	0.0797877954	0.0610429575	-0.1089058124	0.0359754096	0.0892370334	-0.0077978121	0.1834386416	-0.0118850835	0.118107812	0.058832659	-0.0350939995	0.1196143271	-0.0683389187	0.0911534104	-0.0586088551	-0.0047887666	-0.1354135227	-0.0341280187	-0.033440224	0.0781347792	0.0740962461	0.0408158432	-0.0287169158	0.0112786482	-0.0036690857	0.1218817391	-0.0594000169	-0.0616279813	0.0287099729	0.1709284699	0.0026128584	0.0288410096	0.0063152102	-0.0244175479	-0.0178591851	0.0186505527	-0.0526069552	-0.0102519443	0.0705745788	-0.0442857818	0.1077349549	0.0300040844	0.0165927139	0.0009140166	0.0494151401	0.0705546821	0.0079281803	-0.0084902126	-0.1292773526	-0.0730364457	-0.0110532391	0.0080897685	0.0186883503	0.0802736393	-0.0614839955	-0.0010598393	-0.0229642044	0.0181650268	0.1239596417	-0.0684304441	0.0414785728	-0.0519238177	0.0871580318	0.1189843857	-0.1023667528	0.1193736366	0.1520208254	-0.0578818234	-0.0639621004	0.0070050849	-0.110687517	-0.0339864444	-0.0633080876	0.0139546963	-0.1457121515	-0.0788885453	0.0014256454	0.1485138485	-0.0114987182	-0.0479378357	-0.0530768284	-0.019641579	0.1006540165	0.0276329041	-0.0171579543	-0.103298644	-0.0771061618	0.025271322	0.0349956668	0.0999201039	0.0192078894	-0.0377011121	-0.0854535349	0.0016388831	0.0657891377	-0.0033595285	-0.0067596205	0.0698283302	0.0938527318	0.1272587274	-0.1013430417	0.0707116676	-0.0286295871	-0.0463831857	0.0759684678	0.0594626555	-0.0375415571	-0.0718126298	0.091460716	0.0031410759	-0.0938191336	-0.1634608650233104	0.0042803197558499	0.0267194543941689	1.8321137212319075e-05	0.1006601255854775	-0.1736605339436892	0.0301579810496072	0.0101324608828841	0.055635578523173	-0.0072769794784761	0.0030953175976081	5.295443033016232e-05	0.0035780773120167	0.0004849552786158	2.351816222574251e-07	1.2802637250768654e-05	0.0012479474939164	-2.9757469006998216e-06	8.855069617024595e-12	1.5573729475722234e-06	-0.0064663008387187	5.769661185400007e-05	4.181304653681416e-05	3.328899019431141e-09	0.0	0.0	0.0	0.0	0.0
264.6195852524805	-0.3729733183403709	0.1391090961938277	70023.52489919479	360.6305528460808	-4.415280993479598	19.494706251382187	130054.39564606984	256.29692508070264	-0.349739084307771	0.1223174270924381	65688.1138058233	268.9314139601749	246.01293405389708	1.034971	22.021486	0.1271845939177368	0.0765261189975509	-0.0928557691	-0.0802043736	-0.0452611058	-0.0036021169	0.139928308	-0.0066864547	0.1112332233	0.0583807264	0.0177296391	0.039881288	0.0299764838	0.0713397672	0.0636215796	0.030179383	0.0329224943	0.0213095654	-0.166204524	-0.1531581523	0.0370334453	-0.0086595914	-0.1107762401	0.0146480678	0.1279836003	0.0515574882	-0.0620669366	-0.0075004882	0.0838795558	0.0278631603	-0.0698597731	0.0290594517	-0.0488577389	-0.0729160902	-0.0554519637	0.0681621739	0.0462450895	0.0407848315	-0.0341272382	0.0400553985	0.1047430948	-0.0158169243	0.0851642549	0.1254725226	-0.025519608	-0.0789320301	0.0781695934	0.0165279161	0.0391390903	-0.0038722535	-0.0467096095	-0.1279798399	-0.067801201	0.0313242308	-0.0814460729	-0.0248198742	0.0193962556	-0.0443364598	0.010660425	0.1164234923	-0.0217050009	0.0611617679	0.0361435464	-0.0068130346	0.0485284292	0.1082171742	-0.1014932707	-0.0182178389	-0.1127987767	-0.0731008454	0.0961711073	0.0238401772	-0.0689130608	0.0538745516	0.0724494745	-0.0195712279	0.0640074764	0.0079231666	-0.0743440564	0.0106427981	-0.1494348316	-0.0864337188	0.0206878751	-0.0309006661	-0.0416349318	0.0359443817	-0.00659471	0.047399903	-0.0812843115	0.0004062951	0.0289758133	-0.0383697742	-0.0096436997	-0.1267887058	0.0342983315	0.0404029226	0.0294055459	-0.0069459693	0.0437064256	-0.1040587565	0.0296300863	0.0221033129	0.048531685	0.0766025017	-0.0112967384	0.073339458	-0.0116116631	0.1112576986	0.072559383	0.1095498743	0.0310264404	0.0131337422	-0.0717875626	-0.0535685569	0.0483428189	0.0856053671	-0.0673785558	-0.0611063061	0.0150132752	0.0285313212	0.0413567439	-0.1315788824	0.114226625	0.0713439872	-0.0485282065	0.0065200269	-0.0108025346	-0.0389927688	-0.0695912797	0.0932639023	-0.0031410759	-0.0908143174	-0.1812129251174496	-0.0177520600941392	0.0328381242296223	0.0003151356375859	0.123225515173786	0.0225653895883084	0.0005091968072721	0.0151845275898449	0.1270001977809371	0.0713646192577641	0.0161290502363971	0.0050929088818056	0.0036252880038634	4.721069184669994e-05	2.22884942464406e-09	1.3142713110955876e-05	0.0011961781947307	-5.176929918569999e-05	2.680060338178517e-09	1.4308422735491967e-06	-0.0062552303302006	0.000211070508518	3.912790648386151e-05	4.4550759566089263e-08	0.0	0.0	0.0	0.0	0.0
265.3649151094041	0.745329856923604	0.55551659562176	70418.53817102124	358.07928520058687	-2.5512676454939083	6.50896659894403	128220.77448976322	256.22256668782074	-0.0743583928818907	0.0055291705919776	65650.00368009474	269.0760840881972	251.01155135915485	1.148892	24.445412	0.0804760935837149	0.0375524624500075	0.0950229357	-0.0658612204	-0.075447772	-0.0660187592	0.0628228355	0.1003437122	-0.0533231286	0.0945484668	-0.050209121	-0.0493420505	-0.1017967299	0.0097120556	0.0685779011	0.0657557996	0.0637714166	-0.0788695461	-0.0762907421	0.0065273497	0.0150148128	0.0073977965	0.0466292496	0.0314697086	0.1010840302	-0.0586366519	-0.0249464046	-0.0435210748	0.231122195	0.0703062047	0.0674591155	0.0212725821	-0.022312462	-0.0666695312	0.0533278134	-0.1949015801	0.002691409	0.1070788264	-0.1362111929	0.1068190831	0.01572155	0.0153798655	-0.0510188151	-0.0071340913	-0.0238746024	-0.0736424351	-0.0865995181	0.0101846601	-0.0132203211	-0.0788708983	-0.0504791549	0.0538334788	0.0728050845	0.0265744161	-0.1245172548	0.0733729748	-0.0912193283	-0.0553095208	-0.0267709184	0.0100862234	0.0332380745	0.071540819	0.0984350726	-0.0581337731	0.004122969	-0.0592848003	-0.1282964813	-0.002088773	0.0699167602	-0.00957274	0.0233118094	0.1123505535	0.0537804851	0.0737577593	-0.001668272	-0.0315002182	0.0395733446	-0.0669707207	-0.0765006627	0.0902211443	-0.0557925605	0.0239371592	0.0306542773	0.0127511928	0.1151267535	-0.0733636231	-0.0440396192	0.0110251021	0.1060531651	0.1043982674	0.0843901628	-0.0378529619	-0.1529453687	-0.1603845776	0.0725936385	0.0322988773	0.0648270104	-0.0588277927	-0.0200584555	0.0853847897	0.0847053048	0.0696914502	0.0600488994	0.0707547799	0.0948209578	-0.0611096577	0.1317974043	0.015884714	-0.0417549112	-0.0129670508	-0.0436566843	0.0541449821	-0.0688457855	-0.1032027202	0.0526753867	0.0827688045	-0.0082311011	-0.0272786191	0.0355660768	0.1054667102	0.170425231	-0.0910753691	0.0483066329	0.1137261574	-0.0110890297	0.0068891055	-0.049410915	-0.0404343596	-0.0673012514	0.0948600195	-0.0094108313	-0.0872496007	-0.1817095528823529	-0.0004966277649033	0.0330183616087046	2.466391368728542e-07	0.1368918583994514	0.0136663432256654	0.0001867689371616	0.0187393808960554	0.0935105839471859	-0.0334896138337512	0.0087442293101437	0.0011215542347337	0.003230077291557	-0.0003952107123064	1.5619150712173215e-07	1.0433399309432204e-05	0.0012505821071582	5.440391242749984e-05	2.959785687419071e-09	1.5639556067442437e-06	-0.0064620858806546	-0.0002068555504539	4.1758553928955536e-05	4.2789218753627266e-08	0.0	0.0	0.0	0.0	0.0
265.35715784417977	-0.0077572652243134	6.017516376034225e-05	70414.42121914093	358.8518742687297	0.7725890681428496	0.5968938682138366	128774.6676661802	255.9158656933164	-0.3067009945043537	0.0940655000299596	65492.93031355956	268.5232622848223	251.29804397251635	1.081231	23.005764	0.2008335965570644	0.1620845945314122	0.0588409913	0.0557321247	-0.0697856331	0.0442055818	0.0207302641	0.018660783	-0.0904552555	0.0103336709	0.0420537907	0.0992549869	-0.1033259174	-0.1166623443	-0.0561144169	-0.0114459113	0.0307167622	-0.0112016239	-0.0485845318	0.0585559294	0.0787360264	0.0386753405	0.0461556726	0.0647140485	0.0303411353	-0.0697111668	-0.1978625136	0.0168686588	-0.0066814699	0.0228007744	0.0194424752	-0.0883145894	-0.0598735203	-0.0500512888	0.0087347174	-0.027042464	0.0312930163	0.0470435633	-0.0148981953	-0.0610584401	0.11715315	-0.1018854547	0.0580728084	0.0104602093	-0.0969022427	-0.0019418315	0.025633417	-0.1298635492	-0.0485970613	-0.0189589185	0.1114281771	0.0665737161	-0.0809552666	0.0127902054	-0.0221963975	0.1501710225	0.0578629272	-0.1108589829	0.0011768348	0.1325119798	0.0540213725	-0.0521376619	0.0189913014	-0.034577152	-0.055090978	0.0421921078	-0.0098563698	0.065765942	0.1783748005	-0.1006616469	0.0809689137	0.0218321563	0.0199912338	0.1060339542	0.0235830701	0.1024952977	0.0806770192	-0.1109878361	0.0004395709	-0.0424433887	-0.0028285129	-0.0457454218	-0.0677085657	-0.0180764428	-0.0086589798	-0.0170319477	0.0548021724	0.0107556433	-0.0378158889	-0.0660117701	-0.0672869631	-0.0290592248	0.1570256861	-0.1171045215	0.1374045396	-0.0478115138	0.0412909849	0.0071319052	-0.0743295854	-0.0019783354	0.1676801774	-0.0397116056	0.077704176	-0.0368260437	-0.0040086928	-0.0012988193	0.0192306178	-0.0888167717	0.0113536644	-0.0479469113	0.0121816847	0.0770762115	-0.0048527776	-0.0831683059	0.0107591119	0.1465662494	-0.1558704036	-0.0567791649	-0.0584878249	0.0215258354	0.0725238286	0.1354495784	0.0153895579	0.0916097691	0.0419664861	-0.0971438959	-0.0074599304	-0.0418659738	-0.0649448048	0.0962455236	-0.0156434465	-0.0831469612	-0.1818466438063666	-0.0001370909240136	0.0330682018636395	1.87939214469239e-08	0.3009946551128308	0.1641027967133794	0.0269297278891527	0.0905977824064919	0.0988178110623323	0.0053072271151464	0.0097649597831508	2.8166659651745222e-05	0.0026824300380858	-0.0005476472534711	2.999175142345486e-07	7.195430909224987e-06	0.0012149019781539	-3.568012900430004e-05	1.2730716057634927e-09	1.475986816522259e-06	-0.0064196836270396	4.240225361500007e-05	4.121233787128031e-05	1.7979511116307865e-09	0.0	0.0	0.0	0.0	0.0
265.27694337635074	-0.0802144678290233	0.0064343608490934	70371.8566870996	360.9592519940071	2.107377725277388	4.441040876995298	130291.58160007311	256.1686383605804	0.2527726672640256	0.0638940213157698	65622.37127951383	268.5568553178445	249.74497254482105	1.012245	21.53793	0.1390865443818344	0.0894530738075953	-0.0658079929	0.0218719118	-0.1160482858	0.0412784422	0.1194508738	-0.0739915515	0.0542481453	0.0446777237	0.0874425398	0.0303459256	-0.101259336	-0.036837531	0.004772535	0.0652216239	0.0797395392	0.0461477851	-0.0931100204	0.0471073459	-0.0304758117	0.0460244653	-0.033639439	0.0711751557	0.0460223117	-0.0399772357	-0.0395485958	-0.0160171855	0.0005649998	0.001487341	0.0053218037	-0.0257878719	0.1266584071	-0.0283601611	0.0273957262	-0.0629629339	-0.078741039	-0.0387613688	-0.0065995255	0.0340448303	-0.0402131112	0.1326075632	-0.0455778998	0.0594715608	0.1482654391	-0.0243060509	0.0217220583	-0.0072651689	-0.1187090528	-0.0224385425	0.0389975655	-0.0029715564	-0.0117084477	-0.0775791072	0.1558565868	-0.1102486776	-0.0362103446	0.09319797	-0.0015103802	-0.1071963456	-0.0056313659	0.006055769	0.0965864985	-0.0293110965	0.0088933797	0.118332137	0.0170235723	0.0343602637	0.0811597716	-0.0673128782	0.0354563286	0.0788865795	-0.0999449714	0.0528235939	-0.0265101812	-0.0703981693	0.0255672325	-0.1541183534	-0.033573319	0.034505243	0.093243876	0.037040182	0.0357495369	-0.0194533265	0.0230758506	0.0275143682	0.0206404124	0.0811201919	0.1147258159	0.019994338	-0.0019604097	-0.07836622	-0.0745194608	0.0368010138	-0.0133700924	-0.1272660936	0.0118084874	0.0048595251	0.0743372065	0.0314033174	-0.048401026	-0.0580260843	-0.0518055459	0.0055217699	0.0321090811	0.0113480957	-0.0547579297	-0.0103441429	0.1085978391	0.0794982389	0.0770207376	0.0166415012	0.0287194799	-0.0226027382	0.0423026009	0.1239030843	-0.108207077	-0.0753883105	-0.032930667	0.061890244	0.043913694	0.1892209817	-0.1488603127	0.0233922136	0.1044947014	0.0758264337	0.0142438627	-0.0432872582	-0.0625242656	0.0974173387	-0.0218143241	-0.0785316931	-0.1815889923901608	0.0002576514162057	0.0329745621572738	6.638425227284908e-08	0.219758678778362	-0.0812359763344688	0.0065992838510143	0.0482938768984112	0.1262053182340921	0.0273875071717597	0.0159277823505684	0.0007500755490831	0.0025382068160972	-0.0001442232219886	2.0800337760772997e-08	6.442493841282286e-06	0.0009591048096659	-0.0002557971684879	6.543219140647821e-08	9.198820359242624e-07	-0.006623771425751	-0.0002040877987114	4.387434790059544e-05	4.1651829582865066e-08	0.0	0.0	0.0	0.0	0.0
265.3475333222892	0.0705899459384795	0.0049829404675974	70409.31344022338	359.10693075791846	-1.8523212360886416	3.431093961664954	128957.78771837243	256.308844294324	0.140205933743573	0.0196577038569071	65694.22366349203	269.1117280769287	250.60207460132744	1.046639	22.269747	0.1664056669212925	0.1152355038361015	0.0146810822	-0.1160139036	-0.1697633903	0.0890592509	0.0974589893	0.0769176652	0.047692734	0.0493476515	0.1450265354	0.0043280387	-0.0369698815	-0.0667291812	-0.0634726626	0.0089184727	0.1565266699	0.0220645275	-0.1059288771	-0.0061282886	-0.0443552881	0.0771141966	-0.1759525441	0.0814784084	-0.0010294839	-0.0438476422	-0.0685390284	-0.1143232254	-0.0564953132	0.0313402325	-0.0135367503	-0.0285739834	0.026261304	-0.016016315	0.0664166777	0.0062790057	-0.06302693	-0.0438202423	0.0040583327	-0.0388479699	0.0180737409	0.0327843923	0.0193956422	0.0094259538	-0.0508763676	-0.0100432442	0.1361410217	0.0341643071	-0.0557220132	-0.0403323854	-0.0176526491	-0.0150753438	0.016764572	-0.0902754572	-0.0213889064	0.0366463883	-0.0664186555	-0.1132331711	0.0398333575	0.011703647	0.0004587566	-0.0587368202	0.0678680656	-0.1400873608	0.0740005214	0.0716645185	-0.0773346914	0.0303256951	-0.0118029224	-0.0600695711	0.0378982707	0.0313749306	-0.1763916417	-0.0181142564	-0.0769554563	0.0005799558	-0.0513967342	-0.1663779512	0.0070928798	0.0399958106	0.0657134175	-0.0062186104	-0.0413957188	-0.0296275589	-0.02080522	-0.0093258643	0.0843276843	0.0499092024	-0.0405934806	0.0551881535	-0.0606974429	0.0118129895	0.0199735906	0.0046376495	0.016772273	0.0614796352	0.0484833651	0.0998992051	0.0909628405	-0.0800056907	0.0482218418	-0.0318821832	0.0470027202	-0.0552607052	-0.0405826723	0.0252431161	0.0744636079	0.0858848745	0.0595077077	0.1180437568	-0.0413805819	0.1061325351	0.0247695527	0.0139859836	0.04197471	0.0868638197	-0.0939522793	-0.0765037431	-0.0334042272	0.0418546154	-0.0206016944	0.1302811212	-0.0332366051	-0.0034263034	0.0884450458	-0.195295236	-0.0901872703	-0.0446978621	-0.0600420225	0.0983728629	-0.0278991106	-0.0734322509	-0.181228044743321	0.0003609476468398	0.0328436042014871	1.3028320375919208e-07	0.3237195113692337	0.1039608325908717	0.0108078547129872	0.1047943220411354	0.1328121526754131	0.006606834441321	0.0176390678982772	4.365026133502555e-05	0.0031200440017974	0.0005818371857002	3.38534510663529e-07	9.734674573151934e-06	0.0013269367597472	0.0003678319500813	1.3530034350061198e-07	1.7607611643683982e-06	-0.0067836433348147	-0.0001598719090636	4.60178168939759e-05	2.555902730767196e-08	0.0	0.0	0.0	0.0	0.0
266.0687952937446	0.7212619714553625	0.5202188314676762	70792.60382906457	365.0741089874844	5.9671782295659455	35.60721602340577	133279.10505300565	256.81294631637985	0.5041020220558607	0.2541188486408075	65952.88939569979	269.50035032307085	255.5166607027536	1.250624	26.610022	0.3066014980570412	0.2709707894532369	0.0576980243	0.1425227121	-0.1905441197	0.0054848919	0.1292154519	-0.0543780887	-0.1600053565	0.1319678202	0.0901939971	0.0616514502	-0.0247864413	0.039661074	0.1234740807	0.0357767009	0.1412991141	-0.0374532697	-0.065567276	-0.0205797956	-0.1876466366	0.1221226662	-0.0224198078	0.0874928726	-0.0189967004	0.0588845599	-0.0783830903	-0.023602723	0.0393634507	-0.1125497789	-0.1218386165	-0.1121756129	-0.0251812322	-0.0199091363	0.0352221206	-0.1567281424	0.0134417188	-0.0457261348	0.1034077146	-0.1031485164	-0.0049750913	0.0394508049	-0.0382881197	0.0053683652	-0.020130089	0.012465857	-0.1489447847	-0.0057737162	0.1995767008	-0.0187710978	0.0544481006	0.0664761946	-0.1975349795	0.0584784823	-0.0141741653	-0.0235642975	0.0018613739	-0.0055291194	-0.0562310669	0.0561104275	-0.0229616903	0.123067345	0.1021722923	-0.1030172345	-0.1003119926	0.0210664262	-0.0090787274	0.1577634212	-0.0344963966	-0.0829137463	-0.0273665423	0.1065134447	-0.126079667	-0.1483646758	0.0892566522	0.0541685507	-0.0197997486	-0.0036672447	-0.087815748	0.0492757453	0.0005987064	0.0919745711	-0.0761595084	-0.0051356544	-0.1047384341	0.0149303661	0.0918176572	0.0299474063	0.0898457151	0.1414105373	-0.0281823276	-0.0420725939	0.1121046395	-0.094894468	0.0193846797	0.0427639383	-0.1181322633	-0.0628676707	-0.04481516	0.0378282509	0.0450026109	0.015753998	0.012896631	0.1063593186	0.000818305	0.0582683287	0.122080829	-0.0072886204	0.0201163356	0.013055317	0.1651004313	0.0400630176	0.0815637189	-0.0492420118	0.0494831037	-0.0333379267	-0.1452970087	-0.0931354354	0.0361270847	0.0279207971	0.0215605588	0.0213977899	0.0117481482	0.0716089195	0.1163850041	-0.0697433311	0.1601118591	-0.0460974375	-0.0575005252	0.0991099747	-0.033873792	-0.0678800746	-0.1816816693109473	-0.0004536245676263	0.0330082289636124	2.0577524835416637e-07	0.0505963459277865	-0.2731231654414472	0.0745962635007561	0.0025599902212442	0.1289538172269004	-0.0038583354485126	0.0166290869773888	1.488675243324962e-05	0.0034538782275397	0.0003338342257422	1.1144529027696072e-07	1.192927481067278e-05	0.001325232106194	-1.7046535531999984e-06	2.90584373643738e-12	1.7562401352873852e-06	-0.0065358547621211	0.0002477885726935	4.271739747154106e-05	6.139917675753134e-08	0.0	0.0	0.0	0.0	0.0
265.97652668796843	-0.0922686057761552	0.0085134956118755	70743.51274899558	363.6941458792057	-1.37996310827873	1.904298180210294	132273.43174680494	256.73188857264165	-0.0810577437381994	0.0065703578199276	65911.26261007528	269.40412362629934	253.56235667951344	1.242439	26.435846	0.262317211115328	0.1886179162892784	-0.0806914953	-0.0379200139	-0.2168617442	-0.0721136363	0.0326973891	-0.0792564572	0.0702153307	0.1363034782	0.1109778553	-0.090396316	0.0196756573	0.0013302437	0.0232631745	0.0702719587	0.14466733	-0.0280530814	0.0076448326	0.0315249837	-0.0613146442	0.1647658582	0.0065135213	-0.0194718563	0.1798114488	-0.0928813043	0.0433173154	0.0261011197	-0.1243555425	0.0791555548	-0.0247240882	-0.0967935307	-0.0096728499	0.0028096563	0.1178669007	0.0704379136	-0.0832287042	0.0781271889	-0.0571295598	0.0104010536	0.0786252411	-0.070033518	-0.0420602795	0.0421044688	-0.0530041803	0.0043598488	0.1360817337	0.0855885031	-0.0168974024	-0.008844102	-0.0690409775	0.0927765264	0.0393245794	0.0603852181	0.0599708268	0.004320381	0.0954767656	0.0734033943	0.0751505653	-0.0708518702	0.0449909629	0.0325679932	0.1353818544	-0.0873495056	0.0058595245	0.023474948	0.0234139035	-0.1016522955	0.0233632336	-0.0707487899	-0.1444831101	0.1871995761	-0.0774452444	0.0454177867	-0.1133956508	-0.0213948952	0.0642379991	0.0284225883	0.1263898107	0.0425219794	-0.0020322676	-0.0344156602	-0.06895171	-0.0481260933	-0.0768809016	0.0923573915	-0.0165893137	0.1676932768	-0.0757023105	0.0044950014	-0.0457375214	0.0444035629	0.1016742899	-0.0088482579	0.080229467	0.0427670655	0.0924367086	-0.0047382254	0.0208700125	0.0948968495	-0.0236213724	0.0212597648	-0.0800446703	0.0199650672	0.1103697731	-0.1129863167	0.0810279057	-0.0485477063	-0.0763264313	0.1561507256	-0.0175528179	-0.0401970014	0.056417789	0.0375968195	0.1336192836	0.0401897841	-0.1053943684	-0.1006097464	0.0272728774	0.0219020381	0.0091094025	0.0268641382	-0.0262170442	0.1065534344	-0.0100062199	0.0155935882	0.0247049138	-0.047485639	-0.0549022818	0.0996270376	-0.0397147891	-0.0619093949	-0.1653179605944217	0.0163637087165256	0.0273300280950987	0.0002677709629592	0.2326499799424368	0.1820536340146503	0.0331435256579402	0.0541260131672162	0.1082475472583084	-0.020706269968592	0.0117175314874397	0.0004287496160122	0.0036478020673794	0.0001939238398397	3.7606455658173745e-08	1.3306459922777423e-05	0.00087198114851	-0.000453250957684	2.0543643064146322e-07	7.603511233568186e-07	-0.0063191575913336	0.0002166971707875	3.9931752664109065e-05	4.6957663827307176e-08	0.0	0.0	0.0	0.0	0.0
265.24625118678114	-0.7302755011872932	0.5333023076343523	70355.573768641	359.6357928114117	-4.058353067793973	16.470229622872754	129337.90347109264	256.17384453587886	-0.5580440367627943	0.3114131469665149	65625.03862429263	269.1860085478527	254.47664211002493	1.232366	26.221537	0.1801030885713278	0.1117768766653695	0.1364401367	0.0026277356	-0.1507346381	0.0759825725	0.0876159393	0.1077859932	-0.0680010674	0.0135614817	0.148804675	-0.0602950479	0.0766674143	0.0390840336	-0.06459272	0.0084819764	0.1330162373	0.0686268582	-0.0295780178	0.0759724361	-0.073304259	0.1876186954	0.0432640324	0.0316128096	-0.0602815537	-0.0760354515	0.0460462472	0.0195557524	0.0592154576	0.1018690136	-0.0380622287	0.0374904897	-0.0639188859	0.1444784045	-0.0080624757	-0.00242299	-0.1370655271	-0.0454636486	0.0746888443	0.0955011487	-0.0172834011	-0.0117338431	-0.0722634978	-0.0701491358	-0.0384581926	0.0530693483	0.0861088233	-0.0485775904	-0.0899314287	0.0356588602	-0.0174702301	0.0945811797	-0.0573763054	-0.1718881043	-0.0051480597	0.0082408714	-0.0196976458	-0.0101865798	0.0615632832	0.1007332204	-0.1631948069	-0.0635075107	0.0509597822	-0.1268332711	0.1074204223	-0.0579455822	-0.0082324415	0.1441973867	0.0489053065	-0.0409504899	-0.1577795004	0.0770173911	-0.0107345306	0.0164167981	-0.1070168885	-0.0574575459	-0.0112908933	-0.0353561891	0.0533468356	0.0321301254	-0.0902012764	0.0679375973	0.1180036387	0.0174108853	-0.0848094276	-0.0209438127	0.0680520376	-0.0189698944	0.0922418579	-0.0139688347	-0.0287354506	0.0997620708	0.0499218288	-0.038738429	0.0077074191	-0.0299377571	0.0727923347	0.1644989561	0.0739798391	0.0054998032	-0.146792357	-0.0159890746	0.0696201461	-0.0638323265	0.0047687376	-0.0321877074	0.0324809516	-0.0489507761	-0.0659949089	0.0137590818	-0.0575256497	0.1310611142	0.1658885799	0.0644126309	0.0845459754	0.0122748688	-0.1141169455	-0.0773987736	0.0375920802	0.0569014253	0.1440749599	0.0401641357	-0.0917404251	-0.0019649392	0.0648194557	0.0804287773	0.0576297475	-0.0488621241	-0.0522498565	0.0999229036	-0.04539905	-0.0555570233	-0.1646971825457086	0.0006207780487131	0.0271251619384944	3.853653857640506e-07	0.3324695523706253	0.0998195724281885	0.0099639470397463	0.1105360032535239	0.1190446294922296	0.0107970822339212	0.0141716238109422	0.000116576984766	0.0035757934356461	-7.200863173329993e-05	5.185243044102009e-09	1.278629869440974e-05	0.0016843434780757	0.0008123623295657	6.59932554497411e-07	2.837012952136146e-06	-0.0068120997472447	-0.0004929421559111	4.640470296641131e-05	2.4299196907428376e-07	0.0	0.0	0.0	0.0	0.0
264.5279615037758	-0.7182896830053096	0.5159400687118681	69975.04241734311	361.5657895358104	1.929996724398677	3.724887356189623	130729.82016265392	255.9254876975245	-0.2483568383543684	0.0616811191573778	65497.85525321576	268.40333105802307	249.1395306988311	1.110692	23.632618	0.1537717949966082	0.118305351551843	-0.0879362427	0.0037807561	-0.1115347747	0.0873478171	-0.0080686438	-0.1015521509	0.0437746703	-0.0656772383	0.1202142419	-0.1257848346	-0.0141115288	-0.075934	-0.1079291722	-0.0785465347	0.0964572974	0.0435721371	0.0010362651	0.0403284235	-0.0323099351	0.0458506339	0.0309112507	-0.0602462388	0.0245019552	-0.0309891711	0.0425450228	0.0403228508	-0.0615291985	0.0960966294	-0.0056456878	0.0846172057	0.0487229849	0.1110705794	0.0211435918	0.0780172719	0.0104747918	0.0625421411	0.126123056	0.1000967707	-0.0175131282	0.0621808339	-0.073490382	-0.0017979109	0.0511885828	-0.0296614936	-0.1149336407	-0.0230550243	-0.1347244514	-0.0712226372	0.1243183438	0.0498939406	-0.0034112661	0.0578758373	-0.0380998465	-0.0648446926	-0.0975434877	-0.0764865353	0.0377155608	-0.0309004994	0.0528034828	-0.1061587147	-0.0232623182	-0.0885026936	-0.0139003447	0.1198954974	0.0873305221	-0.0622921984	0.0111829391	0.0048287135	-0.1379989418	0.0254344693	-0.0458010658	0.0340015407	-0.0753092134	-0.0045373689	-0.1242989521	-0.0190195317	0.1030000346	0.058772535	-0.0219583103	0.0596123244	0.0877707231	0.0529083018	-0.0786084419	0.0192184661	-0.1280176375	-0.1337515257	0.0169336744	-0.0147340056	-0.0917311559	-0.0273711278	-0.0500279674	-0.0508934909	-0.029377726	-0.149016435	-0.0235760815	-0.0504540015	-0.0216876545	-0.0384361361	0.0523593125	0.0612273886	0.0339271973	-0.1121139227	-0.0674815914	-0.0873867463	-0.055526518	-0.0375309079	-0.0384532226	0.0761990317	0.0367630449	-0.0026578156	0.1406350795	0.0614774453	0.10073315	-0.054697578	-0.0670169414	-0.131459047	-0.0636474489	0.0664166267	0.1225437971	0.0331597035	-0.0426997382	-0.1128525047	0.0662439612	-0.028423347	-0.0244327525	-0.0502265533	-0.0495458668	0.0999969158	-0.0509041416	-0.0488621241	-0.1639546255134263	0.0007425570322822	0.0268811192272478	5.51390946191886e-07	0.4464961197836032	0.1140265674129779	0.0130020580759863	0.1993587849818137	0.1275013553363777	0.008456725844148	0.0162565956126132	7.15162120030821e-05	0.0037461638212517	0.0001703703856055	2.9026068291400824e-08	1.403374337565514e-05	0.0016839431400883	-4.0033798740001306e-07	1.60270504155493e-13	2.835664499050444e-06	-0.0072522479177957	-0.000440148170551	5.259509986117207e-05	1.9373041203939218e-07	0.0	0.0	0.0	0.0	0.0
264.2377627285339	-0.2901987752419472	0.0842153291519262	69821.59525178096	358.62622184753417	-2.939567688276213	8.64105819395756	128612.7669966368	255.9307669505177	0.0052792529932048	2.7870512166262515e-05	65500.5574718802	268.7205329814556	249.48376903487264	1.095687	23.313364	0.1852120664973341	0.1488047978136345	0.0276498156	-0.0265926623	-0.1033174566	0.1617105559	0.1368163888	0.0644750575	0.0278090816	-0.0420903095	0.1154864972	0.0006725339	0.1146512674	0.0385894066	-0.0555243982	-0.0051415173	0.0663717311	0.092227161	-0.1404555606	0.1097731366	-0.0922464925	0.163619324	-0.0898043483	0.0280012978	-0.048773879	0.0650907164	0.0926425699	-0.0718943509	-0.0426139791	0.0200416429	-0.100853238	-0.1035680107	-0.0383789955	-0.0983699014	0.0618701563	0.0741748723	0.0914748787	-0.0002716867	0.1020538486	0.1209204692	-0.0646557584	-0.1621795045	-0.0788743892	-0.0727976528	-0.0508602683	-0.0651331482	-0.1187536503	0.0947928991	0.0446194484	0.0498137773	0.0455092133	0.0285965151	-0.001281579	0.0745027579	0.0021189804	-0.1140162455	0.0209746877	-0.0431028655	-0.0372533109	-0.0310914762	0.0185461941	-0.062364289	-0.0016810406	-0.0544359177	0.1241236008	0.0537010186	-0.0602088822	0.1694672261	-0.020340753	0.0138126675	-0.1468770485	0.0052509998	-0.2005866522	-0.0737693822	-0.0884602588	-0.0392941636	-0.081460142	-0.0304926421	0.0328200262	0.057654429	-0.135087756	-0.0132800623	-0.1350818492	-0.054679302	-0.0297254334	0.0552488017	-0.054308367	-0.0452978187	0.082982351	-0.0169871767	-0.115232894	0.1035148194	-0.0037793233	0.1166638353	-0.0705290391	0.0683404194	-0.0263412571	-0.1892831126	-0.1752946258	-0.0199191443	0.0029461056	-0.034900074	0.0560558737	-0.0516550753	-0.0775540898	0.1277436883	-0.0197472211	0.0664887082	0.0331600275	0.0592444664	-0.0038635213	0.1325271059	0.1543555037	0.1111377143	0.0900525788	-0.0113730659	-0.0348272548	-0.1619718874	-0.0878255082	0.0053575054	-0.006017021	7.04055e-05	0.0299229782	0.0041250634	-0.0057269641	-0.0687452111	-0.0130840875	-0.0515785898	-0.0467929814	0.0998489097	-0.0562083378	-0.0418659738	-0.1802587084261944	-0.0163040829127681	0.0324932019634797	0.0002658231196264	0.2988295440694486	-0.1476665757141546	0.0218054175831441	0.0892990964087545	0.1438560563202742	0.0163547009838965	0.0206945649400219	0.0002674762442726	0.0038190958937809	7.293207252920004e-05	5.319087203404495e-09	1.4585493445894132e-05	0.001663171493577	-2.0771646511299948e-05	4.3146129879039924e-10	2.766139417047149e-06	-0.0072562783364855	-4.03041868979933e-06	5.265357529654877e-05	1.6244274815083744e-11	0.0	0.0	0.0	0.0	0.0
264.7669589274629	0.5291961989290144	0.2800486169609169	70101.54253969682	360.30125111274	1.675029265205808	2.8057230392959087	129816.9915534057	256.3861475630895	0.4553806125717869	0.2073715023062559	65733.8566622423	268.9218251382859	249.3933044478516	1.375251	29.261745	0.1743174437193632	0.1270480108911797	-0.017158273	0.0083190763	-0.0294398013	-0.0877947341	-0.1199526518	-0.0803365693	0.0013749857	-0.0255207034	-0.0323553907	-0.1099574643	0.0392070411	-0.0062147858	0.0436519871	0.0129629926	-0.109328851	-0.0382145216	0.1549827522	-0.051676368	-0.0308392182	-0.0925104996	-0.047241075	-0.0328500307	-0.0920421153	-0.0066870311	0.1082826218	-0.0322753086	-0.1613429584	0.1537042036	-0.0384515061	0.0625916504	0.0896468655	0.0095261415	0.1332698922	0.1373507033	0.0364184242	0.0130397544	-0.0509769254	0.0444027924	0.1097653337	-0.0150136754	0.1062694602	0.0421230737	0.0441834849	0.0041112143	-0.1161999898	-0.0504772734	-0.0098478164	0.0552960663	-0.0382747642	-0.0045698774	0.0524180999	0.0142006516	-0.2357364312	0.0004160988	-0.1321266476	-0.0285884663	-0.0036512488	0.0040106653	-0.0212752372	0.0401616392	-0.0147888701	0.1063072825	-0.0779620384	-0.0639074451	0.0735508545	-0.1151780002	-0.0965587633	0.1147103723	0.0098625429	-0.0895588652	-0.0268846481	-0.0527122008	-0.168573227	-0.0946187745	-0.1411474637	0.0701049527	0.1603421521	-0.0236615802	-0.0395028652	0.0714217476	-2.1114e-06	-0.0429480345	-0.0157892736	-0.0136030088	0.0166840375	-0.0037692118	-0.1696503297	-0.0681282457	-0.0757623023	0.0475168609	-0.0988360323	-0.1367648848	-0.0231741487	-0.0628926449	0.1759176874	-0.0099081121	0.0875541141	0.0966902863	0.2886200233	0.0058317008	0.0697011763	0.0311756058	0.081312633	-0.0747807118	0.0433949694	0.0589469346	-0.0332965486	0.0054467535	0.0564727354	0.0352627939	0.1032522494	0.0746997125	0.1422906272	-0.1388956236	0.10643852	-0.1373473375	0.0200540795	0.1844050364	0.0324229405	-0.0204225824	0.090768549	-0.0854076727	-0.133808513	-0.0759320934	0.0576332292	-0.0529179001	-0.043993917	0.0994792142	-0.0612907054	-0.0346117057	-0.184755725209996	-0.0044970167838015	0.0341346779978715	2.022315995379328e-05	0.1715616281822747	-0.1272679158871739	0.0161971224142647	0.029433392264553	0.1408396961512465	-0.0030163601690277	0.0198358200119754	9.09842866929684e-06	0.0041461900582764	0.0003270941644955	1.0699059244700929e-07	1.719089199935006e-05	0.0019030295621704	0.0002398580685933	5.7531893069356174e-08	3.621521514494464e-06	-0.0074800491209838	-0.0002237707844983	5.595113485233052e-05	5.00733639949848e-08	0.0	0.0	0.0	0.0	0.0
264.3105728709261	-0.4563860565368145	0.2082882326012244	69860.07893135713	359.58873485709137	-0.7125162556486089	0.5076794145635137	129304.05823612356	255.96664954831937	-0.419498014770113	0.175978584396066	65518.92568099214	268.56341432526915	248.91529828864248	1.295926	27.573921	0.5749740802886374	0.3961247280930023	-0.0004777853	0.0562120811	-0.0461112826	0.0871325875	0.0371977866	0.0127220976	-0.0224494675	-0.0713051639	0.0600109439	-0.1098386785	0.1088587341	-0.0788086734	-0.105002545	-0.0837532932	0.1317079141	0.1257011343	0.0470248075	0.0843286766	-0.0456508726	0.0219269862	0.0866181037	-0.1301015515	-0.1410085566	-0.1168720193	-0.035855441	-0.1062151365	-0.1273090547	0.0765738513	-0.0591700916	0.0210601994	-0.0270268538	-0.0591375741	-0.0231632569	-0.0581515045	0.180345849	0.0364741363	-0.049601105	0.0292385036	-0.0582584685	0.0364395094	-0.0127539709	-0.071816077	-0.0149646086	-0.0467096694	0.0283294274	0.0593123756	0.0318010668	-0.0073609861	0.175177654	-0.1233920868	-0.0099998562	0.0674883016	0.0122035675	0.030939235	-0.0443449013	0.0004542354	-0.1107212671	0.0247713005	0.1214474583	-0.1023388091	-0.0447131499	-0.1294781304	0.0649740268	0.0371768367	0.1541172213	0.0764989231	0.0076692668	0.045326748	-0.1120180998	-0.0244171873	0.0612399016	-0.0437302782	-0.2134755733	-0.0537995831	-0.0854265458	-0.0185114293	-0.078152635	-0.1451894889	-0.0335514093	0.0284342748	-0.125572094	0.0025534494	0.0569665677	-0.0090928749	0.0441610575	-0.0406340313	-0.0057740805	-0.0576201146	-0.0269636861	-0.1668115021	-0.0656766965	0.1050818292	0.0487545354	0.0246534422	-0.2114558085	-0.15461915	0.0467388002	0.0267538823	0.0413242361	0.1270097792	-0.0328909749	-0.1291664491	-0.1332080995	-0.0743733279	-0.0525848509	-0.0401246747	-0.2235311765	0.1117147978	0.0083448559	-0.0113358437	0.1329218599	0.1670351784	0.1053089435	-0.1647913385	0.0882561573	0.1093983825	-0.043146495	0.0788385895	0.0780600693	-0.1122629356	0.1100534666	0.0111286425	-0.1308243429	-0.0176203876	-0.1447949635	-0.0542441537	-0.0411514359	0.0988886499	-0.0661311865	-0.027144045	-0.163164587027893	0.021591138182103	0.0266226824599828	0.0004661772479986	0.5220780757328782	0.3505164475506035	0.1228617800034949	0.2725655171609449	0.0844338697782305	-0.056405826373016	0.0071290783657271	0.0031816172488228	0.0062614306919758	0.0021152406336993	4.474242938453036e-06	3.920551431041654e-05	0.0012550898624417	-0.0006479396997287	4.19825854484518e-07	1.5752505628039251e-06	-0.007646082151214	-0.0001660330302301	5.846257226311331e-05	2.7566967127422426e-08	1.0	0.0	0.0	0.0	0.0
264.53056483862946	0.219991967703379	0.0483964658540045	69976.41973384435	357.9804183672059	-1.6083164898854534	2.586681931637466	128149.97993435978	256.31606823005933	0.3494186817399622	0.122093415148893	65697.92683291643	269.09332212117124	248.9645358224872	1.288925	27.424955	0.4593955477959793	0.3401894783868476	0.0432349785	-0.0724077199	-0.0562426206	0.0740991386	0.1813953554	0.0035564862	0.1127568059	-0.0561640967	0.0540169872	0.084869294	0.1515074755	0.1696261329	0.0482671437	0.0526717754	0.0557446013	0.2116519955	-0.1354531204	0.0080325106	-0.0718723175	0.1215732358	-0.0146979217	-0.0974935084	-0.0904990218	0.0245542836	0.0479087655	-0.1079685501	0.022401163	-0.1275020824	0.0564575176	0.0255067716	0.0405602281	-0.0919999096	0.0667521251	0.0511908731	0.010844992	-0.0591743013	-0.1135580078	-0.0076717841	0.0832825137	0.1566334703	-0.0542615819	-0.04186033	-0.0868558085	-0.0688859471	-0.0723038491	0.1443423964	0.0233239321	0.0410975126	-0.0436332994	-0.0433919822	0.1257383361	-0.0293235232	0.0670716435	0.0694796725	0.0399888306	-0.0014883037	0.0763970407	-0.0869840497	-0.083528536	0.0423323617	0.0213702021	0.0071465931	0.1769837391	0.1270132154	0.0103120827	0.1298381539	-0.0823604502	-0.0065284532	-0.0682534884	0.060917434	-0.0656831689	-0.1037326597	-0.1175609819	0.0543838352	-0.0688109485	0.0792274092	-0.0232908567	0.0001492626	0.0673292712	-0.0287764013	-0.0189618529	0.018422517	0.0807424656	-0.0893049895	0.0393479898	0.0999559895	-0.0691532786	0.1766988104	0.1271387813	0.0460074293	-0.0606767998	-0.0653771647	-0.1059527359	0.1169576936	-0.0156477409	-0.1028855103	-0.1328292281	0.0586249107	-0.0462971444	0.0633792946	0.0779572042	0.0330115038	-0.0481716177	0.1491471409	-0.0698575615	0.0397764539	-0.1127764943	0.109321405	-0.0220989523	0.1055713272	0.083959477	0.2062870313	-0.0213714848	-0.0821173424	-0.0643595445	0.078135316	-0.0118617918	-0.0830906128	-0.1277363974	-0.1412533199	-0.01142461	0.0129650653	0.0071450012	0.0797491172	0.0394268841	-0.0555570233	-0.0382683432	0.098078528	-0.0707106781	-0.0195090322	-0.157673187485912	0.0054913995419809	0.0248608340519675	3.015546892966909e-05	0.2032780697875154	-0.3188000059453628	0.1016334437907633	0.0413219736565379	0.111369836957941	0.0269359671797105	0.0124032405840383	0.0007255463279064	0.0050419037441521	-0.0012195269478237	1.4872459764681897e-06	2.542079336529496e-05	0.0009463412641996	-0.000308748598242	9.532569691646164e-08	8.95561788326897e-07	-0.0070109941947013	0.0006350879565127	4.915403959813533e-05	4.0333671250747723e-07	0.0	0.0	0.0	0.0	0.0
264.61941610017453	0.0888512615450736	0.007894546678151	70023.43537719731	364.6167631257255	6.636344758519613	44.04107175393074	132945.38395228144	256.88286189584926	0.5667936657899304	0.3212550595795873	65988.80473580197	269.40861099038347	248.441592723666	1.312104	27.918152	0.1702081548669937	0.1064326429723178	-0.0538732222	0.1075316605	-0.0085370699	-0.0814283551	0.0989212642	-0.1061825804	-0.0721501465	0.046758552	-0.0494196231	-0.0894200953	0.1050652195	0.1229416726	0.1238925477	0.0240426243	0.0520980353	0.1099535055	0.1076688576	-0.0706699234	-0.1580685425	-0.0199719378	0.024074902	-0.0318537467	-0.1088405292	0.0258369061	0.0856914707	0.0168765955	0.0179815377	0.0104491392	0.0799829772	0.0994623533	0.0754969033	0.0251550523	0.0194883141	0.0117757379	0.044997372	0.203827935	-0.08079125	-0.0148071961	-0.0791773342	0.0786286107	0.0132814469	-0.0110867377	0.091439145	-0.0622293953	-0.0713037218	-0.0014342425	-0.01663185	-0.0602127879	0.0188351815	0.0466805862	-0.0540716192	-0.0418664072	-0.1124507204	0.1329926807	-0.0627430035	-0.0925325002	-0.1260222417	-0.0625619129	-0.0742955375	0.1258050557	0.0412084673	-0.0263971724	-0.0136262565	-0.0382194667	0.1796476777	0.0826332167	-0.1763728785	0.0700698348	-0.0356816799	0.0308079844	-0.0181922436	-0.036226656	0.0155656475	-0.0702493545	-0.0225849771	0.0975009383	-0.0170279054	-0.0467994872	0.0664916876	0.1678188063	0.0592582603	-0.1261729009	0.1794661756	-0.0048224175	-0.1161939461	-0.1932765442	-0.0326401613	0.0669232749	0.033835514	-0.1232704028	-0.1049627149	-0.05139839	-0.0275373794	-0.0170197817	0.0506091198	-0.0406345952	-0.0138907742	-0.0121032512	-0.0119233864	-0.0821434801	0.0831768961	0.0966803365	0.0541355809	0.0114759387	0.0250523729	0.0904727104	-0.1189866009	0.0638940237	0.0893575262	-0.0137151244	0.061907749	0.1182969504	-0.0074202185	-0.1140404155	-0.031747616	0.1200113126	0.1542608985	-0.0671383343	-0.0583938693	-0.0858922116	0.0573187627	0.0252114182	-0.0022754299	0.0266139822	0.1046733505	-0.0568561851	-0.0353474844	0.0970506473	-0.075011107	-0.0117537397	-0.1574398110764434	0.0002333764094686	0.0247872941117861	5.4464548496458114e-08	0.1118470960956017	-0.0914309736919136	0.0083596229502514	0.0125097729050187	0.1386732620743274	0.0273034251163863	0.019230273614335	0.0007454770230861	0.004575109131736	-0.0004667946124161	2.1789721018069707e-07	2.093162356729413e-05	0.0012468913043295	0.0003005500401298	9.033032662208448e-08	1.5547379248125217e-06	-0.0072684571351398	-0.0002574629404385	5.283046912536468e-05	6.628716569923886e-08	0.0	0.0	0.0	0.0	0.0
263.8841034157415	-0.7353126844330404	0.5406847438881242	69634.82003552974	358.7686773120232	-5.848085813702312	34.20010768442623	128714.96382021865	256.36596677447324	-0.5168951213760238	0.2671805665023343	65723.50892021031	269.3043289964822	247.5476311851676	1.098599	23.375311	0.1167173316530167	0.0619243111336466	0.0131676472	-0.029440263	0.0257297327	-0.1052319	0.0961048114	0.01472511	0.0284109766	0.0554249791	-0.1201908298	-0.0766990859	0.0861961028	0.0918982474	0.0777544966	0.0667229076	0.0548312773	0.0536036795	0.0504432707	0.1049241227	0.0105212593	0.0320609174	0.0721478187	-0.0402575105	0.1189450432	-0.0257054169	0.0333309782	0.1064039793	-0.1152163852	-0.1701927147	0.0466005317	0.0973109817	0.0069925909	0.0566727849	0.0286655693	0.0288744767	0.0340864528	-0.0078450478	-0.1474294859	0.01765484	0.0890191835	-0.1151213441	-0.0463973571	-0.149160813	0.0697242306	0.0232642167	0.0479078255	0.0601891347	0.1562689628	-0.0358541423	0.0848636579	-0.0774397794	0.0213891867	0.0484285722	0.0154955368	0.0309824847	0.0065939231	0.0826633341	0.1178918207	0.0093594167	0.0130624157	0.0818991761	0.0674752301	-0.0078615572	0.094717116	-0.0279607804	0.0486462562	-0.0481921317	0.0278066722	0.0716344959	-0.1472541982	0.0765590796	-0.0013427775	0.0657172612	0.0330906759	0.1248292558	-0.0590627559	0.1218496067	0.0330882133	-0.0608978993	0.0706672516	-0.1063855782	-0.0716872026	-0.025032672	-0.0313222818	-0.0645899394	-0.0244638169	0.0952094433	-0.0357792392	1.43613e-05	0.1337410404	-0.021048415	0.0014470393	0.0172758992	0.0306233908	0.0463766126	-0.0150197149	-0.1127361966	-0.0307562413	-0.1331556787	-0.1279641507	0.1371776384	-0.1553087451	0.0661948753	0.0774794972	-0.0289341244	-0.0179871542	0.0488575272	-0.1457842042	-0.023562716	-0.046312104	-0.0689617254	0.0820534026	0.0290327384	0.0779814365	-0.0265255861	-0.0502227354	0.0736225824	0.0032782782	-0.1023093732	-0.0866466101	-0.0481545664	-0.0319693132	-0.0359150216	-0.0139361139	0.025054968	0.0583483939	-0.0581413184	-0.0323917418	0.0958072899	-0.0790155012	-0.0039259816	-0.1768698802090114	-0.019430069132568	0.03128295452515	0.0003775275864963	0.1617738238845874	0.0499267277889856	0.0024926781477154	0.0261707700942414	0.1489501306591805	0.0102768685848531	0.0221861414233869	0.0001056140279103	0.0043843205308338	-0.0001907886009021	3.640029023421873e-08	1.9222266517090776e-05	0.0013601348339691	0.0001132435296396	1.2824097005234972e-08	1.8499667665761512e-06	-0.0077060983275302	-0.0004376411923903	5.938395143356374e-05	1.915298132768907e-07	0.0	0.0	0.0	0.0	0.0
262.9613723456062	-0.9227310701352848	0.851432627793008	69148.68334588455	357.007204466046	-1.7614728459772095	3.1027865871150504	127454.14404066118	256.0688653792311	-0.2971013952421231	0.0882692390548162	65571.26381660679	268.7349557337116	243.34564365667777	1.06947	22.75552	0.267089039740825	0.2203342637763657	0.0092482045	0.0301975031	0.1206682775	-0.0063958789	0.0691340637	0.0354429997	-0.0426276426	-0.0985797843	-0.0708318285	-0.1082969903	0.0872915046	-0.00904727	-0.0686887494	-0.0179966206	-0.0016162135	0.0922851314	0.0996303991	0.0758468612	0.11155074	0.0645827613	-0.0355508019	-0.0402270502	0.0242404944	-0.0253671493	0.0508759923	0.1136615027	-0.0492373173	-0.0003919105	-0.0196222056	0.1044983246	0.1405809043	0.0208193912	-0.1436918081	-0.0012052318	0.060892101	0.0516724815	-0.1208460317	-0.0073885615	-0.0590089483	0.0025612704	-0.0471796795	-0.0857076701	-0.2064774864	-0.0301550974	0.0743133957	-0.0055158253	0.0699701637	0.1111270787	-0.0673501318	0.0480966423	-0.0968577845	-0.0017681573	0.0205204875	0.0152499198	-0.0789755566	0.0229514951	0.0834766779	-0.0369688109	-0.0584278339	-0.0627245457	-0.0243838746	-0.002109061	0.0643792054	-0.0551918631	0.1195360361	1.10626e-05	0.0697680165	0.0568038402	-0.0859983308	-0.062170028	-0.0538094966	0.1533157213	-0.0196549148	-0.0168116407	0.0322169272	0.088231303	0.0343992175	-0.0649694751	-0.0377411369	0.0251117526	0.1381812853	-0.0563650732	0.03951964	-0.1539048451	0.010344773	0.0405156347	-0.034060786	0.037260937	0.0279089167	-0.0820340824	0.1143593052	0.1007896196	0.0005043698	-0.0092334165	-0.0072138437	0.0324946484	-0.0931629608	-0.0302079383	0.0523837818	0.0076323724	0.0791298104	-0.0688591315	0.0118533802	-0.0879653779	-0.0889845623	0.0772556084	-0.0827722315	-0.0959671669	-0.0328628421	-0.0532200775	0.0741330375	0.1146966368	0.0624905986	0.0063649295	0.0097946168	0.1133137942	0.0816283052	-0.0374905614	0.0255046059	0.0282906412	-0.0186155179	-0.0246587035	-0.0854422472	0.0276730295	0.0125752943	-0.0594121063	-0.0294040325	0.0943512164	-0.0827080574	0.0039259816	-0.1698789062338193	0.0069909739751921	0.0288588427831987	4.8873717121813305e-05	0.3795001205929367	0.2177262967083493	0.0474047402783321	0.1440203415300535	0.1549077008531441	0.0059575701939635	0.0239963957836071	3.549264261600338e-05	0.0044539937607335	6.96732298997001e-05	4.8543589646564645e-09	1.983806042065295e-05	0.0014220418074979	6.190697352879992e-05	3.832473371495534e-09	2.0222029022718942e-06	-0.0083028021013681	-0.0005967037738378	6.893652273448252e-05	3.560553937123913e-07	0.0	0.0	0.0	0.0	0.0
262.89835322491626	-0.0630191206899439	0.0039714095725337	69115.54412837284	357.9035002510503	0.8962957850042699	0.8033461342164203	128094.91549195356	255.67563529622635	-0.3932300830047666	0.1546298981799356	65370.03048412894	268.1845742430158	243.3769956801883	1.074037	22.852701	0.2918575696128614	0.1616194743855387	-0.0020248784	-0.0302575693	0.0743843251	0.0435280145	0.1417713352	0.0037957436	0.0528013864	-0.0495841424	-0.0822557443	-0.0056929577	-0.0340568097	0.1159937188	-0.0265758478	0.048289083	0.089122247	-0.0030365738	-0.022108244	0.1397195184	-0.0906867783	-0.0462639547	-0.1594350133	-0.0324449914	0.0371958413	-0.0254497803	0.1176706026	0.1667129438	-0.046529259	-0.1128508835	0.0824806471	0.0201683419	0.0620619746	-0.0102750305	0.0946521532	-0.0483573716	0.040546765	-0.0504085024	0.1465693573	-0.1523671007	-0.054630503	-0.1402561255	0.0796303886	0.0660907836	0.0085696642	0.1007797966	-0.0273525685	0.1018402271	-0.0082831781	0.0164683452	-0.1641028711	-0.0564108679	-0.0301046363	0.1860575428	-0.0059078529	0.0924941442	-0.0462495816	0.0261078416	0.1113826298	0.0257192607	0.0535405624	-0.0248692153	0.0864331919	-0.0405548762	3.44386e-05	0.0703948867	-0.0281006268	0.0206092294	-0.0273082529	0.1703998228	-0.0520668895	0.0248795894	-0.1553169969	0.058459105	0.0782467925	0.0931465489	0.0714452973	0.1300592478	0.0278714172	0.0981605535	0.1789416796	0.0155944017	-0.0117723764	0.0405449279	-0.0235397206	-0.0287276662	-0.0935947864	0.089250494	-0.0612162613	-0.1713856734	-0.0527038706	0.0966468147	0.0503985212	0.1053450157	-0.0108143864	0.157717473	-0.0431355337	-0.0459462425	-0.0159987102	0.028827958	0.0463174501	-0.0623972089	-0.0391474287	-0.0186470678	-0.0210948546	0.0621322874	-0.06318314	0.1671496599	0.0271857201	-0.1420011152	-0.0288897332	-0.141859111	0.1645390804	0.0206442438	0.1447138141	0.0688322379	-0.0969213345	-0.0326444735	0.0411668327	-0.0909712942	-0.1508451125	-0.1305122578	-0.1503864233	0.1505453102	0.0214721444	-0.0755160851	0.0332204834	-0.0606682351	-0.026387305	0.0926856596	-0.0860742027	0.0117537397	-0.1962904221254007	-0.0264115158915814	0.038529929818168	0.0006975681716912	0.2613489196735798	-0.1181512009193568	0.0139597062786862	0.0683032578145472	0.2604312014519223	0.1055235005987781	0.0678244106896917	0.0111352091786203	0.0045182923078934	6.429854715989981e-05	4.1343031668738615e-09	2.041496537956867e-05	0.0017123669436462	0.0002903251361483	8.428868467952895e-08	2.932200549692228e-06	-0.0078219987406134	0.0004808033607546	6.118366429815762e-05	2.3117187171301305e-07	0.0	0.0	0.0	0.0	0.0
264.10256873643016	1.204215511513894	1.4501349981706693	69750.16681318081	359.8013600403408	1.8978597892905211	3.601871779805862	129457.01868687896	256.239945987727	0.5643106915006797	0.3184465565419753	65658.90991979327	268.9251560492804	243.554131079848	1.170963	24.915039	0.3276723126448059	0.2269869615029412	-0.0569241775	0.0081577816	0.0576496573	-0.105694317	0.0909884004	-0.0210122995	-0.0300747441	0.0451322647	-0.1431986119	0.0150612566	-0.0368756467	0.1548645921	0.1325119393	0.0048110885	0.0069891694	0.0121445675	0.0100208286	0.1215331955	-0.0850919376	-0.1127052371	-0.0682118819	0.0548991	0.086675816	0.0360919427	0.058359521	0.0080778967	0.0604100858	-0.0458744607	-0.0911532055	0.0663803806	-0.0435057097	0.0144838566	0.0496690803	0.0644861541	0.0585725222	0.0321794697	-0.0864218249	-0.0237602305	-0.1583940706	0.0035400635	0.0518761579	0.0056458742	-0.0835430184	0.1234695364	0.0807727405	-0.052056322	-0.0110706365	0.0516263231	0.0620181695	-0.028843889	0.030498107	-0.1082863006	0.0070341037	-0.075585204	0.0464471073	0.0744917755	0.055524918	-0.0755398175	0.0529342232	0.132389285	0.0074376089	0.0047352095	-0.0093643687	0.0039680442	0.0102702727	0.0603475422	0.0345682805	0.1579974471	-0.0100468576	0.0215021577	-0.0374868851	-0.027036846	0.0845845258	-0.0212170747	0.0646161075	0.0793463647	-0.0241982183	0.0292729707	-0.0338753861	-0.0261232084	-0.0251687564	-0.2182677896	-0.0025896577	-0.0232319136	-0.0609828768	-0.1129409567	-0.0267108909	-0.0282826032	-0.0245333079	-0.0366130364	-0.0316866788	0.1085873805	0.0370972677	-0.0973092519	-0.1073281627	0.2093330376	0.0597093913	-0.1112463828	0.1200494364	0.0479343255	-0.0556032259	0.1268005345	-0.0014484293	0.0649414149	-0.0679806517	0.0959849251	-0.0580081449	-0.0886697051	-0.0189798427	-0.1229820965	0.0690560693	-0.0891436505	0.026864064	-0.0897851631	-0.1064307413	0.0349680914	0.1074818001	-0.0901311178	-0.0512038099	-0.0409070636	0.075607235	0.049142453	0.0597829828	-0.0627750968	-0.0088867855	-0.0619093949	-0.0233445364	0.0908143174	-0.0891006524	0.0195090322	-0.1850983127633725	0.0111921093620282	0.0342613853878472	0.0001252633119715	0.0502893732554383	-0.2110595464181415	0.0445461321342316	0.0025290210624247	0.185510014498746	-0.0749211869531762	0.0344139654793249	0.0056131842544727	0.0040798248455279	-0.0004384674623654	1.922537155532409e-07	1.6644970770186756e-05	0.001843998352625	0.0001316314089788	1.7326827829744152e-08	3.4003299244837143e-06	-0.0078618892674983	-3.989052688489932e-05	6.180930285440496e-05	1.591254135154875e-09	0.0	0.0	0.0	0.0	0.0
265.0130163260622	0.9104475896320424	0.8289148134667957	70231.89882223771	359.225431391878	-0.5759286484628205	0.3316938081202111	129042.91055868084	256.4412395234076	0.2012935356805769	0.0405190875067877	65762.10932830171	269.4018920271798	246.61609777453285	1.01775	21.655058	0.1035239207778093	0.0521910108276993	0.0250777631	-0.0131991458	0.0169390644	-0.1379428143	-0.0072951625	0.0257952108	-0.0091322762	0.1308497306	-0.121025108	0.0557553152	0.004767639	-0.0714623742	0.1217352277	0.0046350447	-0.051755882	0.0045133347	0.0457584797	0.0023687874	-0.1312113852	-0.0484539579	0.0801628599	0.045723973	0.0549914191	0.0446501203	0.0233602813	-0.0568061551	-0.0502009677	-0.0969425326	0.0470812734	0.0734873648	0.0039996941	0.0653527276	-0.0148357403	-0.2133916238	-0.037261443	-0.0279589487	0.0116094636	-0.0194334738	-0.0432643227	-0.0010727836	0.112053933	0.0549534556	-0.0299347899	0.1358296843	-0.0056424804	-0.0350525017	0.0146654548	-0.1254546879	0.0105558428	-0.0197117837	0.087500687	0.0495122986	0.0708594904	0.0863333533	0.1080112684	0.0799095064	-0.0128388589	-0.1311366121	0.0725851855	0.1240024025	-0.0234897765	0.0459347498	-0.0070215223	-0.0356856576	0.012637092	-0.0559806342	0.0706256309	0.069037681	0.0736250395	0.159931866	-0.0013531498	-0.1222604503	0.0819752359	0.0150814626	-0.050039589	0.0641742772	-0.0547118968	-0.0777901404	0.1736448368	0.0660356335	-0.0241607656	0.099307668	-0.0153902169	-0.1454824347	-0.0310221041	0.027314955	0.0923673572	0.0193209931	-0.0226017388	0.0108285392	0.0688322654	0.0753692078	0.1650511778	0.0369029412	0.024035422	0.0637858238	-0.004251017	0.0377634001	0.0337228781	0.1094817957	-0.0979765681	0.1053323141	0.0696907553	-0.0296273948	-0.0199195381	0.0662515612	-0.0603179575	-0.0254615415	0.0026800676	-0.0724753655	-0.0189818385	-0.0293919201	0.0085841526	-0.0879975576	-0.0656991183	0.020202086	0.0005959268	-0.0249176177	-0.110426055	-0.0594917795	0.0425696635	-0.081466525	0.0201812207	-0.0036737039	0.0134059946	-0.0631352795	-0.0202787295	0.0887413447	-0.0917754626	0.027144045	-0.1744913221887998	0.0106069905745726	0.0304472215191955	0.000112508249049	0.0823212302566815	0.0320318570012432	0.001026039862948	0.0067767849509735	0.1677373004540925	-0.0177727140446534	0.0281358019636264	0.000315869364513	0.0040752301266808	-4.594718847100027e-06	2.11114412838962e-11	1.660750058540681e-05	0.0013833146111872	-0.0004606837414377	2.122295096251297e-07	1.913559313523995e-06	-0.0074649205446364	0.0003969687228618	5.572503873773461e-05	1.5758416693060785e-07	0.0	0.0	0.0	0.0	0.0
264.65363423857394	-0.3593820874882567	0.129155484807417	70041.54611568488	361.38698285660655	2.161551464728575	4.672304734670248	130600.55137820124	256.4171257595088	-0.0241137638988107	0.0005814736093675	65749.74238276774	269.35125545161566	250.1357223221859	1.09573	23.314262	0.336494693918571	0.2706043476279772	0.0439293116	0.0431044656	0.0198837706	-0.0730710148	-0.1077577532	-0.0121547711	-0.0611264391	0.0431425246	-0.0248328726	-0.0593831632	0.015656072	-0.1091391797	-0.0522225373	-0.0172456091	-0.0076640076	-0.0017583698	0.1684208004	-0.0225231708	0.1040767969	0.0262060193	0.0205067534	-0.0445150561	0.0462497072	-0.1181264248	-0.0562004237	0.0799797712	0.0691452794	-0.1092367699	-0.0020550134	0.0653549196	-0.0124426065	-0.0393889646	0.0523985693	-0.1176711924	-0.0928085689	-0.0051587757	0.063118816	-0.1678968747	0.0531132253	0.0255692617	0.0329881788	0.0242726153	0.011909826	0.0410127258	-0.0146949117	-0.046500576	-0.0621485449	0.0992456078	0.0037833565	-0.0336942003	-0.1397503992	-0.014360112	-0.135596126	0.047385465	0.0594175858	-0.1165893256	-0.1200748221	-0.1252705	-0.0754105147	-0.0452164844	-0.0096517565	-0.0115377134	-0.0233595644	-0.106614823	0.119046781	-0.081730216	0.0395334724	-0.0431550198	0.0676483579	-0.0196321656	0.0177204361	0.0831348187	-0.0486450959	0.1383751912	0.1170769441	0.1299954056	-0.0073108498	0.0307869404	0.1393488694	0.063792578	0.0001139882	-0.1029162645	0.0301437759	-0.0918573722	0.0563433322	0.0364078344	0.0053951997	-0.0644649577	0.018817025	0.046902354	0.0536947912	-0.0863261338	0.0055406786	-0.011242331	-0.0798928862	0.0932834427	0.1481074979	0.0792828336	0.0254151545	-0.0348040509	0.2124196273	-0.0445058237	0.0392052991	-0.1237177522	-0.0143840577	-0.0093820273	-0.0307358609	-0.0767383231	-0.0316048415	-0.0297255325	0.0639391473	-0.0022044854	0.0275776723	0.0356424651	0.0022198682	0.0884125895	0.102543931	-0.0930402062	-0.069586032	0.0583572115	-0.0841190706	-0.0127350694	-0.0136336196	-0.0982729538	0.0581773764	-0.0643455865	-0.01719291	0.0864713441	-0.0940880769	0.0346117057	-0.1788386577585754	-0.0043473355697755	0.0319832655088888	1.8899326556236103e-05	0.3514876825560407	0.2691664522993592	0.0724505790434232	0.123543590988616	0.1588370185517362	-0.0089002819023562	0.0252291984624045	7.921501794141077e-05	0.0039358876330582	-0.0001393424936226	1.9416330528964332e-08	1.5491211460060482e-05	0.0016790705350853	0.000295755923898	8.747156652081867e-08	2.819277861791636e-06	-0.0081114346100573	-0.0006465140654209	6.579537143323544e-05	4.179804367870603e-07	0.0	0.0	0.0	0.0	0.0
262.97996576692447	-1.673668471649478	2.801166152993499	69158.46239477277	356.78760612775693	-4.59937672884962	21.15426629388343	127297.3958863754	256.10915628535633	-0.3079694741524577	0.0948451970097413	65591.89993319707	268.4262029209545	242.62894801379807	1.183737	25.186831	0.1237189370137735	0.0816923681506912	-0.0758435865	0.0093397898	0.0826506198	0.1038751821	-0.058798964	-0.0123924318	0.0666770223	-0.1348230921	0.0421741236	-0.063189568	0.0519195587	0.0352638545	-0.1011613084	-0.1014484554	-0.0190352716	0.0321030864	0.0308458595	-0.1272524153	0.006485794	-0.0009533909	-0.0440859615	-0.0774748085	0.0198121174	0.0455469292	-0.0531083149	0.0265253611	-0.083840452	-0.0890632965	0.0283843636	0.088369744	0.0452443885	-0.0581201487	0.001832942	-0.0039296004	0.1920953877	-0.097051508	0.0366840589	-0.0818572059	-0.0197937239	-0.0574632108	-0.0452882034	0.0260715855	0.0347727083	-0.1106469908	0.083902438	-0.1819452555	-0.0638327033	0.0114287235	0.0111049517	0.1412429582	-0.0093042531	0.0319509556	-0.0637121429	-0.0819704615	-0.0356076263	0.0425275135	-0.0379143437	-0.0028396443	-0.0570203493	-0.1067911138	-0.0949116993	-0.0190017777	-0.0060875558	0.0279099963	0.0474065536	-0.0375338083	-0.1382024331	-0.0495666744	-0.0583150536	-0.0385127881	-0.0047643796	0.0452473104	0.050589848	0.0538558669	0.0504162475	0.0696686738	0.0048603752	-0.0863091213	-0.0224036976	-0.0421357464	-0.0708971705	-0.0427926492	0.0879381893	-0.0286176317	0.0569141574	-0.0372758611	0.1098821166	-0.1683430777	0.0664463764	-0.1113154664	0.1111749703	0.0168980027	-0.0862047471	-0.0793599667	0.0375934674	0.0106965913	-0.0381521327	0.0429439932	-0.0404079644	-0.1764169616	-0.0189125848	-0.1066674316	-0.0960333595	-0.008140522	-0.0715373919	-0.0009370877	0.0174228766	0.0077478985	0.0263113284	-0.0909086431	0.021342718	0.0448839983	0.0126621871	0.0622511849	0.1139050236	0.0155122009	-0.0323253822	-0.0978074951	-0.007514954	-0.0711598697	-0.1437844491	-0.0001100345	-0.1023059923	0.0597404704	0.1496365815	-0.0655400171	-0.0140901232	0.0840093554	-0.0960293686	0.0418659738	-0.190330136311843	-0.0114914785532675	0.0362255607884847	0.0001320540793402	0.4267435706484406	0.0752558880923999	0.0056634486925758	0.1821100750897806	0.1367583339232752	-0.022078684628461	0.01870284189747	0.000487468314923	0.0040119978130911	7.611018003289994e-05	5.7927595046404415e-09	1.609612645224777e-05	0.0016628540791765	-1.6216455908799965e-05	2.629734422420533e-10	2.765083688633926e-06	-0.0083169656889085	-0.0002055310788512	6.917191827048125e-05	4.224302437373819e-08	0.0	0.0	0.0	0.0	0.0
261.9653274957024	-1.0146382712220543	1.029490821428479	68625.83280993062	354.8063891248883	-1.9812170028686185	3.925220812455711	125887.57376384166	255.7274224454125	-0.3817338399438483	0.1457207245582756	65396.51459057446	268.4672238199655	243.1477882893206	1.011901	21.530603	0.1171548845923541	0.0701606311307934	0.0633511628	-0.0505139111	0.1608192004	0.0619905425	-0.0066376022	0.0839026591	0.0177967189	-0.1528891696	-0.0693020248	-0.1223601962	0.0479023362	0.0981212908	-0.0861603849	-0.0489087435	-0.030453214	0.0226330629	-0.0192648892	-0.0630277364	0.0060213523	0.0604369925	-0.1156058234	-0.0519369253	-0.0557302667	-0.0351536663	-0.0634619019	0.0489686202	0.0005188224	-0.101701806	0.1162119443	0.0423594755	-0.0113916511	0.0427819041	-0.0469418232	-0.0274035508	-0.0777598295	-0.1353167408	-0.1093346372	0.118747774	-0.0540560236	-0.021928497	0.0745571913	-0.0288101907	-0.0371763095	0.0623700119	0.0443948831	-0.0860589518	0.0935184822	-0.1196097236	-0.0872369832	0.0949294632	0.1079924378	0.0440136238	-0.0078988181	0.0485574659	0.1065636976	-0.0065543426	-0.0854952355	0.0138715537	-0.1173166141	-0.0906243026	-0.0670573905	-0.0039028416	0.0693036026	-0.0589389939	-0.0330931215	0.0167740674	-0.1233972619	0.0131741258	-0.0876713653	-0.0538251652	-0.0414705371	0.1195417563	0.0443038823	0.0615759514	0.0118219544	0.0094370481	-0.035229016	-0.0679992579	0.0482518879	-0.0389340103	0.0630528472	0.0480893398	0.0093943001	-0.1263360779	0.1225599129	-0.0236481154	0.0150312649	0.0311839864	0.004065691	0.0959034175	-0.0389847658	0.0643740049	0.1169355001	0.042337995	0.1442473612	0.1208160429	-0.0797853509	-0.0115804525	-0.1335475435	-0.0373672511	-0.0496317427	-0.081320345	-0.0695349989	-0.017817367	-0.0429717145	0.1005814934	0.0255111686	-0.1050195675	-0.0489124355	0.0260340969	-0.0045155337	0.0484794324	-0.0026793651	-0.0008146209	0.0474735326	0.0184373711	-0.0507371102	-0.0922824046	0.0282841552	-0.1274363994	-0.1465355599	-0.0249924218	-0.0794141378	0.0454128877	0.0932283868	-0.0667182767	-0.0109734311	0.081360845	-0.0975916762	0.0488621241	-0.1820769184219983	0.0082532178898447	0.033152004222051	6.811560553725269e-05	0.3765493303857283	-0.0501942402627123	0.0025194617555508	0.1417893982139403	0.1748862254843572	0.038127891561082	0.0305851918641654	0.0014537361148936	0.0037098104206116	-0.0003021873924795	9.131722017355968e-08	1.3762693356878417e-05	0.0017451607845178	8.23067053413e-05	6.774393744139581e-09	3.045586163818784e-06	-0.008289869089155	2.709659975350109e-05	6.872192951532754e-05	7.342257182014356e-10	0.0	0.0	0.0	0.0	0.0
261.64962005761146	-0.3157074380909535	0.0996711864659532	68460.52367629243	355.0645369115866	0.2581477866982595	0.0666402797772101	126070.82537223944	255.6158406750468	-0.1115817703656887	0.0124504914779412	65339.45800401091	267.7521682256477	237.59085764571853	1.094145	23.280544	0.1746505996214412	0.1356812116788422	-0.0896481706	0.053509062	0.2223294118	0.0686218968	0.0446489207	-0.0545147072	-0.0017359247	-0.1978565601	-0.2015758172	-0.0007594368	-0.0734535104	0.0531600424	-0.0205713494	0.0024393779	-0.0823602782	-0.0084422131	-0.0433139115	-0.0094400651	0.0044180742	-0.0776407833	-0.1322103235	0.006457781	-0.1263317297	0.0185290585	-0.055686882	0.0952849166	-0.1781006774	-0.0272478736	0.0915313984	-0.0236888055	0.0599198377	0.0382756029	0.0384512391	-0.0380247154	-0.0556114839	0.0782155691	0.1093300615	0.0499228938	0.0973210617	0.0020236586	-0.0535839521	-0.088483788	-0.0981917422	-0.0176450492	0.0758355915	0.0019534321	0.0133690071	0.0387625817	-0.0576157567	0.0323776833	-0.0150022301	-0.1703741676	-0.0557434865	-0.0213755574	0.0308296057	-0.0825404125	-0.0829171137	-0.0574968384	0.1251873833	-0.0294743791	-0.0278099823	0.0980084287	-0.0460268185	0.0616773915	-0.0135215474	0.0376877133	-0.099588917	0.0938268719	-0.0625687252	-0.1231825448	-0.050718906	0.117681445	0.1409709412	0.0773251327	-0.0702088574	-0.045690009	0.1061987342	-0.0883415594	0.0780319497	0.0136584851	-0.0179040959	0.0474567222	0.033372618	-0.0488129595	-0.0191645861	-0.0095699783	-0.0066946953	-0.037989881	-0.100003214	0.0204843282	0.0858830588	-0.1093398397	4.45711e-05	0.0289448817	0.0425000892	-0.0112346903	0.0140956456	0.0392010827	-0.0114474082	0.0088556851	0.0981856242	-0.0171809137	-0.0278686801	0.1139871672	-0.0533202676	0.075522614	0.0342508928	-0.1938107941	0.0296252644	-0.1168746957	0.0250337978	0.0937521946	0.0040151424	0.0408516658	0.0307617965	0.0004535698	-0.1184076239	0.028217173	-0.0085818965	-0.0115332912	-0.0555759148	-0.1203147364	-0.0688089828	0.0412385583	0.0340992239	-0.0678800746	-0.0078459096	0.0785316931	-0.0987688341	0.0555570233	-0.1900044744414657	-0.0079275560194674	0.0361017003077775	6.284614444179384e-05	0.2444992997547217	-0.1320500306310066	0.0174372105896497	0.0597799075805492	0.1846857079035544	0.0097994824191972	0.034108810703837	9.602985568415508e-05	0.0035989057415657	-0.0001109046790459	1.2299847834274092e-08	1.295212253667456e-05	0.0021306261441302	0.0003854653596123	1.485835434611168e-07	4.539567766051124e-06	-0.0082909696615321	-1.1005723771009834e-06	6.874017792844571e-05	1.2112595572377094e-12	0.0	0.0	0.0	0.0	0.0
262.5423512835045	0.8927312258930442	0.7969690416844976	68928.48621747107	354.355382912114	-0.7091539994725622	0.5028993949679308	125567.73739879094	255.9347696336324	0.3189289585856159	0.1017156806245054	65502.606307420494	268.79235228931384	237.53124958782368	1.152259	24.517057	0.1757286809022109	0.1381831825461858	-0.0476159791	-0.1258938152	0.1932815467	-0.1188400073	0.0455434361	0.0589278716	0.1042777306	0.027306844	-0.2898145981	0.0129192613	-0.0166094096	-0.0473805091	0.0639148734	0.0415602929	-0.0797084172	-0.0245084289	0.0148356606	0.0330453151	0.0168424699	-0.1151332018	-0.0011707884	0.0530550891	0.1421532079	0.0441112041	0.0223306185	0.0317981957	-0.0606845527	-0.171776313	0.0237147473	0.025997797	0.0567898114	0.060757124	0.021464022	0.0019003839	-0.039651146	-0.0212621418	0.0711626572	0.0762131344	-0.0251332069	-0.0684507597	0.1539433364	0.0774502204	-0.0200473171	-0.0768935445	0.0268585113	-0.0595808159	0.0362466489	-0.0352428587	0.0122337096	-0.0591417038	0.0682491697	-0.0303438391	0.0356399171	-0.0245148374	0.0386288173	-0.1095161139	-0.1181345494	0.0915814266	-0.129886357	0.0655616859	0.0030735035	0.0867446758	0.0503745572	-0.025653102	-0.0688538138	-0.1310526281	0.0339316271	0.147677503	0.0426218347	0.026498247	-0.0179158467	0.0076904227	0.1618066617	0.0935121474	-0.0580227981	0.0915700047	-0.0220657862	0.0107975922	0.054476126	0.0200657324	-0.0638024298	-0.0417452557	-0.0551364925	-0.0102721696	-0.0132067607	0.0376291097	-0.020643443	-0.0813884917	-0.1214717086	-0.0358306359	-0.0297336239	-0.0760138329	-0.0716251389	-0.0493004188	0.0172378327	0.0235630309	-0.0328531669	-0.0805277922	-0.0155698661	0.0044668732	0.0089319085	0.0743444803	0.063445047	0.0140072293	-0.0511222775	0.1610339671	0.0056989801	-0.1694363304	-0.1145949983	-0.1554140737	-0.0699124422	-0.036091477	0.0147345956	-0.0207237407	-0.0460387752	-0.0185176625	-0.0472087299	-0.0125866868	-0.0302718902	0.0614635815	0.0581181147	-0.093078343	0.003606447	-0.0365038463	0.0361915224	-0.069025124	-0.0047106451	0.0755281812	-0.0995561965	0.0619093949	-0.1928214545398674	-0.0028169800984017	0.0371801133308701	7.935376874791252e-06	0.1108032376777856	-0.1336960620769361	0.0178746370148799	0.0122773574798798	0.2065909337396476	0.0219052258360931	0.0426798139034194	0.0004798389189302	0.0034139635352386	-0.000184942206327	3.42036196811356e-08	1.165514701993884e-05	0.0022719338232948	0.0001413076791645	1.996786019088547e-08	5.161683297430926e-06	-0.0082710112892082	1.9958372323899617e-05	6.840962774620951e-05	3.9833662581940217e-10	0.0	0.0	0.0	0.0	0.0
263.39922216678434	0.8568708832798393	0.7342277106127719	69379.15023806701	355.6216152874929	1.266232375378877	1.603344428457633	126466.7332596856	255.9742060603712	0.0394364267387743	0.0015552317539227	65522.79416823737	268.8935507691756	243.15896837143487	1.051472	22.372581	0.108356445220977	0.062530329249808	0.1120644448	0.0186474042	0.1779044377	-0.0538027453	0.0628982988	0.0827293693	-0.057273229	-0.0353610488	-0.1297746435	0.0805805337	-0.066537269	0.0077811284	0.0279242826	0.0343622287	-0.0851857589	-0.0147976897	0.0274412059	0.0648022152	0.0260942002	-0.0398659373	-0.0293726987	0.0981027737	-0.0394416372	-0.0273804498	0.0122829361	0.1051804103	-0.0427309023	-0.050699369	0.02556506	-0.0039272363	0.0182373992	0.0780027282	-0.0189827497	-0.0531692504	0.0193006926	0.0080232407	0.0030323063	-0.0727746902	0.0039332966	-0.0406731811	0.0021151281	0.0041181077	-0.0317821235	0.0374004667	-0.034732436	0.0400676222	-0.0645436234	0.0011560728	-0.0379947605	-0.1416865608	-0.0686225861	-0.0788318139	-0.0264370551	-0.1145064536	-0.0195350077	0.0016667792	0.007558263	0.0785269739	0.0423323747	0.0262857136	-0.0130151295	0.0732830362	0.0214368466	-0.0994302804	-0.0317572895	0.0782348964	0.0828147409	0.092613429	0.0076063306	-0.0376998296	0.0069938738	0.0617370049	0.13136362	-0.0085825531	-0.0026499938	0.0102741959	0.0446564145	-0.0436166596	0.0916869905	0.0776562177	0.0265618949	-0.0081346249	-0.0699101211	0.0148275542	0.0228036548	0.0382355767	0.0121334773	-0.0766881898	0.0960804961	0.0521975222	-0.0301719218	-0.0200778705	-0.0188843369	-0.0030087961	-0.0929668353	0.0298405561	0.0468484373	-0.0513192541	0.0402807423	0.0120196157	0.0488392095	0.0391812047	0.0380752153	0.0437972545	-0.0453184893	0.0789817823	0.0141430905	-0.2242257716	-0.0365006647	-0.0086691515	-0.0349536898	-0.028215347	0.0050623603	-0.0361638495	-0.0358074535	0.0345106317	-0.0200465712	-0.0300876373	0.0602260216	0.1453516176	-0.0251373586	-0.0468932115	0.0540535765	0.0169852329	-0.1165173853	-0.0701531426	-0.0015707317	0.0723569779	-0.099950656	0.0678800746	-0.1874420860364978	0.0053793685033695	0.0351345356177138	2.89376054950448e-05	0.1706269968728548	0.0598237591950691	0.0035788821642296	0.0291135720618492	0.1866651665849943	-0.0199257671546533	0.0348438844162036	0.0003970361967014	0.0031890366720641	-0.0002249268631745	5.0592093777520276e-08	1.016995489576967e-05	0.0022211575407189	-5.077628257589995e-05	2.578230872227641e-09	4.933540820692431e-06	-0.0080821634276009	0.0001888478616073	6.532136567044953e-05	3.5663514833649964e-08	0.0	0.0	0.0	0.0	0.0
263.8357733067083	0.4365511399239494	0.1905768977688997	69609.31527634876	360.1779156954783	4.556300407985418	20.759873407808087	129728.13095473908	255.98837419804312	0.0141681376719304	0.0002007361250907	65530.04772455735	268.76429175781954	242.698732702806	1.003558	21.353104	0.1291613845368262	0.0724363042055717	-0.0759209838	0.0488243575	0.1129286474	-0.0795592296	0.0466485311	-0.1058686447	0.014451321	-0.0142416507	-0.103471741	0.069936118	-0.0744676488	-0.0227685139	0.0796511804	0.0456883014	-0.069880809	0.0202429585	-0.0234329445	0.0910834794	-0.0047448674	-0.1072872413	0.0427297229	0.0562022068	-0.0199824492	0.1021063918	0.0336881354	-0.1034437891	0.0058500072	0.0123565217	-0.0092070035	-0.0232478651	0.0074178908	-0.0616690678	-0.0059956045	0.155631238	-0.124050076	0.0144871465	0.0727263306	0.1372933943	0.0142699132	0.0928581357	2.05194e-05	-0.118229726	0.0754258672	-0.0397537833	-0.0781434117	0.0654756649	-0.0464501078	-0.0802375993	-0.0131447147	0.2103200809	0.0364597179	-0.0156802971	-0.0424049385	0.088516029	0.1406870752	-0.0433997015	0.041979422	-0.0127433269	0.0447657422	0.0799110364	0.0030431844	0.1120759036	-0.0030404563	0.0634344725	0.0366019109	0.0096600402	0.0795551224	0.0870370153	0.0007145448	-0.0318062536	0.0084848397	-0.0445837583	0.0627149326	-0.0570080873	-0.0912544911	-0.0167234872	0.0768267558	0.0461271451	-0.0016969219	-0.1210793285	0.057927664	-0.0227710237	0.019080651	0.121354113	0.0708959898	-0.1801198297	0.0304602558	0.074000048	-0.1088592699	0.0800933782	-0.0363598609	-0.1095100922	0.0556528231	0.0317502747	0.0549354873	-0.0147788129	-0.0182856179	0.0324415407	-0.095589968	-0.0660967318	0.0139663612	0.0866963272	0.0404837897	0.0554127226	-0.0984566671	0.0083088315	0.0202242618	-0.0884245419	0.0267117249	-0.062070666	-0.0180901934	-0.0563047258	-0.0338445466	-0.0542685713	0.036861937	0.033095694	-0.0488476468	0.0551088409	0.0347386459	0.0966856284	0.0353961834	-0.1381548594	0.1222715058	-0.0131199654	-0.110688893	-0.0712638519	0.0015707317	0.069025124	-0.099950656	0.0734322509	-0.1961260563658839	-0.008683970329386	0.0384654299856338	7.54113406816579e-05	0.1094669550807054	-0.0611600417921493	0.0037405507120174	0.0119830142546411	0.1520585168335486	-0.0346066497514457	0.0231217925416185	0.0011976202070192	0.0031860741315684	-2.9625404956998627e-06	8.776646188661589e-12	1.0151068371849332e-05	0.0019009364732691	-0.0003202210674497	1.0254153203868933e-07	3.6135594754047632e-06	-0.0079111325822695	0.0001710308453314	6.258601873424607e-05	2.925155005477368e-08	0.0	0.0	0.0	0.0	0.0
263.8532825366666	0.017509229958307	0.0003065731337328	69618.55470537402	356.97630649062825	-3.201609204850058	10.250301500580624	127432.08339569096	255.99610921360505	0.0077350155619342	5.983046574336476e-05	65534.007932504006	268.7880800758623	241.52692659274595	0.8760139999999998	18.639294	0.0533050873087468	0.0255416420215118	-0.0548227605	-0.0575508298	0.0815762002	-0.0764863697	0.0670422372	0.0320229612	0.0569312531	0.0456998491	-0.1078603063	0.0861256747	0.0035890369	-0.0713116658	0.07541627	0.0450556067	-0.0514058825	0.0254068394	-0.0176647391	0.0581228502	0.0244885362	-0.1168814868	0.0010258555	0.1165953262	0.0462418971	0.063450089	-0.0614663791	-0.0416022463	-0.0864736761	-0.0541542353	-0.0111905947	0.0223725932	-0.0292487974	0.0453539331	0.022890245	0.0531401504	-0.0357976258	0.0010282527	-0.0829311828	0.0481628594	-0.0257796146	0.0005177594	0.1254583132	-0.0729546304	0.0485877966	0.0226880381	0.0488017377	-0.093829575	-0.103980203	0.0033957174	-0.0704803571	-0.0441439767	0.0294375276	-0.1064414864	-0.0103902852	-0.0576641519	-0.004144914	0.1164832415	0.0817824162	-0.05357236	0.0003355729	0.0736284863	0.0115946002	0.0661543723	0.0612685401	0.0029286453	-0.0377671536	-0.0288471584	0.0447118078	0.0957029074	0.0925515283	0.0181320188	-0.0154424244	-0.0230788683	0.0909498772	-0.0177583663	-0.04331012	-0.0167250039	0.0015362049	-0.1317686456	-0.0065956435	-0.0753441952	-0.0605576549	-0.0496067161	0.0072867067	-0.0071736321	0.0534052221	-0.0377603891	-0.0335120216	-0.0500479776	-0.000391931	0.0069390891	-0.1050885613	0.0128325969	-0.0442542301	-0.0765050478	0.0983667912	0.0636324493	0.1000214746	-0.0483690866	-0.063931138	0.0824690762	-0.0902407027	0.0742178853	0.0450080027	0.0471816436	-0.0242698638	0.1002887319	0.0300294108	-0.0046336642	-0.0052233232	-0.0452260718	-0.1003565575	-0.0238339909	-0.0159177409	-0.0401947921	0.0527139504	0.0305876183	-0.0604037092	-0.0560829543	-0.0304019203	0.1447681977	0.1132063539	-0.0648683469	0.0591947026	0.0280268746	-0.0570147274	-0.0723569779	0.0047106451	0.0655400171	-0.0995561965	0.0785316931	-0.198628926021172	-0.002502869655288	0.0394534502523242	6.264356511361935e-06	0.1249387539037343	0.0154717988230288	0.0002393765588202	0.0156096922270178	0.1641451064066785	0.0120865895731299	0.0269436159572598	0.0001460856475092	0.0032743675684764	8.829343690799994e-05	7.795731001026966e-09	1.0721482973490051e-05	0.0020386990093554	0.0001377625360862	1.8978516348929097e-08	4.156293650746689e-06	-0.0081499531944212	-0.0002388206121516	6.642173707125632e-05	5.703528478851264e-08	0.0	0.0	0.0	0.0	0.0
264.4762559037153	0.6229733670487008	0.3880958160519952	69947.6899368475	357.12634463040337	0.1500381397751198	0.0225114433871783	127539.22602907364	256.4128593022392	0.4167500886341599	0.1736806363765801	65747.55441554992	269.05167443472646	245.9530599128948	1.019742	21.697445	0.0906893881137034	0.0615530667095005	0.105854827	-0.0375323491	0.0697751087	-0.0457388065	-0.0210958118	0.0794360553	-0.0538027809	0.0339149803	-0.0925713041	-0.001181004	-0.1639879368	0.0634177704	0.0298451043	0.0695625215	-0.0159441684	-0.1015376008	0.0700527612	-0.0320140912	0.0232128529	-0.0112785037	-0.0168662209	0.0338511052	-0.0170977305	-0.0298244127	0.0421800622	0.0179838654	-0.0536859707	-0.0223308432	0.1040364708	-0.0887611745	-0.0232899357	0.0952642654	-0.0401230445	-0.0956934627	-0.0418227741	-0.1198011288	-0.0858428727	0.040085818	0.1062744192	-0.0864999583	-0.0066429577	0.036954127	0.1364195318	-0.0205157956	-0.0470388418	-0.1474478414	-0.0181690008	0.0361400372	-0.1334597381	0.0127230066	-0.1072278457	0.032170149	0.0289957617	-0.0511213531	-0.1201115343	-0.0522047261	0.0292498412	-0.0138941645	-0.0596747495	0.0285041024	0.0660483843	0.0160359051	-0.0370436352	-0.1189424461	-0.0826357445	-0.003571641	0.0190273901	0.0707716214	0.0462258124	-0.0287023837	0.054957194	0.0130102202	0.0518208359	-0.0441679346	0.0386379249	-0.0049698371	0.0259514033	-0.0018396369	0.1479264615	0.0361705951	-0.0346491264	0.1180316448	-0.0676239525	0.053667881	0.1083721868	0.0617634395	0.0517224652	-0.0361979753	0.1134107572	-0.0110581259	-0.0047018987	-0.0502020206	0.0100023035	-0.0897479521	0.1794393995	-0.0078377044	-0.0602994597	-0.0674139429	-0.0329809129	-0.0399446375	0.1087896047	0.0330726137	0.0647030969	-0.0051817051	0.0761409434	0.055064016	0.0401130376	-0.1386289985	-0.058267268	0.0005981301	-0.0282713665	-0.087919394	-0.0076763731	-0.0116412335	0.0926854279	0.0404409225	0.0260026729	-0.0403423495	0.061345523	0.1369966019	-0.1123844774	-0.0006553171	0.0565119907	0.038645271	-0.0465451386	-0.0734322509	0.0078459096	0.0619093949	-0.0987688341	0.0831469612	-0.1999340598048604	-0.0013051337836884	0.0399736282700535	1.7033741933248144e-06	0.1837346425618164	0.0587958886580821	0.0034569565230935	0.0337584188773184	0.1762130840594764	0.0120679776527978	0.031051050993752	0.0001456360846284	0.003295300022345	2.093245386860024e-05	4.3816762496107693e-10	1.085900223726696e-05	0.0022193396330121	0.0001806406236567	3.26310349150816e-08	4.925468406658283e-06	-0.0083187878772786	-0.0001688346828574	6.920223174715739e-05	2.8505150135559e-08	0.0	0.0	0.0	0.0	0.0
264.81473036258427	0.3384744588689727	0.1145649593066439	70126.84141700821	360.8624195314803	3.736074901076961	13.958255666457225	130221.68583011412	256.34077231515977	-0.0720869870794445	0.0051965337061919	65710.59155113259	268.8637917610966	245.3818026864704	1.111152	23.642412	0.1362141920756903	0.0843503769970079	-0.0530791674	0.0903887931	0.0188116156	-0.0211449662	0.0393241536	-0.0733807355	-0.0391373079	0.0036274014	-0.0389329019	0.0860660861	-0.0909432529	0.0075974048	0.078662301	0.0428965989	-0.0270739595	0.0256408085	-0.015183166	-0.0318286099	0.025645367	-0.0084244626	0.0281995442	0.1190969213	-0.087537016	0.0366813321	-0.0454255037	0.0420744112	0.0396381764	-0.0533321011	-0.0115445381	-0.0148339057	-0.0583259841	-0.0528778169	-0.0533400397	0.0172920361	0.1024275254	-0.0154515919	-0.0045075691	-0.0539506293	-0.0586304435	-0.0655829347	-0.0987172778	0.0188081001	0.1345157496	0.0443834219	-0.0165256458	-0.0022425188	0.0442784912	-0.0651199107	0.0308091212	0.080778156	-0.0505045481	0.0560797922	0.0781152911	-0.1174109893	0.0521797101	-0.0579480679	0.0610677577	-0.0179041907	0.0142700313	0.0775773313	0.0236704133	0.0632713998	-0.0319966484	0.0448010253	0.0377568991	0.0851846369	0.0157373694	-0.0502856623	0.0452529993	-0.0108439703	0.0381300937	-0.008842569	0.1041323553	0.0572757792	-0.024996079	-0.0489191688	0.0998283456	0.0125445752	0.0417611262	-0.0862151087	0.0164352867	0.0059601609	-0.035229156	0.0970500267	0.0490554392	-0.0983540546	0.1519667316	-0.0010535462	0.0921906144	-0.0837293936	0.0450967401	0.1374665515	0.0641350353	0.0388448248	0.0063173027	-0.0301245467	-0.0361048268	-0.0562380824	0.067485453	-0.0853747066	-0.0185416371	0.0850498008	0.0068383332	0.1015865966	-0.0189373483	-0.0320073027	0.0083315646	-0.0319331768	0.08395526	-0.0174186121	0.0091780121	-0.0675119786	-0.0127542586	-0.0053096421	0.0308241683	-0.0014117595	-0.087708978	0.0020379964	-0.0751519184	0.0860972991	0.019522185	-0.0872784398	0.1469103771	0.0384777182	-0.1366065999	-0.0744894057	0.0109734311	0.0581413184	-0.0975916762	0.0872496007	-0.2006387627062622	-0.0007047029014018	0.0402559131002997	4.966061792441373e-07	0.1045788550583068	-0.0791557875035096	0.0062656386953007	0.0109367369253063	0.1571683232941225	-0.0190447607653538	0.0247018818470858	0.0003627029126095	0.0036028125127073	0.0003075124903623	9.456393172882369e-08	1.298025800172029e-05	0.0022183493316574	-9.90301354700067e-07	9.806967731207878e-13	4.921073757264833e-06	-0.0078811118508871	0.0004376760263914	6.21119240061931e-05	1.9156030407785286e-07	0.0	0.0	0.0	0.0	0.0
265.3823657192711	0.5676353566868215	0.3222098981609751	70427.80003475695	359.0221852428508	-1.840234288629517	3.3864622370477857	128896.92949655188	256.0953636201436	-0.2454086950161809	0.0602254275895448	65584.83526773356	269.0450916796227	246.82478962675785	1.168282	24.857994	0.133686526916672	0.0863184861818155	-0.0434762827	-0.089310941	-0.0532930968	-0.1463265226	-0.0243949549	0.0013036456	0.0676624202	0.1499196109	-0.036232049	0.0167675808	-0.0106958645	-0.1339548832	0.0503615773	0.0824560848	-0.0108728512	0.0152940022	0.0421263204	0.0777143857	0.0874899593	0.0030668419	0.0578516258	0.0733569557	0.1208833195	0.04616206	0.0256034132	-0.0164108619	-0.0113881178	0.0005738017	-0.0126681162	0.0654054626	-0.0261801392	0.102878846	-0.0686813853	0.0698340853	0.0169398635	-0.0976528423	0.0235190973	-0.0353506214	-0.0025180727	0.0116014376	-0.1409597765	0.0736944175	-0.0393886422	0.0264138513	-0.2166765192	-0.0181149336	-0.0826300807	-0.0272411223	0.005026777	0.0002954737	-0.0321110986	-0.1465548578	-0.0029577386	0.0548239962	-0.0565869857	0.0729790558	0.0537314894	0.032991129	0.0180958499	0.0565126526	0.0690972175	0.0411087763	0.0663789572	-0.0155525021	0.0049228252	-0.1284685599	0.1228274746	0.0308171483	0.0751683819	0.0464428364	6.922e-05	-0.0277144762	-0.0235282898	0.0034957121	0.0157890035	0.060634912	0.0570905157	-0.0521744079	-0.0872804366	0.0221923567	0.0234030637	0.0335849126	-0.0858619034	0.0545694086	-0.0274132509	-0.0391053799	0.0154800647	0.0274871387	0.1371488831	0.1151740273	-0.0344894386	-0.0041859872	-0.1005513422	-0.1378770581	-0.0416647366	0.069486253	-0.0847800411	0.0283819114	0.0446908193	-0.0465865972	0.0109851688	0.0515269708	0.1227950218	-0.1021817006	-0.0269443248	-0.0255849278	-0.0312921462	0.1037913584	-0.09491664	-0.0151995839	-0.0334984919	-0.0731967377	0.013068814	-0.0072068727	0.1032056391	0.0365998746	0.0538406122	0.0246678085	-0.0161025182	0.1464418108	0.0404665868	-0.0278992282	0.0112143699	0.0172860039	-0.0245095684	-0.0755281812	0.0140901232	0.0542441537	-0.0960293686	0.0908143174	-0.191123997637689	0.0095147650685732	0.0365283824730113	9.053075431014098e-05	0.1731190611224633	0.0685402060641565	0.004697759847317	0.0299702093239231	0.1265539202022552	-0.0306144030918673	0.0160158947185587	0.0009372416766713	0.0040897925436483	0.0004869800309409	2.3714955053529725e-07	1.672640305008123e-05	0.0022149484274474	-3.4009042100000345e-06	1.1566149445595958e-11	4.90599653625171e-06	-0.0078711497321966	9.962118690500649e-06	6.19549981066586e-05	9.924380880362235e-11	0.0	0.0	0.0	0.0	0.0
264.9236945793471	-0.4586711399239789	0.2103792145991622	70184.5639495712	356.9442176557937	-2.077967587057117	4.317949292859977	127409.17451790662	255.9401754948917	-0.1551881252518967	0.0240833542191983	65505.37343235596	268.665416766295	248.7588541983683	1.384783	29.464571	0.3606757040974818	0.3088923456770071	0.1120420974	-0.026405842	-0.0477698051	0.1171140933	-0.0130228537	0.1029873215	-0.0274626289	-0.0613139694	0.1920047036	0.0656633038	-0.0519729169	-0.035818799	-0.1100324005	-0.1106127536	0.090669172	0.0656942899	-0.025522412	-0.0259509919	0.0130433	0.0256919549	0.1041606586	-0.07381382	-0.0726535155	0.0366015261	0.1292925491	0.011731287	0.0179255967	0.0495925017	0.0153503242	-0.0533138372	0.0024292687	-0.0234004637	-0.0906240732	0.0162562769	-0.0507703437	0.0417540631	0.1205136845	0.0135946608	0.0105465662	-0.1008311246	0.0394854666	-0.0714365043	-0.0173720952	-0.1031083815	0.0032152876	0.0851482422	0.0269117476	-0.0052178468	-0.0547813409	-0.0100566829	-0.0446117707	0.0035888876	-0.009963342	-0.0805954632	0.0488355864	0.1023737887	-0.0208290719	0.0573578138	-0.0386183905	-0.109619958	-0.0713546713	-0.1324143506	0.0324085144	0.0358593378	0.0170170472	0.0848891075	0.0272384225	-0.0512885479	0.0243097455	-0.0314157049	0.1409052677	-0.022962843	-0.056305922	-0.120912748	0.0652385701	0.0743025343	-0.0004701684	0.0535418863	0.0239846455	-0.014249696	0.0509712406	0.0888919843	-0.0032813527	0.0359910395	0.0283542265	3.6405e-05	-0.0029423	-0.0317275671	-0.052683897	0.0725878574	0.0834095982	-0.0642693032	-0.1006437555	0.0166755502	0.0371200135	-0.1423999374	0.0285997024	-0.0732133122	-0.0506583207	0.0277928119	-0.0337292726	-0.1126306443	-0.1426659267	-0.0210865619	0.0043358497	-0.0612756223	-0.0087521262	0.0491676227	0.0091905219	0.1276808736	0.0035234407	-0.0207428273	-0.011074067	-0.0252734064	0.0838102385	0.085138092	-0.0453256935	-0.1090314554	0.0757565707	-0.0025893243	-0.0383449759	0.021726651	0.0274386739	0.0107103774	-0.1356315681	-0.0765483213	0.01719291	0.0502265533	-0.0940880769	0.0938191336	-0.1925213044266769	-0.0013973067889878	0.0370644526581492	1.9524662625516477e-06	0.476837747152814	0.3037186860303507	0.0922450402440027	0.227374237109771	0.1189577484508319	-0.0075961717514232	0.0141509459164914	5.770182527712129e-05	0.0044314710109076	0.0003416784672592	1.1674417498866429e-07	1.9637935320514424e-05	0.0022092555680581	-5.692859389300024e-06	3.2408648026341446e-11	4.880810164995718e-06	-0.0084830491960824	-0.0006118994638858	7.196212366315425e-05	3.7442095390373005e-07	0.0	0.0	0.0	0.0	0.0
265.4025683982521	0.4788738189049581	0.2293201344326186	70438.52331238888	362.0099747711757	5.0657571153819845	25.661895152043204	131051.22183382724	256.0740290168148	0.1338535219231005	0.0179167653312179	65573.9083369045	268.6474830625003	249.2786938716304	1.105747	23.527405	0.2850089699730257	0.2334733316927907	-0.0370603424	0.0759733447	-0.0813790665	0.055858014	-0.049819025	-0.0881523106	-0.0442763778	0.0008345848	0.1066241914	0.0653918937	-0.0071955802	-0.0965779851	0.0058016678	0.0495535721	-0.0295532017	0.0288126202	0.0049651701	0.0368950209	0.0443983768	0.0162337651	0.0415677926	-0.00304766	-0.0258967631	0.1093349497	0.1168350942	-0.0686990504	0.1034784149	0.0490499534	-0.0814778957	-0.010999706	0.0149497501	-0.0642566567	0.0503849784	0.0494811031	-0.0388297445	-0.0552574999	0.0359345968	0.0114187938	-0.054535088	-0.0284656571	-0.1828484048	0.0080889399	0.1595846835	-0.0197888992	0.109789922	-0.0304566815	-0.0232043537	0.0362253807	-0.0768614138	-0.0137105457	-0.1692049825	-0.0314048485	0.0667666687	0.0731423808	-0.0450604704	0.0071509265	0.0392775934	-0.0264692268	-0.0667807515	0.0041048219	0.0313846875	0.0640150326	-0.0311721383	0.0278993852	0.0415465711	0.0474917229	0.0328248266	-0.039256053	0.0336456157	-0.0489882448	0.0284218509	-0.1120462739	-0.0998839124	-0.0527632109	-0.0340225011	0.0125463474	0.044868102	0.1481101827	-0.0791013421	-0.051767768	0.0119775093	-0.0518197713	0.0621239217	0.0527946911	0.0229351978	-0.0330269261	0.1460158961	0.0865023354	0.0731507924	-0.0504482939	0.0482324039	0.0662817721	-0.1511072845	-0.0170037872	0.1496351261	0.0205476709	0.0434685403	-0.0172563229	-0.1608045213	-0.0378977483	-0.0397783508	-0.0083782981	0.0172856155	0.0288848178	0.0099372979	-0.0760978316	0.0410139043	0.0984464694	0.0806384394	0.0812181026	0.0178528119	0.0183695978	-0.04070179	0.0214225492	0.1846960532	0.0499418252	-0.0264354136	0.0558986426	-0.0687077467	0.0967184735	0.0427702805	-0.066284551	0.0742477781	0.0301701749	0.0461248139	-0.0775495743	0.0202787295	0.0460974375	-0.0917754626	0.0962455236	-0.1962031312031769	-0.0036818267765	0.038495668693931	1.3555848412152398e-05	0.2483399715310099	-0.2284977756218041	0.0522112334641123	0.0616727414600228	0.1082987275150202	-0.0106590209358116	0.0117286143813725	0.00011361472731	0.0040909186705058	-0.0003405523404017	1.1597589655314324e-07	1.673561556869294e-05	0.0022142154906799	4.959922621800266e-06	2.4600832414246024e-11	4.902750239166831e-06	-0.0079851545263278	0.0004978946697545	6.376269280933336e-05	2.478991021700417e-07	0.0	0.0	0.0	0.0	0.0
264.98725688167104	-0.4153115165810277	0.1724836558048332	70218.24630967272	359.9375743722016	-2.0724003989740822	4.294843413667936	129555.05744494416	255.8880430964016	-0.1859859204132021	0.0345907625919459	65478.69059970588	268.30361398274465	248.0208818731035	1.052016	22.384161	0.3580450111276941	0.2945308168538257	-0.0631645961	-0.0344143759	-0.1157789946	0.0874558829	-0.0914587395	5.6266e-06	0.0626188937	0.0043388498	0.1875581839	-0.002176953	0.0122803641	-0.0735272674	-0.1153745794	-0.1480036666	0.1153060335	-0.0234979104	-0.0016956086	-0.0654689173	-0.0296915105	0.0203308324	0.0226148158	-0.1297779712	0.1142232402	-0.0374094329	0.1114555678	-0.0263401358	-0.0085475047	0.0633853608	0.0047470728	0.0546330367	-0.0008886487	-0.0299841157	-0.0854000223	-0.0097448401	0.0996413325	-0.0331152321	-0.0587705184	-0.0530355812	-0.0433898243	0.0797916644	0.0601985309	0.0714611327	0.1070457292	0.0605364887	-0.006052312	-0.0219279753	-0.0431979503	0.1311254978	-0.0783072267	0.0658284309	0.07199629	-0.0488506118	-0.0428717349	-0.0823365011	0.0979948054	0.0469219837	-0.0358553187	0.0143156352	0.0306565718	-0.1087764772	-0.0601815098	-0.1642598313	-0.0743726838	0.0867820664	0.0356790189	-0.1167547813	-0.0473022972	-0.0450624031	0.0285164861	0.0611624745	0.0227587512	-0.0257318237	-0.1121112669	-0.0781584983	0.0721674969	0.151254458	-0.0935158688	0.0125472574	-0.0149273194	-0.0377344401	-0.0054816539	0.0856293777	0.0351889791	0.0117199738	-0.0746593575	0.0341087426	-0.0141610274	-0.0396583943	0.0935165723	-0.0714638266	-0.0235003977	0.0690938506	-0.0057763766	-0.0137654062	0.0572954846	0.0621740299	0.0199892649	0.0037798983	0.128338438	-0.0941859069	-0.1555759211	-0.1267836648	-0.1260352081	-0.1148830711	0.0729692741	-0.0355592834	0.0262424734	0.1914658649	0.0663859113	-0.0590676403	-0.0507936017	-0.0238608797	0.0378789245	0.0237811139	0.130607833	0.0500634643	0.0102213482	-0.1318674552	0.0645335854	-0.0308231422	0.0585375378	0.047875985	0.0532079366	0.0020395786	0.0158727348	-0.0785316931	0.0233445364	0.0418659738	-0.0891006524	0.098078528	-0.1989850834889779	-0.0027819522858009	0.0395950634511155	7.739258520473398e-06	0.5393267776738071	0.2909868061427972	0.0846733213491858	0.2908733731160121	0.1284070188388213	0.020108291323801	0.0164883624870734	0.0004043433799628	0.0041211895103474	3.0270839841599687e-05	9.163237447157787e-10	1.698420298019744e-05	0.0023085405887264	9.432509804649988e-05	8.897224121481815e-09	5.329359649797234e-06	-0.0087439178159456	-0.0007587632896177	7.645609877201086e-05	5.757217296716244e-07	0.0	0.0	0.0	0.0	0.0
265.068918403055	0.0816615213839782	0.0066686040747459	70261.53150336545	357.5552199525653	-2.382354419636272	5.675612580760477	127845.73531532736	255.8342503253245	-0.0537927710770986	0.0028936622201531	65451.1636395208	268.4351809359313	250.55555921316537	1.222946	26.021097	0.3693312674231808	0.3212418704118852	0.0928658715	-0.0622264889	-0.0955124679	0.1023717964	-0.0873064053	0.0865532734	-0.0120524404	-0.0078323776	0.1400004814	0.0067274954	-0.0770027162	0.1632990669	-0.0039648722	0.0427975174	-0.0008402839	-0.0625861982	-0.0569944011	-0.0169590065	-0.0169692335	-0.0493810266	-0.0609323907	-0.0035331783	-0.1799917666	-0.0425561819	0.0435005994	0.0550134932	-0.0103300693	-0.065152157	0.0756241947	-0.0088892902	-0.1948211597	-0.0115489252	0.004780146	0.1057071185	0.0056333759	0.0496955551	-0.010714693	0.0210812989	0.0246253217	-0.013249816	0.0632807522	-0.0210283443	0.1062447458	-0.0045609023	0.0218747935	0.0495268061	-0.088141819	-0.0896387869	0.0036479477	-0.1300021018	0.0725074625	0.0289494948	0.1041375274	0.0602414506	0.1120339943	-0.0105747034	0.0548282549	-0.0488855401	-0.0840134953	-0.0117808881	0.0343896172	-0.0059818749	-0.0251313292	-0.0359043173	-0.1414262571	0.1270194437	-0.1289506274	0.0107974413	0.0380329834	-0.0752981643	0.0827978747	-0.0065061226	-0.1039510196	0.0615701945	0.0418468616	-0.0125765756	0.0683191203	-0.0606962664	0.0500895031	-0.0677267181	-0.0672852211	0.0724456433	-0.0350685437	0.0774772548	-0.0970264604	-0.012537719	-0.0428491283	-0.0381868168	0.0335148555	0.0302048383	-0.1038521934	0.1157205961	-0.0031413223	-0.0149118339	0.0675674807	-0.0757278182	0.0674662746	0.0378506815	-0.093839467	0.1039626901	-0.0498600361	0.007617487	-0.0518404052	0.1392038787	0.1525671408	-0.0455353046	-0.0008066374	0.0448028334	-0.0480477253	0.1623968666	0.0029224586	-0.057748434	0.0076767261	0.0326854507	0.1434028778	-0.019273817	-0.1195378483	-0.0499287529	-0.065514299	-0.0596599926	-0.0653750084	0.0497156366	-0.1127715007	0.0508720616	0.0200087883	-0.0794944353	0.026387305	0.0375415571	-0.0860742027	0.0993068457	-0.1969381801253291	0.0020469033636487	0.0387846467910765	4.189813380116748e-06	0.2171235099023931	-0.322203267771414	0.1038149457625775	0.0471426185523345	0.1272134151249133	-0.001193603713908	0.0161832529877435	1.424689825854979e-06	0.0043817247275425	0.0002605352171951	6.787859939889824e-08	1.91995115879574e-05	0.0023576413898984	4.910080117200011e-05	2.410888675732287e-09	5.55847292336206e-06	-0.0081758039828285	0.000568113833117	6.684377076563436e-05	3.2275332737900405e-07	0.0	0.0	0.0	0.0	0.0
265.7988633632464	0.7299449601914034	0.5328196449088295	70649.03576519374	363.6855556703964	6.130335717831088	37.5810160133156	132267.18340328502	256.3483121443115	0.5140618189869883	0.2642595537402111	65714.45713923735	269.2798058280323	252.43249958223657	1.26497	26.915258	0.1915495942322744	0.1583741160439224	0.0076387301	0.1403908231	-0.0620796002	-0.0978101143	-0.0705275879	-0.1029446895	-0.1023034983	0.0936449867	-0.0226215777	0.0500196107	0.0615617362	0.0349369486	0.1310631126	0.0112370896	-0.0501073345	-0.0408126151	0.0523302924	0.0544467703	-0.1082075686	-0.0137302415	0.0502368214	0.0167672265	-0.0426186849	0.0167264962	-0.0377180331	-0.1100841606	0.0385272019	0.0477311622	0.0437203776	-0.0104885984	-0.0879804022	0.0387058446	-0.0906632453	0.0255179906	-0.0130572631	0.02640123	-0.0181930722	-0.0805254446	0.0456675954	0.1122508502	-0.0529813043	0.0616654622	-0.0058199032	-0.0340808176	0.0978871177	-0.0232596861	-0.1686259686	-0.0763122321	0.1273413944	0.0847374609	-0.0462079453	0.0398484735	0.0204787232	0.0116939838	0.0548770583	0.0569121917	-0.0704136059	0.0986707432	0.0909569388	0.1288592714	-0.0070163134	0.0422926873	-0.0900840677	-0.0422577421	0.0390354047	0.05018676	0.0222505892	-0.0252636633	0.0047891279	0.0391635264	0.0100835192	-0.1335969123	-0.0398629822	0.0444060226	-0.010119103	-0.0779169827	-0.0539581768	-0.0409112853	-0.038234182	-0.0692567778	-0.0428109049	0.0382227239	0.038615087	0.0514379853	-0.1361926614	-0.0799719292	-0.0742109776	0.1007770576	0.0259074109	0.0156765776	0.107370884	0.0045275389	0.0887290547	-0.205229835	-0.0369329809	0.0662923318	0.0788458607	0.023192823	-0.023466194	-0.1038303367	-0.0675976875	0.1267624349	0.0409891389	0.0185754559	0.0358800194	-0.1313285342	-0.0532257945	0.0344893409	0.0850585714	0.0310012372	0.0412200896	-0.1627044215	-0.0235571126	-0.0817734493	0.0899815851	0.0135728217	0.0652247683	0.0223744884	-0.0838802904	-0.029867908	0.1470079514	0.0543721846	-0.0099990596	-0.0841340842	0.001740971	-0.0804375635	0.0294040325	0.0331337888	-0.0827080574	0.0999229036	-0.1950092079093082	0.0019289722160208	0.0380285911694157	3.7209338101805686e-06	0.0586570978577754	-0.1584664120446177	0.0251116037462945	0.0034406551290966	0.1215193150992774	-0.0056941000256359	0.0147669439421974	3.24227751019468e-05	0.0045220745534221	0.0001403498258795	1.9698073624433932e-08	2.044915826670769e-05	0.002411777123302	5.413573340359986e-05	2.930677631145638e-09	5.816668892482871e-06	-0.0078610873431917	0.0003147166396367	6.179669421728875e-05	9.904656326427927e-08	0.0	0.0	0.0	0.0	0.0
265.3271604239372	-0.4717029393092389	0.2225036629529755	70398.5020586297	359.3997712621149	-4.285784408281529	18.367947994269056	129168.1955832605	256.52441691712244	0.1761047728109588	0.0310128910067994	65804.77647466965	269.29450019794973	247.96478291135432	0.998218	21.239466	0.0938381217000204	0.0577104488474558	-0.0679279618	-0.0472062637	-0.0403534278	-0.1302149479	-0.0684839218	-0.0495128927	0.0956059303	0.0882326782	-0.0111429367	0.0091687954	0.0570288295	0.0015622119	0.0962310123	0.0320147463	-0.0660556755	0.0062217944	0.0387865007	-0.07031369	0.0085922035	-0.0161626843	0.0750377695	0.0151822222	0.1059983147	0.0284709176	-0.0235124208	-0.0154191383	0.0326047215	0.0267323781	-0.0128473056	-0.0043410457	-0.0513832009	0.0101518351	0.0107114387	0.1239577776	-0.0831931471	0.142945878	0.0435311207	-0.1004659699	-0.022852938	-0.1507681154	0.0094484419	0.0333719855	-0.0136211351	-0.0449041375	0.0624734941	0.1681091061	-0.0177275481	0.0547300437	0.0420240036	0.0501010602	0.0056968489	0.0277958116	-0.0034348154	-0.0788804686	-0.0354710077	-0.0175801096	0.1135056495	0.0199263844	-0.0797798053	0.0959020591	-0.0055987398	0.0667263694	0.0372977327	-0.0092913665	0.0131369403	-0.1046162231	0.0141580123	-0.0500564903	0.041722518	0.0923806196	0.060643898	-0.0138171066	0.0079200055	-0.0365792138	0.1154811496	-0.0459831001	0.0564500218	-0.0192533953	-0.0684939859	-0.0621435752	0.0270791092	-0.1227127303	-0.0304458512	0.0990387339	-0.0757020915	0.0038225367	-0.0554625028	-0.0292077615	-0.0544602007	0.0824147971	0.0355697022	0.013519867	0.0035099753	0.0747656999	0.0225759275	-0.1560470213	0.0657160521	-0.029790306	-0.0873969245	-0.0587567829	-0.0074990506	0.0964933492	0.0733153564	-0.0444052645	-0.0220527721	-0.0535681855	-0.0463326147	0.1101135089	-0.0210299227	-0.0230782688	-0.0581547923	-0.1257567119	0.0402536324	-0.0531905859	0.0306862534	-0.0089929407	-0.0273713721	-0.0716847024	-0.0596820544	0.00222571	-0.0056691926	0.1086764273	-0.0561978812	0.0889549679	-0.0498892235	-0.081360845	0.0323917418	0.0286524553	-0.0790155012	0.0999229036	-0.2001440985223865	-0.0051348906130782	0.0400576601733387	2.636710160827949e-05	0.1133170432942307	0.0546599454364553	0.0029877096351162	0.0128407523009465	0.1338013589139493	0.0122820438146718	0.0179028036472194	0.0001508486002655	0.0043283611212573	-0.0001937134321647	3.752489380106637e-08	1.8734709996011755e-05	0.0024120185470637	2.414237616999923e-07	5.828543271337468e-14	5.817833471379282e-06	-0.0081023573239815	-0.0002412699807898	6.564819420547666e-05	5.8211203630310766e-08	0.0	0.0	0.0	0.0	0.0
264.498609500519	-0.8285509234181632	0.6864966326970909	69959.51442770805	356.6879847976397	-2.7117864644752103	7.353785828910961	127226.31849900122	256.12684136269075	-0.3975755544316826	0.1580663214816598	65600.95886642896	269.00828691594097	247.1462313339333	1.224257	26.048988	0.381040186434372	0.3234043215785427	0.0973119801	-0.03271829	0.0326352342	0.0209018795	-0.0667734947	0.0893249869	-0.0473674128	-0.0247671836	0.0433192203	-0.0642533012	-0.0173787343	-0.0392012124	-0.0956450001	-0.0887867962	0.0225362374	-0.0086932475	0.0490541639	-0.0170530155	0.1009599757	0.0466016485	-0.0018884088	-0.0328685536	0.0750488632	-0.0068465932	0.0576014241	0.0212376486	0.05527235	0.0418199511	0.0288002629	-0.0735960712	-0.0923812361	-0.1149146405	-0.0001871494	0.1139023114	-0.0726433415	-0.0167016204	-0.1971322319	-0.0644783243	-0.0744831958	0.1290436569	0.0718842129	0.0665428381	0.0023057882	0.0232805148	-0.0122146423	0.117654359	-0.0094738247	0.0283511155	-0.047405524	-0.041077333	-0.0286140853	0.0462203509	0.1413835073	-0.1732698543	-0.0289502883	-0.0142148512	-0.1018252468	-0.0029889352	0.1031176885	-0.090969094	-0.0686025075	-0.085784552	0.0152568998	-0.0742011674	-0.0020609336	-0.0326961668	0.0336499376	-0.0436106236	0.0523643683	-0.0389098442	0.0359073173	0.092223446	-0.0443278213	-0.0806274646	0.1365167497	-0.0248379339	0.0151407968	0.0727313622	0.012644392	-0.1387623774	-0.0093439793	0.0406241549	0.0621411542	-0.0332038891	0.007722287	0.0129793653	-0.2054302443	0.1082046967	-0.0115262005	-0.0289827	-0.1881619187	0.1449234558	0.0111841314	0.0161806225	-0.018156525	-0.0548027025	-0.0219610581	-0.0409235527	-0.0427831098	-0.0474779234	-0.050708155	-0.0896187139	-0.0524479795	-0.1243502502	-0.054916076	-0.0478335684	0.0472329634	-0.0114447846	-0.0573819361	0.0673775381	-0.0051941362	-0.0927218182	-0.0100508593	7.12939e-05	0.134574741	0.0698055094	0.0487319014	-0.014817735	0.0453175459	-0.0652590094	-0.1354570899	0.0063236486	-0.0506536964	-0.0758926409	0.0051416049	-0.0822640518	0.0353474844	0.0241075061	-0.075011107	0.0993068457	-0.1988775038936836	0.0012665946287028	0.0395522615549821	1.6042619534589796e-06	0.4345304226308002	0.3212133793365695	0.1031780350648189	0.1888166881917018	0.1526302508621739	0.0188288919482246	0.0232959934782501	0.0003545271719979	0.0043631315230352	3.477040177789995e-05	1.208980839796588e-09	1.9036916687303463e-05	0.0022939766074596	-0.000118041939604	1.3933899505497984e-08	5.262328675571856e-06	-0.008744171393017	-0.0006418140690354	7.646053335045685e-05	4.11925299211904e-07	0.0	0.0	0.0	0.0	0.0
264.05579025838165	-0.4428192421373751	0.1960888812071192	69725.46036897844	360.717342596234	4.029357798594333	16.23572426909297	130117.00124968884	255.8986769810619	-0.2281643816288578	0.0520589850440791	65484.13288065786	268.4953517566363	245.1280744460823	1.129429	24.031303	0.1608592575737689	0.1161563606517875	-0.0546375202	0.0712960856	0.0321720169	0.1105172967	-0.0239284895	-0.0870983493	-0.0068714663	-0.0948262364	0.0630901299	0.0650746697	0.051718716	-0.0047063459	-0.0669780812	-0.013566881	-0.0515593695	0.0300564068	-0.0546980122	-0.0870310829	0.0967286015	0.0243352013	-0.0460203145	0.0363837138	-0.1423784739	-0.0739629933	-0.0820712848	0.021803136	0.0337835551	0.0358049152	-0.0487549319	-0.0042468394	0.0907922216	-0.02522775	-0.0200689705	-0.0462401281	-0.0788171383	-0.0509091823	0.0337936791	-0.0595763712	0.0254896817	-0.0153852705	0.0066560932	-0.0578575004	0.0546159585	-0.0145927872	-0.0247805685	-0.0807532431	0.0568454359	-0.0681348523	-0.000538035	-0.0956788914	0.1448040822	0.0154941499	0.070727819	-0.106989804	0.0008376655	-0.1224150966	-0.0667991637	0.0145963343	0.1191642546	-0.070332684	-0.046349091	0.0586009585	-0.0192891977	0.0904569868	0.021202993	0.0619387698	-0.0296277967	-0.1251496435	0.0754895948	-0.1327409507	-0.0417064194	0.0184641051	0.0219724084	0.0751680715	-0.0996808321	-0.0736269684	-0.0068668978	0.0380082512	0.0594338992	0.0471270869	0.0805436198	0.0872866501	-0.0656141075	-0.0211151209	0.0564439214	0.0482570779	0.0265385401	-0.021687406	0.0285706355	0.0900231551	-0.0691983844	0.0567678609	0.0082323299	0.0267130541	-0.005189103	-0.0502634515	0.0816299695	0.0252191129	0.0390569618	0.0847426478	-0.0219858424	-0.0513244298	-0.0912267534	0.0962868428	-0.0676715277	-0.0573653116	0.1197203797	-0.0063640225	0.0657142058	0.0595377154	0.0054663812	-0.0054151582	-0.057460082	0.0520821377	0.106528285	-0.0063610011	-0.1123017236	-0.013838634	-0.0649613858	-0.0010887705	0.011324429	-0.0132316338	-0.0242893417	-0.0815197492	0.0620823105	-0.0831469612	0.0382683432	0.0195090322	-0.0707106781	0.098078528	-0.2000356941402969	-0.0011581902466132	0.0400142789301904	1.3414046473501503e-06	0.3255147471601844	-0.1090156754706158	0.0118844174983146	0.1059598506187587	0.1523550920866441	-0.0002751587755298	0.0232120740847298	7.57123517510614e-08	0.004119657187555	-0.0002434743354802	5.9279752037525226e-08	1.697157534297357e-05	0.0024697559752877	0.0001757793678281	3.0898386154046494e-08	6.099694577469299e-06	-0.0081552204347051	0.0005889509583118	6.650762033863164e-05	3.468632312965052e-07	0.0	0.0	0.0	0.0	0.0
264.497620480259	0.4418302218773533	0.1952139449641912	69958.99123971912	359.31386741782137	-1.4034751784126342	1.9697425764203755	129106.45531875172	256.0479103382802	0.1492333572182929	0.0222705949066426	65560.53238859997	268.79674325457165	245.3996605328596	1.110387	23.626139	0.1639001881632092	0.1308166282121324	-0.0719364368	-0.0396911872	-0.0219965733	-0.0428339659	-0.0443627635	-0.0228247649	0.0591035349	0.0454936889	-0.0204556567	-0.001733063	0.0419704001	0.0022312671	0.0334172271	0.0406444839	-0.068500888	-0.0607683332	-0.0206696877	-0.0846612422	0.065040967	-0.0621428118	-0.0491905807	0.1078841782	0.0428320397	0.060272679	-0.0792971752	-0.1358389067	-0.1122833329	0.0400235538	-0.0518483872	0.0505986424	0.0744558643	0.0371978157	-0.0564369622	0.0804063971	0.0647191649	-0.0513341343	0.1078619561	-0.0541907105	-0.0445316823	0.0149633355	-0.0902739084	-0.0528920483	-0.079733321	0.1188938116	0.0306331216	0.0570670443	0.1081456731	-0.0562848066	0.0188759715	0.0020254076	0.0604762289	0.0284932045	-0.0668788831	0.0269306082	-0.0334971272	0.0751689042	-0.0177072478	0.1350665096	-0.0175288598	0.0320482432	0.0143979763	0.0731351927	8.15252e-05	-0.013524103	-0.0501930382	-0.1163994006	-0.0689964466	-0.0358557464	0.0836456397	-0.0344629324	-0.0558482473	-0.0438223948	0.0380980936	-0.0134783521	-0.1016251174	-0.0235797277	0.0001107061	-0.1705425767	-0.1563399286	-0.0160980547	0.010079101	-0.0548226625	0.0133514247	0.0753462542	0.0363391311	-0.0085989505	-0.0021475172	0.0011421147	0.0300078057	0.0791960936	0.0953841855	0.0236419955	-0.0698385899	0.1109353041	-0.1441766286	0.0935731235	0.0116684261	0.0628968198	-0.0355607874	0.0207741512	-0.1259499341	0.0285883922	0.0649903909	0.0189081718	0.068292545	0.0022847953	0.0539049766	0.1088612682	-0.0251370535	-0.0121149963	-0.0997422211	0.0236369559	-0.0357525462	-0.006479009	0.150655098	0.0213078937	0.0295849045	0.0235412856	-0.0300842479	0.0953372532	0.1468755959	0.0713950877	-0.0784786846	0.0656012292	0.0294175295	-0.0840093554	0.0411514359	0.0148672434	-0.0661311865	0.0962455236	-0.2002855384185409	-0.000249844278244	0.0401142968996048	6.24221633712704e-08	0.1974765559381381	-0.1280381912220463	0.0163937784114133	0.0389969901451885	0.1268336527348452	-0.0255214393517989	0.0160867754660633	0.0006513438665875	0.0040499461508367	-6.971103671829949e-05	4.859628640340099e-09	1.6402063824677006e-05	0.0024547721224799	-1.498385280780017e-05	2.2451584496582104e-10	6.025906173304473e-06	-0.0080381010580088	0.0001171193766962	6.461106861876218e-05	1.371694839772976e-08	0.0	0.0	0.0	0.0	0.0
264.4916789779433	-0.005941502315693	3.530144976738546e-05	69955.84824857142	357.7104965209961	-1.603370896825254	2.57079823278622	127956.79932129756	255.79707625088275	-0.2508340873974362	0.0629177394005046	65432.144218499925	268.5758341066599	248.3950183071184	1.059001	22.532776	0.1779283077550874	0.1122798496486736	0.1219994676	-0.0097315868	0.0217627616	0.0140917964	-0.089266988	0.0768480263	-0.0896517424	-0.0051105732	0.0191588791	-0.0791089939	-0.0606932249	0.0242165942	-0.0478313947	0.0082084014	-0.0160894217	-0.1079809794	0.0751678195	0.0196759572	0.0470359057	-0.0099928233	-0.0177334679	-0.0338322484	0.058584043	-0.0282488024	-0.0459952433	0.0328449078	0.0129065544	0.0436961236	0.0400142975	-0.0799658043	-0.0073449312	-0.0545872415	-0.1037700412	-0.0016964188	0.0941704161	0.0590589651	-0.097472366	0.0250301394	-0.0248515583	-0.0371395225	0.0620499816	-0.0462668495	-0.0139564657	0.0148701939	-0.0322804162	0.0176142998	0.0960744762	0.0214819657	-0.0455371883	0.0756823475	-0.0312344501	0.0678160228	0.0421774484	-0.0548351334	0.0429187867	-0.1716611796	-0.0376849766	-7.46278e-05	-0.0693037012	-0.0458460366	0.0199921021	-0.0169454674	-0.0578099071	-0.1325409919	-0.0377155716	-0.0358032272	0.0148238044	0.0324021227	0.0110115454	-0.0357591561	0.0564640262	0.085049098	0.0189497484	-0.0695663852	0.1003850355	-0.0776785932	-0.0523700035	-0.0303759336	-0.0402665479	-0.0181974616	0.0016851884	0.0515247514	0.0455427945	0.0237869159	0.0088593396	0.1015116814	-0.0710917948	0.0009051178	0.0673421539	-0.0796795218	-0.0242325307	0.0268211483	0.0186477774	0.0813251655	-0.0039436481	-0.069545421	-0.0986386622	-0.0555680599	0.0064613856	0.0214763005	0.1241104008	-0.0429276779	0.0329465834	-0.0738382913	0.0939946915	-0.0281418986	0.0424635002	-0.0705756778	-0.02673471	0.0551402815	-0.0652213238	-0.0302266549	-0.0557160291	0.0218694502	0.1028098009	0.0146083471	0.0003682852	-0.000728764	0.0837360233	0.0625229542	-0.107603596	0.0410498077	-0.0260442274	0.0682371707	0.0382459039	-0.0848510215	0.043993917	0.0101924456	-0.0612907054	0.0938191336	-0.1956226631584883	0.0046628752600526	0.0382682263412193	2.1742405690810616e-05	0.3076466598509739	0.1101701039128358	0.012137451796165	0.0946464673174608	0.1452276099552492	0.0183939572204039	0.0210910586933139	0.000338337662226	0.003579216594846	-0.0004707295559907	2.215863148832021e-07	1.2810791432820991e-05	0.0023166554215123	-0.0001381167009676	1.907622308617348e-08	5.366892342022332e-06	-0.0083232822282864	-0.0002851811702776	6.927702705170821e-05	8.132829988090149e-08	0.0	0.0	0.0	0.0	0.0
264.06186438024434	-0.4298145976989644	0.1847405883951226	69728.66821997055	359.66571905028144	1.9552225292853225	3.822895139024893	129359.42945995598	255.44084667359425	-0.3562295772885022	0.126899511735145	65250.026149322686	267.84736370575547	245.84851055734504	1.078478	22.947193	0.2893327046993261	0.1894908465247783	-0.0739045697	0.0569896208	0.0011050418	0.0920503993	-0.1445707245	-0.0859943997	-0.0085828476	-0.0699987299	0.0441634271	-0.0773664586	-0.1029323838	-0.123692596	-0.1274569523	-0.1183524541	0.0273796225	-0.1053408078	-0.0280981823	-0.0251775339	0.045949727	-0.0750837915	0.0926900066	-0.0793556874	0.0436569872	-0.0186325816	-0.0716524813	0.0774857475	-0.0641982978	0.1178314622	-0.1344732082	-0.0179765958	-0.0639005139	0.0322533955	-0.0234553385	-0.0307859541	-0.0420322651	0.012492963	0.1061458837	0.0431115473	-0.0449291133	0.1924478855	-0.1084884912	-0.0255213054	0.1150632101	-0.0648894063	-0.0634206199	-0.0109492909	0.0216600446	-0.0986074384	0.0074301215	-0.0060409778	-0.0515868313	0.0132749136	-0.1522565185	0.0440737121	-0.0621359331	-0.0253294464	-0.0533008253	0.0198568133	-0.036173621	-0.1238236863	-0.0567715992	-0.0559080435	-0.1526533331	0.0909448562	0.0229848724	-0.1000604869	0.0472088866	-0.0212929157	-0.0708029948	-0.031691602	0.090455319	0.089480443	-0.0121531997	-0.0421901256	-0.046798372	-0.0308330999	0.0586485693	-0.0110309782	-0.0959719826	0.0781087298	0.0024527559	0.0571619298	-0.0996616159	-0.0128627126	0.0282362304	-0.1136433223	0.1258517368	0.1062766419	-0.0386888532	-0.0948240987	-0.0166085084	-0.0619037134	-0.050597172	0.0407556549	-0.1035080757	0.0525700281	0.0577792061	0.0570023955	-0.0211996924	0.0046267597	0.0936839392	-0.1213530048	-0.0616256391	-0.0855608196	0.0747172853	-0.1276761113	0.0316305547	0.0088844395	0.0504351201	-0.1465249883	-0.067654202	0.0311270241	-0.0924211103	0.0479750105	-0.0581364112	0.0296119128	0.0242653814	0.0789318745	0.0582747447	-0.0771245753	-0.0127176733	-0.0364238178	0.123694509	-0.0199708806	0.0065977789	-0.0856717519	0.0467929814	0.005495018	-0.0562083378	0.0908143174	-0.1581027485857475	0.0375199145727408	0.024996479110368	0.0014077439895457	0.4814606455573624	0.1738139857063885	0.0302113016271406	0.2318043532205121	0.153495546458096	0.0082679365028467	0.0235608827824695	6.83587740151065e-05	0.0035959973861795	1.6780791333500123e-05	2.8159495777847285e-10	1.2931197201409796e-05	0.0017019378993443	-0.0006147175221679	3.778776320603654e-07	2.8965926132244884e-06	-0.0075601631834409	0.0007631190448455	5.715606736025524e-05	5.823506766059085e-07	0.0	0.0	0.0	0.0	0.0
264.624904075884	0.5630396956396453	0.3170136988659844	70026.33985717081	355.88877849218983	-3.77694055809161	14.265279979357365	126656.82265666296	255.58492382100764	0.1440771474133839	0.0207582244067779	65323.65328459028	268.4712436794282	246.31342353342407	1.214165	25.834263	0.316762768960261	0.2843082646328519	0.0113303509	-0.1109744252	-0.0265447162	0.0328766917	-0.0906535643	0.0978891218	0.0949048966	0.0415294164	0.0679821796	0.0957137583	-0.0326382177	-0.037548706	-0.0109277046	0.0241793811	-0.0866930276	-0.0521227633	-0.1301413036	-0.0012124771	0.0897741424	-0.042336207	0.0278495298	0.0283465888	-0.0688028714	-0.0389562225	-0.1244902448	-0.1289927002	0.0829772416	-0.058499552	-0.0799944117	0.0457844131	0.0176234566	-0.0251734548	-0.0734182022	0.0037851897	0.0689158328	-0.0366856462	-0.0824463529	0.0247845275	0.102802705	-0.0904455151	0.0243929793	0.1351014926	0.0688282424	-0.0639298824	0.03523623	0.0603250067	0.031356277	-0.0197184321	0.0903132626	-0.048268996	0.0703467012	0.0770306947	-0.005245195	-0.0663202723	0.0031981554	0.0511237792	0.0311409548	-0.0883604436	0.0374682887	-0.0173891853	-0.0241317746	0.0678454531	0.0501306133	0.0421679907	-0.1907797035	-0.0082632746	0.0416878699	-0.0598498177	0.0857623239	-0.0464945431	0.0771098056	-0.097493123	-0.0554943156	0.0794130558	-0.0553216775	-0.1056864867	-0.1143946586	-0.0950265952	-0.0601892521	-0.0273903243	0.0713286863	-0.0792196668	-0.0660274158	0.0140773632	-0.02861648	0.1293029247	-0.0036032577	-0.0468307363	0.0330507543	-0.0842125688	0.0024851197	-0.0074367656	0.0151305777	-0.018076246	-0.0539440575	-0.1262261775	0.0033908902	-0.1258852348	0.0632123614	-0.038084223	0.0436729547	0.0167836074	-0.0254395367	0.1152705996	0.0324298169	-0.0696593911	0.0732926598	0.0123767168	-0.1288243372	0.0824978686	-0.1291425996	0.0024286645	-0.0996872792	0.0077639593	-0.1156375029	-0.0982307009	-0.2032457506	-0.0187149933	-0.0440363212	0.0037507054	-0.0184822927	0.0117958121	0.0014356317	-0.08725457	-0.0559534251	-0.0864713441	0.0495458668	0.0007853901	-0.0509041416	0.0872496007	-0.1645946088593604	-0.0064918602736128	0.0270913852655658	4.214424981211333e-05	0.1985700524746079	-0.2828905930827545	0.0800270876547125	0.0394300657397685	0.1445963406788024	-0.0088992057792935	0.0209081017377002	7.919586350221253e-05	0.0035200344167512	-7.596296942829995e-05	5.7703727243648335e-09	1.239064229511296e-05	0.0019706905815617	0.0002687526822174	7.222800419904687e-08	3.883621368255991e-06	-0.0075850697282872	-2.4906544846300772e-05	5.753328278297886e-05	6.203359761807918e-10	0.0	0.0	0.0	0.0	0.0
265.2176476581608	0.5927435822767961	0.351344954330329	70340.40062932832	362.1772229968377	6.2884445046478845	39.544534288036175	131172.3408577011	256.4001226745196	0.8151988535119585	0.6645491707672116	65741.0229075087	269.2319737291443	249.7140317868448	1.362337	28.986963	0.1560615762831941	0.1090494214530726	0.0342792149	0.1158190702	-0.0319440691	-0.0643519608	-0.0176712268	-0.0435408128	-0.1521647614	0.0560897935	0.0175362763	-0.0247512853	0.0216384123	-0.1307721257	-0.0324116772	0.0293867657	0.0151970051	-0.0625690371	0.1187295205	-0.0381208412	0.1667753542	0.0369368502	-0.0319895746	0.0352936218	0.025193057	-0.0038239382	0.0367973367	0.0169810371	0.1243478916	0.0824856922	-0.0512570651	-0.0884726347	-0.1440761061	-0.1202108606	0.0412954444	-0.1372910085	0.016396645	0.0400848461	0.0886789952	0.0037756248	-0.071399099	0.0772024102	-0.0301763483	-0.1515105192	-0.0278567948	0.1547559758	-0.0622904447	-0.0520440556	-0.0826001819	-0.0324974381	0.0358755597	0.033310009	-0.0324439383	0.0650316603	-0.0223354192	0.0519887063	-0.1079346517	-0.017594706	-0.0700541862	-0.1435969366	0.0920467968	-0.0211252764	0.0587270771	-0.0157341094	-0.0748755128	-0.1011025529	0.0822527904	-0.0658868588	0.0810415253	-0.0965112406	0.1223918394	-0.1045255941	-0.046815466	0.0329922808	-0.0322742062	-0.008642144	0.0835143464	0.0237203934	0.0062402412	0.1469034611	-0.0746063022	0.0367978889	-0.1221853863	0.0606532049	0.0555801631	-0.0071198625	0.0490190008	-0.1308121566	0.1213602769	0.0939302657	-0.0111101134	0.0588257126	-0.0894090328	0.1078368785	0.1138935271	0.0499968666	-0.0499667652	0.0102051144	0.0477062912	0.1764960842	0.0479860391	0.0540161629	0.1025318239	-0.031070251	0.106215876	-0.159410485	-0.0362980877	-0.0595261824	0.1136535615	-0.0152175046	0.0378136709	-0.0040344615	0.0191200259	-0.0181662741	-0.1103213909	0.0282095364	0.0617628603	0.0663044272	0.2026233613	0.1672390794	0.0275373126	0.0873084433	0.0032771191	0.090369227	0.0888312006	-0.1826254912	0.1635378318	-0.0872496007	0.0522498565	-0.0039259816	-0.04539905	0.0831469612	-0.1773076258485559	-0.0127130169891954	0.0314379941840514	0.0001616208009675	0.3014625109576485	0.1028924584830405	0.0105868580126842	0.0908796455128903	0.1585728794464955	0.0139765387676931	0.0251453580959527	0.0001953436359248	0.0038857718321347	0.0003657374153834	1.337638570114027e-07	1.5099222731411462e-05	0.001933045534606	-3.764504695569996e-05	1.4171495602968548e-09	3.736665038860197e-06	-0.0074588609497611	0.0001262087785261	5.563460666787106e-05	1.5928655777050264e-08	0.0	0.0	0.0	0.0	0.0
263.9966212337148	-1.221026424445995	1.490905529195371	69694.21602281748	357.29219842227	-4.885024574567694	23.863465094130284	127657.71505341875	255.2987460514043	-1.1013766231153	1.2130304659448614	65177.44973541942	267.81036563725775	246.2366462071801	1.593953	33.915154	0.4672414590093725	0.3976513535900308	-0.0783029768	-0.0663888066	-0.1127781725	0.1595794125	-0.0516348636	0.0265059915	0.1021999952	-0.061159121	0.2157649304	0.0332355475	0.0328654665	-0.041413822	-0.1185352	-0.3138516309	0.1387196224	-0.0153237614	-0.1779277395	-0.1233668566	-0.0869834544	-0.0665771394	0.2132293459	-0.2244466326	0.0116940332	0.030957066	-0.0085138092	-0.04174727	0.0146336324	-0.0690368179	-0.00789661	0.0112248754	0.0667661871	-0.0092848125	-0.1268225323	-0.0095246114	-0.0111518564	0.0343362654	0.0950347824	0.0964927816	-0.0209162463	-0.0925639696	0.1293957693	0.0777174433	0.018286539	0.0899773073	0.0647883718	-0.0216810293	0.1173207025	0.1723759834	0.0177623805	-0.087921488	-0.0236290026	-0.0175269881	0.0984211958	0.1298314021	-0.0281295955	-0.0259630093	0.0296723773	-0.0131571374	0.0099442879	-0.1208563462	-0.2043210768	-0.2420810523	-0.0515459063	0.2077006445	-0.0315195202	-0.0629320827	-0.0244356664	-0.0771976331	-0.0627193421	0.0899910242	0.1958303967	-0.0528829395	0.0714713861	-0.1069509608	-0.0137902183	0.1323513139	-0.2486045512	-0.07972112	0.0435559379	-0.0349545962	0.1166736545	0.0505783185	0.0040107937	0.0152574748	-0.0211815812	-0.0038846943	0.0226656858	-0.1214035279	-0.1549997663	-0.0586435018	0.0235293402	0.0057514345	-0.01319462	0.0017664382	-0.0123234882	0.0079269488	-0.0312722132	-0.0035902539	0.0331192522	0.0642942141	0.0675495622	-0.1661418674	-0.2849830063	-0.0813782182	0.0649770295	-0.0081989991	-0.007457804	0.164792427	0.0885369754	-0.1478737626	-0.1275942695	-0.0495187925	-0.0057480405	-0.0547515302	-0.1870617594	-0.0245726274	-0.0603701648	-0.2403761219	0.1693440141	-0.2066660486	0.1364932802	0.0004039892	0.2195607018	-0.0092043573	-0.1059075053	-0.0880063298	0.0549022818	-0.0086286366	-0.0397147891	0.0785316931	-0.1758305392221046	0.0014770866264512	0.030916378523136	2.1817849020412705e-06	0.698081587225829	0.3966190762681805	0.1573066916598248	0.4873179024237327	0.1748746418261362	0.0163017623796407	0.0305811403538194	0.0002657474566822	0.0036941140957685	-0.0001916577363661	3.673268790901575e-08	1.3646478952555524e-05	0.0019311674383779	-1.8780962281000036e-06	3.5272454420034598e-12	3.7294076750510607e-06	-0.0083221957918688	-0.0008633348421077	6.925894279819877e-05	7.453470495971286e-07	0.0	1.0	0.0	0.0	0.0
265.0838317050251	1.0872104713103	1.1820266089267644	70269.43783141806	360.1667217110688	2.874523288798798	8.262884137846658	129720.0674280985	256.0172379992952	0.7184919478909251	0.5162306791840958	65544.82615278778	268.7548927948398	251.37397575067268	1.499617	31.90794	0.6748429781203761	0.581004071539722	0.1130115155	0.0253020427	-0.0857568551	0.0612877136	-0.0388693702	0.0447101271	-0.0549486747	0.0259498202	0.1257867921	0.0820811536	0.0078162469	0.2003864282	0.0672781946	0.0163767324	-0.0337245616	-0.1136471596	-0.0251039645	-0.0447917176	-0.1967367355	-0.0438159651	-0.0205874419	0.0034613943	-0.1856311012	-0.0204733395	-0.0029517582	-0.0052853554	0.068327535	0.0042690736	-0.0017946167	-0.1056771574	-0.0730413594	0.129463935	-0.0577169989	-0.0799776322	0.0637206098	0.0518992777	0.0399865874	-0.0251156036	0.116040355	-0.0396417509	0.093338429	0.0051242201	0.080191232	-0.0135666593	0.0796631671	0.0268605684	-0.0506700859	0.1048398554	0.0180081979	-0.0185937352	0.0412496717	-0.0107038613	0.0246578338	0.0954984466	-0.1012274271	0.023551103	-0.0092155762	-0.0111627356	-0.0560207204	0.0623081343	0.0018723288	0.0064922057	-0.0780094777	-0.081757073	-0.1172604011	0.1548876551	-0.1170515636	-0.0045139321	0.0077683051	0.0089328039	0.0718908505	-0.1436177078	0.0335790106	-0.0665570004	0.0244724749	-0.1480371296	-0.1318542	-0.0227224876	0.0851623539	0.0980558331	-0.0388050194	0.061536273	-0.0904144272	0.0739366397	-0.1322856441	0.0335661883	-0.061716922	-0.1201310911	0.0280930552	-0.0018258599	0.0253533297	0.0086915489	0.0575732467	0.0038931468	-0.0443564283	-0.0249632193	0.13683844	0.0364043808	-0.035892409	-0.0193780771	0.058491892	0.0664741115	-0.0275377636	0.1276043488	0.121083331	-0.0193177459	0.0610472668	-0.0205734223	0.0618086265	0.1270643213	-0.0527847399	-0.0412381665	-0.0441302213	-0.0819019202	-0.0976930993	-0.1232196379	-0.0554167926	-0.0475491628	-0.0057199203	-0.0208709807	-0.0351853116	-0.0005196015	-0.0493922112	0.1787468157	-0.0001368071	-0.0887413447	0.0575005252	-0.0133121339	-0.033873792	0.0734322509	-0.1935961685123572	-0.0177656292902526	0.037479476462665	0.0003156175840786	0.1169253915366397	-0.5811561956891893	0.3377425237879313	0.0136715471859964	0.150616969772102	-0.0242576720540342	0.0226854715833302	0.000588434653481	0.0038621748005613	0.0001680607047927	2.824440049545264e-08	1.4916394190090716e-05	0.0022210828780142	0.0002899154396363	8.40509621395091e-08	4.933209151007842e-06	-0.0077469023145599	0.0005752934773089	6.0014495471333536e-05	3.309625850341669e-07	0.0	0.0	1.0	0.0	0.0
265.4890037266248	0.4051720215996965	0.164164367087185	70484.41109975579	362.363672738705	2.196951027636203	4.826593817831768	131307.4313206833	256.2134843672682	0.1962463679730035	0.0385126369425955	65645.3495716164	268.7989884629803	250.5284156445384	1.30238	27.71125	0.1541140780241232	0.0887394661345449	-0.0705517502	0.0337585895	-0.1067945183	-0.0704616843	-0.110985408	-0.1147089404	0.0234584448	0.0736706208	0.0212660191	-0.0959430017	-0.0891287802	0.0114618531	0.0358812908	0.080858486	0.0184051604	-0.0887181263	0.0530160044	-0.0147514885	-0.0052474119	-0.0320698994	-0.0418242492	-0.0650467237	0.0667541641	-0.0058768611	0.0212705311	0.0143699326	-0.0105598594	0.0393783782	-0.013318364	-0.0616160697	0.0019101508	0.0911831281	-0.0247805288	-0.1081554097	0.0335176975	0.0934586512	-0.0476534996	-0.0036455677	0.0221426762	0.0398127473	-0.0722052767	0.0308727213	-0.0217509429	-0.0481318546	-0.0187795833	-0.0216181341	0.0742697296	0.1068409161	0.1302617082	-0.0390066088	0.0056885383	0.0649221677	0.0019289475	0.0004000648	-0.1167126672	0.0392767201	0.0181348825	0.1845266648	0.0671402548	0.0418190406	0.0983074313	0.0302029756	-0.087457887	0.0077947592	0.020801483	-0.1076557588	-0.0051993227	-0.0286391425	-0.0371390091	0.0009280918	0.0321293814	0.0284588536	-0.0106814632	-0.0414864945	0.075947239	-0.0844443847	0.0035079905	0.0600443718	0.0455004986	0.0448300153	-0.0149836425	0.0243112024	-0.06282296	0.0087299925	-0.118057483	0.0317152404	0.032806896	0.0722519129	-0.00157643	-0.1098633467	0.0779605775	-0.0192686349	0.0748000396	-0.0573761572	-0.0830150917	-0.0351490436	-0.0590030677	0.0148088476	0.0638185776	0.0205496363	-0.0142312315	0.0401410972	0.1140711819	-0.0634542216	0.0549549331	-0.0968679081	0.0347082093	0.0637088336	0.0070960775	-0.0696527865	0.0479447495	-0.0009623189	-0.0118327013	-0.0058220652	-0.0566736046	-0.0193072285	0.0867510926	0.1322865323	-0.0524814902	0.0101345555	-0.0299565312	0.0760435498	-0.0343864479	0.0391201622	-0.1114634232	-0.089454464	0.0600420225	-0.0179660749	-0.0278991106	0.0678800746	-0.1754998313910221	0.0180963371213351	0.0308001908182771	0.000327477417209	0.1927598879082097	0.07583449637157	0.0057508708399296	0.0371563743863855	0.1567888470074052	0.0061718772353031	0.0245827425459115	3.80920686076537e-05	0.0042482499990781	0.0003860751985167	1.490540589097864e-07	1.804762805466708e-05	0.0016862378367465	-0.0005348450412677	2.860592181686479e-07	2.843398042075516e-06	-0.0079062094206937	-0.0001593071061337	6.25081474038658e-05	2.537875406472572e-08	0.0	0.0	0.0	0.0	0.0
265.1985607260546	-0.2904430005701783	0.0843571365802086	70330.27661117088	356.06006084658065	-6.303611892124366	39.735522886531726	126778.76693007072	255.9706113738501	-0.2428729934181035	0.0589872909318701	65520.95388710261	269.0127985775375	250.1845786334251	1.084973	23.085386	0.1774577156054067	0.1146779818125705	0.0756213915	-0.0710647695	-0.0871976	0.0218149567	-0.0967159466	0.1084565052	0.0143335158	0.0348875898	0.0824539204	0.0045208976	0.0071756821	-0.0228750682	-0.0344495657	0.0366778474	-0.0092118934	-0.0263785278	-0.011839381	0.0249035668	0.0464018936	0.1153000825	0.0208285721	-0.0442426479	-0.0283891191	0.0197350677	-0.0440046326	-0.029878595	0.0716168071	0.078352891	-0.0562329136	-0.032233938	-0.1251009512	0.0927626272	-0.0582289534	-0.0572126533	-0.1237677848	-0.1420606813	-0.0525069597	-0.0738341092	0.130314303	-0.0100130984	-0.1872394504	0.037309608	-0.2025336585	0.0982858653	-0.0228265241	-0.0244982218	0.0371879305	0.0184306147	0.0013654075	0.0331192555	0.0304327016	0.0299325406	0.0782101788	0.1026977266	-0.0199974222	-0.0041937369	0.0492468603	-0.0102603532	0.02192256	-0.0359239515	0.013476681	-0.0001144254	0.0843162239	-0.0652302309	-0.0816845415	0.0177751121	0.0461118371	-0.0875464809	-0.0400168409	-0.0212237245	0.0437717236	-0.062641998	-0.1186937246	0.002003609	0.0782153718	-0.1190888507	0.0268330561	0.0270763196	-0.0602898041	-0.0548938571	-0.0054501995	0.09999443	-0.1246414983	-0.1366627385	0.0065850234	0.0664067828	-0.0525128615	0.0943843945	0.0542180362	0.1028486625	0.1081412448	0.0330857232	0.0524173033	-0.0499621606	-0.0368150083	0.100559968	-0.0444899042	0.0916890867	0.0361482788	0.0353321585	0.0665397547	-0.0228380095	0.0132531262	-0.0027405267	0.0308026922	-0.1216911632	-0.0260446392	0.0376541736	-0.1442654117	0.1065366738	0.0361522353	0.0080766153	-0.0265757376	-0.0095090795	-0.0231538137	-0.0592768435	-0.003945709	0.0725466116	-0.031578283	-0.0128297569	-0.0052295472	0.0975662622	-0.0815088705	-0.0760233558	-0.1266546308	-0.0901455117	0.0625242656	-0.0225801267	-0.0218143241	0.0619093949	-0.1758625612691133	-0.0003627298780911	0.0309276404561326	1.3157296446004896e-07	0.2939830872850137	0.101223199376804	0.0102461360920762	0.0864260556096279	0.1266743313493137	-0.0301145156580915	0.0160463862227957	0.0009068840533214	0.004684017050453	0.0004357670513749	1.8989292306397481e-07	2.194001572893442e-05	0.0019355605979332	0.0002493227611867	6.216183924576024e-08	3.7463948282715263e-06	-0.0076761538194069	0.0002300556012867	5.8923337459195134e-05	5.2925579683430964e-08	0.0	0.0	0.0	0.0	0.0
265.06803861188746	-0.1305221141671495	0.0170360222866624	70261.06509355306	363.1993589617171	7.139298115136455	50.96957757679094	131913.77435020223	256.42057224568106	0.4499608718309389	0.2024647861788586	65751.50987080253	269.193121363005	249.9797654431952	1.017385	21.647287	0.1338311858425661	0.0734673074049077	-0.0373481678	0.1045631975	-0.0563344338	0.0115929181	-0.0397854997	-0.1140555781	-0.0484285771	-0.0214933424	0.0693053957	0.0581749541	0.1203332891	-0.0531675143	-0.0092718428	0.0476655797	-0.0502096383	0.0268669822	0.0199612569	-0.0761318018	0.0523577623	0.0648726827	0.0293309809	-0.0002350386	-0.1559560889	0.0302745051	-0.02613859	-0.109486486	0.0477917523	0.0701211829	0.0494913618	-0.0767108756	0.1626853321	-0.0077139756	0.1418489657	-0.0631559957	-0.0579836129	0.0516465381	-0.0302415957	-0.0205373154	0.0708258244	0.015815217	-0.0666868562	0.0297905223	-0.0803748595	-0.0809449772	-0.03606385	-0.0096207105	0.0308542001	0.0876381783	0.0824642164	-0.1001614309	-0.0163451976	0.0015371277	0.0479810531	-0.1037573018	-0.0591020796	-0.0268084297	0.0630313676	-0.0898493376	0.0034354747	-0.0095118843	0.011773626	0.0683748301	-0.0115619772	0.0094861547	0.0636324049	0.0250513268	0.0050924881	-0.1283206776	0.0365115371	-0.1033239379	-0.0141989041	-0.1087580256	-0.0721472821	-0.0088086226	-0.1211818693	-0.0768750358	0.0109885591	0.0585402655	0.024896833	0.1185796129	0.0418537551	-0.07072171	0.1300723358	-0.019896668	0.0190246118	0.0751035618	-0.0463042118	0.0369419472	0.0302789554	-0.0075590905	-0.0224303092	-0.1080251038	-0.06158862	-0.0540555684	0.0190356803	-0.0793426025	-0.0679409154	0.0244557285	-0.0305849964	0.1013359619	0.0793107313	-0.0033904018	0.0373043532	0.0236872929	-0.0611327808	-0.1272316727	0.0710001025	0.0574347781	0.0268934906	0.0817751933	0.0303558462	0.1237109957	-0.1352715327	-0.0464517384	-0.1290830849	-0.0117605683	0.0041131331	0.1547016177	-0.0015188899	-0.033228541	0.0379528552	-0.0528434807	0.0100553695	-0.0065131033	0.0203761929	-0.0908143174	0.0649448048	-0.027144045	-0.0156434465	0.0555570233	-0.1457753429257593	0.0300872183433539	0.0212504506051227	0.0009052407076406	0.2523646177877907	-0.041618469497223	0.0017320970032912	0.0636879003111776	0.1354772396664429	0.0088029083171292	0.0183540824676388	7.749119483978262e-05	0.0043053630891736	-0.0003786539612793	1.4337882239258094e-07	1.8536151329618446e-05	0.0019409775654559	5.416967522700036e-06	2.9343537141986966e-11	3.767393909603112e-06	-0.0069937729545118	0.000682380864895	4.891286013926072e-05	4.656436447749844e-07	0.0	0.0	0.0	0.0	0.0
264.6776375979797	-0.3904010139077627	0.1524129516602091	70054.25184444747	359.66354650101573	-3.5358124607013792	12.501969757251144	129357.8666816883	256.3688877124914	-0.0516845331896433	0.0026712909710313	65725.00658694003	269.316919773598	247.1390960924388	0.91067	19.376669	0.1245240355569735	0.0600289732932956	-0.0381711002	-0.0606570037	-0.0474689262	-0.0080589913	-0.072446847	0.0201877619	0.0480776389	0.0420750319	0.0703525017	-0.0382611034	0.0723352102	-0.0403226348	-0.0196308641	0.042132381	-0.0515722466	0.0014812499	0.0097964448	-0.1091274126	0.0824660363	0.0943249524	-0.0281283844	0.0549934103	0.0032454137	0.0193794149	-0.0771168309	-0.0935695927	0.0428510189	0.0496216122	-0.1267182605	0.1005689181	0.0461953809	0.1164875641	0.0871389351	0.1038790167	0.0490180177	-0.0813637262	-0.037311443	0.1010173544	0.0075438799	0.0006807031	-0.0012854961	0.0570583926	-0.0788606981	0.0750097368	-0.0747779669	0.0561132346	-0.0066346129	0.0461237215	-0.0669049658	-0.0431023067	-0.0723402052	-0.0344897515	-0.0102970091	0.0254104286	0.0617998023	0.1340946951	-0.0347933267	0.0571766461	0.0715486786	-0.0197389702	0.0046769214	0.0433354206	0.0822593486	-0.0607963545	-0.0346278653	-0.0808533697	-0.0626636361	-0.1335391178	0.0228600862	-0.0482915145	-0.0635986437	-0.0505990171	-0.0367888706	0.0495688138	-0.0820018813	-0.0186762645	-0.019264528	-0.0122284956	-0.1551279295	0.0897660369	0.0819691899	-0.1454440444	-0.0939022523	-0.0188492655	0.054052462	-0.0491208122	-0.0155016061	0.0041776028	0.0289944168	0.0079115051	-0.0344037757	-0.0551435684	0.0174805139	0.0432016775	-0.0586994539	0.0902974732	-0.167720359	-0.018393404	-0.053037717	-0.1052356394	-0.0376269662	-0.0160251183	0.0385926499	0.0039990957	0.0107927577	0.0082550355	0.1081869841	0.0991198665	-0.0680193151	0.0263366687	-0.0358033912	0.1085025819	-0.0942169332	-0.0160105179	-0.1316494231	-0.0597643347	0.025690679	0.0207413656	-0.0703130931	-0.0102556526	0.0529033072	-0.0600953366	-0.0429046042	0.0007580695	0.0785695349	-0.091460716	0.0673012514	-0.0316476967	-0.0094108313	0.0488621241	-0.1623478035718619	-0.0165724606461026	0.0263568093246078	0.0002746464518666	0.2669420770225201	0.0145774592347294	0.0002125023177401	0.071258072485097	0.1720809754063594	0.0366037357399164	0.029611862096804	0.0013398334701176	0.0039551021911168	-0.0003502608980568	1.226826967075565e-07	1.5642833342176912e-05	0.0017270766994563	-0.0002139008659995	4.575358047537879e-08	2.982793925804867e-06	-0.0075650187891799	-0.0005712458346681	5.722950928064492e-05	3.263218036256542e-07	0.0	0.0	0.0	0.0	0.0
264.02463815029887	-0.652999447680827	0.4264082786714651	69709.00955039625	360.5629667318093	0.8994202307935666	0.8089567515607526	130005.65297844382	256.09039456412296	-0.2784931483684545	0.077558433688174	65582.29018800818	268.79013817026123	248.9532455122296	0.988983	21.04298	0.081664221347326	0.0423680542571493	0.0764441631	0.0688549725	0.0208286833	0.0497092823	-0.0290882549	-0.0093300669	-0.0795332142	-0.0402595581	0.0033325063	-0.0785978457	0.0578969991	0.0849897285	-0.0416738159	0.026177705	-0.0098736128	-0.071475044	0.0225155467	-0.062971628	-0.0028337374	0.0603072073	-0.1323250878	-0.0385983711	-0.0531861268	-0.0085533759	-0.0863043199	0.0507646627	-0.025616396	-0.092970491	-0.056434083	-0.1042902824	0.0071763499	0.0898461792	-0.0639193129	-0.0820990462	-0.090208567	0.0435397176	-0.0314631394	0.0895647601	-0.1366728713	0.0253217873	0.0737728065	-0.0470830548	-0.088675811	-0.1457099448	-0.1070684482	0.0304239351	-0.0259239083	-0.082456302	0.0967681056	-0.1608477021	0.0536546129	-0.025080912	-0.0562314452	0.0405815445	0.0598426575	-0.0315309525	0.0792975891	-0.0005005185	-0.0376268874	-0.0434941722	0.029164767	-0.0046649447	-0.0534526375	-0.1050365212	-0.0093484199	0.0384493784	-0.0921631398	-0.0249703049	-0.0372453624	-0.0898347317	-0.0928879067	0.0522225687	0.074653557	0.01723464	0.0464726717	0.0003010204	-0.1697045394	-0.0828812071	-0.0078331845	0.1295124987	-0.0288937001	-0.0316351861	-0.0471025166	-0.0243360531	0.0174049145	0.0166499133	-0.0382380483	0.1258801805	-0.0880243696	0.0481475418	-0.0583175342	0.003976763	-0.1052505884	-0.0907808117	-0.0284431174	-0.0679544269	0.0068279054	0.0258021904	-0.0057385297	0.1507115275	0.0039686917	-0.0445444186	0.018249948	0.0144157512	0.0554736682	0.0062747678	0.1049498758	-0.0794352989	0.0239917977	0.0424253234	0.0281421731	0.1011535403	-0.0651811559	-0.0030142594	-0.0896392669	-0.0669842159	0.0642632018	-0.0014035782	0.0196155343	0.0231895126	0.0184948712	0.0883315161	-0.0821465913	0.0554451216	0.0890617389	-0.092084548	0.0695912797	-0.0360810826	-0.0031410759	0.0418659738	-0.1760815875584711	-0.0137337839866091	0.0310047254771115	0.0001886168225908	0.2989198534002639	0.0319777763777437	0.0010225781820649	0.0893530787568352	0.1860046802210675	0.0139237048147081	0.0345977410641415	0.0001938695557671	0.0039239444646079	-3.1157726508899454e-05	9.708039212033756e-10	1.539734016132698e-05	0.0018857056557937	0.0001586289563373	2.5163145788692744e-08	3.5558858202923483e-06	-0.0078158112296989	-0.0002507924405189	6.108690517828742e-05	6.289684822147586e-08	0.0	0.0	0.0	0.0	0.0
263.79242736267287	-0.232210787626002	0.0539218498898882	69586.44473389104	357.0790752374901	-3.4838914943192094	12.137499944189734	127505.46597246113	255.63736857663864	-0.4530259874843239	0.2052325453361467	65350.46421278819	268.1404635001768	244.20819783521904	1.020775	21.719431	0.1550237331145728	0.1133812662767558	-0.0828307842	-0.0162942066	0.0405490599	0.000997007	-0.0573839061	-0.0509094072	0.0775903258	-0.0760430242	-0.100617907	-0.0626884424	-0.0374955747	0.1103816989	0.0084336136	0.0446784376	-0.0569985352	-0.0892593526	0.0007679068	0.081294444	-0.0474253688	-0.0698153077	-0.0092981234	-0.0898768182	-0.0340945923	0.1029985082	-0.0649596362	-0.0059758251	-0.0310439986	0.0467379254	0.1078047216	0.0338318077	-0.0346746086	-0.1583382095	0.0222134211	-0.0705300491	-0.0107596915	0.0388475035	0.0179873532	0.0424881319	-0.1703306739	0.0743293036	-0.0063992698	-0.0183599267	-0.0856626804	0.0751917819	0.0259507867	0.1658869685	-0.0265403769	-0.0370711793	0.0716208534	-0.0287896148	0.0839682347	0.0298082756	-0.0008848197	0.0889734358	-0.1056280368	0.0073254778	0.0865154862	0.1131843302	-0.0105278139	0.0057151864	0.0224871326	0.0916109914	-0.0551479842	0.0503765505	-0.0429299739	-0.0585599454	0.0157804059	0.0824121014	-0.1366530963	-0.0138750891	0.0489687027	-0.0455584686	0.046646526	0.006432321	0.0616620349	-0.0654784659	0.0237281971	-0.0457709356	-0.0171695706	0.025879013	0.0290423103	0.0334994633	0.1782888959	0.0053931244	0.0154996015	0.0717283247	0.0573721131	0.0759040541	-0.1544892964	0.0179668961	-0.072066343	0.1096182746	0.0526022196	0.1547248894	-0.1018399546	-0.0062920803	0.0207469766	-0.0137491295	0.0277898029	0.0522657094	-0.059160799	0.0204360222	0.0534786984	0.0514263903	0.0475049617	-0.0218959832	0.0315912372	-0.0498685941	-0.027948754	-0.123836291	0.0107971402	0.0548488639	0.005914025	0.0246340572	-0.1030165939	-0.1168102621	0.0001083443	0.0866585347	-0.011401125	-0.0295968633	-0.0156854573	0.0904074837	-0.0614383215	0.1004112188	-0.0289569316	-0.0926856596	0.0718126298	-0.0404343596	0.0031410759	0.0346117057	-0.1812330387699745	-0.0051514512115034	0.032845414341799	2.653744958450013e-05	0.1846176267528534	-0.1143022266474105	0.0130649990165559	0.0340836681078558	0.1931802250072465	0.0071755447861789	0.0373185993338503	5.148844297846047e-05	0.0042219477521377	0.0002980032875298	8.880595937856874e-08	1.7824842821780582e-05	0.0019389943114793	5.328865568559986e-05	2.839680824778414e-09	3.759698939949084e-06	-0.0075992129635247	0.0002165982661741	5.774803766500186e-05	4.6914808909669226e-08	0.0	0.0	0.0	0.0	0.0
264.4236854120182	0.6312580493453197	0.3984867248632581	69919.88540687396	354.29293679291345	-2.786138444576636	7.762567432347917	125523.48506134735	255.7696876461873	0.1323190695486857	0.0175083361662299	65418.13311862823	268.8132986993445	246.8910444068676	1.056173	22.472593	0.2023837634183263	0.1039893044682801	0.0950173254	-0.0454666504	0.0442339939	-0.0719377169	-0.0350702776	0.1234177579	0.0004398623	-0.0013880354	-0.0820796819	-0.0261225148	0.056752168	-0.0135265658	-0.0032821448	0.0374429754	-0.0756563635	0.0040658193	0.0348179866	0.079887209	0.0269987994	0.0307914863	0.0837186704	0.0088342366	-0.0374877865	0.0047770502	0.0383627212	-0.0257731444	0.0585012439	0.0417529857	-0.0379094448	0.0062251355	0.1033375691	0.0253949945	0.0591123525	-0.0502825908	-0.0314028856	0.0102266862	-0.1422982684	0.0112436965	-0.0008257823	0.0967558453	0.0504204701	0.0267303544	-0.1225365315	-0.0008704197	0.0166120102	0.1152902176	0.0609398179	0.0716767024	0.0896479876	-0.0282311903	0.091981817	-0.0844861021	-0.0847181294	0.1412541346	0.0109451549	0.025040078	0.0388062736	-0.0320059301	-0.0009945241	-0.0016192176	-0.0083328834	0.0579270786	0.0677687104	-0.1062480034	-0.0228522685	-0.0111548051	0.1056499025	0.0363703503	-0.040676789	-0.0057032188	0.0820433956	-0.0481342779	-0.0641484037	-0.0881328145	-0.0623657393	-0.0343873348	-0.0020350023	0.0482986635	-0.0512356172	0.00955565	0.0597770548	-0.0641789402	0.0186616836	-0.111351824	0.0486881206	0.1155760827	-0.0787127043	0.1056977029	-0.0192693095	-0.045811801	-0.0593081177	-0.0510536548	0.0186337892	0.0550331481	-0.0184362495	-0.008717738	0.0206658829	0.0806770043	0.0454281237	0.0591173197	-0.1118920741	0.006548248	0.0824668707	-0.0558130671	-0.0177845304	-0.0637891247	-0.0454460603	-0.0376596877	-0.1292034016	0.0430928465	-0.0206297664	0.0717982973	-0.0808289579	-0.057384372	-0.1215101864	-0.0102035194	0.0412763896	0.1139734633	0.0545412717	-0.1156075805	-0.0051580496	0.1117373277	-0.0455303461	0.0261427024	-0.1237929946	-0.0932639023	0.0739631095	-0.0446978621	0.0094108313	0.027144045	-0.1593150472012894	0.0219179915686851	0.025381284264749	0.0004803983544049	0.2484625421162576	0.0638449153634042	0.0040761732177602	0.061733634834873	0.1463485205049295	-0.0468317045023169	0.0214178894539817	0.0021932085465923	0.0048500392094585	0.0006280914573207	3.944988787593653e-07	2.352288033328483e-05	0.00167983493077	-0.0002591593807092	6.716358460962788e-08	2.82184539463505e-06	-0.0070906807618764	0.0005085322016483	5.027775366684408e-05	2.586050001132677e-07	0.0	0.0	0.0	0.0	0.0
264.4568591317572	0.0331737197390111	0.0011004956813224	69937.43034183407	360.6886740198675	6.395737226954054	40.90545467624594	130096.31956621024	256.1374216911777	0.3677340449903568	0.1352283278449697	65606.37879060418	268.7194563651397	246.50920388826927	1.0912	23.217886	0.1165516058501868	0.0730099424996391	-0.0652623723	0.0564483773	0.0088413799	0.0602983036	-0.0405951902	-0.1053560435	0.012673557	-0.0639087828	0.0130144164	0.0205906444	-0.0106232725	-0.0352437985	-0.04060199	0.0210040959	-0.0451398607	-0.0059734934	0.022333826	-0.0334166537	0.0210145248	0.0607621497	-0.0569518112	-0.0774239861	-0.0315067619	-0.0182610158	0.1304998254	0.1471992494	0.1179007615	0.0600573306	-0.1152400447	0.0339743418	0.0258800896	0.0078679594	0.0659804757	0.1155425044	-0.1046399089	-0.0098442478	0.086488617	-0.024445178	0.0166692125	0.0382077664	0.0091292928	0.1034154761	-0.0275362029	-0.1034886371	0.0103089432	-0.0840923391	-0.0090468955	-0.0468483574	0.0446861079	-0.0285534221	0.1121144121	0.0565920111	-0.0153155281	0.039949058	0.0106510354	0.1015583064	0.0241089526	-0.0443327514	0.1113668036	-0.0434202971	-0.005154706	0.0649968755	-0.0330384628	0.0659944645	0.0308688909	0.0012498362	-0.0221494861	-0.0635822216	-0.0191222216	-0.0942372935	-0.0248965955	-0.0252445495	-0.0647851503	0.0163761955	0.0618622037	0.0379081915	0.0814669818	0.2577110204	0.0073321298	-0.0065563562	0.1031534355	0.0162198767	-0.1213237599	-0.0308225848	-0.0223245382	0.0142589867	-0.0895733004	-0.0288388284	-0.0780281461	-0.0512852189	0.0246631731	-0.0351624199	-0.0725106536	-0.1027706949	0.0027491163	0.0303317063	-0.0267097444	-0.0291346294	0.0413038975	0.1017936438	-0.1392687475	-0.0405939939	-0.0060294119	0.0541928773	-0.0746707325	-0.0900910278	0.0607455297	0.0070066518	0.0027870026	-0.0106494416	0.0478566177	0.1137471316	-0.1099109127	-0.0026393653	-0.050761175	-0.0369182363	0.0308700371	0.1375843375	0.0008270514	-0.0694007579	0.0342935995	-0.0013048142	-0.0174509685	0.0087372552	-0.1152203871	-0.0938191336	0.0760405966	-0.0488621241	0.0156434465	0.0195090322	-0.1639669733038999	-0.0046519261026105	0.0268851683344418	2.1640416464148957e-05	0.3171426323666395	0.0686800902503818	0.0047169547968006	0.1005794492644414	0.155662832678999	0.0093143121740695	0.02423091747765	8.67564112760193e-05	0.0047801369215876	-6.990228787090002e-05	4.8863298495861756e-09	2.284970898912497e-05	0.0014801072296297	-0.0001997277011402	3.989115460278896e-08	2.1907174112021057e-06	-0.0074991563193277	-0.0004084755574512	5.623734550171257e-05	1.6685228103515005e-07	0.0	0.0	0.0	0.0	0.0
264.3352474209462	-0.1216117108110097	0.0147894082063806	69873.12302909284	357.1654101677661	-3.5232638521014223	12.413388171524554	127567.13022030858	256.44392925300855	0.3065075618308697	0.0939468854595044	65763.48885072206	269.2699614281317	245.5332911702976	0.971466	20.670267	0.1463699435093332	0.1007317523368731	-0.0438638737	-0.0983837672	-0.0043783764	-0.0023073132	-0.0500599626	0.040967078	0.0684767984	0.0221553663	-0.009077023	-0.0632016282	0.0389263865	-0.0113761386	0.0127634579	0.0476452143	-0.0311326002	-0.011800847	-0.0064876193	-0.1168328498	0.0432009694	0.0358210905	-0.0953151251	-0.062255367	0.0354718657	0.0308457641	0.0194559396	-0.1078405038	0.128245145	0.0926127653	-0.0847252453	0.029238131	0.049190302	-0.0723553659	0.0691943745	-0.1354089434	0.0980626278	-0.0657676149	0.0312850757	-0.0024408661	-0.0934020364	-0.0707855525	-0.0285519746	-0.0751987981	0.0296370716	0.0364471279	0.0473124985	0.0002440353	-0.0297530305	-0.021711291	-0.0685320527	0.0377597545	-0.0850299711	-0.0243806954	-0.067642658	0.0460633448	0.0786495672	0.0136594728	-0.0360504517	-0.0600416613	0.0954904524	0.007927967	0.0174812494	0.0363414506	0.0685838537	-0.0368385981	-0.0551693063	-0.089057257	-0.1052061345	-0.0558160629	0.0053949251	-0.0531521972	-0.0326932835	-0.0363663291	-0.0483778057	-0.0067832686	-0.0254847693	0.0121975707	-0.0844399511	0.0969293096	-0.129388766	0.0743432063	-0.0557458748	-0.0830004834	0.0336800178	-0.1052172431	0.0911100482	-0.0418821443	0.169036058	-0.0315493781	-0.0078913106	0.0238283513	0.1191495662	0.0391583051	0.0846181554	0.1049103056	-0.0075947893	-0.0292343385	0.0198467559	-0.0118526348	0.0955082156	-0.0530604197	-0.03012862	0.0047426377	0.0457821903	0.0084060502	0.0186903179	0.0590989999	0.056125009	0.0579319256	-0.0806692151	-0.0049677719	-0.0452407695	0.0827834178	-0.0693488006	0.0035727257	-0.0229932242	-0.0873657055	-0.0070528916	0.0396463413	-0.0550116749	-0.0899191756	0.0908729844	0.0443417635	-0.1383542361	0.0086706965	0.0593300075	-0.0943512164	0.0780430407	-0.0529179001	0.0218143241	0.0117537397	-0.1747435827073076	-0.0107766094034077	0.0305353196973856	0.0001161353102336	0.2212709821023963	-0.0958716502642431	0.0091913733243893	0.0489608475205589	0.1685001260245613	0.0128372933455623	0.028392292470293	0.00016479610044	0.0047834195931393	3.282671551700818e-06	1.0775932516345856e-11	2.288110300402895e-05	0.0019349159813808	0.000454808751751	2.0685100066939362e-07	3.743899855002824e-06	-0.0075787527059473	-7.95963866196004e-05	5.743749257790352e-05	6.3355847628969026e-09	0.0	0.0	0.0	0.0	0.0
263.8229287708063	-0.5123186501398891	0.262470399281158	69602.53774520593	358.49904678272753	1.3336366149614491	1.7785866207658323	128521.56654412426	255.96367992170704	-0.4802493313015077	0.2306394202155453	65517.405439062095	268.8509930884659	248.15992658358024	1.052693	22.39856	0.0989505122508179	0.0507292724665078	0.1019657786	0.0482418616	0.0766219585	0.033068112	-0.0184397493	0.0393044062	-0.0996769784	-0.0673003564	-0.0614975891	-0.0366539619	0.0111131549	0.1239247407	-0.0361062016	0.0240971786	-0.041720114	-0.1240404142	0.0437710165	0.0013786109	-0.0140809418	0.0184071648	-0.0596313588	0.0120029775	-0.0316624464	-0.0654175092	0.0262880926	0.0188588313	0.0413965326	-0.0646536145	0.0455767526	-0.043577477	0.0087752229	-0.0949553903	0.0485548289	0.0461495104	0.0630858727	-0.0651958512	-0.0442859225	0.0886120982	0.1122799828	0.0591409036	0.0818174201	0.0601996187	-0.0853053157	0.0241860508	-0.0419604563	-0.0326807688	0.0379529271	0.0323885817	0.0409848863	0.0088118108	-0.1003960027	0.0289055589	0.0336110987	-0.0004435835	0.0104453512	-0.0632453452	-0.0147400028	0.047366012	-0.0740760153	-0.0364637825	0.0077639311	0.0219007444	-0.059899689	-0.1379456395	-0.0677694866	0.0517473707	-0.074909761	0.0068585055	-0.0428366104	-0.087404312	-0.0514949513	0.0079844968	0.0485599278	0.0624611257	0.0137008586	0.0379926606	-0.063356891	0.0558850251	0.025066517	-0.0293928755	-0.0381233811	0.0307284143	0.0747746177	0.0919507135	0.0075270684	0.0903836239	-0.0825633218	0.0032336405	-0.010577077	-0.018490315	-0.0884633844	-0.1232555425	0.0679475901	-0.0328996056	-0.0898025776	0.0845654763	-0.1031220495	-0.0539872826	-0.0295411154	-0.0132576369	0.0017394369	-0.0155062348	0.0098466443	0.0532412595	0.0424061296	-0.0108611985	0.0455874097	-0.1254360386	-0.0442602113	0.0266647848	0.0170156694	0.0433753183	-0.0623791773	-0.0052531163	-0.0144236863	-0.0194013768	0.1606485556	0.0282454123	0.0463275578	-0.032498739	0.0157470981	0.0328968245	-0.0820717434	0.0470719097	0.0047800284	-0.0948600195	0.0799684658	-0.0568561851	0.0278991106	0.0039259816	-0.1738519157317881	0.0008916669755195	0.0302244886036127	7.950699952321134e-07	0.2629650613976508	0.0416940792952545	0.0017383962482789	0.0691506235158702	0.1789327328019752	0.0104326067774138	0.032016922867983	0.0001088392841721	0.0044368752086243	-0.000346544384515	1.2009301043888046e-07	1.9685861616904925e-05	0.001815224721744	-0.0001196912596368	1.4325997633443873e-08	3.2950407904305817e-06	-0.0080311602458481	-0.0004524075399007	6.44995348944909e-05	2.0467258215909358e-07	0.0	0.0	0.0	0.0	0.0
264.4396538919447	0.6167251211384155	0.3803498750431933	69928.33055049152	361.0018157743058	2.5027689915782503	6.263852625205612	130322.3109923458	256.3307484780382	0.3670685563311338	0.1347393250470227	65705.45261531127	269.0607090636388	245.2406714831829	1.227798	26.124332	0.3519508535297738	0.2970968924193585	-0.0869953089	0.044871866	0.0779303699	-0.0998123887	-0.0315462008	-0.1349931896	0.0465386177	0.0222649387	-0.1564412012	0.0072980373	-0.0001054359	0.0731070978	0.1520068705	-0.0908032334	-0.0754916732	-0.0676890261	0.0169306132	0.0020316221	-0.1699341024	-0.0426967169	0.1168375	-0.0342416882	0.0727546718	0.1062917254	-0.0620967528	-0.0333173596	0.1022433386	-0.0732022333	-0.0742795451	-0.0182755504	0.1220923781	-0.0310112028	-0.0701886409	0.0658728363	0.0607997164	0.0486356704	0.02138933	0.0490740993	0.0652600838	0.0334866742	-0.0351203091	0.0102724271	-0.0959118219	-0.0677397154	0.0465069545	-0.0539511433	-0.000439767	0.0316912187	0.0636865506	0.177445077	-0.0002081078	0.0258242535	-4.54202e-05	-0.0520581346	0.054652999	-0.0281866506	0.0126810019	0.0390230329	0.0619227285	0.1468275956	-0.1021277052	0.0527971143	-0.0969227635	0.0525338859	0.0181271502	-0.0501221545	-0.0146270804	0.0315638082	-0.1631234347	0.0745141614	0.045082627	-0.1094051393	0.1552918528	-0.0253569859	-0.0931576003	-0.044030532	-0.090606996	0.0798942588	-0.0806620268	-0.1400046904	0.1119467054	-0.1002552074	-0.025272798	-0.0094487527	-0.0300940831	-0.0309562341	0.001204608	-0.0043657862	-0.0445364267	-0.0498839881	0.1053533226	-0.0716771373	0.0450244845	-0.0134691661	0.0201911376	0.0024991063	-0.075775921	-0.0121095734	0.0574937828	-0.0866619528	0.0484503991	0.1484116317	-0.0179548792	0.0375205032	0.0029150946	0.006392429	-0.0484940317	-0.0733236737	0.0774678638	-0.1286335782	-0.06078271	-0.1255874952	-0.076006524	-0.1117086815	-0.1279500913	-0.1400973068	-0.091236822	0.0476558082	0.07418133	-0.1648746959	0.068787339	-0.0456104863	0.0633356487	0.0702087914	-0.0119443801	-0.0953454172	0.0818149717	-0.0606682351	0.033873792	-0.0039259816	-0.1747222243193533	-0.0008703085875652	0.0305278556711024	7.574370375897422e-07	-0.033913263208376	-0.2968783246060268	0.0881367396208814	0.0011501094214405	0.188260836707947	0.0093281039059718	0.0354421426379762	8.701352248060639e-05	0.0045639584274546	0.0001270832188303	1.615014450826999e-08	2.0829716527533863e-05	0.0020888479983678	0.0002736232766238	7.486969751034457e-08	4.363285960285164e-06	-0.007534384412698	0.00049677583315	5.676694847830658e-05	2.4678622840197577e-07	0.0	0.0	0.0	0.0	0.0
264.3412537666258	-0.0984001253189035	0.0096825846627759	69876.29844291166	356.97739750124373	-4.024418273062054	16.19594243655576	127432.86232676097	256.1169229385837	-0.2138255394544899	0.0457213613230036	65595.87821552841	269.1465401117624	244.10482963914777	1.189051	25.299894	0.3059450079336628	0.2785254316792936	-0.0024156307	-0.0720370494	0.0881232128	-0.1513086397	-0.0499473224	0.0655200251	0.0163470268	0.0821487668	-0.1104905521	-0.0520233877	0.0386895381	-0.1935959441	-0.0102196614	0.0187892357	-0.068611837	-0.0875734145	0.0784320249	0.0071437465	0.0930750089	0.0225223701	0.0195970856	0.0540872664	0.1093363676	0.0997996133	-0.0497836705	-0.0127634422	0.0232455684	0.0131372439	0.0551764525	0.0279019503	0.0725787313	-0.0456119009	0.0189198258	0.0552266332	0.0571656041	-0.0647264196	0.1120047659	-0.0018470557	0.0583927954	0.0126814886	0.0689851396	-0.0096735682	-0.0283077165	-0.0506241026	0.044881887	0.0528435615	0.027367656	0.0557740031	-0.0685610628	-0.119175805	0.0171931614	0.0098276908	0.0916796597	0.0419521401	0.0475465878	0.0575540475	-0.0281511292	0.082532234	0.0002045603	-0.005579409	-0.0090310591	0.0444603177	0.0227211511	-0.1088603709	-0.0366132029	-0.1811144221	0.0949092063	-0.0147242617	0.0237477479	0.0055472593	-0.0590955106	-0.0395210553	0.0812812522	0.0583727906	-0.0176536893	-0.009866157	0.0027639353	0.0259320905	-0.0985322232	-0.0378872194	0.0152912229	0.060387537	0.044870136	-0.0424613992	0.015733241	0.0234036248	-0.0640148371	-0.1170497948	-0.0295085005	0.0216523233	0.016407048	-0.0242689432	-0.1035993865	0.104218793	-0.0645425256	-0.0498335177	0.0632207168	0.0872261	-0.0039881175	0.0092537804	-0.0758474192	0.0027626991	0.097734867	-0.1493691564	-0.0786170878	0.0264022997	0.0479494728	-0.0417268389	-0.0930102532	-0.0456450574	-0.081968426	-0.0448314315	-0.0120975884	-0.009054729	-0.0210296105	-0.1238817282	-0.0044127748	0.0206339261	0.0095521041	0.0121724013	0.0367895506	-0.0248721144	-0.0464746663	-0.0963387828	-0.0350524107	-0.0958072899	0.0835807361	-0.0643455865	0.0397147891	-0.0117537397	-0.1743953676670315	0.0003268566523217	0.030413744263719	1.0683527116701025e-07	0.2451254202854613	0.2790386834938373	0.0778625868859739	0.060086471670124	0.1845707797990883	-0.0036900569088586	0.0340663727556435	1.3616519990615677e-05	0.0044388296002342	-0.0001251288272204	1.5657223401552768e-08	1.970320821991531e-05	0.0020981051251203	9.257126752499916e-06	8.569439571184965e-11	4.402045116056069e-06	-0.007857786676298	-0.0003234022636	6.174481145020638e-05	1.0458902410160437e-07	0.0	0.0	0.0	0.0	0.0
263.83904814933743	-0.5022056172883822	0.252210482036005	69611.0433283484	357.0684000339148	0.0910025326710979	0.0082814609525542	127497.84230277984	255.91491854430845	-0.2020043942752352	0.0408057753065046	65492.44553354003	268.4787712231273	246.422033009288	1.280394	27.243441	0.1629181027052886	0.1386619854559172	0.0769112185	0.0136578858	0.069053406	0.118404337	0.0360867687	0.057564228	-0.0239583492	-0.0986106899	0.0081108822	0.0233334928	-0.0408327048	0.0429666705	-0.094902674	-0.0334086787	0.0585247816	-0.032660433	0.0012746415	0.037221574	0.0617488993	-0.0312952466	-0.0249761684	-0.0499687477	-0.0534140311	0.1024472019	0.1237463774	0.1039689838	0.0691779137	-0.015789713	-0.0358135002	-0.0913248286	-0.024207084	0.0485386107	0.1591166505	0.0236221454	0.0060130304	-0.0280960974	0.0698128326	0.0691532316	0.0113917946	0.0006409443	-0.0118219797	0.0412238531	-0.0289079727	0.025517288	-0.0083168548	0.0211009783	0.0596844598	-0.0088885311	-0.0378319541	0.0827225527	-0.0042402829	-0.1559680504	-0.1128752722	0.0096371415	-0.010048857	0.0674797109	-0.0101170061	-0.0142362017	-0.0017701186	-0.0962936641	-0.006510196	-0.0583630446	-0.0075962194	0.0148882534	-0.0196658392	0.0599188953	0.0356173429	0.0559989396	-0.0388547918	-0.1502789169	0.0185505974	-0.0183958205	0.0760842858	-0.0118344713	0.0523275487	0.0876222748	0.0117152065	0.1561909832	-0.0293948184	0.1293063267	-0.0682580981	-0.0077912114	-0.0438489501	0.057168328	-0.004940886	0.0046679887	0.005571077	0.0154707763	-0.0429230853	0.0110434761	-0.0381006805	-0.0714511955	-0.0829177297	-0.0039745548	0.0483420967	0.0897609758	-0.0117309317	-0.0422746242	-0.001239978	-0.0340479006	0.0281571439	-0.0989521739	-0.0663582607	0.027313836	-0.0086555257	0.0231704674	0.0844375014	-0.0946652387	-0.0118138053	0.0229643992	0.0090520953	0.0546437703	-0.0824715388	0.0714254072	0.0291055979	0.0097761628	0.0170173498	-0.049490517	0.1011341258	-0.0107142596	0.0399476445	0.0878292521	-0.021116045	0.0191478912	0.0985914876	-0.0962455236	0.0852640164	-0.0678800746	0.04539905	-0.0195090322	-0.176366275513331	-0.0019709078462994	0.0311050631384441	3.884477738604921e-06	0.3812648015307616	0.1361393812453002	0.0185339311258532	0.145362848886291	0.1846177608834622	4.698108437389825e-05	0.0340837176336232	2.2072222889473463e-09	0.0046023063601701	0.0001634767599358	2.672465103913984e-08	2.1181223832862157e-05	0.0020233716477786	-7.473347734170003e-05	5.5850926355823914e-09	4.094032825034286e-06	-0.0081147930896067	-0.0002570064133086	6.584986688712864e-05	6.605229648180162e-08	0.0	0.0	0.0	0.0	0.0
263.79890043191256	-0.0401477174248725	0.0016118392144274	69589.85986908611	358.46343265029617	1.395032616381343	1.9461160007677751	128496.03254743342	255.87005645636745	-0.0448620879409986	0.0020126069344258	65469.48579098467	268.1632921737617	244.50269653046504	1.064981	22.660021	0.1471741246126576	0.1046270052716624	-0.0830874065	0.0453379423	0.0796079644	0.0440373754	-0.059751077	-0.0866886119	0.0418911042	-0.084322424	-0.0301228584	-0.0861736221	-0.0217569161	-0.0468612653	-0.0374244815	-0.0208486806	-0.1038302188	-0.0985197899	0.0038402605	0.0394117986	-0.0599686592	0.058876619	-0.1674467972	-0.0306943446	0.0235531014	0.0237232407	-0.0315991177	-0.0253234906	-0.0471536457	0.0270334675	-0.0002559126	-0.1324246207	-0.0316611229	-0.0108767453	0.1571709673	0.0045240522	0.029716686	0.0557092436	0.0450806003	0.0015218402	0.119691192	0.0933421757	0.0053807565	-0.1118018483	0.1040557071	0.1162890473	-0.1449020895	-0.0189248245	0.0932991114	0.0483631858	0.0069259388	-0.0052735711	-0.0652298468	0.0499491242	-0.0082347621	-0.0874599915	0.0605310256	0.0645550464	-0.0090541416	0.076875641	-0.032263118	-0.0392031176	-0.0407220185	0.0824080675	-0.0952322508	-0.0074850526	-0.0297547413	-0.0716162829	-0.0483212193	0.0325733977	-0.1078436744	-0.0399155516	-0.1568402932	0.02856525	0.017723199	-0.0738756724	0.0493396953	-0.1321580215	0.0046666278	0.0453569296	0.0525000328	0.0045313996	-0.1004910149	-0.0089112125	-0.0173733942	0.1026540506	0.0353225837	-0.059340501	-0.0014486471	0.0161307415	0.050000567	-0.0013710777	-0.0727091135	-0.1456598505	0.1114186909	0.0848152334	-0.1050328172	0.0008666912	-0.021521726	0.1439675544	-0.0144387841	-0.0245488804	-0.0248037138	-0.039833217	0.0302285864	-0.009023377	0.0020108048	-0.0014360335	0.0728070194	-0.0362027019	0.0638063525	-0.0733436027	-0.0419785848	0.0678332631	-0.0171646624	0.0537258329	0.0987691028	-0.1213674485	0.0256369551	0.0946342134	0.0304089057	-0.0220144357	-0.0126368479	-0.0398733262	-0.0581246729	0.1170949638	-0.0207135414	-0.0966600102	0.0868631514	-0.0712638519	0.0509041416	-0.027144045	-0.1741879260303847	0.0021783494829463	0.0303414335747667	4.745206469852491e-06	0.2810866958887033	-0.1001781056420583	0.0100356528500313	0.0790097306056283	0.1694657528107441	-0.0151520080727181	0.0287186413757122	0.0002295833486357	0.004382058529492	-0.000220247830678	4.850910691840896e-08	1.920243695589359e-05	0.0019003086433158	-0.0001230630044627	1.5144503067411082e-08	3.611172939860736e-06	-0.0078647906964489	0.0002500023931577	6.185493269894918e-05	6.250119658462666e-08	0.0	0.0	0.0	0.0	0.0
263.4553113656668	-0.3435890662457836	0.1180534464436495	69408.70108678043	356.3114722341861	-2.1519604161100574	4.630933632504571	126957.86524569316	255.7841256800914	-0.0859307762760579	0.0073840983114059	65425.51894992879	268.40831134950975	243.10951057956424	1.108247	23.580612	0.2676744703425249	0.1943667774611791	-0.0275523856	-0.1202937289	0.0778931785	0.073529643	-0.0469941472	0.0854439747	0.0728563969	-0.0166471225	-0.0483247289	-0.181808647	-0.0231131749	-0.1189497538	-0.1254245076	-0.0879460749	0.1322787071	-0.1231572189	0.0159714856	-0.0008660435	0.0580629807	-0.029659756	0.0077141902	-0.1281742367	0.1388599698	0.0410744304	0.0917953022	-0.1147047186	0.0825697909	-0.0339841	0.1443656856	-0.0771805843	0.0334769502	-0.0017216998	0.0428177039	0.0460232585	0.1329462867	-0.0507479262	0.0108057447	-0.0092530229	-0.0368760062	-0.0001302788	-0.0310208316	0.1034968529	-0.0019865881	-0.049481393	-0.0381902183	-0.0406929663	0.0393084173	-0.1768111783	-0.1081269775	-0.0472751678	-0.0182051999	-0.1729350044	0.0388359381	-0.0237469506	0.0766547101	0.0020569698	0.167425677	-0.0873040659	0.030582847	-0.1207926948	0.0024571976	-0.1556123624	-0.0083206231	0.0140855053	-0.0660119496	-0.1808173611	0.0279953467	0.0781713081	-0.0862886371	-0.0470506259	0.0380763033	-0.0089053717	0.0194274759	-0.0121117934	-0.0193747456	0.0631147878	-0.1326570806	0.1118764572	-0.0038741812	-0.039254662	-0.1169898441	0.0240918738	0.1217936677	0.0661867675	0.0160658107	-0.0736748905	0.0114738091	0.0062360531	0.0724255279	0.043402671	0.0763925635	-0.0121305227	-0.1006959127	0.0501375295	0.1885389262	0.1041691828	-0.0963292842	-0.1057764007	0.1069623414	0.0944766479	-0.0484171951	-0.133081233	-0.0616226712	-0.1337551256	0.0492729683	0.0641913795	0.0403287505	-0.0311523137	-0.1091369104	-0.1341450632	-0.03674709	-0.0118078835	-0.0504620723	0.1046377432	0.0689041	-0.0088564749	-0.0335738765	0.0007965528	0.18660405	-0.1089804891	0.0421594269	0.0125604374	0.058146393	-0.1044542382	0.1417869726	-0.0970506473	0.088376563	-0.0744894057	0.0562083378	-0.0346117057	-0.18491776330508	-0.0107298372746953	0.0341945791857535	0.0001151294079414	0.4692756625268828	0.1881889666381795	0.0354150871643458	0.2202196474400448	0.1932977062439391	0.0238319534331949	0.0373640032391681	0.0005679620044419	0.0045821400257484	0.0002000814962564	4.0032605144199844e-08	2.0996007215565548e-05	0.0020222069116844	0.0001218982683686	1.4859187831263273e-08	4.08932079366416e-06	-0.008441285191753	-0.0005764944953041	7.125529568850849e-05	3.323459031159291e-07	0.0	0.0	0.0	0.0	0.0
263.0932103706066	-0.3621009950601888	0.1311171306235788	69218.03734311226	349.0779631128851	-7.23350912130104	52.32365420794535	121855.42433104076	255.065463424529	-0.7186622555623785	0.5164754375700055	65058.39063196975	268.0533587820578	243.0373645716546	1.727291	36.752243	0.1339555868677454	0.0993436650044913	0.1326243894	0.0580902491	0.2147621634	0.0702234971	-0.1232242826	0.1468765133	-0.150273504	-0.2645675557	-0.0495592736	0.2707801539	0.1396515162	-0.1566506006	-0.1767047262	-0.3285531392	-0.4764364287	0.0087829401	-0.0927493143	0.0106190561	-0.3138733713	0.3841309234	0.0428188179	0.2744387485	0.1734116541	-0.1186997789	-0.0016601873	0.0789785887	-0.0508598784	-0.0089744401	0.0285590598	0.0634634323	-0.0408864568	-0.0368813428	-0.0267703012	0.0091274923	-0.0923811654	0.0602720476	-0.0355368698	-0.0107011289	-0.073925338	0.0171831199	-0.0204269592	-0.0375513685	0.0800822007	0.0138244983	0.0283321567	-0.0008394247	-0.0094980662	-0.0641248893	-0.0017356532	0.001319018	0.0171442049	-0.0403244938	-0.004743147	-0.0041084115	-0.0789054731	-0.0078227073	0.0347215733	-0.0469028298	-0.0236283816	-0.1875017627	-0.4897129034	0.2178196024	-0.1442005031	-0.1940136625	-0.1061405658	0.1384095047	0.0354918083	-0.1685772672	-0.0428876085	0.4774467776	-0.2945221673	0.0425760331	0.0198054623	-0.0255669493	0.0033033035	0.0430834666	0.1194984538	-0.0066648262	0.0762198741	-0.0444823678	0.0259465181	0.007564538	-0.0103008287	0.0128032502	0.006894428	-0.0558442028	0.0446854564	0.0569158776	-0.0128395652	-0.0487524765	-0.0613186643	0.0180309592	-0.0272762106	-0.0409825113	0.0459893848	-0.011738137	0.0767260848	-0.0902646298	0.0033036713	0.0384435667	0.0128191711	-0.1221710408	-0.2251816389	-0.0132257997	-0.0902425686	-0.120319555	-0.1320397419	-0.2353708392	0.1156455209	0.1096297329	-0.455542285	0.0236698713	0.420003292	-0.0901536113	0.0152165856	-0.2689750127	0.3638974177	-0.0118686372	-0.2488475315	0.0632306417	-0.0026933944	-0.0785090899	0.0038176299	-0.0066444888	-0.0375318433	-0.0974173387	0.0898027576	-0.0775495743	0.0612907054	-0.0418659738	-0.1941344285662012	-0.0092166652611211	0.0376881763547254	8.494691853555818e-05	0.4713414982733184	0.0020658357464355	4.267677331251116e-06	0.2221628079945366	0.1735574309305505	-0.0197402753133885	0.0301221818312128	0.0003896784694483	0.0062790950109702	0.0016969549852217	2.879656221869118e-06	3.942703415679085e-05	0.0022674300809104	0.0002452231692259	6.013440272524327e-08	5.141239171817343e-06	-0.0083248071352648	0.0001164780564882	6.930241383935571e-05	1.3567137643268542e-08	0.0	0.0	0.0	1.0	0.0
264.0061183915255	0.9129080209189055	0.8334010546580729	69699.23054816018	355.34000801230377	6.262044899418697	39.21320632233572	126266.5212941841	255.52203779732625	0.4565743727972347	0.2084601578951882	65291.51180009823	267.9582700927481	242.20129479630737	1.688718	35.931511	0.4583738848288962	0.3415545770532487	-0.053708889	-0.0600692483	0.1235835609	-0.0071186576	0.0798284476	-0.0349020067	0.1639332327	-0.128420251	-0.0412816918	0.2415410698	0.0310345288	0.0180192324	0.0411566288	-0.0551671841	-0.2229956491	0.2815221481	-0.2579641853	-0.2033570679	0.0558524983	-0.3648136856	0.1313898773	-0.0124579075	0.0494057296	-0.4244671457	0.1898083475	0.0198949803	-0.0634249689	-0.014695115	0.0040824249	-0.0936553367	0.0424080481	0.0333470028	0.207551208	-0.049821145	0.0424627875	-0.0369112347	-0.0866959756	-0.038630082	0.0206244595	-0.0003336492	-0.0867206132	-0.0655932223	-0.0656665942	0.0416396937	-0.0533186607	-0.0035285312	-0.0452095575	-0.0455719515	-0.0014264767	0.0485737575	-0.1605482525	0.0665475431	0.0242948627	0.0795498733	0.0436245587	0.0167118064	0.0555459578	0.0349954891	-0.0362397358	0.0259291847	-0.1559417266	0.2031627329	0.0781559183	0.1836494914	-0.0126946072	0.0926816433	-0.1320113508	0.0588061477	0.2534730125	0.1660682513	0.2954447342	0.4035822836	-0.1553849536	-0.061447337	-0.284741052	0.1469136734	-0.0134698162	0.11826508	0.0820737021	0.1398663013	-0.1714438059	-0.1365458663	0.0237126538	0.0401225959	0.0521261791	0.0785225093	-0.0352264477	0.0320991704	0.0379854138	0.0531151488	0.0486323079	0.0199986233	0.1099237361	-0.0153763932	-0.0191500584	0.0427568078	-0.0585286428	0.106603966	-0.0196861782	0.0284695643	0.0109987434	0.0570447744	-0.0896990552	0.1394476184	-0.1112147774	0.0361373619	-0.1849904574	0.087060724	0.0644716962	0.0743857128	-0.3081529819	0.1444577381	0.2535978737	-0.09307532	0.0157816759	0.3320960025	-0.2871993577	0.3620840566	-0.0034788237	0.0990096117	-0.1725634153	0.1967355847	0.076888188	-0.0377329741	0.2045127417	-0.0977599938	0.0911403277	-0.0804375635	0.0661311865	-0.0488621241	-0.1683312393936376	0.0258031891725636	0.0283354061557981	0.0006658045714751	0.1309658759361838	-0.3403756223371346	0.1158555642813916	0.0171520606597318	0.1361721093689425	-0.037385321561608	0.0185428433699872	0.0013976622682648	0.0069362225973478	0.0006571275863776	4.318166647784509e-07	4.811118391995826e-05	0.0019641593841537	-0.0003032706967566	9.19731155112941e-08	3.857922086359043e-06	-0.0081890103832473	0.0001357967520174	6.705989105693209e-05	1.8440757858502162e-08	0.0	0.0	0.0	0.0	1.0
265.6131957307442	1.6070773392187334	2.582697574230364	70550.36974629865	359.99807863055537	4.6580706182516	21.69762188461884	129598.61661769151	256.41463265643023	0.8925948591039798	0.7967255824988536	65748.46384033206	269.0584018331779	248.37472382980303	1.413021	30.065405	0.1642268263403867	0.1063271887612848	0.0408441359	0.031967472	-0.0044413677	-0.0634354645	0.1570335785	0.023359284	-0.0571727096	0.0836443298	-0.0545496462	0.0302696557	-0.1137018324	0.0137482271	0.0991177482	0.0656229713	0.1192797082	0.0502962748	0.0245948526	0.0629925121	-0.0480614892	-0.0903537707	0.1299250306	-0.0058437128	-0.0214163519	-0.066394217	0.0353915754	-0.0457864339	-0.0377087953	-0.0189516162	-0.0644632248	-0.0542430605	-0.0399105072	0.06673666	-0.0539362995	0.0783986389	-0.0164994476	-0.0136428567	-0.0176369234	0.0213950354	-0.1292653661	0.0049087382	0.0649271756	-0.0678355463	0.132861386	-0.0205463438	0.1073521704	-0.0440797964	0.1029224138	-0.0062278687	0.0306950477	-0.0111886124	-0.0168320139	0.0356997358	0.0006904117	-0.02673686	-0.092743276	0.0810272266	-0.1007823268	-0.0243965949	-0.0237111336	0.1003687088	0.1040294904	-0.0726422896	0.027848128	-0.0068300458	0.055211503	0.0915279674	0.0603127103	0.0971091252	-0.0062512662	0.0573278296	0.1483773265	0.0161503664	-0.0049299636	-0.0814044623	-0.0404630248	0.0063359453	-0.0432402887	-0.0204397296	0.0676614919	-0.0079385577	-0.0483450746	-0.0521971692	-0.0618608739	0.0908145019	0.0646635907	-0.0525303951	-0.008805704	0.0019161874	-0.0493859137	-0.1242245205	0.0237807048	0.0220543753	-0.033683216	-0.0220413863	-0.0341924301	0.0308821463	0.0184468855	-0.1511200868	-0.1115524776	0.0486473673	-0.1061158467	0.0870907908	0.0543694276	0.0295098664	0.0812291524	0.0435510837	-0.1438788325	0.0247983115	0.0220705462	-0.0345043242	-0.0225339577	-0.0093896428	-0.0210463796	-0.0018166683	-0.035283761	0.2818975287	-0.0678600382	0.0055901535	0.0841502367	0.0405075968	-0.0026482338	0.1121719105	0.1476446051	-0.013509069	-0.0841678358	-0.098078528	0.0923879533	-0.0831469612	0.0707106781	-0.0555570233	-0.1733569342867866	-0.005025694893149	0.0300526266653132	2.5257609159024183e-05	0.1028938225146873	-0.0280720534214965	0.0007880401832993	0.0105871387116839	0.1510907274199837	0.0149186180510411	0.0228284079122998	0.0002225651645528	0.0052929850961286	-0.0016432375012192	2.7002294854131214e-06	2.8015691227839485e-05	0.0013072947567709	-0.0006568646273828	4.3147113870674506e-07	1.7090195810806863e-06	-0.0082131174541393	-2.410707089199951e-05	6.745529831548761e-05	5.8115086699189e-10	0.0	0.0	0.0	0.0	0.0
266.0346910668547	0.4214953361104676	0.177658318362876	70774.45685103681	358.9624342576513	-1.0356443729040734	1.0725592671278714	128854.02920817865	256.93589305877686	0.521260402346627	0.2717124070545674	66016.05314191122	269.67448081129004	248.6383152984289	1.022255	21.750908	0.1564057805214021	0.1124145960191507	-0.0294661221	-0.0195934569	-0.0147803145	-0.0968871217	0.0698903242	-0.0366610718	0.0644422395	0.0764866896	-0.0219632517	0.1688583559	0.0185746695	0.0374217771	0.1599523828	-0.0612605599	0.0699802113	0.1054357232	-0.0137787124	-0.0554214084	-0.1251382235	-0.0070786876	0.1496923951	0.0246592904	0.0072338649	0.1809802027	-0.0648025857	0.060523527	0.072169185	-0.0669571613	-0.0740333354	0.2017144167	-0.0755711747	-0.0051941662	0.0187842685	0.0101462988	-0.067605886	0.0963171667	0.0909581141	-0.0521224644	0.024714047	0.0274186436	0.0428166231	-0.010086034	0.0087011994	-0.1356231216	0.0071969836	0.0603517173	0.0662396156	0.0037527165	-0.0837699867	0.0365029744	-0.0195550869	0.0344344835	-0.0191515081	-0.0482679529	0.0462729485	0.0408604447	-0.0100306128	-0.0296470014	0.0072418745	0.1585724487	-0.0444168031	-0.0475317081	0.0295251972	0.1265024957	0.0711907665	0.0308630436	-0.0005621913	-0.0193712818	0.0139264622	0.1477565399	0.0988844388	-0.1812663783	0.0985406224	0.043140825	0.0888118927	0.0960161568	0.0776561096	-0.0125521381	-0.0119313651	-0.0441479863	0.0947639682	0.0090626959	-0.0937161202	-0.1345451887	-0.0235721133	-0.1101638793	0.0317521086	0.0228519848	-0.0262693813	-0.0437853876	-0.0114287727	-0.1327854764	-0.0168113272	0.1775376916	0.0268126078	-0.0817934401	0.0602267972	0.0332592772	-0.0818686862	-0.0386121997	-0.0334225732	0.1432014989	-0.0407659493	0.0401693986	-0.060774012	-0.0312956554	-0.1431972147	0.0762493152	0.0548764251	-0.059339285	-0.0269702675	-0.1888060703	-0.0482453726	-0.067770078	-0.0484474362	0.0318580735	0.019055694	-0.1118358078	-0.0402183764	-0.0525071467	-0.0757293432	-0.0614981873	0.0722014262	0.0802863873	0.0113123384	-0.0983728629	0.0935444031	-0.0856717519	0.075011107	-0.0619093949	-0.1813691422001824	-0.0080122079133957	0.0328947657424299	6.419547564748223e-05	-0.0099127268651955	-0.1128065493798828	0.0127253175829959	9.826215390396862e-05	0.1443011295076601	-0.0067895979123235	0.0208228159771864	4.60986398110288e-05	0.0057632326322473	0.0004702475361186	2.211327452257079e-07	3.321485037340014e-05	0.0013709874300125	6.369267324160001e-05	4.056756624661231e-09	1.8796065332522795e-06	-0.0081711091571836	4.200829695569924e-05	6.676702485860968e-05	1.76469701311821e-09	0.0	0.0	0.0	0.0	0.0
265.65083152123714	-0.383859545617554	0.147348150761715	70570.36428792472	360.5689101956925	1.6064759380412283	2.5807649395054444	130009.93899970938	256.70756138411144	-0.2283316746654122	0.0521353536555116	65898.77207177735	269.73703939109305	250.7861837560453	1.089909	23.190422	0.2442552439417761	0.1749753850982878	0.0676115415	-0.0392457932	-0.0239791248	-0.1028349713	0.0996241696	0.036301956	-0.0183512448	0.1086576795	0.0165990527	-0.0834921976	-0.0236402894	0.0395423607	0.0687112675	0.0679743067	0.0851969157	0.0979746108	0.0599720767	-0.0201346905	0.0933572857	-0.0215866108	0.0284734882	0.0544589676	0.076217571	0.0065974697	-0.0574348351	-0.0876815665	-0.0732958615	-0.0492240128	-0.0282508708	0.0083670424	-0.0281899692	0.012811827	-0.0854280504	-0.0482260718	0.026333215	0.2379813194	0.0161573515	0.0770117504	-0.0166623292	-0.0918595652	-0.0925363279	-0.1983926716	-0.0503967262	-0.1045224166	0.0834491114	-0.0190794894	-0.1497649461	0.0639040394	-0.1918482892	-0.0796697385	0.0514754136	0.0443325659	0.0851334276	-0.0662424681	0.0398644434	0.0162121774	-0.0520035695	0.0668137694	-0.0206232617	0.0759875751	0.080926239	-0.0689789734	0.1350180588	-0.0664551647	0.0704690402	-0.0141323323	-0.0023767869	-0.0033234086	0.0519370413	-0.0088542252	0.0657203685	0.1256883723	0.0084349487	-0.0704625357	0.007820102	-0.1113442537	0.0170003586	-0.130523462	-0.0371589623	-0.1732104004	-0.0295228933	-0.1070650837	0.0171581026	-0.0789576495	-0.1473365495	-0.0822093694	0.1439889937	-0.0357178358	0.0187459898	0.1122198352	0.0368444768	0.0047621776	-0.0671503555	0.0195981201	0.0563579884	-0.1290517367	-0.001685162	0.0888717974	-0.1015424366	0.0480257935	0.0528487857	0.0547927432	0.0809056942	-0.1068448353	-0.0392364345	0.0934484388	-0.030653735	0.0490505989	-0.0133244218	0.105475601	0.0149813337	-0.1102171304	-0.0147270346	-0.0094341863	0.0203277776	0.1237849607	-0.0539517938	-0.0644860782	-0.0207680834	-0.0205420996	-0.1371965777	-0.0580703233	0.0031773955	-0.0696545129	-0.0147334933	-0.0986429257	0.0946085359	-0.0880063298	0.0790155012	-0.0678800746	-0.1799982710248002	0.0013708711753822	0.0323993775719174	1.879287779493787e-06	0.1619932977811373	0.1719060246463328	0.0295516813097055	0.0262418285260082	0.1789327555683613	0.0346316260607011	0.0320169310152869	0.0011993495236082	0.0053931462113792	-0.000370086420868	1.3696395891096002e-07	2.908602605731382e-05	0.0013052175783709	-6.576985164159993e-05	4.325673384958066e-09	1.7035929268883966e-06	-0.0084621873258611	-0.0002910781686774	7.160861433796423e-05	8.47265002806467e-08	0.0	0.0	0.0	0.0	0.0
264.16781473015385	-1.483016791083287	2.1993388026349696	69784.63433930489	361.14183242366	0.5729222279674673	0.3282398792992065	130423.42312631891	255.8790614204919	-0.8284999636195494	0.6864121897175947	65474.094073431865	268.31694638504314	247.8988609535659	1.305987	27.787987	0.3190229713438923	0.233637248767517	-0.0050975348	0.1029196526	0.0215331805	0.0995563905	0.094234772	-0.0509912751	-0.0888292541	-0.0631595577	0.0303454136	-0.0163739635	0.0110273017	-0.0578748689	-0.0921341871	-0.0291487696	0.0864957312	-0.0127424309	-0.0035575322	0.0873506158	0.0289489847	0.001696647	-0.149222504	0.0086719975	-0.0063040703	-0.0217259182	-0.0849984672	0.0672344342	-0.1409468327	-0.0799942759	0.0598826625	-0.0330813738	-0.0056620256	-0.1643937138	-0.0636499037	-0.034747077	0.0695209378	-0.0112467794	-0.0210924244	0.0492633251	0.171904313	-0.0340211083	0.0086930623	-0.0200344866	0.0213053623	-0.1565251303	0.0041464757	-0.0326847919	0.0144993953	-0.0138138955	-0.0502981273	0.0183763149	0.0641884317	-0.1141462764	0.0613702581	0.1171129537	-0.0940150965	-0.006302833	-0.0237465879	0.0230856827	-0.0012264587	-0.0902600842	0.0293967185	-0.0822166763	-0.0721809604	0.0383230495	0.0559241943	0.0267594287	-0.0047808292	0.0260662036	0.0033017979	-0.0833018322	-0.1818778044	0.0895707772	0.0087391288	0.1226351503	-0.0349864401	0.0135831979	-0.0090540007	-0.0865259667	-0.0031659774	-0.1248172816	-0.1093719313	0.1289798131	0.0593222172	0.010136802	-0.0113102996	0.1023702503	0.0299687601	-0.0311304463	0.0420914749	-0.022614687	-0.0186660914	-0.1021536547	-0.073701991	-0.0413826507	0.0926540376	-0.0617736151	-0.0106453737	-0.0214787499	0.0082205067	-0.0232760129	-0.0195528342	-0.0960571958	-0.0575932349	-0.014884382	0.0076988056	0.0674017979	0.0565027935	-0.0556920907	0.0844483054	-0.022852672	0.1085451864	0.058947179	0.0277213556	0.1213995754	0.1030441091	0.0435731733	0.0551498425	-0.0512793076	0.014902835	0.0395456186	-0.0062553454	-0.0502287815	0.0509342951	-0.1337073586	0.1047541601	-0.0988886499	0.0955793015	-0.0901455117	0.0827080574	-0.0734322509	-0.1894468966450659	-0.0094486256202656	0.0358901266484462	8.927652611194117e-05	0.3941161222381453	0.232122824457008	0.0538810056338989	0.1553275178080327	0.2010501687366499	0.0221174131682886	0.0404211703490354	0.0004891799652567	0.0050533098334173	-0.0003398363779619	1.1548876378626345e-07	2.5535940272511983e-05	0.001610999130545	0.0003057815521741	9.350235765000188e-08	2.595318198616746e-06	-0.0089232515576917	-0.0004610642318306	7.962441836184736e-05	2.125802258735417e-07	0.0	0.0	0.0	0.0	0.0
263.9603222138349	-0.2074925163189505	0.0430531443283699	69675.05170323154	359.0338457863286	-2.107986637331408	4.443607663167775	128905.30242012118	255.51124613077047	-0.3678152897214204	0.1352880873528524	65285.99689929917	267.879940682762	244.53946229217493	0.988491	21.032497	0.0866871036048713	0.0556872099894596	-0.1135030982	-0.0302934572	0.0122322685	0.0637759698	0.0508535098	-0.0435017913	0.0698042518	-0.0432645995	-0.0189209585	-0.0964525862	-0.1233568934	-0.0067527746	-0.0770145699	0.0040853348	0.078695626	-0.0114959082	-0.053000474	0.1009956285	0.0900129203	-0.0301357346	-0.0560171982	-0.0856629952	0.0692304208	-0.0334383187	-0.0901757891	0.0559513271	-0.0569941782	0.0453867002	0.055884892	0.063578921	-0.0180087849	0.0327702229	-0.0535277765	-0.0073612539	-0.0403899008	0.056102918	-0.0720751481	0.0241399914	-0.0789997214	-0.2281784733	-0.0256436679	-0.0454093701	0.0049405013	0.0397762243	-0.1121838429	0.0425485693	-0.0265541766	-0.0884594295	0.0379413519	0.1016987825	-0.0004467377	-0.0680215107	0.0039875787	0.0027261823	0.1081231255	-0.0580809085	-0.0308330198	0.018863861	0.0033920112	-0.0726812957	0.0549734533	-0.0418171652	-0.0124935999	0.1097293987	-0.0057258387	-0.0642004529	0.0703648397	0.0866727608	-0.0876970389	0.0044254706	-0.0205677931	0.1661198932	0.0084289985	0.0444461219	0.0952212476	0.005792948	-0.0027830982	-0.1354927991	-0.0354572531	0.0600874353	0.0340233376	-0.0474345009	-0.0127280418	0.0468007372	0.0695878892	-0.0427941317	0.1009864984	-0.0072468953	0.0415463041	0.0920799633	-0.0162855295	0.0403343084	0.1387687187	-0.0592989423	0.065942492	-0.0794250238	-0.068050907	-0.1052421032	0.0564273466	-0.0063979592	-0.0023544219	-0.0672145025	-0.0210516917	-0.0217792807	0.0220224045	0.0563251448	-0.0220762741	-0.033157048	-0.0203588389	-0.1489210807	0.082620554	0.0513175345	0.0971422397	0.1369939636	0.0422500021	-0.0003626361	-0.1316340553	-0.0957843993	0.0418134076	0.0311850201	-0.0605824133	0.025276925	-0.0147435219	0.0417426388	0.0116661809	-0.0991099747	0.0964557418	-0.092084548	0.0860742027	-0.0785316931	-0.1893979387024558	4.8957942610089455e-05	0.0358715791847392	2.3968801446128127e-09	0.3395138719693307	-0.0546022502688146	0.0029814057344182	0.115269669259607	0.2059492682727466	0.0048990995360966	0.0424151011020797	2.4001176264582756e-05	0.0053449345482283	0.000291624714811	8.50449742885972e-08	2.8568325324844464e-05	0.0018602002649239	0.0002492011343789	6.21012053757306e-08	3.460345025622948e-06	-0.0089251616256488	-1.910067957099082e-06	7.965851004395392e-05	3.648359600736661e-12	0.0	0.0	0.0	0.0	0.0
264.3424551766653	0.3821329628303829	0.1460256012815268	69876.9336088273	355.0973900273161	-3.936455759012461	15.495683942662366	126094.15640421188	255.67020073193032	0.1589546011598486	0.0252665652298865	65367.251542305545	268.5239396014508	245.94021684101511	1.068918	22.743782	0.154852728050622	0.1035877502135634	0.0428898731	-0.1047500243	0.0412098446	0.0277967462	0.0716869132	0.1284362813	0.031061093	-0.0265323365	-0.0567321192	0.0411229407	-0.0289160972	-0.0493385599	-0.0215558962	0.0386758353	0.0095400097	0.035144712	-0.0729950927	0.1263780147	0.0528860924	0.008360461	-0.0445080357	0.0988127418	-0.0860601075	0.03209656	0.0230713384	-0.0376527162	-0.0719721314	0.0155332846	0.0526869414	0.1093381015	-0.0356778203	-0.0390662511	0.0231377732	-0.0591104821	-0.0850742455	-0.1321128835	-0.006785719	-0.0204512115	-0.0441725762	0.0034363562	0.0869917988	0.0640269524	0.0432322442	-0.0579096005	0.1107802596	-0.0044401626	0.1045880062	0.0289434758	0.0442463328	0.0538556936	0.0821006636	-0.0288201468	-0.1288949213	-0.1318863076	-0.0468538558	-0.1288564025	-0.0178737899	0.1046423566	0.0516117834	-0.0245997851	0.0214530026	0.0092141859	0.1112091474	0.0311696572	-0.1027625607	0.053878326	0.0924002132	0.094341769	0.0409575684	-0.059896915	-0.0644622254	-0.0644905171	-0.051195397	0.0430771635	-0.060237762	-0.043687051	0.0999606809	-0.0402035902	0.0471116522	0.0294699951	0.0039477602	0.0641216999	0.0352980209	-0.0641593036	0.0423465833	0.0683508544	0.0015789774	0.0014352131	-0.051460943	-0.0396594509	-0.0629741522	-0.0030416793	-0.0744955424	0.064113352	0.0150695838	0.0660168992	0.1490368991	-0.1518901433	0.0746530456	-0.1008886853	-0.0522630773	-0.0103111339	-0.019803496	0.0597646365	-0.0612669309	0.0389349722	-0.0239457974	-0.0526370005	-0.1472764676	0.0456298864	0.0868738241	-0.0318169637	0.0305801275	0.0570747023	0.0772473931	0.0182263057	-0.0427206472	-0.0189836866	-0.0255843955	0.0221334811	-0.0029075462	-0.0365270837	-0.0396144268	-0.1012709547	-0.0752869547	-0.0993068457	0.097236992	-0.0938191336	0.0891006524	-0.0831469612	-0.1809267714529738	0.0084711672494819	0.0327344966283966	7.17606745686963e-05	0.238676878112571	-0.1008369938567597	0.0101680993300681	0.056966652145563	0.1848710774619562	-0.0210781908107904	0.0341773152819446	0.000444290127856	0.0056596706303047	0.0003147360820763	9.90588013608023e-08	3.20318716435336e-05	0.0016862971570814	-0.0001739031078425	3.024229091728022e-08	2.843598101980812e-06	-0.0089244732928959	6.883327528985766e-07	7.96462235556122e-05	4.73801978712933e-13	0.0	0.0	0.0	0.0	0.0
264.96218957768133	0.6197344010160464	0.3840707278027178	70204.96190579914	361.1684936163561	6.0711035890399785	36.85829878885411	130442.68078110786	255.98611110008804	0.3159103681577164	0.0997993607095439	65528.88907614662	268.5183701848938	247.711218404731	1.041884	22.16857	0.0821138355086243	0.0477970972097291	0.0151129599	0.0852579911	0.010921921	-0.0263883953	0.1547160654	-0.0222031663	-0.0899657904	0.0188772225	-0.027733467	0.0490116321	-0.020731312	-0.0939895221	0.0264357309	0.0468467979	0.0713722068	0.0710128185	-0.0176167775	0.1235374526	0.0819831266	-0.042764858	-0.0100490065	0.0814617893	0.0221645759	-0.0002295091	0.0073433	0.0510044956	0.0145548738	0.0676228743	-0.0544385898	0.0095445759	0.0559662153	-0.0343825796	0.0397578912	-0.0722328045	-0.0132820897	-0.0503892167	-0.0418145128	-0.0622017601	-0.0499478925	0.04511777	0.0395501845	-0.0229008903	0.1319083331	-0.0361312659	0.033732283	0.0070096365	-0.1521535798	0.064643893	-0.0261724818	0.0803714313	-0.0465018462	-0.0965805806	0.0575987562	0.0737483717	0.1089882679	-0.0591669183	-0.0468340142	-0.0274470245	-0.1137573791	0.0339419423	0.0739842323	-0.0267506283	-0.0185743214	0.0436802334	0.0766648146	0.0907368034	0.1359965069	0.0533284359	0.1299704063	-0.0288750534	-0.0832160771	0.0537486387	-0.0132024104	-0.0168575839	0.0190317408	0.0426256417	0.0210849463	-0.0079698195	-0.0629823421	0.0253539139	-0.0267002671	-0.042348857	0.0447091832	-0.0666547902	0.0297026051	-0.0304893121	0.0496577284	-0.0509704688	0.02859734	-0.0621050303	-0.0104104169	0.0449614592	-0.0551655441	-0.0276242195	0.0520550056	-0.009888655	0.1007627896	0.0344971688	-0.0808149437	-0.091279256	0.0425316693	0.0194454317	0.0362840625	-0.0146151078	-0.0714990822	0.0850931993	0.0238321465	-0.0383280951	0.081205189	0.038861385	0.0937146579	-0.0445487495	0.0186570887	0.0150814774	0.0507796139	0.0776899344	-0.0395472573	-0.0724402075	0.0006617221	0.0714750167	0.0727632168	0.0091635086	0.0046872639	-0.0670391165	-0.0041893856	-0.0994792142	0.0979222811	-0.0953454172	0.0917754626	-0.0872496007	-0.1894019530879802	-0.0084751816350063	0.0358730998335414	7.182870374634941e-05	0.2019279877851403	-0.0367488903274307	0.0013504809402975	0.0407749122509557	0.1966673720171385	0.0117962945551823	0.0386780552161275	0.0001391525652326	0.0053324412762783	-0.0003272293540264	1.070790501365352e-07	2.8434929964956543e-05	0.0018602554625897	0.0001739583055082	3.0261492055319034e-08	3.4605503860948187e-06	-0.0089251550131813	-6.817202853996729e-07	7.96583920093153e-05	4.647425475254115e-13	0.0	0.0	0.0	0.0	0.0
265.41535992314346	0.4531703454621265	0.2053633620062631	70445.31328313178	359.40993984150435	-1.758553774851748	3.092511379045333	129175.50485687378	256.36600534707907	0.3798942469910287	0.1443196388968807	65723.52869761857	268.57009011268923	247.0493015659575	1.006052	21.406164	0.046038921341093	0.0247941466032268	-0.0781368353	-0.0268922825	-0.0551339734	0.0436066918	0.0624968532	-0.0348695772	0.0782815253	0.0252513741	0.0549832435	0.099325833	-0.0941704448	0.0415142466	0.0204640401	0.0537307503	0.0577689581	-0.012737698	-0.0223213452	-0.0087154968	-0.0225821866	-0.0275654547	-0.0874496801	-0.0111952535	-0.0918399144	0.0742426149	0.0061840599	-0.0810499633	-0.0539508973	0.0626756207	0.0681205555	0.0502726807	-0.001721063	-0.1843458562	0.0277548344	0.0718368056	-0.1379356263	-0.07099234	0.0343704782	-0.0149513523	0.0016418497	0.0016223891	0.1310826246	-0.0073296	0.0296904915	0.0094379167	-0.0231074914	0.051308351	-0.1409246564	0.0314443096	-0.0843581863	0.0061668977	-0.1265629455	0.1409605839	-0.0854166749	0.0791429514	0.0863560959	-0.020614022	0.0975562696	-0.0323887759	-0.0005889226	0.0217366068	0.0792504832	-0.0038230706	-0.037688426	0.1052324983	-0.0281507613	0.0218178739	-0.0352734293	0.0262733734	0.0950583318	-0.0483887713	-0.0504611206	-0.1034970645	-0.057810374	-0.0267054602	0.1274327231	0.0651458865	0.0733193939	-0.0627551249	0.0372561233	-0.0219830107	0.0558009285	0.0203421603	0.1376922408	-0.0041291404	0.1415058549	-0.0024975295	-0.0339620948	-0.0558238906	-0.1631957138	0.0876342894	-0.0201311189	-0.0323003153	0.0493533276	0.0435051713	0.0443556409	-0.0733667091	0.0317042136	0.0549793423	0.0357844057	-0.0329299819	0.0894042778	0.0187196752	-0.0010191088	0.1104808591	0.0395362715	0.0600313789	0.0393636057	0.0536630081	0.0181491111	-0.0639987911	0.1082748333	-0.0102787516	0.0610148711	0.0990151015	0.0779879912	-0.0101431392	0.025584553	-0.0847289995	-0.0113596121	0.1263447612	0.0118315087	0.0011594372	-0.0016055075	0.0264774044	-0.0560527812	-0.0996270376	0.0985109326	-0.0966600102	0.0940880769	-0.0908143174	-0.1899151771474834	-0.0005132240595032	0.03606777451096	2.63398935252959e-07	0.1932693288112261	-0.0086586589739141	7.497237522654465e-05	0.0373530334591418	0.1878588360238779	-0.0088085359932605	0.0352909422722462	7.759030634456734e-05	0.0049462845784176	-0.0003861566978607	1.4911699530268008e-07	2.4465731130691773e-05	0.001864897183009	4.64172041930006e-06	2.1545568450947127e-11	3.477841503194904e-06	-0.008754783385173	0.0001703716280083	7.664623212130121e-05	2.9026491630198772e-08	0.0	0.0	0.0	0.0	0.0
266.51218203751824	1.0968221143747885	1.203018750581581	71028.74317439926	361.47240984214926	2.0624700006449075	4.253782503560204	130662.30307709072	257.28021539457694	0.9142100474978748	0.8357800109460664	66193.1092334799	270.2258685414652	253.4581138691933	1.209094	25.726372	0.212837275208628	0.1516982501294177	0.0932412281	-0.0590144683	-0.1365487018	-0.0882641909	0.0361375585	0.0738700028	-0.0405146885	0.194642312	0.0427177125	-0.0683444504	-0.0702546698	0.0909131104	0.1276657782	0.0200816346	0.1374590904	0.0042983964	0.1079094536	-0.0782496821	-0.1587091749	0.0126764538	0.0697923481	0.1021555579	0.0034695711	-0.0206052737	-0.0251446231	-0.0125540222	0.0210234416	-0.0490255613	0.0755269268	-0.0570010842	-0.0101616647	0.0722571309	0.0324586132	0.0454599538	-0.0065183959	-0.0430421734	-0.0356088028	0.0118132573	0.0248173245	-0.06848028	0.0047813021	0.0473902687	0.1617368551	0.0429099668	0.0339567889	-0.0170749046	0.0870545519	-0.0026908395	-0.0047379217	-0.0219198926	-0.0311436636	0.034753413	0.0217657755	0.0377811347	-0.0193158605	-0.1171556638	-0.013607686	-0.054565275	0.1095594566	0.1301610088	0.0774918344	-0.1382586321	0.0337316251	-0.0932504605	0.0183825484	0.0060476734	-0.080058343	0.0241427467	0.0246324647	0.1448992193	0.0667567522	-0.1052963306	0.0398847473	0.0207368295	-0.036153312	-0.0830887952	0.0559342308	-0.0168482886	0.1456488812	-0.0334790979	0.0069089163	-0.0025678747	-0.035953098	0.0373297307	0.0546968268	-0.0136189191	-0.0243819455	-0.1134186556	0.0098559306	-0.0584050505	-0.0136163835	0.0501925469	-0.0347010114	-0.0185769458	0.1368900998	-0.0116900268	0.0472109192	0.0902605151	0.0526652636	0.0547658533	0.0456633506	0.1040137338	0.0549294403	-0.0517771234	0.0960512321	0.0721852331	-0.0919953377	0.0334102604	0.0063764817	0.0706504505	0.062901462	-0.1677985735	0.0289829023	-0.0812964926	-0.0305090052	-0.0160945217	-0.0427255547	-0.0529685913	0.0042695479	-0.0385333162	-0.0559792673	-0.0951542087	0.0052218753	0.0355736984	0.0269689121	-0.0997502796	0.0990023658	-0.0977599938	0.0960293686	-0.0938191336	-0.1710721859806767	0.0188429911668067	0.0292656928162072	0.0003550583161123	0.0420768744610313	-0.1511924543501948	0.0228591582524357	0.0017704633644093	0.1756895126559214	-0.0121693233679565	0.0308668048572751	0.0001480924312338	0.0054216550795804	0.0004753705011627	2.259771133757714e-07	2.939434380193995e-05	0.0018611778810972	-3.719301911799932e-06	1.383320671111863e-11	3.4639831050854637e-06	-0.0086212230617742	0.0001335603233988	7.43254870808673e-05	1.7838359986392144e-08	0.0	0.0	0.0	0.0	0.0
266.0980708969091	-0.4141111406091227	0.1714880367765885	70808.18333505647	364.042160250106	2.5697504079567466	6.603617159193866	132526.69443956387	256.76149754236206	-0.518717852214877	0.2690682102064149	65926.4666201964	269.6802750511572	254.45348050816025	1.12803	24.001522	0.3237047539302628	0.2422076017481231	-0.0046225845	0.1228499314	-0.1304952516	0.0013439893	0.0002164709	-0.0747858958	-0.124008205	0.0428269475	0.0836142798	-0.0218374494	0.035060932	-0.0122392117	-0.0095608244	0.0738076125	0.1096686024	0.0687758215	0.1030818106	-0.0139377204	0.0554848201	0.0961919198	0.0622111325	-0.0107288708	-0.0754735991	-0.0602065365	-0.0546956456	0.0021699188	-0.0399615127	-0.0444735161	0.0766769333	-0.0058043346	0.043605893	-0.0077712288	-0.0710897604	0.0813489129	-0.0451871829	-0.0474409674	0.0293760386	-0.0404633992	-0.037785711	0.0834134947	0.0254805195	-0.01810219	-0.0113927678	0.1569924914	0.1015912555	-0.0351422917	-0.0430646429	-0.0129238707	0.0979445445	-0.0464220227	0.0700681859	0.0371838591	-0.0749036143	-0.0462642012	-0.0479083068	0.1077442479	-0.0598540432	-0.1836530636	-0.0179853051	-0.0011678078	0.0935458908	-0.0483808553	0.0278991707	-0.0060538662	0.1522923322	0.0497965652	0.0186749321	-0.1312667548	-0.0226795989	-0.0449636439	0.0206964005	-0.0332355128	-0.0467369416	0.1300595899	-0.0131348935	0.0201117017	0.0445208768	-0.0215301083	0.118226918	-0.0761058307	0.0444472166	0.057859769	0.0345505816	0.0498320556	0.0434996725	0.0186514443	-0.1117260353	0.0036554995	0.0049289878	-0.0024523134	0.0376242382	0.1108650088	0.0225936921	-0.0927570845	-0.0607354527	0.0742022324	0.1067437863	-0.0043699653	-0.0025413116	0.0729028635	0.0024310592	-0.0073198069	0.0115831886	-0.014755909	-0.0208616916	-0.1140745549	-0.0663621128	0.0382626126	0.027536706	0.0251024535	0.1926094065	-0.0328034224	0.0474475947	0.0481299759	0.032001234	0.0490586346	0.0520125191	-0.0406531106	-0.1036062784	-0.0010743645	0.0425863625	-0.0864612908	-0.019503721	-0.1000682475	-0.0897676834	-0.0998489097	0.0993960955	-0.0986429257	0.0975916762	-0.0962455236	-0.1693909178733434	0.0016812681073332	0.0286932830579737	2.826662448736079e-06	0.2720393823059481	0.2299625078449167	0.0528827550143234	0.0740054255254017	0.1496029317805636	-0.0260865808753577	0.0223810371973399	0.0006805097017665	0.0060617405565173	0.0006400854769369	4.097094177855388e-07	3.674469857452666e-05	0.0013188208087286	-0.0005423570723686	2.941511939482389e-07	1.7392883255355583e-06	-0.0084841776690266	0.0001370453927475	7.198127071960964e-05	1.8781439673343632e-08	0.0	0.0	0.0	0.0	0.0
265.47409480690123	-0.6239760900078863	0.3893461609015299	70476.49501354358	361.90678473418615	-2.1353755159198613	4.559828593990014	130976.52083663656	256.6119353979226	-0.1495621444394714	0.0223688350493333	65849.6853886676	269.6224103581985	249.7584478378685	1.070317	22.77355	0.282580636476459	0.201853639841886	-0.0774677052	-0.0574478637	-0.1088163175	-0.0609450996	0.0818759245	-0.0301513315	0.0817817393	0.1103960414	0.0493608434	0.0075406785	0.1528413957	0.1003565798	0.1018086302	0.0382066468	0.080950383	0.1562177419	-0.0280426396	-0.0483528666	-0.0083205201	-0.0217028688	0.0397238668	-0.0039286572	0.0087285587	0.0161707531	0.0014122662	0.0743418687	-0.023580686	-0.1025580308	-0.0595119028	0.0285156757	-0.0134055658	0.0147861815	-0.0084158728	-0.0071643648	-0.0335046481	-0.0570764221	0.0073456684	0.0409334657	0.0069821272	-0.0508826575	-0.0201050778	0.1046138951	-0.1243063177	0.0082054454	-0.054072313	-0.0538393412	-0.0726076351	-0.0476829999	0.0321874125	-0.0915828371	0.0692945162	0.0700499733	-0.0038211496	-0.0167567936	-0.1390205507	-0.0814455253	-0.0412810405	0.0689433997	-0.0836204978	0.0998721013	0.0339916471	-0.0365158897	0.1575412662	0.0667570886	0.0569917501	0.0224596888	-0.0664289739	-0.0423546014	0.0183450213	0.0412146995	0.0297969795	-0.0317422751	0.0328700132	0.0746815846	-0.0132734427	0.0875372848	0.0030787819	-0.0197118768	-0.0680618452	0.0466429854	0.0156518646	-0.0289528216	-0.0747408039	-0.0264609112	-0.0630597884	0.1349973445	-0.0160123695	-0.0054860995	-0.0466151936	0.0821221459	-0.081682611	0.02413594	-0.0260372365	-0.1498117632	-0.1080664253	0.0546551016	-0.1057245434	-0.0373285458	-0.0101221568	-0.0108482061	0.100996327	0.0886065122	-0.0024515969	0.0386323682	-0.0866020197	0.04319937	-0.0131110783	0.1501658046	-0.0192704375	0.0458211012	0.0838284258	-0.0799058758	-0.0256017761	-0.0466219812	-0.0507652501	-0.0295689508	-0.0099436787	-0.096642399	-0.0213880571	-0.0052594273	0.0523908406	-0.0781804974	0.0329725815	0.0375413342	0.1280906925	-0.0999229036	0.0996917334	-0.0993068457	0.0987688341	-0.098078528	-0.1704427368441656	-0.0010518189708222	0.0290507265429294	1.1063231473814938e-06	0.0861872770871912	-0.1858521052187569	0.0345410050142438	0.0074282467317042	0.1703194150039735	0.0207164832234098	0.0290087031272957	0.0004291726771458	0.0052125175661987	-0.0008492229903185	7.211796872856648e-07	2.7170339377930017e-05	0.0016841695119984	0.0003653487032697	1.3347967498092438e-07	2.8364269451449285e-06	-0.0081995447813456	0.0002846328876809	6.723253462129188e-05	8.101588074962466e-08	0.0	0.0	0.0	0.0	0.0
265.20295784789295	-0.2711369590082881	0.0735152505402621	70332.60885127129	360.42451198505904	-1.4822727491271053	2.1971325028048265	129905.82883966796	256.2927649773207	-0.3191704206018926	0.101869757387189	65685.98137972015	269.2679563201095	252.4111568348248	1.084846	23.082691	0.2513820571803568	0.1754364766553537	0.0961860396	0.0464603176	-0.0567948514	-0.0136315494	0.0370201203	0.0143898256	-0.0747212138	0.004978045	0.0320784026	-0.0928349969	0.1058902279	0.0712605466	0.0028091164	0.0481948269	0.0779156765	0.0575201818	0.0521485121	0.0775293734	0.0011002528	0.0761535596	-0.0485666585	0.0852054185	-0.0869726734	-0.0399559888	0.0498836274	0.036079605	-0.0280378997	0.0609429216	0.0024798814	0.0938521648	-0.00824149	0.1026087405	-0.1652275654	0.0345905058	0.1039831334	0.0603717755	-0.0634498956	-0.107433718	0.0684606562	-0.0656420858	-0.0733595852	0.0490905268	0.0244527114	0.0358283244	-0.111499866	-0.0326839687	-0.0324086185	0.0463311898	-0.1386883564	-0.0312200443	0.0256826062	-0.0105453929	-0.0869448501	-0.0787210834	-0.0729465651	0.0545629969	-0.0267973754	0.0274789466	-0.0115318751	0.0060789148	0.0579122688	-0.0552738641	0.0618067543	-0.0977367729	0.0931044562	0.0840115319	-0.0021507912	0.0138972239	-0.0381848141	-0.0279728314	-0.094653156	0.0304044509	-0.0146194631	-0.0572166351	0.0134194469	-0.0025377372	0.0561593543	-0.1302531779	-0.0037378972	0.0614304312	0.1333198042	0.0321009077	-0.0509390596	0.0567097161	-0.155339085	-0.0341459477	-0.0370249191	-0.0295739184	0.2421236003	0.0591456883	0.0053094379	-0.0047794342	-0.0096730477	0.0432735328	-0.0520199103	0.0234936679	-0.0518025703	-0.0293439053	0.0535426977	-0.1179391071	0.0181451877	-0.0083709239	0.0476912905	-0.0366321708	0.0324608752	0.0690235964	0.008567728	0.0102447797	0.0511079544	0.0903566697	0.1111751685	0.0914901197	0.0056851806	-0.0322881139	-0.0505271966	0.0216547357	0.1024025808	-0.0963649166	0.0098882603	0.1014389941	0.0286618694	-0.0684171545	-0.0714048905	0.0621974857	-0.0621498008	-0.099972243	0.0998889875	-0.0997502796	0.0995561965	-0.0993068457	-0.1696357946004667	0.0008069422436988	0.0287763028097317	6.511557846658139e-07	0.259870583926812	0.1736833068396208	0.0301658910747458	0.0675327203904622	0.1906996484639407	0.0203802334599672	0.0363663559242705	0.0004153539158827	0.0048772946178749	-0.0003352229483238	1.123744250829012e-07	2.3788002789551464e-05	0.0013169916690047	-0.0003671778429937	1.3481956838550622e-07	1.7344670562277852e-06	-0.0086273754827695	-0.0004278307014238	7.443160772069226e-05	1.8303910908086518e-07	0.0	0.0	0.0	0.0	0.0
264.9238773757634	-0.2790804721295217	0.0778859099240367	70184.66080380854	360.73485657314086	0.3103445880818185	0.0963137633516736	130129.63674684452	256.04061223996564	-0.2521527373550611	0.0635810029556504	65556.79511621644	268.4261083813207	249.5547408933157	0.986506	20.990263	0.1068042323327824	0.0567658678539795	-0.0613321805	0.0190102474	-0.0618600884	0.0175225958	-0.0148353789	-0.0786118738	0.0433831445	-0.0056104945	-0.0129208691	-0.0999875266	-0.0562590998	0.0882980463	0.0238532016	0.0601060898	0.0332394157	0.0092657647	0.0039449503	0.0837136592	-0.0500651246	-0.0372595238	-0.1160099346	-0.1302387938	0.0219984522	0.0161746932	0.0673094282	0.0598200053	-0.06746142	0.0073951188	0.0567118882	0.029798878	-0.0240129199	0.1407054367	-0.0406495888	-0.0564283056	0.1043546241	0.068086609	0.0526773197	-0.0743417516	-0.0162358037	0.0728225166	-0.0865781488	0.0355565184	-0.0725081168	0.1087996186	0.0117058407	-0.0758332806	0.0385383191	-0.0520932056	0.167756822	0.1360953348	0.0106558725	0.0044929477	0.1316990946	-0.1002977867	0.0588219091	-0.0431085606	0.0061792826	-0.0634448705	-0.0765257499	0.0223740369	0.079391842	0.0170050085	-0.0249478852	0.0660338274	0.0166764813	-0.0101777328	-0.0186721552	0.1151688223	-0.0888313444	-0.0193496131	-0.0582506439	0.0629492644	-0.0456218785	0.0245512321	0.0366745747	-0.0063932113	0.000951132	0.0095981385	0.0581453459	0.0379528859	-0.0417452042	0.0945730834	0.0093720948	-0.0703110539	-0.1574386514	-0.0821053359	-0.0111636117	0.0470421753	0.0257056137	-0.0772129768	0.1486053113	0.1441845115	0.103505802	-0.089888406	0.0116441352	0.0675215017	-0.0681439033	0.0301359744	-0.0845230779	-0.0478656716	-0.0088605323	0.0060305544	0.039838891	0.0330997029	0.0304077805	0.0065895042	-0.0327064262	0.0151726882	0.0195435241	-0.0499885997	0.1590149856	0.0908787521	0.0423502919	0.0258030721	-0.0225717848	-0.0254324522	-0.0124230348	0.0170999762	-0.0215609018	0.0162487268	-0.0407588071	-0.0676301795	0.0137730202	0.0817935894	-0.0280958124	-0.0999969158	0.0999876632	-0.099972243	0.099950656	-0.0999229036	-0.1674721558923124	0.0021636387081543	0.0280469229992189	4.681332459423645e-06	0.212908519433256	-0.046962064493556	0.0022054355014969	0.0453300376472611	0.1913367370966128	0.0006370886326721	0.0366097469627783	4.058819258800277e-07	0.0054198164234695	0.0005425218055946	2.943299095456254e-07	2.9374410064109723e-05	0.0011468057547758	-0.0001701859142289	2.8963245401926525e-08	1.315163439186892e-06	-0.008199254392625	0.0004281210901444	6.722777259498035e-05	1.8328766782651474e-07	0.0	0.0	0.0	0.0	0.0
