global_signal	global_signal_derivative1	global_signal_derivative1_power2	global_signal_power2	csf	csf_derivative1	csf_derivative1_power2	csf_power2	white_matter	white_matter_derivative1	white_matter_power2	white_matter_derivative1_power2	csf_wm	tcompcor	std_dvars	dvars	framewise_displacement	rmsd	t_comp_cor_00	t_comp_cor_01	t_comp_cor_02	c_comp_cor_00	c_comp_cor_01	c_comp_cor_02	c_comp_cor_03	c_comp_cor_04	c_comp_cor_05	c_comp_cor_06	c_comp_cor_07	w_comp_cor_00	w_comp_cor_01	w_comp_cor_02	w_comp_cor_03	w_comp_cor_04	w_comp_cor_05	w_comp_cor_06	w_comp_cor_07	w_comp_cor_08	w_comp_cor_09	w_comp_cor_10	w_comp_cor_11	w_comp_cor_12	w_comp_cor_13	w_comp_cor_14	w_comp_cor_15	w_comp_cor_16	w_comp_cor_17	w_comp_cor_18	w_comp_cor_19	w_comp_cor_20	w_comp_cor_21	w_comp_cor_22	w_comp_cor_23	w_comp_cor_24	w_comp_cor_25	w_comp_cor_26	w_comp_cor_27	w_comp_cor_28	w_comp_cor_29	w_comp_cor_30	w_comp_cor_31	w_comp_cor_32	w_comp_cor_33	w_comp_cor_34	w_comp_cor_35	w_comp_cor_36	w_comp_cor_37	w_comp_cor_38	w_comp_cor_39	w_comp_cor_40	w_comp_cor_41	w_comp_cor_42	w_comp_cor_43	a_comp_cor_00	a_comp_cor_01	a_comp_cor_02	a_comp_cor_03	a_comp_cor_04	a_comp_cor_05	a_comp_cor_06	a_comp_cor_07	a_comp_cor_08	a_comp_cor_09	a_comp_cor_10	a_comp_cor_11	a_comp_cor_12	a_comp_cor_13	a_comp_cor_14	a_comp_cor_15	a_comp_cor_16	a_comp_cor_17	a_comp_cor_18	a_comp_cor_19	a_comp_cor_20	a_comp_cor_21	a_comp_cor_22	a_comp_cor_23	a_comp_cor_24	a_comp_cor_25	a_comp_cor_26	a_comp_cor_27	a_comp_cor_28	a_comp_cor_29	a_comp_cor_30	a_comp_cor_31	a_comp_cor_32	a_comp_cor_33	a_comp_cor_34	edge_comp_00	edge_comp_01	edge_comp_02	edge_comp_03	edge_comp_04	edge_comp_05	edge_comp_06	edge_comp_07	edge_comp_08	edge_comp_09	edge_comp_10	edge_comp_11	edge_comp_12	edge_comp_13	edge_comp_14	edge_comp_15	edge_comp_16	edge_comp_17	edge_comp_18	edge_comp_19	edge_comp_20	edge_comp_21	edge_comp_22	edge_comp_23	cosine00	cosine01	cosine02	cosine03	cosine04	trans_x	trans_x_derivative1	trans_x_derivative1_power2	trans_x_power2	trans_y	trans_y_derivative1	trans_y_derivative1_power2	trans_y_power2	trans_z	trans_z_derivative1	trans_z_power2	trans_z_derivative1_power2	rot_x	rot_x_derivative1	rot_x_power2	rot_x_derivative1_power2	rot_y	rot_y_derivative1	rot_y_derivative1_power2	rot_y_power2	rot_z	rot_z_derivative1	rot_z_power2	rot_z_derivative1_power2	motion_outlier00	motion_outlier01	motion_outlier02	motion_outlier03	motion_outlier04	motion_outlier05	motion_outlier06	motion_outlier07	motion_outlier08	motion_outlier09	motion_outlier10	motion_outlier11	motion_outlier12	motion_outlier13
214.97371717190453	n/a	n/a	46213.699074706	374.81721402721536	n/a	n/a	140487.94393112336	207.211392417808	n/a	42936.561147726825	n/a	235.04325991278296	197.7332798523949	n/a	n/a	n/a	n/a	-0.0098178312	0.0508951365	0.0735354544	-0.0607106582	-0.0248431916	0.0227753973	-0.162340414	-0.1615285091	0.0160584515	-0.0967727955	0.0343078667	-0.1106013323	0.0944184912	0.1055893382	0.1282440325	-0.0030111658	0.0660871132	-0.032863706	0.05048689	-0.0535344975	0.0397750449	-0.0872188596	0.0183948486	0.0118734427	-0.0371218884	0.0067876354	-0.0342680156	0.0571733771	-0.0321407603	0.0094136991	-0.079800511	0.0514294688	-0.0312711231	0.096161308	-0.0612557227	0.0325245404	-0.029703012	0.0203573232	-0.0548489455	0.0513301432	-0.0876758464	0.0417632425	-0.0636575116	0.0249954918	-0.0733210005	0.0269151054	-0.0514855805	0.0175781908	-0.0020060538	-0.0123976741	0.0811712255	-0.1213082975	0.0125340579	0.1542005976	-0.0913183801	-0.1288987374	0.0252208223	0.0722967152	0.1162438592	0.0571232531	-0.068274715	0.1237203226	-0.0163707212	0.0070089584	-0.0231990173	0.0288337244	-0.0922208055	0.0223447885	-0.0352742597	-0.0820427697	0.0135369865	-0.0006702397	0.1067461092	-0.0296240979	0.0925788146	-0.121240729	0.0534572452	-0.0412634281	0.0045897526	0.0221826222	-0.0760609157	-0.0114287822	0.0808560604	-0.0268924319	0.0240795605	-0.0566002142	0.0392160965	-0.0482103894	0.107505211	-0.0062188166	-0.0386389176	0.1841089982	0.0415370622	0.0240236345	-0.0598320917	0.0893114895	-0.023345707	0.0420818951	-0.0346345707	0.0391374983	-0.0647304443	0.0696421078	-0.0777246565	0.0296161266	-0.0365699275	0.0566761317	-0.0308624218	0.0966875629	-0.1288381545	0.065157405	-0.0422661571	0.0380158507	-0.0685994033	0.0268061978	0.0999969158	0.0999876632	0.099972243	0.099950656	0.0999229036	-0.1807658003851457	n/a	n/a	0.0326762745888823	0.2797915911937707	n/a	n/a	0.0782833345027421	-0.2847290711748726	n/a	0.0810706439721056	n/a	0.0018369348865149	n/a	3.374329777295509e-06	n/a	0.0049598946923918	n/a	n/a	2.4600555359616352e-05	-0.0017830691323165	n/a	3.179335530619916e-06	n/a	0.0	0.0	0.0	0.0	0.0	0.0	0.0	0.0	0.0	0.0	0.0	0.0	0.0	0.0
215.2787819475905	0.3050647756859632	0.093064517364327	46344.95395683821	375.1241378095296	0.306923782314243	0.0942022081500808	140718.11876734297	207.29836210131603	0.0869696835080162	42972.61092988834	0.0075637258494845	234.65288578545128	200.26804717511985	1.161702	34.107868	0.1303500454595605	0.0802349461196715	-0.0386489638	0.1032903839	-0.0221624974	-0.002873684	-0.0430561606	0.1200201539	0.0445651334	-0.1734124829	-0.1164857478	-0.0143881711	-0.0139954264	-0.0933047331	0.0844563364	0.0682160161	0.114218625	-0.0371630387	0.0541525531	0.0113647163	0.0691422631	0.068952826	0.0809058576	-0.0111669508	-0.078446322	0.1000726605	-0.0078298267	-0.0997389566	-0.0438204551	-0.0725220737	0.0017089186	0.011232022	-0.0460778241	-0.0507278983	0.069515256	0.0530168656	0.1078268379	0.0392469491	-0.0871177658	0.0112995879	-0.0360798264	0.0253681049	-0.0137288672	0.0281859409	0.0066017152	0.0561565522	-0.1298065353	0.1830604388	0.0346286762	-0.0216571415	0.0077443669	-0.062608524	0.1335069954	-0.1224434443	-0.0577791443	-0.0093654334	-0.0079482741	-0.071971818	0.0026827593	0.0672004531	0.0845829585	0.038803374	-0.1691458599	0.019782462	-0.0170287204	0.0954860008	-0.0054080473	-0.0102965166	0.0257537236	0.0543668018	-0.0203462063	0.0690191368	-0.0686544854	-0.0319682868	-0.0807571612	-0.1383714989	-0.0436409482	-0.1229791723	0.0356882459	-0.0274093597	-0.0367034016	0.0860372969	0.0310821233	-0.0305032143	-0.0167550973	0.0364921337	0.0751755412	-0.0873480791	-0.0460151447	-0.032009972	0.0214038179	-0.0519004796	-0.0356257636	0.1721838466	0.0330745436	-0.07906003	-0.0012144618	0.1072430101	0.0185538117	-0.0071938072	0.019723714	-0.0118910061	0.0375663415	0.0008971866	0.0516985627	-0.036464889	-0.0783437112	0.0510100041	-0.0598838427	-0.1362343608	-0.0276383471	0.0102663185	0.0259276543	0.103865228	-0.0517533077	-0.0234105688	0.099972243	0.0998889875	0.0997502796	0.0995561965	0.0993068457	-0.1853895314098537	-0.004623731024708	2.137888858884734e-05	0.0343692783563651	0.2543530295636316	-0.025438561630139	0.0006471204178103	0.0646954636481976	-0.2242317741424742	0.0604972970323984	0.0502798885350815	0.0036599229482262	0.0013628270531548	-0.0004741078333601	1.857297576810596e-06	2.2477823765340835e-07	0.0048469491533642	-0.0001129455390276	1.2756694786235126e-08	2.349291609529794e-05	-0.0015743133892579	0.0002087557430586	2.478462647596696e-06	4.357896025994824e-08	0.0	0.0	0.0	0.0	0.0	0.0	0.0	0.0	0.0	0.0	0.0	0.0	0.0	0.0
215.106970668864	-0.1718112787264942	0.0295191154976331	46271.00883033552	373.3604654781436	-1.763672331385976	3.1105400924964446	139398.03718205608	207.2530988425764	-0.0452632587396237	42953.84697985074	0.0020487625917301	234.8967645309112	202.88100780325863	0.93189	27.36054	0.1057485498264785	0.0574304886299613	-0.0471262815	0.0667032818	0.0393127798	-0.0404257101	-0.0148377514	0.0689514255	-0.0748354752	-0.0865004244	0.0142575695	-0.0411319067	0.1164006148	-0.0723297078	0.0740134299	0.1056533297	0.0976618858	-0.0690987132	0.045266128	-0.0027753713	0.060823445	-0.0089522477	0.035769551	-0.0472197215	0.0115469817	0.0536554176	0.0464647335	-0.0475106304	-0.0098823894	0.0273352715	-0.007001649	-0.0047193296	-0.0389517373	0.0680927645	0.0494837252	-0.0030927049	-0.0066004755	-0.0171306129	-0.0538680028	-0.048667138	-0.0279021623	-0.0278627425	-0.0238767426	-0.0194885141	0.0628101545	-0.1034030594	-0.0403565324	0.03773747	0.0044671738	-0.0434562058	-0.0677370891	-0.0152095432	-0.1041563794	-0.0344968725	0.0180033134	-0.0100415874	0.031140808	-0.0863628002	0.023865335	0.0517137012	0.1142224996	-0.0087692694	-0.1013290898	0.0913896997	-0.0092909942	0.0420316577	0.0119513741	-0.0133303591	-0.0624916591	-0.0540590388	-0.0205554239	-0.014319143	0.038391582	0.0244819757	0.0128064566	-0.0328391334	0.0321404566	-0.0517327722	0.0426794098	-0.0218768324	0.0176015198	0.0151148647	-0.0764893352	-0.0774151955	0.0092470494	0.0216149612	0.02987291	-0.0439609096	-0.0801976493	0.064145664	-0.0561791604	0.0075890485	-0.0453195155	0.1835297462	0.048396299	0.0188736558	-0.0388235876	0.0746563035	-0.0131132646	0.0265528837	-0.0332988842	-0.0212622398	-0.0111082492	0.0871366119	-0.0516201338	0.0006498482	-0.0591382269	0.0225167221	-0.0863975256	0.006925352	-0.0405707088	0.0802796264	-0.0986485217	0.0358282063	-0.0728275287	0.0299286788	0.0999229036	0.0996917334	0.0993068457	0.0987688341	0.098078528	-0.1903879888261883	-0.0049984574163345	2.4984576542910263e-05	0.0362475862892808	0.2877647959130911	0.0334117663494595	0.0011163461305908	0.0828085777669029	-0.2685944454364986	-0.0443626712940243	0.0721429761193402	0.0019680466043416	0.0012491603051384	-0.0001136667480164	1.5604014679334606e-06	1.2920129604623778e-08	0.0048468279968216	-1.2115654260055897e-07	1.4678907814921062e-14	2.349174163077368e-05	-0.0019200385800321	-0.0003457251907742	3.686548148811683e-06	1.1952590753585706e-07	0.0	0.0	0.0	0.0	0.0	0.0	0.0	0.0	0.0	0.0	0.0	0.0	0.0	0.0
214.8434224126609	-0.2635482562030802	0.0694576833476844	46157.69615398505	373.8849735087789	0.5245080306352747	0.2751086742008943	139789.9734156603	207.5792767663846	0.3261779238081885	43089.156142855296	0.1063920379798204	235.0944904856257	198.12765080131703	0.873904	25.658062	0.2080378239043463	0.1445148035447011	-0.0268619773	0.0771260273	-0.0435681147	-0.0095739925	-0.0142626866	0.1340493672	0.0072821091	-0.080688747	-0.1165952016	-0.0492553056	-0.0049039914	-0.0546666969	0.0505724673	-0.0015399715	0.1342131031	-0.0932744354	-0.0081698231	0.0209761815	0.0495503263	0.0383854614	0.0981917211	0.0735800148	-0.0277328669	-0.0020141226	0.0857762289	0.0010211977	0.009847858	0.0442886901	-0.1166634618	0.03071912	0.0741752533	-0.070121682	-0.0193057818	0.101604493	-0.058974439	0.006426167	0.0813765805	0.0809077388	-0.0158567947	0.0638667157	0.0256864435	-0.0031928641	-0.0521465533	-0.0097991491	-0.0596348315	0.0320926581	-0.0644500154	0.0270723628	0.0974485254	-0.075416276	-0.037039264	-0.086073119	0.0256479602	0.0379132122	-0.0267337087	-0.0806857016	0.0256485245	0.0369683371	-0.004558691	-0.0211903666	-0.164069773	0.0169076477	-0.05865868	0.0918109751	0.0116886337	-0.072731527	0.0133977421	0.0198202763	0.0675134587	0.0146913682	0.0026043724	-0.0285496295	0.0250854171	0.0128475338	-0.0003119699	0.0125446191	0.0402696802	0.034558368	0.0023467293	-0.0430983617	-0.0856063009	0.0327735395	-0.0261622147	0.0511632719	-0.1109376812	0.0223514391	-0.0463129059	-0.1014432201	0.0455438547	0.0060772751	-0.0352390594	0.1395570527	0.0930474025	-0.093003097	0.0001682011	0.0555698728	-0.0184280409	-0.0530483867	-0.0084682635	0.005421445	0.0880092599	0.025843295	0.0471131153	-0.0727529828	-0.0591495947	0.0256881124	-0.0335132296	-0.0327237039	-0.057831396	0.0836080447	0.0309324011	0.058991318	0.001078771	-0.0671755425	0.0998489097	0.0993960955	0.0986429257	0.0975916762	0.0962455236	-0.1846529076796486	0.0057350811465397	3.289115575739512e-05	0.0340966963145488	0.1585018958825514	-0.1292629000305397	0.0167088973243053	0.0251228509983631	-0.2201834140600667	0.0484110313764318	0.0484807358271467	0.0023436279589298	0.0009217622969232	-0.0003273980082152	8.496457320291336e-07	1.0718945578328018e-07	0.0048477153134418	8.873166202003069e-07	7.873307844836958e-13	2.350034376017813e-05	-0.0017557476778508	0.0001642909021813	3.0826499082784766e-06	2.6991500539545496e-08	0.0	0.0	0.0	0.0	0.0	0.0	0.0	0.0	0.0	0.0	0.0	0.0	0.0	0.0
215.4160593573886	0.5726369447276909	0.3279130704670645	46404.07862906597	373.379279853528	-0.5056936552509228	0.2557260729610391	139412.08662393916	207.56520301013057	-0.0140737562540209	43083.31350063672	0.0001980706150975	235.0740015413668	202.6936489795449	0.8166959999999999	23.97842	0.0623929978230158	0.0370273823774907	-0.0491799046	0.0856399331	0.0521191012	-0.0036285547	-0.0056897003	0.0644744814	-0.0276845666	-0.073619031	0.0035897281	-0.1011931731	0.1416429853	-0.0430126989	0.0495015616	0.0052235062	0.130028599	-0.0610055775	0.0422466117	-0.0086279354	0.0545475021	-0.0333593191	0.0965840023	0.055179191	0.0803382347	-0.0123217336	-0.036020856	-0.0299818191	0.0636069041	0.0726351703	-0.0107126838	0.0522431376	-0.0171009921	-0.0036823954	-0.0564952537	0.0971867522	-0.0580471083	0.106431432	-0.0297116201	0.0485375182	0.060750406	0.0111026447	0.0953699232	-0.0340083807	-0.0095414096	-0.1235954125	0.0364533944	-0.0555073425	0.0542714046	0.0369981629	-0.0926665468	0.0517344421	-0.1133771903	-0.0269356991	-0.050583809	0.0139510075	-0.0027917927	-0.0598205453	0.0202397803	0.0412074732	0.012655973	0.0108545354	-0.1242654996	0.1002605508	-0.0377299885	0.0583062349	-0.0439828419	-0.0893207412	-0.0509604336	-0.0218164197	0.0193567464	-0.1472793699	0.0260641171	0.0413644026	0.0099052988	0.0461318068	0.0649203984	0.0260596482	0.0195824074	-0.0128868581	0.0778945424	0.0055566289	0.0212517099	0.0678709154	0.0011903474	0.0189823699	-0.0854056624	-0.1197097808	-0.0141383744	-0.0305100181	-0.0496069398	0.0368604046	-0.0422145493	0.1480814745	0.1009204697	-0.0660642284	-0.0663998854	0.0575416016	-0.0385283379	0.0135197584	0.0186551802	-0.0280773009	0.0142460806	0.1000625536	-0.0673419675	-0.0155473604	-0.0293746218	0.0294112616	-0.054494347	0.0479361648	-0.0556732135	0.0181304315	-0.0694198058	0.0592786585	-0.0805386156	0.0439707137	0.0997502796	0.0990023658	0.0977599938	0.0960293686	0.0938191336	-0.1863508874559443	-0.0016979797762957	2.883135320709231e-06	0.034726653255618	0.1806562203887551	0.0221543245062036	0.0004908140943261	0.0326366699651504	-0.2444050702072431	-0.0242216561471764	0.0597338383430074	0.000586688626512	0.0010441570231844	0.0001223947262611	1.0902638890653077e-06	1.4980469016554054e-08	0.0048470237271645	-6.915862772998577e-07	4.782915789494756e-13	2.3493639011695643e-05	-0.0019190421131791	-0.0001632944353282	3.682722632154905e-06	2.6665072609188323e-08	0.0	0.0	0.0	0.0	0.0	0.0	0.0	0.0	0.0	0.0	0.0	0.0	0.0	0.0
215.1401040787057	-0.2759552786829147	0.0761513158329651	46285.26438299632	373.9297576973185	0.5504778437905316	0.3030258565042729	139823.46369157534	207.69309405748265	0.1278910473520795	43136.42131917034	0.0163561199928118	235.01951862121368	200.2366699164072	0.85683	25.156754	0.0714619506199863	0.0460332683713755	-0.037960627	0.0305030491	-0.0368890497	-0.0319009141	-0.0467996168	0.1266539194	0.0284046036	-0.05707563	-0.0527459157	-0.0254704281	0.0154221311	-0.0254981805	0.0373013089	0.0158868585	0.1095602346	-0.1012978608	0.018800801	0.0453786365	0.0419454062	0.0131779161	0.1064471821	0.0364102397	-0.0131354137	-0.0503984284	-0.004894577	-0.0581045074	-0.0237161443	-0.0525421358	-0.0243652503	0.0417354673	0.0651477789	-0.0523970566	0.1340525422	0.0809432379	0.0470445033	0.0164274106	0.0190901641	0.0715379802	-0.0080253972	-0.1937787234	0.0626257741	-0.0423868423	-0.0134594081	0.0318067549	-0.06912501	0.0394132985	0.0197824128	0.0036989621	-0.009011003	0.0653136072	0.0555858867	-0.0048894632	-0.0032988108	-0.16392941	0.1224256713	-0.046977437	0.0354723912	0.0211282867	0.0039546553	-0.0202271145	-0.1678992069	0.0119078118	-0.0036503073	0.0451068692	0.0371464788	-0.1113291966	0.0578566481	0.0405199486	0.001140193	0.001113316	-0.0076142181	0.003334628	-0.0699208131	-0.0459187768	0.0008621098	-0.029580737	-0.0321246799	-0.0357437615	-0.010562221	-0.0056053972	0.0191077787	-0.0308156451	-0.109789241	-0.0098683151	-0.0255164075	-0.0987178857	-0.0869420811	-0.0425235287	0.0239158918	-0.0842511506	-0.0337374147	0.1328690444	0.0921240779	-0.0783213563	0.0214071182	0.0446257885	-0.0021687623	-0.0283989651	0.0288416605	-0.0424766028	0.0826472979	0.0092452085	0.0125844131	-0.0332676998	-0.117934276	-0.0532014651	-0.0548091926	-0.0902780398	0.0115152919	0.0534959073	0.0200318196	0.071702974	0.0325020642	-0.0179990286	0.0996270376	0.0985109326	0.0966600102	0.0940880769	0.0908143174	-0.1895250862788202	-0.0031741988228758	1.007553816714672e-05	0.0359197583289942	0.1791228000395506	-0.0015334203492044	2.3513779673543845e-06	0.0320849774940088	-0.2176137586202671	0.026791311586976	0.0473557479408398	0.0007177743765504	0.0005401301201891	-0.0005040269029952	2.917405467354916e-07	2.540431189430335e-07	0.0047240481790236	-0.0001229755481408	1.5122985440554777e-08	2.23166311977362e-05	-0.0017467841670967	0.0001722579460824	3.051254926419712e-06	2.967279998852703e-08	0.0	0.0	0.0	0.0	0.0	0.0	0.0	0.0	0.0	0.0	0.0	0.0	0.0	0.0
215.2405058916061	0.1004018129004009	0.0100805240336871	46328.47537647452	373.9189903353999	-0.0107673619186243	0.0001159360826866	139815.41133344488	207.52911135485888	-0.1639827026237696	43068.33205973742	0.0268903267597956	234.9863671865072	206.32664753568767	0.978125	28.718004	0.1650011511768631	0.1201236671498058	-0.0602102742	0.09554305	0.0854209363	0.0297202721	-0.0141717751	0.0438334809	-0.1076781094	-0.0472417288	-0.0062784786	-0.0637617377	0.0593747601	-0.0201179989	0.032793467	0.0973391923	0.0503508094	-0.0307921343	0.0848058108	0.0212730796	0.1115038222	-0.0342829291	-0.0194062404	-0.0127305305	0.0448274325	0.0391329476	0.0798310789	-0.0766532216	0.1007898974	-0.0796217503	0.0097754164	0.0513130413	-0.0358300468	0.0708832363	0.0770442179	0.0997550311	-0.0353880223	-0.0314925324	-0.0985376439	0.0715374676	-0.0123073965	-0.1007860713	-0.0877258733	-0.0180378202	0.0811383223	-0.1530261788	0.0491667347	0.0123138836	0.0371595614	-0.107354718	-0.0756725454	0.1435725812	0.0368097686	0.0848565083	-0.0488601153	0.1090190261	0.0299472106	-0.0210410474	0.0087916789	0.0162134133	0.1026740226	-0.0146804834	-0.0650917182	0.1267791576	-0.0322869712	0.0430827028	0.0016329425	0.0499529878	-0.0428109759	0.017436527	-0.0348796012	-0.0631232842	0.1008098349	0.0145847556	-0.0588119605	-0.0261155024	-0.026648516	-0.0560236454	-0.0100261043	0.0119965626	0.0127279747	-0.0513045515	-0.0943628593	-0.0498378304	0.0257198483	-0.0120863353	-0.0103153911	-0.1594089853	0.0017552228	0.0987764654	-0.0677750419	-0.0867834035	-0.0418800466	0.1591719422	0.0006655877	0.0035944555	-0.069858441	0.0434202562	-0.0234687712	0.0603292124	-0.0213753244	-0.0820103354	-0.0170677853	0.1095425831	0.008839455	-0.0469629737	-0.0312100536	0.0362746395	-0.0548400738	0.0198827953	-0.0216970079	0.0812872938	-0.0689543399	0.0063914071	-0.052685502	0.0807347148	0.0994792142	0.0979222811	0.0953454172	0.0917754626	0.0872496007	-0.1726993016528126	0.0168257846260075	0.0002831070282807	0.0298250487913691	0.2922575783978658	0.1131347783583152	0.0127994780741851	0.0854144921309846	-0.2191097054234774	-0.0014959468032103	0.048009063010763	2.237856838035121e-06	0.0007708921320108	0.0002307620118217	5.942746791961567e-07	5.325110609999841e-08	0.0045379436451971	-0.0001861045338265	3.4634897510779134e-08	2.059293252698474e-05	-0.0014927578849583	0.0002540262821383	2.228326103105177e-06	6.452935201705797e-08	0.0	0.0	0.0	0.0	0.0	0.0	0.0	0.0	0.0	0.0	0.0	0.0	0.0	0.0
214.1812447230193	-1.0592611685868007	1.1220342232758749	45873.60559110188	372.83052408291576	-1.0884662524841249	1.1847587827968342	139002.59968794163	207.42606794787807	-0.1030434069807597	43025.57366431775	0.0106179437222024	235.08749875936425	195.3668999004102	1.041278	30.57221	0.160789276414668	0.082665518773788	0.0062194821	-0.0039912408	-0.0272178577	-0.0654200341	0.0155546195	0.0778414523	-0.0013748694	-0.0742385274	-0.1020071868	-0.0347269167	0.0082586015	-0.0362828322	0.0192399215	0.0464468733	0.0938923996	-0.0996855231	-0.0523772274	-0.0529567918	0.0196181658	0.00618529	0.0654356798	-0.0244130578	-0.0443505671	0.0481574683	-0.0280831113	-0.0632657139	-0.0537734461	0.0578201024	-0.0033861948	0.1159075479	-0.0112322438	0.0107697786	0.0230560985	0.0105342555	-0.0124702576	0.0303028498	-0.0150814294	0.0137668278	0.0040761941	0.0703068083	0.0451321341	-0.053925464	-0.0345739049	0.0982656779	0.0258086713	-0.1079585052	0.0526523176	-0.0025601853	0.0436802725	-0.0747855735	0.0079460102	0.1701435996	-0.0130433952	-0.065655711	0.0368628284	-0.1002670031	0.0464027294	-0.0111987615	0.0242201031	-0.0327827903	-0.0828692766	0.0071187376	0.0097323933	0.0768140058	0.0182594789	-0.0498990104	-0.0304619483	-0.0191017923	0.0543829063	0.0459306702	-0.0436412629	-0.033040723	0.0437869794	-0.0664275913	-0.0412766532	0.022649281	0.0230638637	-0.0635396999	0.0588338171	0.0389267113	-0.0238765788	0.001991091	-0.0160371801	0.0078989393	-0.0419752403	-0.0214031241	-0.0332978238	-0.0635834093	0.0517860694	0.0095891242	-0.0235024335	0.1090903462	0.0657081873	0.0353135718	0.0517853992	0.0522926868	-0.0154943863	-0.0620339663	-0.0227810133	-0.0381997451	0.0253668264	-0.0292164729	0.0506755513	-0.0170048098	-0.0168875751	-0.0190336768	0.0402203989	-0.0779404822	-0.0263133908	-0.0074071471	0.0217969772	0.0649856515	0.0866987386	-0.0178143285	0.0993068457	0.097236992	0.0938191336	0.0891006524	0.0831469612	-0.1437600313698368	0.0289392702829758	0.0008374813645111	0.0206669466194564	0.2373270780553298	-0.054930500342536	0.0030173598678813	0.0563241419782806	-0.2369315830658536	-0.0178218776423761	0.0561365750540914	0.0003176193226998	0.000593384797951	-0.0001775073340598	3.5210551843934904e-07	3.1508853645017446e-08	0.0037581351837598	-0.0007798084614372	6.081012365292086e-07	1.4123580059413308e-05	-0.0012681211175198	0.0002246367674384	1.6081311686996665e-06	5.046167728521872e-08	0.0	0.0	0.0	0.0	0.0	0.0	0.0	0.0	0.0	0.0	0.0	0.0	0.0	0.0
213.82908222850733	-0.3521624945119583	0.1240184225408851	45722.87640668575	372.4803835952793	-0.3501404876364518	0.1225983610822922	138741.63616328643	207.0360694017481	-0.3899985461300161	42863.93403332546	0.1520988659835263	234.4239854153928	197.0554188737564	0.937481	27.524691	0.2929649389469863	0.1515188920122742	-0.0033156775	0.104202003	-0.0198519615	0.055533148	0.0395549398	0.090833945	0.0098873039	0.0038607797	-0.0479477662	-0.0062947314	0.0486267196	0.014609062	-0.0035347422	0.1462632038	-0.0041930871	-0.002870963	0.0209288242	0.0457124191	-0.0135305196	0.0030956367	-0.0676598269	0.0235345962	-0.0539553212	0.0659281142	0.1857068619	-0.0980394811	0.0461259313	-0.0078135419	0.0491520951	-0.0362034652	-0.0182308094	-0.094784194	0.0854268109	-0.0818161401	0.110035165	-0.1746476073	-0.1227200063	0.0218899418	-0.0775719891	0.0661854757	-0.0153634857	0.01713524	-0.0623037495	-0.0164014087	0.0549268061	0.1155817215	-0.0069807287	-0.0423479738	0.067305619	0.0560937946	-0.004553031	0.1445419457	0.0575137713	-0.0446040038	-0.0665154162	0.0121421196	0.0071628572	-0.0420790333	0.1379554647	-0.0262669132	-0.0501996984	-0.0072079775	-0.0320992708	-0.0256784055	-0.0300159037	0.0892152136	-0.0162253406	0.0466043377	-0.0206445554	0.0714375915	0.125477136	0.0347857791	-0.1018777422	-0.0115508723	-0.1252952737	-0.1163872466	-0.0808665349	0.0792263877	0.0012155886	0.0294555372	-0.0007039384	-0.0521483138	-0.0411985551	0.1183813423	0.1378095154	0.1136836341	-0.0096718215	0.0294877962	-0.0684088648	-0.0209241458	-0.025430642	0.1030968405	-0.1026345935	-0.0077811657	0.0177888295	0.0519728038	0.0178852576	0.015823106	0.0161285315	-0.073937946	-0.0764360311	0.0787192243	0.065643753	0.0341509334	0.0150650697	-0.0127826104	-0.0414561067	-0.0802699812	0.1030093066	0.0513875753	0.04050446	-0.0431478557	0.0016159116	-0.0374101265	0.0991099747	0.0964557418	0.092084548	0.0860742027	0.0785316931	-0.1087708114003049	0.0349892199695319	0.0012242455140762	0.0118310894126806	0.3420720229148912	0.1047449448595614	0.0109715034736325	0.1170132688610858	-0.1516544044124756	0.085277178653378	0.0229990583777027	0.0072721971990801	0.0002876994886133	-0.0003056853093376	8.277099574835434e-08	9.344350834488532e-08	0.0032309023359566	-0.0005272328478031	2.7797447580267216e-07	1.0438729904489816e-05	-0.0007419673653704	0.0005261537521494	5.505155712746927e-07	2.768377709008922e-07	0.0	0.0	0.0	0.0	0.0	0.0	0.0	0.0	0.0	0.0	0.0	0.0	0.0	0.0
213.9762977657713	0.1472155372639747	0.0216724144119207	45785.856005546026	371.4914078464896	-0.9889757487896986	0.9780730316941452	138005.8661037669	207.00391976381096	-0.0321496379371524	42850.62279758229	0.0010335992194899	234.47380742940817	193.43711740191267	0.950815	27.916183	0.2303774374251895	0.1447127834621409	0.0089944754	0.0490922282	-0.0268768033	-0.0457550996	0.0286311104	-0.0272398113	0.0254832177	-0.0512824937	-0.1051470552	-0.0579233753	0.0123217263	-0.0151955939	-0.0049312242	0.0820673463	0.0598651655	0.0070820188	-0.0360158552	-0.0487437714	-0.0036751732	-0.0870075504	0.0226398414	0.0043267777	0.0486190212	0.041070302	-0.0407579228	-0.0693832196	-0.0119699379	0.0476147087	0.0251763898	0.1677853453	0.0657805022	-0.0999746309	-0.0604331127	-0.2457109325	0.0241744335	-0.0165893789	0.0707807555	0.0320324599	0.0392311496	0.0953948984	-0.0372479183	-0.0892742529	0.0193994046	0.0451464921	0.0849840348	-0.0780259373	-0.0455761999	0.0413826937	-0.0642888102	0.0135918883	-0.0385720944	-0.0674161677	0.1138213559	-0.0113436043	-0.0441721285	-0.0649210249	0.0411421148	-0.0351062369	0.0697249006	0.0451870946	0.0124063189	0.0209020548	-0.0159702031	0.0464583928	-0.0085854825	-0.0672850321	-0.0706488653	-0.0715416493	0.1212236688	0.0105350317	-0.0454221331	-0.0861857897	0.0639067835	-0.0250756899	-0.1393320777	0.0232592638	-0.0172311805	-0.0394911187	0.0189373789	0.0120974555	0.0179857707	0.0001955825	-0.0005256294	0.0131787986	-0.0563167354	0.0864454559	0.1479378482	0.0102514487	-0.0700187111	0.0958771422	-0.0201600842	0.0726245076	0.0234187481	0.0584462398	-0.0156663969	0.0444676175	-0.0561654122	-0.0820586017	-0.0980098445	0.0330690292	-0.0115241437	-0.0365131926	0.0603145169	-0.0394443964	-0.0003905795	0.0413745956	0.0790898719	0.0327933322	-0.0110462454	-0.0301151416	0.0051179727	-0.0420873382	0.0969722374	-0.0420972446	0.0988886499	0.0955793015	0.0901455117	0.0827080574	0.0734322509	-0.1053642982082436	0.0034065131920612	1.160433212768765e-05	0.0111016353369156	0.2203908341700327	-0.1216811887448585	0.0148063116943618	0.0485721197861628	-0.2219177008999153	-0.0702632964874397	0.0492474659727042	0.0049369308332818	0.0008579909160793	0.000570291427466	7.361484120745964e-07	3.252323122412079e-07	0.0032302446906464	-6.576453102000689e-07	4.324973540281448e-13	1.0434480761449257e-05	-0.00061238765813	0.0001295797072404	3.7501864382994573e-07	1.679090052850778e-08	0.0	0.0	0.0	0.0	0.0	0.0	0.0	0.0	0.0	0.0	0.0	0.0	0.0	0.0
214.1325558327043	0.1562580669329918	0.0244165834816353	45852.75146744622	371.55822957127145	0.0668217247818461	0.0044651429028207	138055.51796213767	207.394567072581	0.3906473087700419	43012.5064512233	0.1526053198492765	234.8914423723956	192.907636219232	0.919467	26.995783	0.204354794660459	0.1053693650761627	0.0067772663	0.000526983	-0.0554836742	-0.0562208165	0.0310090197	0.0972307632	0.0271413774	0.0217588686	0.0355954947	-0.0908153303	0.0125984284	-0.0274765991	0.0058469371	-0.0178418534	0.0852864057	-0.0227150039	-0.0585758708	-0.0674736654	-0.0814491442	-0.0080602675	0.1022644055	0.0097726742	0.0289872357	-0.0166883138	-0.0330407459	0.0695235851	0.1419574615	-0.0542515682	0.0494237652	0.0435815017	0.0412219825	-0.0790833277	-0.1098312052	-0.0333433005	0.0460537587	0.0320172132	0.0549494742	-0.0617142893	0.0755273104	0.1111278297	-0.0303254364	0.0767324644	-0.0465341148	-0.0289613533	0.0956420958	-0.0246203935	0.0918259142	0.0090852677	0.0034487925	-0.0322109195	-0.0582060656	-0.1203990027	-0.0374334713	-0.0968346762	0.0568752278	-0.0825243961	0.0473986584	-0.017089936	-0.0395654807	0.0073243673	-0.0707029018	-0.0574931455	0.0066652987	0.0084333763	-0.0747604726	-0.0101780219	-0.0698575195	0.0952349569	-0.0345462962	-0.1305520149	-0.0602590757	-0.0567836411	-0.0325900452	0.0651221189	-0.025724816	-0.0218037249	0.0174257954	0.0195374065	0.0150822731	-0.0348507598	0.1621412219	0.0746828426	0.0408563231	-0.0277277061	-0.052216632	0.0890811364	0.0616572313	0.0287730068	-0.0164299196	0.0565708454	-0.0057987285	0.0148324262	0.0574366096	-0.0550771906	0.0152552663	0.0523520617	-0.0203186172	-0.0620150274	0.113253837	-0.0310950786	-0.0587686126	0.0306439927	-0.0562233978	0.0544404457	0.0546418982	-0.0282035009	0.0213444512	0.0298616031	0.038969733	-0.0542880818	0.1153009876	-0.049254214	0.1062687402	0.0018242515	0.0986429257	0.0946085359	0.0880063298	0.0790155012	0.0678800746	-0.0795451749935267	0.0258191232147168	0.0006666271235767	0.0063274348647507	0.1601607897195549	-0.0602300444504777	0.0036276582545065	0.0256514785635914	-0.1809978399860909	0.0409198609138244	0.0327602180796305	0.0016744350172067	0.0003750720308309	-0.0004829188852483	1.4067902831161562e-07	2.332106497295573e-07	0.0022759085335588	-0.0009543361570875	9.107575007247282e-07	5.179759653125768e-06	-0.0005019273788372	0.0001104602792927	2.519310936263821e-07	1.2201473301443375e-08	0.0	0.0	0.0	0.0	0.0	0.0	0.0	0.0	0.0	0.0	0.0	0.0	0.0	0.0
214.56522565862048	0.4326698259161787	0.1872031782583364	46038.23606193472	373.10646439459737	1.5482348233259131	2.397031068159021	139208.43377303696	207.5003625296401	0.1057954570591164	43056.40044993207	0.0111926787343473	234.46715638253303	200.2387013133568	1.04834	30.779539	0.1509068529702734	0.1088916427717538	-0.0342948579	0.1119907655	0.0187302362	0.0899370558	-0.0237395221	-0.0123665454	0.0155224464	-0.0270249747	-0.1109368398	0.0045965759	-0.0421812148	0.0275525327	-0.007148572	0.0452611562	-0.0476329439	-0.0195853946	0.0032794238	0.0195147111	0.0472770523	-0.0027540491	-0.0004914049	0.0423548559	-0.0419182119	0.0163662932	-0.0093277189	-0.0163294115	0.0413467965	-0.0696877911	-0.0429204704	0.0643659808	-0.0014647121	0.0314901464	0.0391398075	-0.1011258017	0.075821555	-0.088161304	0.0476327518	-0.0326550168	-0.0123140742	-0.0444858861	-0.0652648387	0.0589001475	-0.1105834689	-0.0159230514	0.0861677463	-0.2329101395	-0.0810605129	-0.1059045617	0.196281577	-0.02350102	-0.015543332	0.1632974035	0.1087529491	-0.0596617	0.0010934936	0.0612728059	-0.0154440507	-0.0120748191	0.0714322128	-0.0280651055	-0.0100928685	0.0209990287	-0.0211481707	0.0542584512	0.0206612343	0.0227282063	-0.0081718779	0.031429603	0.0650577182	0.035751921	-0.0185658471	-0.0434747037	-0.0853973372	0.0165590485	-0.0695365773	0.0265806882	-0.029388026	-0.0126937206	0.0897650869	0.0106187317	-0.0084270629	-0.0927346008	-0.0424499269	-0.0368676126	0.0200801719	0.1224752209	0.1203028797	-0.0677630097	-0.0550810289	0.0496507869	-0.0203395038	0.0504533179	-0.0816553556	0.0109319426	-0.0761839506	0.0416341238	-0.0179590082	-0.013795851	-0.0549874805	-0.0388957512	-0.0646867283	-0.0303274051	0.1020956433	-0.0588687381	-0.0267583808	0.0394557529	0.0663979816	0.0483848073	0.0867428224	-0.009326655	0.0383759936	-0.0864204125	0.0252481	-0.0038836307	0.0983728629	0.0935444031	0.0856717519	0.075011107	0.0619093949	-0.0795164606284544	2.8714365072304848e-05	8.245147615056005e-10	0.0063228675108765	0.2685445724121535	0.1083837826925986	0.0117470443507564	0.0721161873720263	-0.1665029006174023	0.0144949393686885	0.0277232159140085	0.0002101032673019	-7.0744943564788015e-06	-0.0003821465251873	5.004847039985041e-11	1.4603596671278797e-07	0.0022160013726011	-5.990716095769996e-05	3.58886793401177e-09	4.91066208336996e-06	-0.000383992734104	0.0001179346447331	1.4745041984466525e-07	1.3908580428346092e-08	0.0	0.0	0.0	0.0	0.0	0.0	0.0	0.0	0.0	0.0	0.0	0.0	0.0	0.0
214.45895052947463	-0.1062751291458425	0.0112944030749655	45992.64146220365	371.28473659885657	-1.821727795740799	3.318692161774629	137852.3556312823	207.47026038969923	-0.0301021399408796	43043.908946169606	0.0009061388290203	234.89180776521607	194.65117300985824	0.966694	28.382401	0.2793514272543469	0.1586042628230913	-0.0021365131	-0.0228880726	-0.0216830755	-0.0712459942	-0.012887638	-0.0320302532	-0.0001128146	0.0427982998	0.0562265889	-0.0563845619	0.0812993941	0.0115955279	0.0155176154	-0.0904698058	0.0686446928	-0.0109035848	-0.0337984382	-0.0980130394	-0.0010717698	-0.0808738384	0.0402681863	-0.0040405442	0.1075118679	-0.0270890126	-0.0326648834	0.0733637475	0.0330949404	0.1298470446	0.0156008255	-0.0940101378	-0.0311540723	-0.0221748515	-0.1618185009	0.0297051625	-0.0753449546	-0.0132901333	0.0954453297	0.0177543018	0.1548451823	-0.0109910952	-0.079280292	-0.0454601598	0.0272333269	-0.037397675	0.0126934176	-0.0338987368	0.001664581	0.0968644657	0.0769810453	-0.0322290433	-0.0546057273	0.0366614749	0.0583939613	-0.0062882169	0.0892954193	-0.030734377	0.053066932	0.0153008834	-0.0975176753	0.0284765098	0.0061747111	0.0301907315	0.0232604692	0.0412297596	-0.0458775414	-0.0893611089	-0.068206789	-0.0591705564	-0.021588764	-0.0866565091	-0.0163205378	0.0168065144	0.0619608891	0.1143715539	0.0786509901	0.0042127362	0.0163039461	0.0472473651	0.0028080838	0.0652204387	0.0295017537	0.1396241505	0.1136890783	0.0226362317	-0.1088720031	0.1477776522	0.0851972441	0.0966280434	0.0223944861	-0.0301651404	-0.00851951	-0.0215161544	0.0997214698	0.0242435292	-0.0423539802	0.0262429739	-0.0502342139	-0.0706190265	0.0018680501	0.0232887137	-0.0303593885	-0.0024574379	-0.0953955003	0.0197637702	0.0898142835	0.0069421192	0.037054046	0.0707604818	0.0644734697	-0.141254279	-0.0123617405	-0.0633187372	0.0347735976	0.0430334383	0.098078528	0.0923879533	0.0831469612	0.0707106781	0.0555570233	-0.0535569700036973	0.025959490624757	0.0006738951534968	0.0028683490359769	0.1278700357090514	-0.1406745367031021	0.0197893252766324	0.016350746032234	-0.2247283824119961	-0.0582254817945938	0.0505028458615123	0.0033902067302125	0.0004976777049596	0.000504752199316	2.476830980138547e-07	2.547747827144186e-07	0.0018199545500661	-0.000396046822535	1.568530856400699e-07	3.3122345643063005e-06	-0.0001949533933172	0.0001890393407868	3.800682556589089e-08	3.5735872365107916e-08	0.0	0.0	0.0	0.0	0.0	0.0	0.0	0.0	0.0	0.0	0.0	0.0	0.0	0.0
214.45150764882163	-0.0074428806530022	5.539647241483518e-05	45989.449132852606	371.3400301190585	0.0552935202019284	0.003057373376321	137893.41796882328	207.44549935413983	-0.0247610355594076	43033.63520228842	0.0006131088819742	234.35760421294708	193.17636873219675	1.046153	30.715328	0.2843352286112667	0.1662002470116846	-0.007979628	-0.0228221122	-0.0953449677	0.015114838	-0.0131558139	0.0435087905	0.1478622877	-0.0007729564	0.01777037	0.0194722288	-0.0310723993	0.015154736	-0.0066078105	-0.0106988962	-0.0110625357	-0.0262909729	-0.0380276809	-0.0210883297	-0.0745643943	0.1217307643	0.0352311217	-0.0700513219	-0.0174367818	0.0230976029	-0.0189633814	0.0397579071	-0.0109252079	-0.0391088234	-0.0051320296	-0.1016232567	0.0336824255	-0.1381918401	-0.0376818281	0.013547168	0.0217808966	-0.1326674934	0.0243223314	-0.117616747	0.0412149243	-0.0132133632	0.2069145171	-0.0354574423	0.0078686164	0.0882444235	0.009643761	0.0119899499	-0.0200512471	0.0890691028	0.0366313454	-0.0924222277	0.0696572239	0.0655342426	0.0586258002	0.0780861438	-0.1031508755	0.0294219764	-0.0024554805	-0.0100792546	-0.0183159832	0.002693457	-0.059595801	-0.1383308956	0.0628687407	0.02475884	0.0431749181	-0.011713406	0.0219139129	-0.0203505203	-0.0288652928	0.0587152584	-0.104634662	-0.0651757716	-0.0547612847	0.0025135233	0.0118894544	0.0334182464	-0.0978349344	0.0327894778	-0.0907560594	0.0245135176	0.0351504368	0.1650620215	-0.0051104886	0.0412836932	0.0492794573	0.1314987486	-0.1236168749	-0.0166452729	-0.0540909408	-0.0388560164	0.0061454404	-0.051848841	-0.0255355824	-0.0735130476	0.0676725268	0.0348464167	0.0698935952	-0.0487154172	0.0668596263	-0.0179699602	-0.0182685587	-0.1026119285	0.0232949929	0.0709214081	-0.0341481645	-0.0439101335	0.0481650432	-0.0108537777	0.05601019	-0.0332458818	0.2907485592	-0.0740310952	0.100282628	-0.0163267765	0.0977599938	0.0911403277	0.0804375635	0.0661311865	0.0488621241	-0.0344026577508316	0.0191543122528657	0.0003668876778802	0.0011835428603208	0.1831591619463637	0.0552891262373123	0.0030568874800854	0.0335472786048942	-0.0857130667959467	0.1390153156160494	0.0073467298195664	0.0193252579758298	7.702007007654662e-05	-0.000420657634883	5.932091194596152e-09	1.7695284578540426e-07	0.0009769984594842	-0.0008429560905819	7.105749706491204e-07	9.545259898345e-07	-4.103762868136616e-05	0.0001539157646358	1.6840869677896864e-09	2.36900626034334e-08	0.0	0.0	0.0	0.0	0.0	0.0	0.0	0.0	0.0	0.0	0.0	0.0	0.0	0.0
215.42114034747672	0.96963269865509	0.9401875703011526	46406.26770860727	372.1643672107843	0.8243370917257948	0.6795316407949414	138506.31622140348	207.38293842273904	-0.0625609314007817	43007.68314884957	0.0039138701377333	234.3253973549432	201.9353688056133	1.312057	38.522343	0.0838457747629132	0.0484703693275623	-0.0614830356	-0.0189244595	0.0390004864	0.0924427213	-0.0596658315	-0.1488530022	-0.0410800175	0.0379976305	0.0429299219	0.0082864289	0.0225072159	0.0564746249	0.0006271224	-0.0199919938	-0.0830025496	0.0961420287	0.0877042892	0.0324664199	0.0658778262	-0.0182724354	-0.0654628368	0.0428664968	-0.0441477309	-0.0611239662	-0.0314048393	-0.0145121588	-0.0398918221	-0.025613584	-0.1427559077	-0.058260703	-0.0297115623	-0.0606855606	-0.1033653502	-0.0213565954	-0.08998086	0.1002418623	0.1636188171	0.0436710502	-0.0830351465	-0.013776572	-0.1099301739	-0.0178865277	0.0740150177	0.0043247178	0.0824849711	-0.0985510103	-0.0817153892	-0.0723515739	0.069986506	0.0647418217	0.1963569042	0.0289115307	-0.1070827344	-0.0567480901	-0.0137780218	0.1317505706	-0.037125453	0.0258851686	0.0133295977	0.0422658191	0.0849906017	0.0692694801	-0.0068044857	-0.0142563608	0.0059449865	0.0516430382	0.0313981054	-0.0124215417	0.0689594181	0.0075025393	0.0265878721	0.0469250128	-0.0230750905	0.0269160906	0.1076460218	0.0384619245	0.0042005392	0.0565471019	-0.0823259831	0.0089710305	-0.1046686652	0.0688527191	0.0084520929	-0.048665015	-0.1477093671	0.1080263802	0.157932048	-0.0060492477	0.0305719067	0.070459137	-0.0099775975	-0.0890706762	-0.0462107387	0.0499465562	-0.0720689336	-0.0679723462	0.0014591126	0.0908877499	-0.0623797696	-0.0077791665	0.0251876772	-0.032295967	-0.0146700077	-0.0144815626	0.1072972948	0.1159454921	0.0274635203	0.1138378951	0.1219739576	-0.0886343308	-0.0884982437	-0.0563799044	-0.0683454862	0.0891733097	0.0974173387	0.0898027576	0.0775495743	0.0612907054	0.0418659738	-0.0152946828639244	0.0191079748869072	0.0003651147042786	0.000233927323908	0.1701896530565818	-0.0129695088897819	0.0001682081608421	0.0289645180075196	-0.0745919161654882	0.0111211506304585	0.0055639539572392	0.0001236799913453	-0.0005070917278801	-0.0005841117979566	2.571420204844254e-07	3.411865925121464e-07	0.0009769524450506	-4.601443360000533e-08	2.1173280995293e-15	9.544360798903456e-07	0.0001877473660437	0.000228784994725	3.524907345634708e-08	5.234257381134856e-08	0.0	0.0	0.0	0.0	0.0	0.0	0.0	0.0	0.0	0.0	0.0	0.0	0.0	0.0
214.84894660471613	-0.5721937427605894	0.3274056792543716	46160.069857156166	371.1642357372	-1.000131473584304	1.0002629644539112	137762.88989037977	207.6612099998202	0.2782715770811421	43123.17813858942	0.077435070611226	234.61138599078816	195.08678378192508	1.142803	33.553001	0.1253954232728018	0.0672141932375456	-0.0170074721	-0.1745215787	-0.0357985779	-0.0484087016	-0.0454247061	-0.0750698226	0.0691914348	0.052347394	0.0911335741	0.0573551776	0.0110910875	0.0424803504	-0.0252002906	-0.067282058	-0.051372544	0.0022012586	-0.0170971926	0.04646942	-0.0155249576	0.06889041	0.0062327185	0.0158189872	-0.0049449568	-0.0430186842	0.0026572707	0.0351764822	-0.0301845213	-0.0209388553	0.0247204905	-0.1355731179	0.0169819564	0.0433944207	0.0204210318	-0.002098545	-0.110820889	0.0039371941	-0.0815721105	-0.0373328299	-0.0782601588	-0.0083042246	0.0131978436	0.027974482	-0.0058708161	0.1018957039	-0.0098359837	0.0323935775	-0.0537170633	0.1635553594	0.0213800504	0.0479532574	-0.1217261738	-0.019493771	-0.033236441	-0.0602507798	-0.0277240463	0.0563508799	-0.0005518618	0.0039831847	-0.0755140205	0.0240818462	0.0467285294	-0.0683013815	0.0409504899	-0.0197349794	0.1087765397	-0.0661929509	0.0898461063	-0.0715394741	-0.0044490924	0.0095725566	-0.0297839614	0.0691353	0.0154069839	0.0072455399	0.0352372736	0.1322823168	-0.0319021748	0.0741313355	-0.0619172438	-0.0106344033	-0.0424303231	0.11067737	0.0086853524	-0.0260070075	0.1103970099	-0.0201385827	-0.0737736284	0.0624167146	0.1230860626	0.0481383599	0.0053782783	-0.1254216019	0.0380987644	0.0258387066	0.0985322889	-0.1010936206	0.0593098711	0.0179817147	0.0034765411	0.0235399022	0.1212930195	-0.1153200489	-0.0498701525	0.056836009	-0.0159452641	-0.0970453253	0.1001240396	0.0115692399	0.0269536099	-0.0504164556	0.0297489575	0.0567115157	0.0752952971	0.02527337	0.0970506473	0.088376563	0.0744894057	0.0562083378	0.0346117057	-0.0254485505887203	-0.0101538677247958	0.0001031010297726	0.0006476287270666	0.1123229223523054	-0.0578667307042763	0.0033485585224012	0.012616438885762	-0.0500499789628108	0.0245419372026774	0.0025050003941778	0.0006023066816601	-0.0004629894960673	4.410223181280004e-05	2.143592734686524e-07	1.945006850869952e-09	0.0005880081544522	-0.0003889442905983	1.512776611890926e-07	3.457535897022824e-07	-3.586386436614351e-05	-0.0002236112304098	1.2862167672731383e-09	5.000198236540413e-08	0.0	0.0	0.0	0.0	0.0	0.0	0.0	0.0	0.0	0.0	0.0	0.0	0.0	0.0
214.9883903075805	0.1394437028643551	0.0194445462685225	46220.00796704457	372.5516390832768	1.3874033460768374	1.9248880447052048	138794.72378363615	207.7067723464561	0.0455623466359043	43142.10327858254	0.0020759274309703	234.8009384726141	202.3805897887394	1.065407	31.280621	0.1207601175571541	0.0590658798223932	-0.0502947768	-0.0111703356	0.0546352842	0.0657951679	-0.0560921173	-0.0529593631	-0.0705828905	0.0951093539	0.0560028065	0.0166566118	-0.05978985	0.0633705208	-0.0090890075	-0.0426878165	-0.0991186975	0.0095402323	0.0403651797	0.0609194349	0.0310219713	0.0592097999	-0.0976966177	0.0674623556	0.0382007394	-0.1039442969	-0.0187899964	-0.0110818018	0.0231748212	-0.1094446295	0.0228610303	-0.0742782436	0.0801653888	-0.0182754965	-0.0392992275	-0.044068782	-0.0617279004	0.0542389384	0.0733020395	0.0756864508	0.0273202409	-0.0284518073	0.0388272541	0.1391369218	0.1994966628	0.0774497437	0.0585962516	-0.0840207319	-0.0786661383	0.1048274842	-0.0253491997	0.0004004811	0.0211546496	-0.0767271448	-0.0779134728	0.0443914983	0.0434899515	0.1111272415	-0.0277052484	0.0130534459	-0.0303685192	-0.0451464616	0.0428314087	0.0263639073	-0.0099543077	-0.0533054931	0.0379754988	0.0683551813	0.1277275932	0.0312017003	-0.0296047679	-0.0531837962	0.053727311	0.0322969394	-0.072781114	-0.0133194121	0.0306877228	0.1275373747	-0.0277426746	0.0609692579	-0.1242331386	-0.0850197956	0.1253390238	0.027804687	-0.0023593112	-0.0308826327	-0.0827947596	0.0135032254	0.0742317321	0.0707012609	0.1005797953	0.041202893	0.0013283802	-0.0829127599	-0.0479871232	-0.0455283025	-0.0214731956	-0.1172968278	0.0341905992	0.0927953351	0.0286800148	-0.0768743811	0.0810037431	-0.0038970845	0.0312129069	-0.0016801942	0.1143692053	-0.0029777042	0.0107442421	0.0775371717	0.1402329344	-0.0346440465	0.0372055325	-0.0498651123	-0.0701094902	0.0207460164	0.0966600102	0.0868631514	0.0712638519	0.0509041416	0.027144045	-0.0375117589818927	-0.0120632083931724	0.0001455209967371	0.0014071320619156	0.14176705436779	0.0294441320154845	0.0008669569101452	0.0200978977041199	-0.0142584498709865	0.0357915290918243	0.0002033033927234	0.0012810335547309	-0.0007219062869723	-0.000258916790905	5.211486871701328e-07	6.70379046125435e-08	0.0010560616325145	0.0004680534780623	2.19074058326216e-07	1.115266171669191e-06	-0.0001781185565323	-0.0001422546921661	3.1726220181150165e-08	2.0236397443287947e-08	0.0	0.0	0.0	0.0	0.0	0.0	0.0	0.0	0.0	0.0	0.0	0.0	0.0	0.0
214.2068600787162	-0.781530228864284	0.6107894986286602	45884.5789047827	371.5947507423418	-0.956888340935052	0.9156352970174362	138082.65877926312	207.5820044042869	-0.1247679421691998	43090.28855250138	0.0155670393931367	234.96460828599749	194.61995288354643	1.052614	30.905039	0.1958103932971532	0.1255688687883592	0.015109231	-0.1428386238	0.0319345028	-0.0261610913	0.0043007116	-0.0415076685	-0.0129645994	0.0461567977	-0.0237744762	0.0641067793	0.0178773414	0.0222303354	0.0110764127	0.0376640217	-0.1002531	-0.0331774454	-0.0060853771	0.0385078168	-0.0173327639	0.0044132729	-0.1312996462	-0.0333096459	0.0140695963	0.0413257122	0.0138308623	-0.0199653321	-0.0877282981	-0.0021622369	0.0823872828	-0.032585035	0.0245559254	0.0537355562	-0.0206542978	-0.1409264786	-0.022177422	0.146177441	-0.0139636758	-0.0386230039	-0.0115305425	0.123001147	0.0461857721	0.1146200456	-0.0857413204	0.1985005435	0.0008831184	-0.0285719263	-0.008985864	-0.1543985573	-0.0857586455	0.0096324317	-0.1212796617	0.001168445	0.027838043	0.0830622335	-0.0259052553	0.0151641486	0.0062224557	0.004740221	0.0321133437	-0.0553172647	0.0869027725	-0.0013569877	0.0427728236	-0.0843135816	0.0733919527	0.0269460644	0.0508971509	-0.0843909176	-0.0492621304	0.0850206037	0.0044563446	0.0569063027	-0.0177837973	-0.0349896143	-0.0433149691	0.097410886	-0.0321886575	-0.0113839557	0.0325682257	0.07563791	0.0851277611	-0.0284716844	0.0047631673	-0.0001459387	0.0497712012	-0.0450107467	0.0316077063	-0.0132361575	0.0899483143	0.2061869569	0.0036018658	-0.051149981	-0.0191444272	0.1165945914	0.0980986367	-0.1082027727	0.031256213	0.0461313448	-0.0317462693	-0.0464361691	0.0288747368	-0.0637005248	0.0192465205	0.0494084937	-0.0180862361	-0.1344800359	0.1139711962	0.0004325933	0.0805433623	-0.035564804	-0.08678184	0.0356722482	0.1537858701	0.025058351	0.0962455236	0.0852640164	0.0678800746	0.04539905	0.0195090322	-0.0377413853756252	-0.0002296263937325	5.2728280698593855e-08	0.0014244121700714	0.2264223592879801	0.0846553049201901	0.0071665206511303	0.0512670847855351	-0.0893459869910771	-0.0750875371200906	0.0079827053914097	0.0056381382307609	-0.0002258557301326	0.0004960505568397	5.101081083372984e-08	2.460661549409765e-07	0.0012170253396128	0.0001609637070982	2.5909315002827285e-08	1.481150677259651e-06	-0.0002378627898571	-5.97442333248e-05	5.6578706798602924e-08	3.569373415568142e-09	0.0	0.0	0.0	0.0	0.0	0.0	0.0	0.0	0.0	0.0	0.0	0.0	0.0	0.0
213.2012518043209	-1.005608274395314	1.0112480015323213	45454.773770929445	372.0398026029359	0.4450518605941056	0.1980711586182752	138413.6147208315	207.67662741884416	0.0946230145572712	43129.581576065415	0.0089535148839055	234.84690238906813	189.429651114804	1.032155	30.304333	0.2094371310486756	0.1166125678763815	0.0482507075	-0.0332584731	-0.0236858108	0.057126088	0.0446843753	0.036612014	-0.062941956	0.1063016884	0.0425930196	0.0617414955	-0.084859129	0.0673327682	-0.0401374649	0.0374819481	-0.1402554839	-0.0649052612	-0.0033984532	0.0588056993	-0.0580019239	0.1155949395	-0.1591986122	0.0384139472	-0.0019742694	-0.0605450007	0.0715277795	0.0368745833	-0.0277419621	-0.0597586683	0.1385819362	0.016292325	0.1109994488	0.0819642087	-0.0540226522	-0.021217715	0.0580604252	0.0100169578	0.0868637438	-0.0413349811	0.1322249129	0.1154350169	0.0488697888	0.0998004084	0.0360748518	-0.177256367	-0.0734844426	-0.0330998027	0.0678485631	-0.0470198411	-0.0268404199	-0.0254558378	0.0742119825	0.0115678842	0.2210844119	0.0119859742	-0.0171149771	0.0752376742	-0.0301807898	-0.0600389136	0.0293566019	-0.1373729594	0.0420506593	-0.0706015968	0.0093176491	-0.106953192	0.0268797799	0.1218196176	0.1258629017	-0.0366645069	-0.0450432027	0.0334180018	0.064614911	0.1109858684	0.0252087057	-0.0395748299	-0.0800854883	0.0304342243	0.0266986922	0.0033833315	-0.0423599867	-0.1328114616	0.1020589427	-0.0038687436	0.0232410941	0.1112029827	-0.1121595018	-0.0057187942	0.0054567413	0.007624117	-0.0897198296	0.0569108749	0.0140457684	-0.07100012	-0.1149062199	-0.016990342	0.1138058734	-0.0926091435	0.0389902143	0.0318742623	-0.0186259263	-0.0007109542	0.037315064	0.0107913329	0.0745481637	0.0788818622	0.1826316062	-0.0661511138	-0.0224674078	-0.0461340189	0.0620756772	0.0571523417	0.1105766512	-0.0251736678	0.0104172794	-0.0027717727	0.0958072899	0.0835807361	0.0643455865	0.0397147891	0.0117537397	-0.0145366844118797	0.0232047009637455	0.0005384581468168	0.0002113151936905	0.1965600021144524	-0.0298623571735276	0.0008917603759593	0.0386358344312335	0.0187870474559375	0.1081330344470146	0.0003529531521116	0.0116927531387192	8.000345133796405e-06	0.0002338560752663	6.400552225985979e-11	5.4688663939002464e-08	0.000723000523862	-0.0004940248157507	2.440605185776119e-07	5.227297575047264e-07	-1.0029115865394864e-06	0.0002368598782705	1.0058316504151497e-12	5.610260193434474e-08	0.0	0.0	0.0	0.0	0.0	0.0	0.0	0.0	0.0	0.0	0.0	0.0	0.0	0.0
213.30686281507505	0.1056110107541599	0.0111536855925152	45499.81772400925	370.81219042396975	-1.227612178966126	1.5070316619459598	137501.6805670224	207.449798881776	-0.2268285370681724	43035.4190560893	0.0514511852284872	234.9722512209857	189.3828137989641	1.230998	36.142422	0.0959814903633523	0.0547443914662114	0.0779527318	-0.0403895622	0.0949293543	0.0506985689	0.064189307	-0.1510029053	-0.0753600346	0.0816774387	-0.0379040619	0.0572154009	-0.004404543	0.0690978164	-0.0673794751	0.0160594624	-0.1185962677	0.0232573438	6.63625e-05	0.0449266075	0.0302943607	-0.0404258417	-0.127825808	0.0338052147	0.007271529	-0.0299980779	-0.1206064904	-0.0233163524	0.0531076297	0.0852643978	0.050299329	0.0869157953	0.0745476146	0.1903834059	-0.0021203527	-0.1159291925	-0.065087957	-0.0089254328	-0.0724421914	0.0434128893	-0.093083698	-0.1098695387	-0.0397176112	0.0496533209	-0.1525764621	-0.0242381303	-0.0331149626	-0.0502111635	0.1081919827	0.1414129194	-0.0082372562	0.0157517203	0.0155686631	0.022769412	-0.1440202337	0.0544440142	-0.0564475741	0.0609598117	-0.0246201415	-0.0738285972	0.0149859059	-0.0602261857	0.1665250772	0.0807423369	-0.0501450352	-0.0708585736	0.0282508778	0.0618905631	0.0230234507	-0.0847572933	0.1145541188	-0.0271530545	-0.0120180717	0.0449354029	0.0530116151	0.0022368143	-0.0026343561	0.0727562178	0.0367183615	-0.0705384329	0.141389952	-0.1268894924	-0.0463350897	0.0457904054	-0.1359273503	-0.0530376712	0.1573908818	-0.1181266954	0.0232601812	0.0954331466	0.0567958647	-0.0167991276	0.016139487	-0.0771053737	-0.0685667998	0.0936234786	0.0121810822	-0.1247132998	-0.0573521825	0.0899382165	-0.0892877931	0.0612534841	-0.0114903907	-0.0389436575	0.035899193	-0.0168502325	-0.0015364441	-0.0506032271	0.2284458693	0.1542176893	-0.0602536668	0.0140858511	-0.1449990341	-0.0371139329	-0.0219664647	-0.0101576254	0.0953454172	0.0818149717	0.0606682351	0.033873792	0.0039259816	-0.013858684229504	0.0006780001823756	4.5968424730148163e-07	0.0001920631285731	0.1737680895055859	-0.0227919126088665	0.0005194712803702	0.0301953489304213	-0.0258440776345594	-0.0446311250904969	0.0006679163487811	0.0019919373268435	0.0001850468838713	0.0001770465387375	3.424234923047839e-08	3.134547687893036e-08	0.000520983407668	-0.000202017116194	4.0810915235340114e-08	2.7142371106536145e-07	-0.0001795483062873	-0.0001785453947007	3.223759429063809e-08	3.187845796885035e-08	0.0	0.0	0.0	0.0	0.0	0.0	0.0	0.0	0.0	0.0	0.0	0.0	0.0	0.0
212.70367441799	-0.6031883970850629	0.3638362423780475	45242.853110914286	369.5983962582143	-1.2137941657554734	1.4732962768220257	136602.974516644	207.2879019871654	-0.1618968946105781	42968.2743102407	0.0262106044845486	234.3703714433733	179.7563397502686	1.275474	37.448238	0.2926714371637823	0.1936975365330441	0.1110068483	-0.1011593423	-0.0756309503	-0.0217801357	0.0657230961	-0.0558084795	0.1158336613	0.110483645	-0.010424986	0.0343940785	-0.0775007465	0.0552392164	-0.0854793665	-0.1239647899	0.0293315017	0.0620549785	-0.0949084223	0.0334349759	-0.0558877402	0.0265583534	-0.0061712383	0.1660730781	0.0655784453	-0.0358191009	-0.0055650977	0.018718779	-0.0243394053	-0.0365548025	-0.0817037513	-0.1851212224	0.0954674645	0.0054359879	-0.0613351737	-0.166824381	0.1185742969	-0.1105780359	-0.0517965698	-0.1147836491	0.00767224	-0.1391747217	0.0618929033	-0.0844842695	-0.0895598037	0.0037622682	0.0442094238	-0.1500736182	0.0512783547	-0.0495100935	-0.0594755966	0.0343926684	0.0724689556	-0.1995804458	-0.1339793162	0.0709915284	0.0051398942	0.0344834634	-0.0096287453	-0.0824504998	-0.1516815618	0.0402677599	0.0410780977	-0.0930424268	-0.0782944667	-0.0213692723	-0.0398303105	-0.099825093	0.1368846714	-0.1037939395	0.0377671218	0.0232334879	-0.0661486458	-0.0146634701	-0.0305279419	0.0540476489	-0.0175261414	0.1554626224	0.0254331894	0.180927761	0.0040150803	-0.0283849793	0.0554841207	-0.0558076543	-0.0587383015	-0.0363354839	0.1173454816	0.0755648178	-0.083162676	-0.0592616559	-0.1551400042	-0.0451061493	0.0292961537	-0.1568368859	0.0561444812	-0.0479079135	0.0824904954	-0.1157525852	-0.0562754086	-0.0105888962	0.0904011921	0.1714842785	0.168398251	-0.0724250157	-0.0149951012	0.0375515072	0.0895198796	-0.040099938	0.0712943319	-0.1328391064	-0.0620113512	-0.122346985	-0.0495003408	0.1179196224	-0.0583622125	0.0149061106	0.0948600195	0.0799684658	0.0568561851	0.0278991106	-0.0039259816	-0.0006113030622714	0.0132473811672326	0.0001754931077899	3.736914339423911e-07	-0.010354806274023	-0.1841228957796088	0.0339012407502687	0.0001072220129725	0.0239331125424442	0.0497771901770036	0.0005727938759692	0.0024777686619175	0.0002660016372162	8.095475334489997e-05	7.075687100169888e-08	6.553672089133593e-09	-3.798787747943955e-05	-0.0005589712851474	3.1244889761938013e-07	1.44307883539291e-09	9.10050560191061e-05	0.0002705533623064	8.281920221040641e-09	7.319912185530145e-08	0.0	0.0	0.0	0.0	0.0	0.0	0.0	0.0	0.0	0.0	0.0	0.0	0.0	0.0
213.19054503335423	0.4868706153642392	0.237042996105153	45450.20849161864	371.1543106526876	1.5559143944733478	2.4208696029293644	137755.52231607176	206.8946175314184	-0.3932844557470218	42805.3827634719	0.1546726631322312	233.93654680299807	184.08960357319484	1.101558	32.342041	0.250875857162363	0.1645644591367921	0.0709711407	-0.0363469641	-0.0497785226	0.0537674605	0.0449955587	-0.0592639225	0.0122998825	0.0960096025	0.1319801393	0.1327388749	-0.0504244335	0.0444222761	-0.0742895876	-0.0048335975	-0.0859176258	0.1225625027	0.0043057444	0.106063828	-0.0531751054	0.0578770882	-0.0189856474	0.0417488856	0.0216739185	-0.1378842678	-0.0587372654	0.0939671081	0.0479086882	-0.0448898775	0.0090874346	-0.1479586315	-0.0175539266	-0.0043966923	0.0476661828	0.058816778	-0.2342800699	0.0236739317	-0.0188191297	0.0533403102	0.0883569277	-0.1668337725	0.0348212436	-0.070758585	0.0727313501	-0.006759167	0.0323160556	0.0291798447	0.109877679	0.0546426942	-0.0736045558	-0.0792651623	0.0023735607	0.0349794652	0.0371950391	0.0084912466	-7.96919e-05	0.1041325542	-0.0623655275	-0.046574061	-0.0047450308	0.046725742	0.0856528207	-0.0780817611	-0.0545281026	-0.1173533745	0.0239031339	0.0325846983	0.1248596064	0.0468484664	-0.0855260208	-0.1078810386	0.013536131	0.0615868891	-0.0135600878	0.0709459479	0.0776455113	-0.0276196953	-0.0416644657	0.0278650088	-0.1331482483	-0.0812502782	-0.07010689	0.059423255	0.0822232128	-0.0725456172	0.0118480995	-0.1030934043	-0.0402347711	0.1087204482	-0.0345442667	-0.022408656	0.0288294972	-0.1304112625	-0.103883507	-0.0674725863	0.0751439613	-0.0999927462	0.0089404483	0.1230230169	0.0903480133	0.0638945185	-0.0032978746	0.010176947	-0.047797699	0.1135311866	0.0029643914	-0.0466650423	-0.0274346076	0.0286737248	0.0589196421	0.077776852	0.055603403	-0.0923400853	-0.0887292999	0.0394369543	0.0943512164	0.0780430407	0.0529179001	0.0218143241	-0.0117537397	0.0293999745559716	0.030011277618243	0.0009006767842792	0.0008643585038917	0.1416274221119806	0.1519822283860036	0.0230985977451753	0.0200583266940851	0.0750373871828458	0.0511042746404016	0.0056306094752283	0.0026116468865215	0.0002960171198332	3.001548261700001e-05	8.762613523434309e-08	9.009291967314297e-10	-0.0003589858603108	-0.0003209979828313	1.0303970498180241e-07	1.288708479030852e-07	9.55531209250425e-05	4.548064905936404e-06	9.130398918515796e-09	2.0684894388610312e-11	0.0	0.0	0.0	0.0	0.0	0.0	0.0	0.0	0.0	0.0	0.0	0.0	0.0	0.0
213.8730899630665	0.682544929712293	0.4658675810759589	45741.69861034994	371.0359161583618	-0.1183944943258552	0.0140172562866749	137667.65107947486	206.91052820252176	0.01591067110337	42811.96668104655	0.0002531494549596	234.4863266787372	188.88443220895525	1.172873	34.435871	0.1252545727568045	0.102989580976612	0.0407635832	-0.068396385	0.0293317111	-0.0559394984	-0.0126898826	-0.1886668259	-0.0144353523	0.01155038	-0.0115587228	-0.006949387	-0.0847876436	0.0492086204	-0.0409254402	-0.0026575137	-0.0440005908	0.1314998298	-0.0184228389	0.0345549255	-0.0458783581	-0.0481084794	-0.062286167	-0.0020442075	-0.0254964555	-0.0175353778	-0.1591414283	-0.0119964937	-0.0172479068	0.0600701057	0.0085445836	0.0340247895	-0.1202103157	0.1911268878	-0.0247989023	-0.0586443784	-0.0253251248	0.0301250104	-0.0333897707	-0.0553397028	0.0006300212	-0.0146320825	0.0405135173	-0.0003758083	-0.004024212	-0.0571091763	-0.0807452931	0.1405298344	-0.130490016	0.1233070191	0.0324103249	-0.006342087	0.1912548194	0.1314529638	0.0646714789	0.0756216649	-0.0374638901	0.0127199286	0.0197248885	-0.048130068	-0.0195040562	0.0858777388	0.1574594509	0.0143748077	-0.0211571978	-0.1054246097	0.0449295623	0.0702216778	-0.0069856272	-0.0120494747	0.0957778433	-0.0236720439	-0.0811568012	0.0041262908	0.0775150913	-0.0711454886	0.0044137962	0.1518607594	0.0709284468	-0.0912239004	-0.0152033821	-0.0157319397	-0.0321455363	-0.0674521892	-0.0327372726	-0.0285692973	0.041200564	-0.0406017848	0.0457339586	0.0292065266	0.0373850965	-0.1507886339	0.0192545281	-0.1246863682	-0.0322903364	0.0871949976	0.0125791736	-0.0660290265	-0.0305100401	0.0871758134	-0.036169374	0.0953177315	-0.0010284592	-0.0836975662	0.0130604144	-0.0116384083	0.0672568302	0.1608291776	0.1026813727	0.0483776953	-0.0943156059	-0.0485510032	-0.0731976069	0.033586794	-0.0180978196	-0.0007765294	0.0938191336	0.0760405966	0.0488621241	0.0156434465	-0.0195090322	0.0293514699533687	-4.850460260289943e-05	2.352696473665198e-09	0.0008615087884235	0.1493177125058622	0.0076902903938816	5.914056634222777e-05	0.0222957792679833	-0.0292051086230813	-0.1042424958059271	0.0008529383696859	0.0108664979318487	0.0001920371306317	-0.0001039799892014	3.6878259541256615e-08	1.0811838154344051e-08	-0.00032797843094	3.100742937080003e-05	9.614606761851522e-10	1.0756985116186435e-07	0.0002260313414406	0.0001304782205155	5.10901673134371e-08	1.7024566028906444e-08	0.0	0.0	0.0	0.0	0.0	0.0	0.0	0.0	0.0	0.0	0.0	0.0	0.0	0.0
213.8187496447018	-0.0543403183647228	0.0029528701999794	45718.45769962367	369.8186451586859	-1.2172709996758613	1.4817486866518708	136765.83030700605	207.24965544835032	0.3391272458285641	42952.41968345993	0.1150072888632673	234.38437722944045	186.99762353165684	1.02159	29.994156	0.0894843402667791	0.0484542632305341	0.040059572	-0.1255026395	-0.0555757818	-0.0334803602	0.037306551	-0.0129016636	0.1429618315	0.0491725981	0.1235650916	0.0267285742	0.0137400471	0.0168662001	-0.0302665565	-0.0130340377	-0.069548601	0.0439570393	-0.0334088001	-0.013752325	-0.096015619	0.0378101607	-0.0197415718	-0.1652174798	-0.044332926	0.0185113171	-0.0859411175	0.1154205632	0.0095142102	-0.0138957043	0.031951794	0.0567527282	-0.0368528456	0.0658738654	0.0367220598	0.1796076358	0.0355068993	0.0860852937	-0.0940344807	-0.0014497622	-0.0567501949	-0.0671457365	0.0405744223	-0.0558480597	-0.0067628478	0.0862539488	0.1036204872	0.0127359098	-0.1978754656	-0.1025638789	-0.1959477811	-0.1051407092	0.0872008744	-0.0359694668	-0.0249385448	-0.0706383708	-0.1442093293	0.0119422968	-0.0002245815	-0.0270545516	-0.0281876841	0.0297227026	0.0684831919	-0.119626446	0.0792246243	-0.0745251875	0.0483453713	0.0829050408	-0.0318242552	0.035338055	-0.0753196316	-0.0080368885	-0.0710779386	-0.0466854251	-0.0229528548	0.0488715198	0.0949757209	-0.0586894486	-0.0650277017	-0.051444572	0.1186567257	0.060154383	0.0073036174	-0.020474954	0.0581933187	-0.0871986103	0.0115333961	-0.1797459756	-0.0859705773	-0.0292720942	0.015296157	-0.0588567535	0.0244429043	-0.1291090429	-0.0481871263	0.0299652663	0.0984250806	-0.0194132999	0.0601524934	0.0431040417	0.0538947144	0.0306945956	-0.0388682803	-0.0387546245	-0.1044411676	0.1293399714	-0.0230857875	0.0145348841	-0.0090547251	-0.0240488974	-0.0263045286	-0.0098305387	0.0273286307	0.0198325403	0.0260144951	0.0127199343	0.0932639023	0.0739631095	0.0446978621	0.0094108313	-0.027144045	0.0401744913538379	0.0108230214004692	0.000117137792235	0.0016139897555395	0.1826176507982921	0.0332999382924298	0.0011088858902796	0.0333492063830869	-0.0117498283943362	0.0174552802287451	0.0001380584672963	0.000304686807864	0.0002141076186649	2.207048803319999e-05	4.5842072370354235e-08	4.87106442023624e-10	-0.0008319723757126	-0.0005039939447726	2.540098963674466e-07	6.921780339488676e-07	0.0002580889155375	3.2057574096900005e-05	6.66098883233228e-08	1.0276880569782342e-09	0.0	0.0	0.0	0.0	0.0	0.0	0.0	0.0	0.0	0.0	0.0	0.0	0.0	0.0
214.95593735436373	1.13718770966193	1.2931958870061462	46206.05500389314	372.67057349934805	2.851928340662141	8.133495260271914	138883.35635233298	207.5393107935381	0.2896553451877821	43072.565524656806	0.0839002189958532	234.4857865391789	198.54147860973697	1.172816	34.434196	0.0641847694925224	0.036069921012331	-0.0330270155	0.0475590031	0.0522782739	0.1118742495	-0.0438736782	-0.0964278838	0.0163158205	-0.0109310331	-0.0234195153	0.0518597199	-0.1418438028	0.0070795224	0.0099263093	-0.0401057298	-0.1390682824	0.0549057163	0.0429914614	0.0085483565	-0.0038275857	0.0367533619	-0.0399459799	-0.0169806237	0.0169719152	0.0279327004	-0.1085471777	0.0138161004	-0.1407030412	0.0626314131	-0.0758869481	0.0088834434	-0.1186842383	-0.0319461704	0.1101629559	-0.0315856501	0.0319630391	-0.1078027996	0.0150753645	-0.0623943826	-0.0313980154	0.0163080019	0.0437699022	0.0510349968	-0.0909562819	-0.0853492577	0.1112536914	0.1103007852	-0.0102721008	0.0860635716	0.0660117973	-0.0632080932	-0.0629766894	0.0337352531	-0.024181008	-0.0228599468	0.0923773838	0.1135817107	-0.0734052203	0.049846211	0.0099142595	-0.0094744224	0.0880910208	-0.0244173921	0.0224013143	-0.0180163547	-0.0012471632	0.0493156161	0.0285193001	-0.0511585001	0.0632668794	0.0400053053	-0.0335768956	-0.0990872366	0.0836692545	-0.0756483856	0.0852885614	-0.0227628242	-0.0221368265	-0.0033800331	-0.0456960403	0.0347771343	-0.0122805345	-0.0850070536	-0.1254206545	-0.1058698993	0.0477008544	0.0818729584	0.0449899232	-0.0626251377	-0.1434534402	-0.1308908657	0.0172427605	-0.1093908039	-0.1174838826	0.0045165008	-0.041619493	-0.0417869128	0.0560094898	0.0616950413	-0.1100624135	0.0507654188	0.0141047509	-0.070078279	0.0624173191	-0.041520112	0.0148601089	0.0964408952	0.0059261249	0.0628018831	-0.0065474549	-0.0142901347	0.0320370865	-0.0493960792	-0.1353625862	-0.0662704397	0.0926856596	0.0718126298	0.0404343596	0.0031410759	-0.0346117057	0.0293491758320101	-0.0108253155218278	0.0001171874561471	0.0008613741220182	0.1748295301193678	-0.0077881206789242	6.06548237094881e-05	0.0305653646017589	-0.0099760622243536	0.0017737661699825	9.952181750417492e-05	3.146246425774737e-06	2.20462504626457e-05	-0.0001920613682022	4.860371594617057e-10	3.6887569155721896e-08	-0.0002539960410907	0.0005779763346219	3.340566433829665e-07	6.451398888974858e-08	0.0003640025551491	0.0001059136396116	1.324978601550736e-07	1.121769905577589e-08	0.0	0.0	0.0	0.0	0.0	0.0	0.0	0.0	0.0	0.0	0.0	0.0	0.0	0.0
214.5331444640769	-0.4227928902868143	0.1787538280770782	46024.470073644494	371.8300080396252	-0.8405654597228249	0.706550292079044	138257.55487874776	207.62426372839343	0.0849529348553232	43107.83488875747	0.0072170011405328	235.07555418043165	192.7926930113684	1.025963	30.122536	0.2252053159991224	0.1149433090391187	0.004918358	-0.1137166322	0.0155833302	-0.0514360863	-0.0371383754	-0.0684719665	-0.0089434571	0.0607466919	0.0998685678	0.0729868692	0.0426428169	0.0024710088	0.0059384422	-0.1115933393	-0.0588392704	0.0364769636	0.0243512865	-0.014018513	-0.0369659477	-0.0504407233	0.028134373	0.0049381298	0.0843766374	-0.0261862422	0.0517403871	0.0442218999	-0.0386981231	0.0726112381	0.0784800892	-0.0555233502	-0.1297128533	-0.026103983	-0.0012983657	0.0171638088	-0.0659187537	-0.0058858351	0.0524741557	0.0519143154	0.0787543031	0.0438906651	-0.079041658	-0.0231882275	0.0266342538	-0.0424802041	-0.049223052	-0.0399250078	-0.1453322264	-0.0382186571	-0.1056901817	-0.0319353355	-0.0833530639	0.0837750251	-0.1561910339	-0.0266283266	-0.0441313508	0.0141747806	-0.0121840703	0.0458755123	-0.1065030732	0.0130497747	0.0960099899	0.0063375358	0.0574746066	-0.0606979019	-0.0136743636	-0.0781142964	0.0019112417	-0.0280622934	-0.0834652976	-0.0370588518	0.0151824262	0.0661032638	0.0929554744	0.0429192685	0.0063433706	0.0720820509	-0.0397782908	0.0203699213	0.0784175538	0.0954237574	-0.0494778679	0.0312650395	-0.0032388774	0.0557543667	-0.0241778737	0.0731914007	0.0783270181	0.0592538461	0.0067134254	-0.1050214925	0.0229727695	-0.1108217282	0.0547362344	0.0336453535	0.007636542	-0.0806588652	0.0039932556	0.0052584045	-0.0001992496	-0.0109260069	0.052422355	-0.0032121372	-0.0891184168	0.0289040957	0.0392900838	-0.0178227944	0.0079616331	0.0671690896	0.0177328097	-0.0289889201	-0.0835978572	0.0065440313	-0.0172037097	-0.0055071264	0.092084548	0.0695912797	0.0360810826	-0.0031410759	-0.0418659738	0.0065958500431122	-0.0227533257888979	0.0005177138344557	4.3505237791223206e-05	0.1002495190071357	-0.0745800111122321	0.0055621780575006	0.010049966061162	-0.0791236510825257	-0.0691475888581721	0.0062605521606292	0.0047813890448988	0.0002700058580455	0.0002479596075828	7.290316337888671e-08	6.14839669926431e-08	0.0002639939815503	0.000517990022641	2.6831366355562375e-07	6.969282229478015e-08	-4.453561942345314e-05	-0.0004085381745725	1.983421397430657e-09	1.669034400830739e-07	0.0	0.0	0.0	0.0	0.0	0.0	0.0	0.0	0.0	0.0	0.0	0.0	0.0	0.0
214.4330602258601	-0.100084238216823	0.0100168547394417	45981.53731782734	372.2825889759624	0.4525809363371991	0.2048295039358558	138594.32605464538	207.77213466432733	0.147870935933895	43169.25994297137	0.021865813693966	234.7283646189296	194.785294969492	0.917609	26.941231	0.0931265078452054	0.0705164547101437	-0.0025744122	-0.0176059147	0.0068881185	0.0761217743	-0.0182855792	-0.0078362835	0.0331748934	0.0670995109	0.0350514844	0.0685369787	-0.0621758898	0.0175001262	0.0024445083	-0.1136457944	-0.0898426352	0.0256119952	-0.0035520567	0.0633792863	-0.0636446954	0.06361242	0.0053010819	0.0409755499	0.0304622474	-0.0162252558	0.0553759646	0.1112866286	-0.0119682126	-0.094668058	0.0987493615	-0.1224119487	-0.0122827673	-0.0106868878	-0.0122269549	0.0080824791	0.0398504725	-0.0138830623	0.0416079625	0.0052333338	0.0115114389	0.0717606577	0.0270185266	0.0651072732	0.0824327703	-0.0449402047	-0.0506037082	-0.0276318896	0.0823668993	0.0197548274	-0.1692072627	-0.0368686573	0.081581314	0.0985159627	-0.066325035	-0.0188594084	0.009908389	0.0947449937	-0.0583566524	0.0498310956	-0.0972444331	-0.0283830375	0.0176114101	-0.0896589236	-0.0087429964	-0.0505586738	-0.0114918236	-0.0351581547	0.1008030544	0.0033613623	-0.0922415221	0.0180332282	-0.0084889424	0.00961648	0.0268700695	-0.0007231368	-0.0190971726	0.0828112692	-0.0249652239	0.0738781702	-0.044677347	-0.0388725141	0.0514591399	0.0521551877	0.0401598889	0.0127103527	0.0132025601	0.049924794	-0.040027021	-0.0537853596	0.0258333015	-0.0591413875	0.0298431333	-0.1038043399	-0.0266913619	-0.0733049503	0.0096579138	-0.0726937212	0.0342399985	-0.0203352484	0.0092870399	0.0022502519	0.0597220215	-0.0475933195	0.0416534167	-0.0383569032	-0.0097775466	-0.1447586448	0.0526842083	0.0369765613	-0.0065461643	-0.0099863519	0.1025640116	0.0064906757	-0.0418587323	-0.0683571437	0.091460716	0.0673012514	0.0316476967	-0.0094108313	-0.0488621241	0.0007102826324256	-0.0058855674106866	3.4639903745736164e-05	5.0450141792544e-07	0.1002931438630554	4.362485591970222e-05	1.9031280540147774e-09	0.0100587147059355	-0.010226908311921	0.0688967427706047	0.0001045896536204	0.0047467611643988	0.0002569932292897	-1.3012628755800046e-05	6.60455199007483e-08	1.6932850713627423e-10	9.851837747576476e-05	-0.0001654756040745	2.7382175543832345e-08	9.705870700457277e-09	0.0001429876039061	0.0001875232233295	2.0445454870807744e-08	3.516495928790546e-08	0.0	0.0	0.0	0.0	0.0	0.0	0.0	0.0	0.0	0.0	0.0	0.0	0.0	0.0
213.93089722834776	-0.502162997512329	0.2521676760705673	45766.42878892589	373.01533235330345	0.7327433773410235	0.5369128570371295	139140.43817064544	207.5970737817051	-0.1750608826222333	43096.54504272671	0.0306463126244753	235.11495617989664	192.18882642658627	0.954227	28.016365	0.1123055412867899	0.0810942067918884	0.0176306028	-0.059778192	-0.0147357294	-0.0231546405	-0.0117159619	-0.026159198	-0.0365401432	0.0353040778	0.0245294207	0.0747423953	-0.0495318166	-3.62962e-05	-0.0132307557	-0.0797957157	-0.0532652184	0.0260948598	-0.0285515272	-0.0101394668	0.0023610177	-0.084461514	0.023867557	0.0255889795	0.0595930667	0.0125121975	0.0523070935	0.1072636458	-0.002046268	-0.0391146021	0.0428020754	-0.000966325	-0.0592346054	0.048442571	-0.0256107002	-0.0556129663	-0.050590469	-0.0844454411	-0.0253993524	-0.1438169511	0.0548859718	-0.0271922628	-0.1205554426	-0.1064353897	-0.0457127128	0.0491101376	0.0248326091	0.0877533276	-0.0227637446	-0.0756075309	-0.0082163635	0.0176377539	-0.090738235	-0.1150655974	-0.0668297513	-0.097788501	0.1224640049	8.53649e-05	-0.0169724778	0.0167407464	-0.0807340726	-0.0159433874	0.090767112	0.0249593839	0.0006398963	-0.0210607336	-0.040993757	-0.0443421331	-4.95016e-05	0.0382545144	-0.1278500312	0.0456355942	-0.0165632499	0.0154823748	0.054533402	0.0736207848	-0.0994824668	0.0493140604	0.003530782	-0.0046186542	-0.0161008392	0.0431838107	-0.0086872778	-0.1118855246	0.1196863457	-0.1261352458	0.057862385	0.0530770229	0.0519937953	0.0900680228	-0.0232480288	-0.0385696366	0.0261614784	-0.0920529824	0.0288150295	0.0387854783	-0.015135453	-0.064868084	-0.0285053707	-0.0199065624	0.0177423019	-0.0082898752	0.0515776264	-0.0330456046	-0.0198755642	-0.0398057549	0.0864413984	-0.0383340529	-0.1164107108	-0.0739539741	0.0518074612	-0.0487745413	-0.104556738	-0.0692602462	0.0053432765	0.08324784	0.0908143174	0.0649448048	0.027144045	-0.0156434465	-0.0555570233	0.0046485885982292	0.0039383059658036	1.5510253880284226e-05	2.160937595558652e-05	0.1247485131304699	0.0244553692674144	0.0005980650860056	0.015562191528263	-0.0885133220554408	-0.0782864137435198	0.0078346081812901	0.0061287625768215	0.0001969966650966	-5.999656419309997e-05	3.880768605918199e-08	3.599587714976765e-09	4.6014101111824246e-05	-5.250427636394052e-05	2.756699036501043e-09	2.1172975011291844e-09	0.0001429958095501	8.205644000001608e-09	2.0447801548888472e-08	6.733259345476239e-17	0.0	0.0	0.0	0.0	0.0	0.0	0.0	0.0	0.0	0.0	0.0	0.0	0.0	0.0
212.47754939966083	-1.4533478286869297	2.112219911149013	45146.70899888531	370.4342287722344	-2.581103581069044	6.662095696207444	137221.5178460801	207.40113280393007	-0.1959409777750238	43015.22988835344	0.0383928667714323	235.07462419905104	184.7699653862664	1.072561	31.490671	0.123492486175591	0.0903549790184901	0.081933945	-0.0922322752	-0.0122898751	0.0072041443	0.1005482082	0.0535872684	-0.0213903481	0.132786271	0.0839557591	0.0347815816	-0.0266029435	0.0179681054	-0.0535073034	-0.0427534423	-0.043086546	-0.0028266389	-0.0549030661	0.0401130782	-0.1061898072	0.0068928887	-0.0371835262	0.0271427967	0.0464021424	-0.0493246387	0.0375023576	0.1152896567	0.0230827571	0.0183716199	0.1238889005	0.0498080505	-0.1128197066	0.0550415313	0.0328407785	0.0599900499	0.0542363006	-0.0497810569	-0.046339024	-0.0009569873	-0.0369873478	0.0375752779	0.0815368492	0.0202679162	0.005784552	0.0705248396	0.014738501	0.0991452071	0.0883232942	-0.1298108651	0.0490683396	-0.0226328656	-0.0797467328	0.0023418458	-0.0646026552	0.0077623157	0.0924806201	-0.0154791288	-0.0082521687	-0.0501716073	-0.0678580169	-0.0629927439	0.0351898877	-0.0883672268	-0.0129283828	-0.100925029	-0.0396466161	0.0464382843	-0.0025442939	0.040212173	-0.0772234293	-0.0590075095	0.0841586632	0.0216485425	0.0801863728	0.0312419446	-0.0356747947	0.0393084495	-0.0386491775	-0.0537400657	0.1016107314	0.0425594454	0.0397043241	-0.0800427341	0.0045139187	0.0164563356	0.01392082	-0.0071412037	-0.1000694341	-0.0484903111	-0.0714620412	0.0158969686	0.0353800054	-0.0762159833	-0.0183349177	-0.0191404464	0.1023659025	-0.0870743277	-0.0091644347	-0.0282249228	0.0703058508	-0.0073507307	-0.0038807537	0.0736518857	-0.0380598532	0.0800443282	0.0640811229	-0.1355960272	0.0310265082	0.0130384936	-0.0612723458	0.1056022154	0.0186295566	0.0037610859	0.0647340982	-0.0542146912	0.0901455117	0.0625242656	0.0225801267	-0.0218143241	-0.0619093949	0.0007690478972932	-0.003879540700936	1.5050836050218993e-05	5.914346683310924e-07	0.1408215765637379	0.0160730634332679	0.0002583433681298	0.0198307164258966	-0.0013233404749257	0.0871899815805151	1.7512300125765771e-06	0.0076020928880105	0.0001389966710614	-5.79999940352e-05	1.9320074566151032e-08	3.363999308083236e-09	0.0002040021198506	0.0001579880187387	2.4960214065003755e-08	4.1616864903538566e-08	3.198581310663709e-05	-0.0001110099964434	1.0230922400927171e-09	1.2323219310377652e-08	0.0	0.0	0.0	0.0	0.0	0.0	0.0	0.0	0.0	0.0	0.0	0.0	0.0	0.0
212.7831410877236	0.3055916880627762	0.0933862798130571	45276.66513115809	370.2035776659274	-0.2306511063069933	0.0531999328406399	137050.68891665235	206.76786004069496	-0.6332727632351123	42752.94794580842	0.4010343926554345	233.5817077682541	186.60103029966888	1.179346	34.6259	0.1597914304959203	0.1141104865068285	0.0625912866	0.0738888282	-0.000907617	0.1161697586	0.0846517286	-0.1065034736	0.0981203197	0.0349724624	-0.1124863039	0.0557705699	-0.0487348566	0.0431014842	-0.0640961571	0.0707384603	-0.0967994027	0.1096864766	0.0023620417	0.0583847371	-0.0273291212	0.0282108747	-0.1199623538	0.0362487246	0.0155264033	-0.0259127849	0.0714464528	-0.0051624806	-0.0410192955	-0.004377588	-0.1204309861	-0.0197941532	0.0492971057	-0.1211817997	-0.0200443856	0.0370421361	-0.0222504221	0.0005404258	0.0231238738	0.0605692729	0.1065236605	-0.1264254969	0.0603188238	-0.0346060209	0.1644007188	0.0945990756	-0.1118148722	0.1294008031	0.139175559	0.0794081537	-0.021860164	-0.0068019904	-0.1318095922	0.009332581	0.117460021	0.0035383577	-0.1478243409	0.1139674277	-0.0683613059	-0.0612145358	0.0909439713	0.0417245116	0.0880602951	-0.0414272672	-0.0537941555	-0.0473089876	-0.0484411003	0.0380349962	0.1030187367	-0.0331745068	-0.0106528938	0.1109204577	0.0561161611	-0.1115500463	-0.0889498931	0.0588282553	0.030798276	-0.0556384564	0.0141734321	-0.0307301268	-0.062881387	0.0224755475	0.0077122881	0.0745240783	0.0630576115	0.0631535881	0.0399613251	-0.0563489471	-0.053860037	0.1335465892	-0.0274265923	0.0509169758	0.0239255312	-0.0559551016	-0.1627237264	0.0226531148	-0.0191559958	-0.0507097708	-0.0261712207	0.058158315	-0.019922069	0.0047234058	-0.0807944787	-0.0069429632	0.1294501743	-0.0442404719	-0.074622045	-0.0223466322	-0.013859643	-0.1185154802	0.1108822733	0.0050514336	-0.0275261048	-0.0882963341	0.0076894485	-0.0462250682	0.089454464	0.0600420225	0.0179660749	-0.0278991106	-0.0678800746	0.0244624685464032	0.02369342064911	0.0005613781820556	0.0005984123673837	0.2460859804218245	0.1052644038580866	0.0110805947195983	0.0605583097601705	-0.0044522091662813	-0.0031288686913556	1.9822166460319227e-05	9.789819287745304e-06	0.0001379386159767	-1.058055084700001e-06	1.9027061777567522e-08	1.1194805622595262e-12	0.0002140395069842	1.003738713360001e-05	1.0074914046975903e-10	4.58129105500394e-08	0.0005749851168357	0.000542999303729	3.306078845825637e-07	2.948482438502471e-07	0.0	0.0	0.0	0.0	0.0	0.0	0.0	0.0	0.0	0.0	0.0	0.0	0.0	0.0
213.74096387404643	0.957822786322822	0.9174244899992146	45685.19963780642	372.0817171014997	1.87813943557228	3.527407739451761	138444.80420120046	206.9911970976005	0.2233370569055353	42845.35567589769	0.0498794409872263	235.0004635525418	184.8187939265017	1.30003	38.169235	0.3907780299749125	0.1919458326170896	0.0554466707	-0.0609730031	-0.0612639373	-0.1689050131	0.0088416644	-0.0658949971	-0.0398840723	0.0565427156	0.0437485673	-0.0339255144	-0.036885339	0.027596998	-0.0319713172	0.0169989766	0.027591054	0.0895127148	-0.1077124354	-0.1437952719	-0.0613676114	-0.0511217094	-0.0073411514	-0.1606343263	-0.0848375794	0.0943585144	-0.0723060276	0.0562238575	0.0302825537	-0.0552632408	0.11478471	-0.0608978711	0.0011889265	0.0178587914	-0.1400941469	0.0014143785	0.0955274593	0.0239771287	0.0322765317	0.0755351535	-0.0377092132	0.1020329683	-0.0034650077	-0.0026122709	0.0836208041	-0.070354162	-0.1197631191	0.1168230871	-0.0655587754	0.009476269	0.0457364622	0.1634771766	-0.0022210447	0.0634863671	-0.0272462364	-0.1161830479	0.0411313531	-0.100280033	0.1022751898	-0.0771337278	-0.0376864646	0.0638785269	0.1399638924	-0.054717486	0.0594193529	-0.0086646828	-0.0161496222	0.1105412569	-0.1741044485	0.0473326228	-0.0343272326	0.0032949151	-0.0986374418	0.0513913068	0.1021155648	-0.1041871482	-0.0399898036	-0.1082720749	0.1096167334	0.025070801	-0.1026789294	-0.097006826	0.0222082749	0.0060326569	0.0751400998	0.1108479921	0.0540969415	0.061232736	0.0690946936	-0.070788075	0.0616043018	-0.0632238078	0.0169458186	-0.1138688357	-0.0056216521	0.1069005657	0.0136877542	0.1203573682	-0.0163162451	-0.0627097838	-0.0164329662	0.1251760825	-0.1343710352	0.0122941695	-0.0630576444	0.037634058	0.0682608074	0.0917555432	0.035378568	-0.0069711442	-0.1338567464	0.0151037648	0.031623523	-0.0074897234	0.0283902042	0.0919736409	0.0887413447	0.0575005252	0.0133121339	-0.033873792	-0.0734322509	0.0762504517369819	0.0517879831905787	0.0026819952029476	0.0058141313900938	0.1725056759750032	-0.0735803044468213	0.0054140612024869	0.0297582082435927	-0.1310394119459488	-0.1265872027796675	0.01717132748314	0.0160243199075806	0.0010370932581564	0.0008991546421796	1.075562426113457e-06	8.084790705533042e-07	-0.0008692910545304	-0.0010833305615146	1.1736051055115383e-06	7.556669374865747e-07	0.0013689507042983	0.0007939655874626	1.874026030798812e-06	6.303813540748316e-07	0.0	0.0	0.0	0.0	0.0	0.0	0.0	0.0	0.0	0.0	0.0	0.0	0.0	0.0
213.909804916967	0.168841042920576	0.0285072977745077	45757.40463961488	370.8455048468528	-1.2362122546468868	1.528220738539139	137526.38846511714	206.99441239287265	0.003215295272156	42846.68676187063	1.0338123687148898e-05	234.1044702949944	189.3235230281205	0.983251	28.868505	0.1640185941269264	0.1071794409548305	0.0277057194	-0.0484838929	-0.0651707374	0.0196148304	0.0646141042	0.0636234796	0.1524436812	0.0189744091	0.0266133578	-0.0102486424	-0.0174140328	0.017052687	-0.0618456977	-0.0277233586	-0.0127447603	0.0610319048	-0.0614433811	-0.0941309403	-0.0678988505	0.0154743401	0.0206325409	-0.1272305016	-0.067660497	0.0498411456	-0.0059179737	0.0235027979	0.0189122369	-0.0815103628	-0.1240648807	-0.0486385283	0.0376163609	-0.1129597697	0.0132086892	0.0329989589	0.1034435982	0.1280087458	0.062964886	-0.0634955945	-0.0739874135	-0.0963819447	-0.0833891597	0.1376890919	-0.0462704067	0.1063301281	-0.0379578013	0.0657194485	0.0454798619	-0.0394729712	0.1020316292	0.1283882229	0.0061862924	0.0179931061	0.1077646395	-0.0434129379	0.0765368668	0.0204733529	-0.0098875681	-0.0581509883	-0.0438951226	0.0278481943	0.0023554561	-0.1401129788	0.0605529138	0.0440081582	-0.0507257876	0.068361723	-0.0828310155	0.0727725736	-0.0318635141	0.0653352193	-0.0328355591	-0.133128868	-0.1190685061	0.0308135993	0.0484030883	-0.134937943	-0.0286145255	0.0198321232	-0.1030492498	0.0427517411	0.0339913471	-0.0219059769	-0.118827625	-0.1042061548	0.0655209794	-0.0427767852	-0.0064222045	-0.0577484473	0.1228620176	0.0437011819	0.030004781	-0.117947514	-0.0360027446	0.0009071794	0.0377728167	0.0922672511	0.0500640839	-0.0316862757	0.1178236501	0.0203478813	-0.0824173855	-0.0428024949	-0.0392396006	0.027260779	-0.0886522064	-0.0202102248	-0.0416280835	-0.1334388559	-0.0958950889	-0.0353949797	0.1243431092	0.0326053595	0.0167883714	0.0489651521	0.0880063298	0.0549022818	0.0086286366	-0.0397147891	-0.0785316931	0.058031658256695	-0.0182187934802869	0.0003319244358773	0.0033676733600218	0.1722866689999307	-0.0002190069750724	4.796405513040172e-08	0.0296826963150916	-0.0459562148551668	0.085083197090782	0.0021119736838142	0.0072391504271888	0.0004738843539745	-0.0005632089041818	2.245663809418292e-07	3.1720426974977645e-07	-0.0009533097265725	-8.401867204210008e-05	7.059137251717969e-09	9.087994347777348e-07	0.0008062263489066	-0.0005627243553917	6.500009256712666e-07	3.166587001510045e-07	0.0	0.0	0.0	0.0	0.0	0.0	0.0	0.0	0.0	0.0	0.0	0.0	0.0	0.0
214.0517108398873	0.1419059229203014	0.0201372909598625	45818.13491348273	371.9995243770005	1.154019530147707	1.3317610759623344	138383.6461367146	207.06827552711863	0.0738631342459825	42877.27072977472	0.00545576260064	234.05059472791424	193.55945169401983	1.002387	29.430361	0.0967054688076659	0.0624575328247603	-0.0049013198	0.0671681361	-0.0071530976	0.0857782415	0.0057378589	-0.0880227338	-0.018664278	0.0456177167	0.0587763163	0.0481460101	-0.0613672778	0.0364384623	-0.0327816207	0.0216706393	-0.1292536232	0.0835927776	-0.0102550467	0.0064674795	-0.0236438874	-0.0008887384	0.008874872	-0.0811582665	-0.0635270393	-0.0167139312	-0.0398304903	-0.0371596269	-0.0770005747	0.0770469707	-0.0048266365	0.0520614661	-0.0147367071	0.0255117379	0.0016344923	0.1550790995	-0.0285128508	-0.1145001789	0.0024992168	-0.0063293152	0.0562457212	0.0629995167	-0.0347514754	-0.1206453016	-0.0497288915	0.0050819078	0.0229706791	0.0326543732	-0.0290827913	-0.0031229457	-0.0084104039	0.0620946883	0.0651992447	0.1061653123	0.074373402	0.1501211171	0.0250244099	0.0947908325	-0.0488380728	-0.0086075948	0.0469747215	0.0064228094	0.1133668798	-0.0477067211	0.0114755143	-0.0153114035	0.0240893441	0.026461486	-0.0717117099	0.0118017806	0.0654547458	0.0190032138	0.0553208784	0.0167151804	0.0773285118	-0.054917156	0.0861938597	-0.1037386924	0.0005739127	-0.0937111449	-0.0194761903	-0.0115916563	-0.0826761583	0.0024032359	0.0853797853	-0.0170460941	-0.0717730045	0.0248180475	0.0030454782	-0.0676877763	-0.0196083185	-0.1216143642	0.0166267742	-0.0796690882	-0.1498253125	0.0220884597	-0.0266071966	0.0253395696	0.0486182511	-0.0384754493	-0.1086806033	0.0239025592	-0.0620222477	0.0479957457	0.029579944	-0.0247481424	0.0289853211	0.105003432	-0.1152923607	-0.0114177069	0.0066865566	0.0290996419	0.0288996337	0.0025948319	-0.1409481289	0.0011472584	0.0872496007	0.0522498565	0.0039259816	-0.04539905	-0.0831469612	0.0582112475783134	0.0001795893216183	3.2252324439356904e-08	0.0033885493446236	0.2325511129420903	0.0602644439421596	0.0036318032036576	0.0540800201306048	-0.0369513254834288	0.009004889371738	0.0013654004549822	8.108803259724006e-05	0.0001502950475992	-0.0003235893063753	2.2588601332845792e-08	1.0471003920044779e-07	-0.0007319392748859	0.0002213704516866	4.9004876879929326e-08	5.357351021204971e-07	0.0008060551835255	-1.7116538109996415e-07	6.497249588883275e-07	2.929758768709595e-14	0.0	0.0	0.0	0.0	0.0	0.0	0.0	0.0	0.0	0.0	0.0	0.0	0.0	0.0
214.7230454762275	0.6713346363401911	0.4506901939500166	46105.98625858606	371.92587480911016	-0.0736495678903566	0.0054242588504362	138328.8563525219	207.2732606993594	0.2049851722407822	42962.20460094461	0.0420189208385831	234.67819087283388	195.6603666456085	1.021179	29.982084	0.2859095489390104	0.1857380156600543	-0.011562587	-0.0146920443	0.0145563836	-0.07379056	-0.0280653543	-0.1153607506	0.0277695491	0.0430762844	5.53578e-05	0.0505501492	0.0473289801	0.0377621133	-0.019041624	-0.1516961097	0.0413734128	0.0924162016	-0.0112218193	-0.1017387352	-0.008894042	-0.0796387735	-0.1208851932	0.0051581376	0.0088231824	0.0599012232	0.0952334883	0.0294116771	-0.0109601579	0.064767951	-0.1355603196	-0.0572333788	0.0667784775	-0.011887783	-0.0121506997	0.1110194412	0.0694760596	0.0039076798	-0.0410122293	-0.0132269008	-0.020424488	-0.0088816296	0.052358803	0.0212083931	-0.0124980334	-0.1474626843	-0.0621639391	-0.0918905976	-0.046611236	-0.0638181746	-0.060119992	0.0892685904	-0.1630730186	0.039235815	0.0428834882	-0.0902166448	0.1094044419	0.0178324735	0.0289084133	0.0049981167	-0.1507560511	0.0899459411	0.0836850282	0.045024221	0.0171274803	0.0198522267	-0.1141508555	0.0005365602	-0.021313027	-0.0558813136	-0.0077990921	0.0881230751	0.0739514592	-0.0388127765	-0.0330944678	0.1022956914	0.0459477951	-0.0770755814	0.0572485258	0.0687246993	0.009484685	0.0104726055	-0.0115639967	0.0022460917	-0.0104375972	0.0093341377	0.0024919825	-0.0730881901	-0.1074460011	-0.1045824285	-0.0364510522	0.052029095	0.0142311287	-0.1182481622	0.0593156039	0.0141770979	-0.1448979061	0.0571407446	-0.0394358126	-0.040398534	0.0120805168	0.0826238265	-0.0542051836	-0.0232007073	-0.0536575731	-0.0637096778	-0.1442309766	-0.0352317126	0.0174862254	0.0069724132	-0.0538575363	-0.0376738086	-0.0966943432	0.0135736827	-0.0706539947	0.1024207348	0.0864713441	0.0495458668	-0.0007853901	-0.0509041416	-0.0872496007	0.041788132711872	-0.0164231148664414	0.0002697187019163	0.001746248035545	0.066221206420252	-0.1663299065218383	0.0276656378035634	0.0043852481797536	-0.1164006934274795	-0.0794493679440506	0.013549121430398	0.0063122020667091	0.000393262577694	0.0002429675300948	1.546554550145294e-07	5.903322068036756e-08	-0.000587824727573	0.0001441145473128	2.076900274720208e-08	3.455379103462717e-07	0.0008931162982514	8.706111472590004e-05	7.976567222022838e-07	7.579637697316331e-09	0.0	0.0	0.0	0.0	0.0	0.0	0.0	0.0	0.0	0.0	0.0	0.0	0.0	0.0
214.7154175845158	-0.0076278917117065	5.81847319655211e-05	46102.71054849299	373.0264796737085	1.1006048645983242	1.2113310679774956	139148.75453775964	207.33147383258355	0.0582131332241431	42986.34004159128	0.0033887688797718	234.77586214201108	191.8022554369001	0.987893	29.004795	0.1033147075357936	0.070961990045806	-0.0087917862	-0.0598184465	-0.0602516979	-0.0469368784	-0.0424825022	-0.0304089509	0.0294111906	0.024978261	-0.0079101212	-0.0352686167	-0.0585533181	0.038680933	-0.0260675984	-0.0903441884	-0.0021912383	0.0400826806	-0.0600303423	-0.0853625427	0.0095269607	-0.0278381497	0.0172511889	-0.0464746346	-0.103187185	0.0095268399	-0.0822510373	0.0163612787	-0.0203542258	0.1067945885	-0.0117975157	0.0654278717	0.0167474009	-0.0540320941	0.0858606974	0.0273853296	0.106372064	0.0915422033	-0.0875241552	-0.0209692389	-0.05935629	0.0580580827	-0.0158935196	-0.0341541403	0.0446682696	-0.0337627297	0.0106575388	-0.0010314787	-0.0069326556	0.0243613877	-0.030901793	-0.1408644137	-0.071185626	-0.0547339795	0.0700957707	0.0360186858	-0.0046190905	-0.009203807	0.0447766163	-0.0186567442	-0.1047707697	0.035323382	0.0661699358	-0.0352002885	0.0383604712	0.0580834083	0.0090062556	0.0160126471	-0.0572517977	0.0764178213	0.1047809659	0.06115085	-0.0480890972	-0.0411271822	0.0464828888	0.0093766529	0.0038750724	-0.0604116222	-0.0447206226	-0.0845899433	0.0046511731	0.0613831456	0.0656195498	-0.048911081	0.0038598899	0.001283657	-0.0459257673	-0.035004216	-0.0848779448	-0.0628281228	0.0286132487	0.0381796779	0.017725305	-0.0978367859	0.0628828887	0.045355369	-0.0342513062	0.0344010665	0.0016269705	-0.0677341678	0.0594315734	-0.0306400757	-0.0270000377	-0.0252124418	0.0093423527	-0.0870924114	0.0242775239	0.1399563968	-0.0779994341	-0.0648842571	-0.0673228084	0.0441390509	-0.0071800673	0.0147163991	0.0709913375	-0.0209517936	0.0856717519	0.0467929814	-0.005495018	-0.0562083378	-0.0908143174	0.0416314950931706	-0.0001566376187013	2.4535343592444176e-08	0.0017331813836926	0.136195843034045	0.069974636613793	0.0048964497692323	0.0185493076597542	-0.1198271694760038	-0.0034264760485243	0.0143585505446309	1.1740738111110751e-05	0.0001901139866379	-0.0002031485910561	3.6143327915355614e-08	4.1269350048078566e-08	-0.000282923427918	0.000304901299655	9.296480253130812e-08	8.004566606487176e-08	0.000806027043867	-8.708925438439998e-05	6.496795954449748e-07	7.584538229230731e-09	0.0	0.0	0.0	0.0	0.0	0.0	0.0	0.0	0.0	0.0	0.0	0.0	0.0	0.0
215.37697683809904	0.6615592535832491	0.4376606460016256	46387.242151919054	373.9409077129837	0.914428039275208	0.8361786390127013	139831.80246121017	207.7900615599163	0.4585877273327412	43176.7096830738	0.2103027036602086	234.78816244623684	197.61224877044324	1.031787	30.293545	0.1497214492548036	0.0926054309600117	-0.0509881003	0.0250143307	-0.0340417259	0.0553097811	-0.0504670823	0.020777535	0.0309862585	0.0559434548	0.1166031073	-0.0026801443	-0.0441784547	0.0453635515	-0.0036438926	-0.1558576479	-0.0245469261	0.0294313814	-0.0151274409	-0.0601588544	-0.027754408	0.0517281983	0.037332514	-0.0425134047	-0.0008903241	-0.0490339668	-0.0055756619	-0.0568159227	-0.042388631	0.0186535528	0.0706033397	0.0384453131	-0.0494668048	-0.049996236	0.1256652203	0.1274189109	0.0569250332	0.0856333436	-0.0679877554	-0.1117785604	-0.1594938595	0.0734907661	-0.0808399802	-0.0141251817	0.0561454748	-0.0476656624	0.0664971366	-0.0640855673	0.0886169123	0.1703460798	0.0084139752	0.0102981237	0.0048529791	-0.1977118935	-0.062386903	0.0246645476	-0.0101609731	0.0809732333	-0.0067462162	0.030176523	-0.1324855865	0.0163784553	0.0055708105	-0.0889040268	0.0384409551	0.0545661949	-0.0206805085	-0.0021653799	-0.041248472	0.0341573721	0.024055827	-0.0777846282	0.1027562935	0.0606916872	0.0268850247	-0.061469911	0.0492581361	-0.0960627437	0.0126043852	-0.0637513928	0.0410629173	0.0306906559	0.0391192644	-0.010288076	0.0742224065	-0.0501150871	0.0015696919	0.0138899904	-0.0411092413	-0.129487923	0.0237423494	0.0289888091	0.0209821882	-0.1138836543	-0.0128016405	-0.1016685212	-0.0622622183	0.068323734	0.0695889689	-0.131984694	0.0091888586	-0.0162606744	-0.0205548608	0.1119879154	-0.0656442873	0.0021973551	-0.013090055	0.0354612978	-0.0477805297	0.0301411699	-0.0477764202	-0.0162974424	0.1124290183	0.1218020144	-0.1996195914	-0.0920721968	0.0848510215	0.043993917	-0.0101924456	-0.0612907054	-0.0938191336	0.0396580824564836	-0.001973412636687	3.894357434635947e-06	0.0015727635041252	0.0867087073507519	-0.0494871356832931	0.0024489765981366	0.0075183999304383	-0.0407980952391753	0.0790290742368285	0.0016644845751448	0.0062455945747301	0.0002921535070148	0.0001020395203769	8.53536716610468e-08	1.0412063718747797e-08	-0.0002823410239478	5.824039702000128e-07	3.3919438450473735e-13	7.971645380389218e-08	0.0010880416534798	0.0002820146096128	1.1838346397070571e-06	7.953224003506001e-08	0.0	0.0	0.0	0.0	0.0	0.0	0.0	0.0	0.0	0.0	0.0	0.0	0.0	0.0
216.2250043118709	0.8480274737718503	0.7191505962718662	46753.252489668586	373.4859943088506	-0.4549134041330944	0.2069462052599601	139491.78794487077	207.78993407276064	-0.0001274871556518	43176.656701962216	1.6252974856187932e-08	234.8444847807631	206.19970107877424	1.149448	33.748108	0.1079786454804212	0.076596391405974	-0.0932648618	-0.0075402425	0.0623602907	0.0308269631	-0.0916340499	-0.0869376903	0.0367040598	0.0564852958	0.0332208788	0.0877475201	0.0919489631	0.049962457	0.0180800063	-0.1497806105	-0.0314654304	0.0877605008	0.0904688842	-0.0248951294	0.0963263764	-0.0625211905	0.0134593455	0.0333575866	0.0001465319	-0.0514742614	0.021534513	-0.0162938118	0.0417584448	0.0173483368	-0.1299060078	0.060400327	0.0461403537	0.082299096	0.1590920567	0.0341741057	0.0089138571	-0.1084500567	0.0944259927	-0.1267498978	-0.0503485874	0.0590762501	-0.1626829711	-0.0769973689	0.0460512089	-0.0708740367	-0.0077383286	-0.0628169378	0.0294864022	-0.0403601866	0.074275235	-0.0627101242	0.0458528569	0.0040597076	-0.110155967	-0.0017631734	0.0083896655	0.1035410776	-0.0129500582	0.0664953786	-0.1149768465	0.0591669328	0.069260623	0.1022982912	0.0180260916	0.0516245507	-0.0529474147	-0.0522492603	0.0393699864	0.0337736357	-0.0248993965	0.0208176691	0.024705654	0.0187734259	-0.0877509325	0.0950769805	0.0434972223	-0.0281845129	0.041855187	-0.1185656684	0.0711598925	-0.0235797852	-0.1216072667	-0.0960133201	-0.0387470882	-0.0434531126	-0.075979583	0.107109719	-0.0463436119	-0.0334078789	-0.0084929189	0.0212323706	0.005712286	-0.0977671797	0.0513750637	0.0192405381	-0.1809626766	-0.0005273015	0.0168943044	0.0001945956	-0.0049601876	-0.0308588828	-0.0289543352	0.0028817068	-0.0725250157	-0.1091689894	-0.14685742	-0.0182508162	-0.060452978	0.0379992906	0.0667092665	-0.0204197974	-0.194993463	0.0013528443	-0.0745575538	0.0129681967	0.0840093554	0.0411514359	-0.0148672434	-0.0661311865	-0.0962455236	0.0244944690265924	-0.0151636134298911	0.0002299351722511	0.0005999790128946	0.0972160362316572	0.0105073288809053	0.0001104039602115	0.0094509577005948	-0.11672709453007	-0.0759289992908947	0.0136252145974319	0.0057652129333166	0.00019015010864	-0.0001020033983748	3.61570638158038e-08	1.0404693280008152e-08	-0.0002828990665582	-5.580426104000212e-07	3.114115550220699e-13	8.003188185950089e-08	0.0010630290168904	-2.5012636589400155e-05	1.1300306907509702e-06	6.256319891533994e-10	0.0	0.0	0.0	0.0	0.0	0.0	0.0	0.0	0.0	0.0	0.0	0.0	0.0	0.0
215.38227184596528	-0.8427324659056126	0.7101980090913544	46389.52302552928	373.99851430027536	0.5125199914247673	0.2626767416100435	139874.88869881327	207.7400597896057	-0.049874283154935	43155.93244138896	0.0024874441202186	235.3463902583232	199.5826787950384	1.037058	30.448294	0.1634907694220057	0.1181640028609033	-0.0535833149	-0.0943323623	-0.0362678732	-0.0938912471	-0.0775023043	0.028906914	0.0051527701	0.0523201318	0.0336658431	-0.0134417775	0.0107649517	0.0397672643	-0.0009340099	-0.0404476677	-0.0505714916	-0.0564355515	-0.0570674478	-0.1118701421	0.0405686213	-0.0252804404	3.83625e-05	-0.120926668	-0.0833824778	0.0423056465	-0.0683942109	-0.0900026693	-0.0138092058	-0.0859123916	-0.0537889681	0.0492974052	0.075536343	-0.0367221761	0.0383689329	-0.0012294006	0.0994703343	0.1344698254	0.0747961067	-0.097324879	-0.0107074163	-0.0232238254	0.0273345525	-0.0677519499	0.0700580616	0.2130952799	-0.0822403994	-0.0853809368	0.1134038907	-0.0875971277	-0.0055136612	0.0765686718	0.0313536035	-0.0842433871	0.0521801075	0.0138172267	-0.0902686594	-0.0261392436	0.0678217116	-0.0098765124	-0.0631898835	-0.0566686626	0.070884972	-0.0091102651	0.1127001562	0.073058756	0.0553261539	0.0026670455	-0.0505320996	0.049273446	-0.0417972113	0.1131668618	-0.0753483695	-0.0580255726	-0.1072258469	-0.0423987767	-0.022277665	-0.0475239792	0.0307024878	-0.1085329293	-0.0244804398	0.0745742315	0.0466503421	-0.0565785428	0.0285048011	-0.0513366053	-0.0299723023	-0.0155802509	-0.0754853937	-0.0178200417	0.18924211	0.1190299377	0.0066193659	-0.0752983011	0.0280727424	0.1046969979	-0.0269744982	0.0671252717	0.0677395115	-0.0693764781	0.0425554715	-0.1153169475	-0.0709679015	-0.0181879021	-0.0155328043	-0.0924779582	-0.1135752203	-0.0094458928	-0.0641319671	-0.0824127905	-0.0533109248	0.0353176892	0.0333098452	0.0160683011	0.1258794667	0.0137522017	0.0831469612	0.0382683432	-0.0195090322	-0.0707106781	-0.098078528	0.0244761784536819	-1.829057291050096e-05	3.345450573943514e-10	0.0005990833116964	0.2074067096141618	0.1101906733825046	0.0121419845004898	0.0430175431929732	-0.1480744424451856	-0.0313473479151156	0.0219260405054525	0.0009826562213113	0.0003371917262436	0.0001470416176036	1.1369826024713889e-07	2.162123730748333e-08	-0.0002822717143458	6.27352212399985e-07	3.93570798403156e-13	7.967732071971692e-08	0.0013540491981039	0.0002910201812135	1.8334492308858147e-06	8.469274587353841e-08	0.0	0.0	0.0	0.0	0.0	0.0	0.0	0.0	0.0	0.0	0.0	0.0	0.0	0.0
214.8883349880142	-0.4939368579510699	0.2439736196425754	46176.99651392101	374.1546556890414	0.1561413887660592	0.0243801332857936	139991.70637378513	207.5923755811492	-0.1476842084564964	43094.59439942492	0.0218106254274218	235.1381908890244	198.40200133902408	0.895424	26.289871	0.245954805726682	0.1434130792706726	-0.0387171189	-0.0127730441	-0.0334690543	0.0559324182	-0.0244684504	0.0740663116	-0.0055468164	0.0343968654	-0.0139950484	-0.0429775881	-0.0792654615	0.0144849538	-0.0057036091	-0.1363080446	-0.0078465013	-0.0033634721	-0.0357519736	-0.0804334427	-0.0307993103	0.0246002586	0.0755155881	0.0181330821	-0.0099747926	0.0205186327	0.0152546771	-0.1064037985	-0.1148912938	0.058122547	-0.0193678436	0.0342414865	-0.0284787548	-0.0211494035	0.0515448296	0.0216758465	-0.0453820433	-0.0741391811	0.0158944077	-0.1198233233	-0.0500773118	0.1659844705	-0.0422547564	-0.0243628735	0.043832486	0.0429148972	-0.131424531	-0.1198488343	0.0021235014	0.0018738168	0.1939729266	0.0256619346	0.0476091273	0.0624606287	-0.0572564403	0.1373524496	0.0805855156	0.0203349286	-0.0064812528	0.0213866021	-0.1249018459	-0.0470060167	-0.0031548614	-0.068473832	0.0115280564	0.0858673788	-0.0475368341	-0.0274787926	-0.0760041953	-0.0082054418	0.1300428177	0.0084864343	0.0339345572	-0.0051609612	0.1156443087	-0.0995293207	-0.0267699154	0.000169592	-0.0559843734	-0.0547804428	-0.0642321314	-0.0397513412	-0.0834721837	-0.0974723279	0.043149143	-0.01064209	-0.0962347056	0.1741350062	-0.064918977	-0.1622982729	0.1040022792	-0.0169039321	0.0209892538	-0.0851189391	0.0486646928	-0.0218518651	-0.0322571676	0.0197679115	0.0444173681	-0.1401951854	-0.058577128	0.0089543924	0.0752560269	-0.0021332223	0.0249659688	-0.1122153888	0.0394170802	0.0481432854	-0.1070270894	-0.0157823975	-0.1251112827	0.0393469028	0.042110223	0.064089386	-0.0257364401	-0.0764475414	0.0822640518	0.0353474844	-0.0241075061	-0.075011107	-0.0993068457	0.0199301318517086	-0.0045460466019732	2.0666539707312975e-05	0.0003972101556264	0.0847546102565814	-0.1226520993575804	0.0150435374768217	0.007183343959745	-0.0682176277653923	0.0798568146797933	0.0046536447379376	0.0063771108508028	0.0007061336134777	0.0003689418872341	4.986246800830739e-07	1.3611811615585938e-07	-0.0002821663239072	1.0539043860004337e-07	1.1107144548309508e-14	7.96178343473029e-08	0.0009450995740299	-0.000408949624074	8.932132048314985e-07	1.672397950302659e-07	0.0	0.0	0.0	0.0	0.0	0.0	0.0	0.0	0.0	0.0	0.0	0.0	0.0	0.0
214.83715628522305	-0.0511787027911623	0.0026192596193861	46155.00372072135	373.326428122768	-0.8282275662734264	0.685960901535203	139372.62193490425	207.6389684080867	0.0465928269374842	43113.94120157442	0.0021708915220263	235.0792558897245	193.0714259103706	0.926814	27.211494	0.1217962885999878	0.0632468256859293	-0.0143986865	0.0016826994	-0.0096785507	0.0084148716	0.0062650246	0.0290292133	-0.0372849924	0.0528910053	0.0214314368	-0.0531890566	0.0352617728	-0.0003205697	0.0076886272	-0.1159794042	0.024960458	0.0002550959	-0.0135991237	-0.0538601124	0.0204983812	-0.0454000042	0.0540780095	0.0474821267	-0.0271878994	-0.026453043	-0.019321433	-0.0192038122	-0.0102781563	-0.1013731573	-0.0165645553	0.054853213	-0.0630194951	0.0603182105	-0.0321523958	-0.1396357126	0.0113572605	-0.1014633497	0.0554789731	0.0311467171	0.0468813499	-0.0354014244	0.0249379731	0.1919835162	0.0627033269	0.0317576715	-0.0084154542	0.0928314259	0.0250969034	-0.0195336941	0.0482335189	-0.0246397833	0.0226847582	-0.0053213217	0.0251815952	0.018787097	0.0078094191	-0.0048354099	0.0029148539	0.0258524793	-0.1129923297	-0.0144559029	-0.0133749167	0.0287326656	-0.0110754463	0.0385064298	-0.0815759856	0.0057129903	-0.0184796648	0.1054168515	-0.0148830326	-0.0234015457	-0.018342733	-0.0893694516	-0.0454616646	-0.0461725878	0.0340976048	0.0510811948	0.0013777665	0.0356532916	0.0105050195	0.0089194557	0.0675107645	-0.0966310208	-0.0304546401	0.0009931728	-0.054006496	0.1012121382	-0.0056299396	0.1797938298	-0.0479910221	0.0235809593	0.0222041945	-0.0535075596	0.0668379275	-0.0414049246	-0.0890977902	0.0117592319	-0.010259736	-0.0532332127	0.1247268356	-0.1339861129	-0.0529574833	0.0598815114	-0.0092686631	-0.1048344068	0.0181020524	-0.0035523947	-0.107898755	-0.0196304532	-0.0313746909	0.0294049299	0.0402353059	-0.0466993395	0.0690864793	-0.060776412	0.081360845	0.0323917418	-0.0286524553	-0.0790155012	-0.0999229036	-0.0062363658091868	-0.0261664976608953	0.0006846855998376	3.889225850599413e-05	0.1040840590735427	0.0193294488169613	0.0003736275915675	0.0108334913532247	-0.1010939175558434	-0.0328762897904511	0.0102199801667876	0.0010808504303857	0.0006768322124188	-2.930140105889998e-05	4.581018437677277e-07	8.585721040145048e-10	0.000417272523473	0.0006994388473802	4.892147012245427e-07	1.7411635884552538e-07	0.0008053587758354	-0.0001397407981945	6.486027578150941e-07	1.9527490680035985e-08	0.0	0.0	0.0	0.0	0.0	0.0	0.0	0.0	0.0	0.0	0.0	0.0	0.0	0.0
214.4297326967344	-0.4074235884886548	0.1659939804569727	45980.11026439296	373.801872417028	0.4754442942600008	0.2260472769443902	139727.83982247606	207.3767795852451	-0.2621888228416082	43005.12871114732	0.0687429788230682	234.81232406474925	195.4229765605856	1.014638	29.790041	0.3109760946438036	0.2253309316908858	-0.0051428142	-0.0273937016	0.0378632663	0.0794955248	0.026334551	0.0297919135	-0.0662424696	0.0337713205	0.0069435862	0.024337794	0.0091620986	0.0203655232	-0.0032623517	0.0982983794	-0.139423589	-0.0065493374	0.0351409434	0.035450586	0.0152745981	-0.0078686092	-0.1325619175	-0.0808328779	-0.0284435929	-0.0098262897	0.0940495948	-0.104871058	-0.0036047711	0.0101022998	0.0639164353	0.0633648233	-0.0849162457	-0.0727842676	0.0963415563	-0.0273568383	-0.0185362165	0.0378198063	-0.0112508186	0.1135768921	0.032238471	0.0127346616	-0.0113497663	-0.0290695065	0.0533284883	-0.0472771047	-0.0347334306	0.0126061108	0.1133729996	-0.0815271467	0.0268284008	0.061826866	0.0960098993	0.0511174192	-0.0635322091	0.0174898092	-0.0141346553	0.0483952062	-0.0259248902	-0.0022047641	0.1089026426	-0.0794250609	0.0705374221	-0.0084920622	0.0322501291	-0.0405435468	0.0479807092	0.0907490093	-0.0481012607	-0.0077144565	0.0052541603	0.0136636503	0.1885524465	0.050848285	-0.0478920975	-0.0774773164	-0.043267937	-0.0051869533	-0.0731273175	-0.0722052182	-0.0134803339	0.0631567428	-0.039574399	0.059527744	-0.0129158522	0.098641945	-0.0231436167	-0.0688438415	0.0523267624	-0.0137093745	-0.0589740732	0.019889855	0.0162495717	0.0057570763	-0.1073448941	0.0956928998	0.047263502	-0.0397594836	0.0441110234	-0.0225435968	-0.0728078948	-0.1076531231	-0.0516809105	0.1040665757	0.070920995	-0.0320216458	0.0399331907	0.0321451866	-0.1108647747	-0.00925138	0.0467743447	0.0084389999	-0.0698948251	0.1489045236	0.0340586884	-0.0650957329	0.0804375635	0.0294040325	-0.0331337888	-0.0827080574	-0.0999229036	-0.0062550564658749	-1.869065668809976e-05	3.4934064743240817e-10	3.912573139128339e-05	0.3173574204775917	0.2132733614040489	0.045485526684582	0.1007157323321909	-0.0329961941678718	0.0680977233879716	0.0010887488295638	0.0046372999306246	0.0007539372203003	7.710500788149998e-05	5.684213321541431e-07	5.945182240406174e-09	0.0003411383415914	-7.61341818816e-05	5.7964136507805505e-09	1.1637536810373073e-07	0.0003668715816966	-0.0004384871941387	1.345947574565651e-07	1.9227101942371765e-07	0.0	0.0	0.0	0.0	0.0	0.0	0.0	0.0	0.0	0.0	0.0	0.0	0.0	0.0
214.2237768370247	-0.2059558597096895	0.0424178161487573	45891.82656231936	372.8733827922468	-0.9284896247812072	0.8620929833263468	139034.5595949334	207.8942933872537	0.5175138020086081	43220.03722298551	0.2678205352694048	235.4608814489615	193.33961769155133	1.040119	30.538157	0.4050608207416782	0.255177356101484	0.0101430171	0.0309678381	-0.0031303626	-0.0512033882	0.0226953254	0.01966595	-0.016622417	0.0521832254	0.0310339941	0.0974952682	0.1102189661	0.0220183088	-0.0111317542	-0.1110948593	0.0070080336	-0.0615456117	-0.0431379908	-0.0249219682	-0.0076221229	-0.0781018677	0.0536275676	0.032597661	0.0617745693	-0.0430813937	0.1286379925	-0.0110935752	0.0181427023	-0.0144649383	0.1261673195	-0.033880583	0.0069500424	0.0480313091	0.0626971187	0.0721056515	-0.0193041575	0.2095363283	-0.0999678779	0.0281694515	-0.0005086244	-0.0110819207	0.0965865732	0.0794192861	-0.0338161494	-0.0230115587	-0.0062418958	-0.0250664109	0.0538415358	-0.0907159009	0.0608919043	0.060163119	-0.0050493418	-0.0170087377	0.1110138904	-0.0286621812	-0.058492079	-0.0180696991	0.0175171108	-0.0023829075	-0.1168260595	-0.0472797683	0.0105604677	0.0242115265	0.0044332517	0.008776404	-0.033387395	-0.1514145893	-0.007748865	-0.0040422186	-0.0785395429	-0.0027781455	0.0641423185	0.0583549237	-0.0275517678	0.0430845209	-0.0969352108	-0.0013145439	-0.0277853927	0.0055190309	0.0283129004	0.0626087204	0.0505096786	-0.020452952	0.0272430186	0.0377987045	-0.0041994117	-0.2065030357	-0.0531189427	0.0198378017	0.0240982384	0.1783703707	0.0242602476	-0.0030459634	0.0563372335	-0.0450808544	-0.0631762956	-0.0229432027	-0.0591384191	-0.1723486153	-0.0648332375	-0.0282321531	0.0111140172	0.0760474269	-0.0261781232	-0.0315317734	-0.1474082411	-0.1774503709	0.0033162363	0.0587537593	0.0131858213	0.0170504652	-0.1025633687	-0.0368083558	0.035541419	-0.0874425753	0.0794944353	0.026387305	-0.0375415571	-0.0860742027	-0.0993068457	-0.0348766268560467	-0.0286215703901718	0.0008191942915995	0.0012163791008559	0.0765750220848531	-0.2407823983927385	0.0579761633757594	0.0058637340072957	-0.0931635328218547	-0.0601673386539829	0.0086794438478487	0.003620108640703	0.0011130940869439	0.0003591568666436	1.2389784463894743e-06	1.2899365485724868e-07	0.0009218873959726	0.0005807490543812	3.372694641646581e-07	8.498763708531414e-07	-0.0002030127633743	-0.0005698843450709	4.1214182092869526e-08	3.2476816675688866e-07	0.0	0.0	0.0	0.0	0.0	0.0	0.0	0.0	0.0	0.0	0.0	0.0	0.0	0.0
213.7338292351203	-0.4899476019043902	0.2400486526118628	45682.14975950757	374.0827141841432	1.2093313918963986	1.4624824154260807	139937.87705137537	207.8140807776685	-0.0802126095852031	43186.69216946733	0.0064340627364682	235.2952738247357	190.5861591870716	1.125764	33.052734	0.2268013873148751	0.151181597730536	0.0408913121	-0.0051112761	0.0697260602	0.0576076538	0.0031181418	-0.0060625756	-0.1061077877	0.0417302425	-0.0648037124	0.0067080639	-0.0823423674	0.0295818346	-0.0457957937	0.0014216112	-0.0863670157	-0.0897830528	0.0088962637	0.0326794863	0.0235522385	-0.0299242218	-0.0263171875	0.0554833001	0.0684529804	0.0177091411	0.0420004045	-0.0226031669	0.0905809786	-0.0540520829	0.0021633013	0.0368930868	0.0569131694	0.0385376633	-0.073268671	-0.1212191142	0.0124332444	0.0675261242	0.023820093	0.1506403336	-0.0374402257	0.108479186	0.0116237446	-0.0675132031	-0.0781171863	0.0342025064	-0.0257312742	-0.0263584942	0.0148078296	-0.0226270337	0.1428678017	0.0399209982	-0.0098085081	-0.1243899251	0.1131897607	-0.0403113318	0.0542749681	0.0354709006	-0.0353214613	-0.0395546584	0.0047005908	-0.1153034758	0.0200338586	0.0609794546	-0.0164614295	-0.0321907892	0.0255641612	0.0064777769	0.0211676179	0.038608358	0.0454697413	-0.0684115386	-0.0070031434	-0.0668382888	-0.0310293816	0.009203476	-0.1593386153	0.0633011897	0.0057632499	0.065388516	0.020457594	-0.0595641996	-0.0029217094	-0.046980526	-0.0776513025	0.1312803439	-0.0218316478	-0.0425636652	0.1461597011	-0.0191449719	0.1098026698	0.1298033328	0.024803885	0.0225490896	-0.0097342479	0.0322813472	-0.0079685409	-0.1190859854	-0.0657782545	0.0555334187	0.0526064859	-0.1199853304	0.0037149717	0.0361460116	0.1151587851	-0.096594289	0.0168690908	-0.0041286098	-0.0313132026	-0.0271486173	0.0216004236	0.0777907931	-0.1028013631	-0.0003532206	0.1189698251	-0.0695372493	0.0785316931	0.0233445364	-0.0418659738	-0.0891006524	-0.098078528	-0.0356202198911717	-0.000743593035125	5.529306018864107e-07	0.0012688000650954	0.2094412600660007	0.1328662379811476	0.0176534371952629	0.0438656414180341	-0.0233150222109372	0.0698485106109175	0.0005435902606964	0.0048788144345634	0.0011892377792473	7.614369230340002e-05	1.41428649558905e-06	5.797861877594861e-09	0.0008721765993366	-4.9710796636000015e-05	2.47116330218575e-09	7.606920204303561e-07	-0.0005440191881886	-0.0003410064248143	2.9595687711738337e-07	1.1628538176463085e-07	0.0	0.0	0.0	0.0	0.0	0.0	0.0	0.0	0.0	0.0	0.0	0.0	0.0	0.0
212.4211681429523	-1.312661092168014	1.7230791428917231	45122.75267521641	371.3048940103157	-2.777820173827479	7.716284918122924	137867.32431601177	207.2605131008481	-0.5535676768203928	42956.92029082683	0.3064371728203268	235.19920337665548	185.656050312812	1.066851	31.323019	0.1356569927321748	0.0723803890453912	0.0788373944	0.0487429152	-0.0250045805	-0.0611989475	0.0915610333	0.0753235367	-0.0208829984	0.0612302544	0.0124834815	0.0088778855	0.0430747692	-0.0121019679	-0.0460019865	0.0561920799	-0.0368196367	-0.0531752976	-0.1032643047	-0.0128689501	-0.0188555472	-0.0322448256	0.0670888343	-0.0633984786	0.1266099076	0.039391031	0.0073910789	0.0158149491	0.038682533	-0.0244437459	0.1157210445	0.1292590653	-0.0838245068	0.1082882735	0.1202998168	0.0304155027	0.0015737244	-0.1305473776	-0.0018274859	0.1295636746	0.0360834493	-0.0775764595	-0.0443610503	-0.017077508	-0.0070128417	-0.073926187	-0.0050652924	0.1057978894	-0.0231458932	0.0438476024	-0.0167417407	-0.0637118879	-0.1343615379	-0.1110895644	0.0137847105	-0.0679327545	-0.0565710061	-0.0812350852	0.014667873	-0.0745059581	0.0218220327	-0.0967592265	0.0413679931	-0.0282861308	-0.0050345016	-0.0132681265	-0.0056631472	-0.0306763497	-0.0875194297	0.007981382	-0.1507760291	-0.062497573	0.0118330159	-0.0326602909	0.0119313101	-0.040603165	-0.0812284582	-0.0194708475	-0.034366412	-0.0846715611	0.145937539	-0.0044972685	-0.0370647063	-0.0746162228	-0.0519888979	0.0431046607	0.0207924382	-0.0436780111	0.0450146658	0.1128671877	-0.0516392179	-0.1153397015	0.0237235128	0.0365886279	-0.0512876719	0.0358782123	0.0230518645	0.0100154333	-0.0751781006	-0.1050748653	-0.0172450944	-0.066100314	-0.0917015041	0.1076032849	0.0473858352	0.0609663573	-0.0153887553	-0.0790314449	-0.0485442425	-0.066656363	0.0336202718	0.0203138576	-0.0639214689	-0.0596638881	0.1245788527	-0.0440995443	0.0775495743	0.0202787295	-0.0460974375	-0.0917754626	-0.0962455236	-0.0136757311695134	0.0219444887216583	0.0004815605852549	0.0001870256230208	0.2310383452866062	0.0215970852206054	0.000466434090026	0.053378716992773	-0.0755477555899233	-0.052232733378986	0.0057074633746747	0.0027282584362402	0.0013060639033597	0.0001168261241124	1.705802919659176e-06	1.3648343275125898e-08	0.0002661938698904	-0.0006059827294462	3.672150683870664e-07	7.085917636722722e-08	-0.0004691743335287	7.48448546599e-05	2.2012455524209985e-07	5.601752269061554e-09	0.0	0.0	0.0	0.0	0.0	0.0	0.0	0.0	0.0	0.0	0.0	0.0	0.0	0.0
212.3643525638848	-0.0568155790674893	0.0032280100247741	45098.61823987797	371.5057538034685	0.2008597931528015	0.0403446565053862	138016.52510908336	206.67144204870377	-0.5890710521443339	42713.08495849072	0.3470047044744325	233.82171911233897	182.028525537106	1.047087	30.742739	0.1509325459040827	0.0804075382798889	0.0912545311	0.0872244278	0.0355197578	0.1018120874	0.0891932173	-0.0729470039	-0.0158018192	0.017912362	-0.0980407649	-0.017707354	-0.0274185068	0.020766625	-0.0843202724	0.1118385172	-0.0473864057	0.0407090733	-0.0267322931	0.0044140389	-0.0075635881	-0.0770721121	-0.0496482557	0.0743248036	0.0529672393	0.0445395342	0.0555011877	-0.0108202164	-0.0269611101	-0.008931466	-0.1444818699	0.0671834573	-0.0462886104	0.0132749478	-0.0032070533	-0.0892226516	0.0223259335	-0.0708028311	-0.0620757423	0.0264637592	0.0397848979	-0.0771031634	0.0760676396	-0.0224611986	-0.166412384	0.0317702497	0.0303895729	0.0955106629	-0.1725344851	-0.1192143786	-0.0307834525	0.0689096624	-0.0766018165	-0.0328599098	0.0970458412	0.1012709065	0.0679206947	0.0412669259	-0.0559723791	-0.1005431946	0.1112890619	-0.0161263478	0.0548327771	0.0309456151	-0.0650433546	-0.019760655	-0.0719558236	0.0117362783	-0.0373518779	-0.0262000391	0.074806896	0.0283198726	0.0151559344	-0.1424965368	-0.02539527	0.049506902	-0.0357311355	0.0385393438	-0.0008854881	0.0725662241	0.0081666947	0.0279509297	-0.024461028	-0.0873201033	-0.0681205318	-0.0257496075	0.0177087877	-0.0470206523	0.1089463453	0.023197502	-0.0981735102	-0.0606297954	0.0211183685	0.0311721202	-0.1192961374	0.069974376	-0.0353909412	-0.043155837	-0.0937231079	0.0454504738	-0.0474080215	0.010771188	-0.1019243263	0.0367157064	0.1231146662	-0.0632562789	-0.0376882226	0.0837829186	-0.0087801926	-0.0018902296	-0.0060177178	0.0845138783	-0.1446199115	-0.0421056314	0.0724663601	-0.0490334938	0.0765483213	0.01719291	-0.0502265533	-0.0940880769	-0.0938191336	0.0093872929122369	0.0230630240817503	0.0005319030797953	8.812126822013315e-05	0.2721675908947105	0.0411292456081043	0.0016916148442917	0.0740751975334304	-0.0199656435556079	0.0555821120343154	0.0003986269225895	0.0030893711781951	0.0013630030359169	5.693913255720002e-05	1.8577772759186865e-06	3.2420648163663943e-09	0.0001900144480158	-7.617942187460001e-05	5.803304317148286e-09	3.610549045474916e-08	2.0870395637755394e-05	0.0004900447291664	4.3557341407643934e-10	2.401438365838245e-07	0.0	0.0	0.0	0.0	0.0	0.0	0.0	0.0	0.0	0.0	0.0	0.0	0.0	0.0
212.611632587087	0.2472800232021939	0.0611474098748775	45203.70631134648	370.7875830691232	-0.7181707343453354	0.5157692036701184	137483.43175824193	206.73363117849985	0.0621891297960814	42738.794260248	0.0038674878647938	234.4715503352779	177.96107466897234	1.155695	33.931522	0.311274771223785	0.1505835180768551	0.1034476185	0.0046143877	-0.1142412371	-0.1381110611	0.0720694012	0.0013852081	0.0872024745	-0.003452048	-0.0396595345	0.0403407761	0.0518079348	-0.0158939169	-0.0398805094	0.0298572375	0.0564408666	0.0741746128	-0.1034151453	-0.0642157469	-0.0434620377	-0.0695548513	0.0490635105	-0.1035915572	0.0386323826	0.1059692195	0.0179604647	0.0874799231	0.0107326381	-0.0389736584	0.0078566885	0.1243821595	-0.0294565602	-0.0858857765	0.0001757668	0.0093233803	-0.0093787027	-0.0823340422	0.1085323265	0.10977886	0.0842710628	-0.1491853791	0.007442763	-0.1216518251	-0.1012824496	0.0507840043	0.0404248954	0.1371085656	0.0271777914	-0.0630569061	-0.0026807136	-0.1369185721	-0.0085146217	0.0254411995	-0.1088479862	0.0604929591	0.0405443888	-0.1055005086	0.0572073744	-0.0683006786	-0.0069787706	0.0700790248	0.056038204	-0.0575207761	0.0085234897	0.0151658532	-0.0621416015	-0.0307466125	-0.0902091807	0.0474783185	-0.1686028372	0.0632950979	-0.0532261179	-0.0805919744	-0.0291766751	-0.019968884	-0.0247004369	-0.0950418555	0.0319958405	-0.0518231115	0.0996662103	0.066790861	-0.0146004655	0.0478425451	-0.0849236553	0.0765883833	-0.0368365684	-0.0454512523	0.1062878326	0.0094802569	-0.0715668493	-0.0864261629	0.0203552589	-0.0246136622	-0.0003351196	0.0567904348	0.0269588571	0.1188187507	-0.07154292	-0.0988055439	0.0404276423	0.0378825555	-0.1353033486	0.0543238971	-0.0332329236	0.099472555	-0.0459585843	0.029949038	-0.0310757792	-0.1314952955	0.0109469718	-0.0641513838	-0.0358374739	-0.0951211149	0.1137768561	0.0153768988	0.0755281812	0.0140901232	-0.0542441537	-0.0960293686	-0.0908143174	0.0425747085729426	0.0331874156607056	0.0011014045582364	0.0018126058100709	0.2015460706550271	-0.0706215202396833	0.004987399120964	0.0406208185964811	-0.1085303726197466	-0.0885647290641387	0.011778841780981	0.0078437112342042	0.0023481891217375	0.0009851860858205	5.513992151446331e-06	9.705916236945144e-07	-0.0006928776768189	-0.0008828921248347	7.794985040951315e-07	4.800794750339561e-07	0.0005308143101676	0.0005099439145298	2.817638318787052e-07	2.600427959660215e-07	0.0	0.0	0.0	0.0	0.0	0.0	0.0	0.0	0.0	0.0	0.0	0.0	0.0	0.0
213.36972967928023	0.7580970921932249	0.5747112011918228	45526.64154340912	371.9220870902792	1.134504021156033	1.2870993740192087	138326.03886558922	206.79359737195463	0.0599661934547839	42763.591914034085	0.0035959443574565	233.77394145721192	185.9354903781405	1.079079	31.682037	0.2546474938756657	0.1390412742870225	0.0366986334	0.0717277986	-0.0428343388	0.0649721568	0.0363816271	0.0234293681	0.0728787839	-0.0280333441	-0.001897028	-0.0520827802	-0.1092733228	0.0474583011	-0.1098972435	0.0357464656	-0.0036298857	0.0278200201	-0.0209144109	-0.0322988104	0.0171791218	0.0414336996	-0.0082354379	0.0958285121	-0.3901505153	0.0205407035	0.0908081147	-0.0912981415	0.0767249025	0.0514084604	-0.0567946908	0.0014176281	0.1744843002	0.0050450457	-0.2233119461	-0.0080091445	-0.0015289132	0.0350598606	-0.050817724	0.1444164922	-0.1092363725	0.0086237342	-0.0781451762	0.0087535944	0.0241763988	0.0053723145	0.0838308523	0.1051899096	-0.0528704706	0.0556868925	0.0066864231	-0.0097969641	-0.0240154186	-0.1003171635	0.0304082685	0.006308418	-0.0257778676	0.044779592	-0.0188430774	-0.1192667388	0.0277913447	0.0199788814	-0.0157708888	-0.0571256368	-0.0034347854	0.0726862893	0.0154110128	0.1080745159	-0.0396032359	0.1740912593	0.2702434587	0.1294917835	-0.0103317964	0.1407157	-0.0579543922	0.0663172823	0.0328049698	-0.0869970238	0.137966742	0.1498846683	0.0606564333	-0.1129766744	0.0267136424	-0.0020468092	0.0611242612	0.02429228	0.0586287604	-0.0013084645	0.0311670493	0.0844029515	0.0719010475	0.1618125041	0.0205007294	-0.041219965	-0.112310765	-0.0355769253	0.0207099217	0.141122585	0.0371476113	-0.031644772	0.0197109574	0.0923052142	-0.1139537622	0.0267606147	-0.0030352962	0.0207941059	0.0028144437	0.0952104822	-0.083144446	-0.0226374529	-0.0575344465	0.101955597	0.0848399253	-0.0340531429	-0.0412315306	-0.0728398131	0.0744894057	0.0109734311	-0.0581413184	-0.0975916762	-0.0872496007	0.0828402264334613	0.0402655178605187	0.0016213119285757	0.0068625031155471	0.2377954650727787	0.0362493944177516	0.0013140185956537	0.0565466832091791	-0.0026825991440162	0.1058477734757304	7.1963381674764485e-06	0.0112037511497695	0.0017639707127387	-0.0005842184089988	3.1115926753998773e-06	3.413111494130891e-07	-0.0014204160920388	-0.0007275384152199	5.293121456206837e-07	2.017581874522777e-06	0.0006647536483822	0.0001339393382145	4.418974130374455e-07	1.793974632136498e-08	0.0	0.0	0.0	0.0	0.0	0.0	0.0	0.0	0.0	0.0	0.0	0.0	0.0	0.0
214.7985656369494	1.428835957669179	2.0415721939283995	46138.42379969086	372.2129123076359	0.2908252173567121	0.0845793070505788	138542.45208853186	207.61407400904	0.8204766370853633	43103.60372663114	0.673181912002907	235.0408694588983	192.29321821980395	1.212325	35.59417	0.4646525809801926	0.2453864031187908	0.0006422972	0.0143307315	6.9266e-06	-0.0455325506	-0.0087438029	-0.0850258203	0.0290441866	-0.0269813427	0.030987402	-0.0345599652	0.0487487754	0.0271408486	-0.0242965699	-0.1785562027	0.1332145364	0.015242866	-0.0596174522	0.0642382276	0.2403573289	-0.0726384722	-0.0326316615	-0.0734924663	-0.2438608563	0.0036585048	0.153494156	-0.0210163528	0.0492037446	0.2154305424	0.0718301055	-0.0847129181	-0.0299363745	-0.062243602	-0.051985842	0.0494371673	-0.0035967835	-0.0032056686	-0.0034899383	-0.0062763232	0.0482311925	-0.1143232056	0.0556833253	-0.0454654821	-0.1182504561	-0.0292612055	0.0563367632	-0.0833363894	0.0033154105	0.0455898861	-0.0535413275	-0.0699221948	-0.0102336906	0.06593914	-0.1164206528	-0.0155576121	-0.0815194154	-0.0065862954	0.0331374566	-0.0019943518	-0.1861348248	0.0906165149	-0.0141063741	0.1026846133	-0.1172444022	0.1383597931	0.156346912	-0.0345487415	-0.0664453939	0.0596829694	0.041677989	0.1706435193	0.1300503019	0.2468881739	-0.0196015639	0.1432473402	0.0799757788	-0.0791175146	0.0784543701	0.0315901154	0.0952911198	0.1053776161	0.0022514614	0.2260527618	-0.0792012174	0.0745525547	0.0960901516	-0.0367894525	-0.0581825593	-0.0556179135	-0.1000756488	-0.0767843265	0.0140845568	-0.0490385911	0.1112017998	-0.0110028558	-0.1123524508	0.0318995217	-0.1280167276	-0.1046315534	-0.0392438098	-0.0039815567	0.0625205008	0.113333758	-0.0689271607	0.0818484171	-0.0815458379	0.095245919	0.0530848789	0.0362410956	-0.0596520078	-0.1450864727	-0.0683330302	-0.0431082556	-0.0903937596	-0.0570628446	0.0734322509	0.0078459096	-0.0619093949	-0.0987688341	-0.0831469612	0.0245522974975358	-0.0582879289359254	0.0033974826596395	0.0006028153124075	0.0477096939745536	-0.1900857710982251	0.0361326003740068	0.0022762148991455	-0.0913373321570532	-0.088654733013037	0.0083425082455678	0.0078596616856128	0.0018929524995513	0.0001289817868125	3.583269165557514e-06	1.6636301329370973e-08	-0.0001839946894619	0.0012364214025769	1.528737884750229e-06	3.3854045750181014e-08	-0.0005223261208884	-0.0011870797692706	2.728245765623235e-07	1.409158378611541e-06	0.0	0.0	0.0	0.0	0.0	0.0	0.0	0.0	0.0	0.0	0.0	0.0	0.0	0.0
215.6670682705642	0.8685026336147814	0.7542968245958113	46512.28433642019	374.6541013782234	2.441189070587484	5.959404078355783	140365.6956795241	207.4173379404222	-0.1967360686178096	43021.9520782913	0.0387050806951915	234.56865107285248	198.75988839476835	2.191055	64.329964	0.7201656208014443	0.4138799379510774	-0.0660496725	0.0049021911	0.0990705748	-0.0348123019	-0.0413348911	0.0316546752	0.0490650949	-0.2826766526	-0.0013742443	0.0289641858	0.057229336	-0.1796925685	0.1421788535	0.118308493	-0.0484889481	-0.063519274	0.3619521119	-0.2605093851	-0.4891005328	0.0226725073	0.0156593931	0.1972574307	-0.0504511167	-0.0825551081	-0.1258748413	-0.1253662367	0.2879767696	0.1809703252	-0.0644013785	-0.0574057294	0.0679384976	0.0392026039	0.0547428646	-0.0531817867	0.0179183807	0.0022652241	-0.1076297859	-0.0373078818	0.0723312909	0.0154888408	0.1070653224	0.0007096344	0.0113257474	-0.0097369379	0.0200585107	-0.0311309336	-0.0197473461	-0.0769078077	0.0213886968	-0.0128598135	-0.0497864493	-0.0319519068	-0.0621187309	-0.0150057402	-0.043884339	-0.0811609749	-0.0697631063	0.1817122775	0.1751892969	0.0380487284	-0.1332676662	-0.0754147476	0.4118157453	-0.2417835425	-0.3368093666	-0.0225336688	0.0545613274	-0.1075845283	0.343932051	-0.2181302962	-0.1079777704	0.1628875891	-0.1142696712	0.1963271634	-0.0981860684	0.0628196433	0.0493169178	-0.0869825571	-0.0536627289	-0.0164677102	0.0319512122	-0.0448857099	0.0115674339	0.1092754606	0.0576064139	-0.0237355984	-0.1292054303	-0.0397306968	-0.0478907265	-0.0255106726	0.0331887457	0.1810433086	0.0280041869	-0.0845466046	0.040638064	0.0947117726	0.2807186976	0.1189744877	0.1695509369	0.2796419491	-0.1964738391	-0.3008044824	-0.0369722212	-0.0830135521	-0.0100393366	-0.1177211703	-0.1547245442	0.2792434585	0.2135777708	0.1213282364	-0.1319023714	0.1951125364	0.1105155981	-0.0097824496	0.0723569779	0.0047106451	-0.0655400171	-0.0995561965	-0.0785316931	-0.0638733488605254	-0.0884256463580612	0.0078190949338409	0.0040798046946583	0.297788518713574	0.2500788247390204	0.0625394185828496	0.0886780018776246	-0.097638290247211	-0.0063009580901578	0.0095332357223986	3.970207285392512e-05	0.0063033353458148	0.0044103828462634	3.973203648179818e-05	1.9451476850615327e-05	0.0011011552681723	0.0012851499576342	1.651610413607186e-06	1.21254292462361e-06	-0.0023339971492748	-0.0018116710283864	5.447542692822893e-06	3.282151915094636e-06	1.0	0.0	0.0	0.0	0.0	0.0	0.0	0.0	0.0	0.0	0.0	0.0	0.0	0.0
216.6116951470308	0.9446268764666002	0.8923199357430455	46920.6264744702	377.12739233184885	2.473290953625451	6.117168141285493	142225.07004702024	208.2652265130316	0.8478885726094063	43374.40457452436	0.7189150315616165	235.6403547369085	206.5737925264609	1.394753	40.950317	0.124365384240704	0.0646571715965701	-0.0991929726	0.018057579	0.1956918886	0.0141492174	-0.0782050061	0.0240672706	-0.0951700225	-0.2719219625	-0.0050311754	-0.0552987813	0.0004519064	-0.1863997805	0.1543186491	-0.0238732279	-0.0288463897	-0.1841162444	0.1564768801	-0.0418015262	-0.0227552326	-0.0121571815	0.0688179503	-0.0357460945	-0.1384480368	0.0891080308	-0.0668706946	0.1412244511	-0.0088740375	0.1257394899	-0.1415687258	-0.0985722414	0.0616485788	0.048473598	-0.0375022206	-0.1006763886	-0.1561655639	0.005382134	0.076613992	-0.0019846456	0.0563993389	0.0930445102	-0.1371319563	-0.1388938608	0.02291443	0.0083767908	-0.0039589415	0.0825403193	0.092055842	0.077873132	-0.1933619295	0.0704703721	0.0836656384	0.1348834546	0.0124169368	-0.1276391167	-0.0554239474	-0.0689976851	-0.0967699838	0.2161675263	0.0465224016	-0.0818347025	-0.1407595054	0.0862111625	0.1492839209	-0.0120665558	0.0027969098	-0.0366561801	-0.0239992788	-0.0194562713	0.084526226	0.1327490485	-0.2100813237	0.052051631	0.1252264199	0.132706995	0.1182135561	-0.087162972	0.0967579001	-0.0248864072	-0.1889146954	-0.0964758474	-0.1463089711	0.0594533607	0.0835529567	-0.0005364376	0.0609067697	0.0061965008	0.128553814	0.1134810759	0.0707573198	-0.0026036197	0.0351821525	0.1836974502	0.0748078366	-0.029158203	-0.0253670544	0.0339501319	0.1724704798	0.1119726939	-0.0665638212	0.2252132424	0.019288166	-0.286782597	-0.113669649	-0.1080677972	0.1416943666	-0.0124969982	-0.1230372325	0.096769634	-0.1126927741	-0.0545015977	0.0523972827	-0.0644860327	-0.0484554185	-0.014882814	0.0712638519	0.0015707317	-0.069025124	-0.099950656	-0.0734322509	-0.0682681313911217	-0.0043947825305963	1.9314113491234445e-05	0.0046605377636354	0.2571895346087132	-0.0405989841048607	0.0016482775103467	0.0661464567122464	-0.073117390269779	0.024520899977432	0.0053461527598631	0.0006012745357032	0.0058130152775749	-0.0004903200682398	3.379114661731919e-05	2.404137693187799e-07	0.0014300327511294	0.000328877482957	1.0816039879619754e-07	2.0449936693027204e-06	-0.0020561803479155	0.0002778168013592	4.227877623153907e-06	7.718217511751266e-08	0.0	0.0	0.0	0.0	0.0	0.0	0.0	0.0	0.0	0.0	0.0	0.0	0.0	0.0
215.5973645745392	-1.0143305724915876	1.028866510291112	46482.22361148677	378.716657035776	1.5892647039271424	2.5257622991486275	143426.30631635358	208.4659794241832	0.2007529111515964	43458.06457728397	0.0403017313358407	236.68398702037223	204.95285430668187	1.265395	37.15234	0.0873672283869707	0.062435364682856	-0.0568425954	-0.016709179	0.1689090225	-0.0122882093	-0.0679453519	0.0963866433	-0.2336039556	-0.191388128	0.03461767	-0.0549303524	-0.0392099751	-0.1574321347	0.1333276618	-0.0632634395	0.0087568997	-0.200133382	0.0257721908	0.0416018069	0.1334573195	-8.65729e-05	0.0213490762	-0.0674001224	-0.0231020904	0.0656686445	-0.0809648129	0.2733297013	-0.0335964905	-0.1107922567	-0.0563945208	-0.0090992116	-0.0593970724	0.0358632238	-0.038253609	0.0970066896	0.0176137493	0.0035247334	0.016141718	0.0574670048	-0.0590149575	0.0621674359	0.0174060797	0.0317393749	0.0103041849	-0.1089744052	0.0349160864	0.0886576941	0.0305698579	-0.0107807618	-0.0256095186	0.0872706879	0.093404815	-0.0593003516	0.0554451016	0.0902698046	0.1759664524	-0.1189837241	-0.0492736377	0.1743710822	-0.0382375919	-0.1662033135	-0.1049700891	0.1166652094	0.0036447919	0.022090297	0.0827170566	0.0764077053	0.0057215852	0.0862284185	-0.1795910727	0.0363586754	-0.1305396061	-0.0636337942	0.1557147241	0.0048375582	0.1725718363	-0.0670728831	0.0958502219	0.0610281267	-0.017753452	-0.0992708506	0.0567984373	-0.0116703573	0.0085894612	-0.0812495521	-0.0288184507	-0.0151536656	0.0649972122	-0.0454015841	-0.1131673448	-0.0371253005	0.0244879157	0.1499422509	0.0712970127	-0.0252524063	-0.0184626877	0.0005853936	0.0421002269	0.1235294029	0.0458550805	-0.1055291191	0.0086487725	-0.0200662779	-0.1143463568	0.0084761038	0.0992527719	-0.0893871813	-0.0156606757	0.028938852	-0.1877295641	-0.1065423872	0.2012013027	-0.218409605	-0.0377061527	0.0841896763	0.0701531426	-0.0015707317	-0.0723569779	-0.099950656	-0.0678800746	-0.0734654036467929	-0.0051972722556711	2.7011638899569557e-05	0.0053971655329862	0.2695598004972481	0.0123702658885349	0.000153023478153	0.0726624860441162	-0.0633550436306293	0.0097623466391496	0.0040138615534389	9.530341190291738e-05	0.0047431121093076	-0.0010699031682673	2.2497112481460396e-05	1.1446927894684065e-06	0.0014989857225198	6.895297139040014e-05	4.7545122635653404e-09	2.246958196318207e-06	-0.0021180710803301	-6.189073241459966e-05	4.486225101330716e-06	3.830462758815578e-09	0.0	0.0	0.0	0.0	0.0	0.0	0.0	0.0	0.0	0.0	0.0	0.0	0.0	0.0
213.6896037112515	-1.9077608632877057	3.639551511492253	45663.24673427171	374.4554184941621	-4.2612385416139205	18.158153908535933	140216.86043963805	207.1889994185706	-1.276980005612586	42927.28148006845	1.63067793473432	235.1696361440557	198.2152141100954	1.129394	33.159302	0.2527374639904498	0.1896448779814068	0.001838641	0.062815954	0.1625341455	0.03955482	0.0714062825	0.116235132	-0.0929260443	-0.1304550861	-0.1213851094	-0.0217013665	0.1343128432	-0.1294957411	0.0551247801	0.1965771889	-0.0147025136	-0.1690466414	0.036023179	0.0273562053	0.0017381496	0.0064120109	-0.1567049429	-0.0091423772	0.0134822247	0.1502919103	0.033921639	0.0356500177	-0.1164344213	0.011585341	-0.0294966112	-0.0807347907	0.0010124207	0.0668882438	0.0214386922	-0.0158752416	0.0222559529	-0.0657498108	0.0091292506	-0.0485686243	-0.0281852539	-0.0991552775	-0.1624688437	-0.0345275732	0.048583848	-0.048792571	-0.0883651647	-0.1250158748	-0.0164924397	0.1150355723	-0.0416206046	-0.0316089661	-0.0638611696	-0.0505990096	-0.0037653439	0.0628030356	-0.0901041802	-0.1094231917	-0.0570896506	0.0332630409	0.2046315806	-0.1557974397	-0.0819983084	0.0802828348	0.0241562054	-0.0346893953	-0.0069624412	0.0646382014	-0.0087947474	-0.1567527726	-0.0349601078	0.1636177225	0.027403569	-0.0119024252	-0.004163514	-0.0090612784	0.0722006033	-0.0083657745	-0.025349617	0.0680193821	0.0830219247	-0.0407333378	-0.0641682785	0.0153993315	-0.0419608231	-0.0634666712	0.0889534795	0.0734232782	-0.0163709982	0.0864695209	0.0916026502	-0.0738276127	0.0127433348	0.2470078313	-0.0574364143	0.0777747325	0.0667854146	0.0230974916	0.0774062579	0.0903084929	-0.0955500386	0.0528507863	-0.0444061772	-0.0883391672	0.0261802578	-0.0239067107	0.1219790221	-0.0922999208	0.0604802664	-0.0868780849	-0.1414825703	-0.0703414101	0.0195907605	0.0231484117	-0.1209779113	-0.0233508594	0.069025124	-0.0047106451	-0.0755281812	-0.0995561965	-0.0619093949	-0.0777010648962885	-0.0042356612494956	1.7940826220478682e-05	0.0060374554860172	0.4528188405331121	0.183259040035864	0.0335838757548664	0.205044902341752	-0.0672996269829795	-0.0039445833523502	0.0045292397920481	1.555973782363839e-05	0.0049921196934002	0.0002490075840925	2.4921259033234103e-05	6.20047769356331e-08	0.001992020179327	0.0004930344568072	2.430829755991708e-07	3.968144394845973e-06	-0.0026019926264851	-0.000483921546155	6.770365628282828e-06	2.3418006283304598e-07	0.0	0.0	0.0	0.0	0.0	0.0	0.0	0.0	0.0	0.0	0.0	0.0	0.0	0.0
212.2824122933117	-1.4071914179397993	1.980187686723423	45063.822569067575	372.1409610378016	-2.314457456360458	5.35671331730252	138488.8948821386	206.78559916720968	-0.4034002513609209	42760.28402294191	0.1627317627980542	234.46985339259243	182.8857504172904	1.034942	30.386171	0.2919224761982388	0.2120677373373458	0.0837081045	0.0559166888	0.0253849678	0.0105382147	0.1412553229	0.0495708346	-0.0791705339	-0.072855519	-0.0278041054	-0.0382840081	0.0760818726	-0.1088554061	-0.0181455466	0.0985092093	0.0874758337	-0.0898262281	-0.0354819744	0.0992738626	0.0511186403	-0.0029996059	0.0199240531	0.0402670405	0.0519933863	0.0590536961	0.0091711882	0.1124716365	-0.0891674603	0.1439883471	-0.0132729011	0.0027646001	0.0157752649	0.0185606991	-0.0041220827	-0.0746816247	0.0508096374	-0.0275952215	-0.0143202604	-0.0039801205	-0.0402463705	-0.0467945586	-0.0012977254	0.1428716798	0.0333437054	-0.1034991258	0.0197063631	-0.0907388981	0.1625672351	0.0148414206	-0.0678666436	-0.0580532421	0.0094594436	0.1132710525	0.146079961	-0.0333250465	-0.0830797124	-0.1029266196	-0.060324232	-0.029863131	0.0861833167	-0.0579254925	-0.0976024797	0.0529728159	-0.116402672	-0.0060024402	-0.0028423151	-0.0596392488	-0.0038067173	-0.1010017028	-0.0748690628	0.0474197674	0.0143636442	0.0181722879	0.1653879556	0.0270886428	0.1252328391	-0.0227376369	-0.0078665766	0.0350072595	0.0145810188	-0.0377598269	0.0654902579	-0.0147075987	-0.0861245515	0.009069411	0.0500488019	0.0533203813	-0.0379951983	0.1314099896	-0.0601578221	0.0249676961	0.0148300017	0.1772020353	0.021110338	-0.0203392602	0.0590394458	-0.0507796258	-0.0722861314	0.0292049571	-0.0784986573	0.0416039109	0.0602210731	0.0333697848	-0.0366598646	0.0778757274	0.1188941816	-0.0344352585	-0.0309399511	-0.0632709339	-0.1145392393	-0.097758342	0.0026662021	-0.0892577249	-0.1385235898	-0.0129865993	0.0678800746	-0.0078459096	-0.0785316931	-0.0987688341	-0.0555570233	-0.0938806653514205	-0.016179600455132	0.0002617794708877	0.0088135793268254	0.255064323481875	-0.1977545170512371	0.039106849014168	0.0650578091132665	-0.0091288758364598	0.0581707511465197	8.333637403749963e-05	0.0033838362889503	0.0046696970362257	-0.0003224226571744	2.1806070410135087e-05	1.0395636985946508e-07	0.001992767655442	7.474761150000168e-07	5.587205424955184e-13	3.9711229285758055e-06	-0.0026751746441026	-7.31820176175001e-05	7.156559376449472e-06	5.3556077025680955e-09	0.0	0.0	0.0	0.0	0.0	0.0	0.0	0.0	0.0	0.0	0.0	0.0	0.0	0.0
212.405196172422	0.122783879110301	0.015075880969373	45115.96736104507	371.5599389517549	-0.5810220860467439	0.3375866644741098	138056.78823383182	206.25371578867384	-0.5318833785358379	42540.595276635046	0.2828999283626974	233.8223682237459	181.05635661521424	0.952139	27.955038	0.2232931956060393	0.1299947952541794	0.0940924837	0.0187149702	0.0367978254	0.0028324992	0.1182007549	0.0140501247	0.0039342652	-0.0858703807	-0.0081171092	0.0341394906	-0.0027775475	-0.1149126573	-0.0142028417	0.0774602552	0.1391097643	0.0471556138	0.0169875052	0.1593786028	0.0138020343	0.0298060961	0.1235540707	0.1299710702	0.0918431865	-0.0770959912	-0.0421189988	0.133804918	-0.0159302112	0.0310074554	0.0318528194	0.0055585761	0.1020699962	0.0560975246	-0.111053656	0.1117789296	-0.0164671025	-0.0307453277	0.062699034	-0.0756977683	-0.1719642253	0.0084610246	-0.029243154	0.0264441312	0.1098877366	-0.0007263169	-0.042201792	0.0073616882	-0.0875962981	-0.098448461	0.1080871883	0.0430898727	0.0287410941	0.0056977514	-0.0567792971	0.0625605558	-0.069427663	-0.0810336052	-0.0764824938	-0.0103726515	0.0791416927	0.0875314191	-0.1143037515	0.0145785923	-0.1622814025	-0.0535065934	-0.0190842284	-0.0904768848	0.0910205514	0.0097143361	-0.0523077362	-0.1135804347	-0.0283193356	0.0163209139	0.1248094906	0.0424237533	0.0412120446	0.0109046152	0.0248662681	-0.0293092743	0.0787299565	-0.150141865	0.0271251815	0.0243298971	-0.0165313443	-0.1032480292	0.0239991867	0.0853908517	-0.0872177673	-0.0321131516	0.0330300044	0.1267623871	0.0179895337	0.1470186973	0.045556064	-0.1081223893	0.0536908591	-0.0989396431	-0.0815556127	0.0736929771	0.0293457035	0.0820030364	0.0770178113	-0.0125162282	-0.0681350853	0.1085123378	-0.121063586	-0.0819492336	0.0491436747	0.0277875371	-0.0611368412	-0.0213531087	-0.0630276846	-0.0868214292	-0.0616412954	0.0003451222	0.0667182767	-0.0109734311	-0.081360845	-0.0975916762	-0.0488621241	-0.0935992763848361	0.0002813889665844	7.917975051543841e-08	0.0087608245397649	0.1751788263859026	-0.0798854970959724	0.0063816926462706	0.0306876212139422	0.0581319238459627	0.0672607996824225	0.0033793205700328	0.0045240151739189	0.0038460830755641	-0.0008236139606616	1.4792355024140604e-05	6.783399561966879e-07	0.0016781404650372	-0.0003146271904048	9.89902689420183e-08	2.81615542039527e-06	-0.0030542436902574	-0.0003790690461548	9.328404519477142e-06	1.4369334175271e-07	0.0	0.0	0.0	0.0	0.0	0.0	0.0	0.0	0.0	0.0	0.0	0.0	0.0	0.0
213.68064952283456	1.2754533504125618	1.626781249078629	45659.41998050045	373.3453156533682	1.785376701613302	3.187569966663593	139386.72472031313	206.64918137809408	0.3954655894202403	42703.88416423643	0.1563930324154981	234.0951715713745	185.0516701105896	0.969246	28.457306	0.0550891434264475	0.0282335505753431	0.0494767973	0.0583454439	0.0118564136	-0.0117940175	0.027182572	-0.0050180229	-0.0076089382	-0.121017376	-0.0815425311	-0.0250638691	-0.0944121328	-0.121989217	0.009726763	0.0447721148	0.1499093388	0.0680564459	0.0082203827	0.195357594	0.0802651614	0.0580787047	0.0779682048	0.0852167791	0.0040229331	-0.0415973238	-0.0552708721	0.0484259078	-0.0441905736	-0.0422715739	-0.0332581411	0.022985478	0.1277198698	0.0071415465	-0.0593789041	0.012963698	0.0524193938	-0.0182722237	-0.0204643053	0.025573691	-0.0261759444	0.0101200722	0.1389906048	0.003645131	0.0047129131	0.1325038708	-0.0076568406	-0.0148686049	-0.0670365839	0.0083140822	0.0936401998	0.0165761212	-0.0629684264	0.034854079	-0.0726542833	0.0621882767	-0.055681938	-0.0859399578	-0.0544994291	0.0234980802	0.0477238186	0.134795766	-0.1137836147	0.0374498425	-0.1908897854	-0.0148563127	0.0939471004	-0.0348753438	0.1183100113	0.0642199194	0.0135751004	-0.0225153747	-0.076348396	-0.051689726	0.0605267663	-0.0623457292	-0.020244318	0.1322020194	0.0041443172	0.0292063495	0.0220522336	-0.1079381177	0.0487466968	0.0081861107	-0.0300994896	0.0396918878	0.0282508424	0.0405132328	-0.0912914672	-0.1352957208	0.0459722701	0.0547390323	0.0119962614	0.1360335106	0.0630895051	-0.102654062	0.0253575392	-0.0956755706	-0.1079590168	0.0689449615	0.0461313682	0.0152593497	0.1331700542	0.0039925663	0.0600621388	0.0459748297	-0.0084964968	0.0864261771	0.0337597259	-0.0319434407	-0.0516071788	-0.0491489524	0.029836716	-0.1078882505	0.0084634925	-0.05183227	0.0655400171	-0.0140901232	-0.0840093554	-0.0960293686	-0.0418659738	-0.0814035427696353	0.0121957336152008	0.0001487359184129	0.0066265367754478	0.1749614798773535	-0.000217346508549	4.7239504778483516e-08	0.0306115194408735	0.0379278957937501	-0.0202040280522126	0.0014385252793415	0.0004082027495345	0.0038169013180101	-2.918175755399965e-05	1.456873567142724e-05	8.515749739404156e-10	0.0019689286064188	0.0002907881413816	8.45577431681655e-08	3.876679857174279e-06	-0.0029247728841833	0.0001294708060741	8.554296424053899e-06	1.676268962547728e-08	0.0	0.0	0.0	0.0	0.0	0.0	0.0	0.0	0.0	0.0	0.0	0.0	0.0	0.0
213.8157833627896	0.1351338399550457	0.0182611547009959	45717.18921504338	374.98025577278224	1.6349401194140682	2.6730291940696875	140610.19221942118	206.68327155967185	0.034090181577767	42717.97474260906	0.0011621404800051	234.2689836872472	190.4730494073852	0.786595	23.094637	0.1986340671404944	0.1062760705693269	0.0243204991	0.048026646	0.0469038706	-0.0266700081	0.0073357064	0.0629626867	-0.0263012688	-0.1344828579	0.0121329013	-0.028577376	-0.0001534172	-0.1060960573	0.0222070934	0.1226262798	0.1097012285	0.01833234	0.0296027232	0.1682141591	0.0529197181	0.0156038288	0.0386470061	0.0597603006	0.0218872322	-0.071952731	-0.0250698972	0.0749414627	0.0007864313	-0.1308616951	-0.0370644346	-0.0048468775	0.0661202727	-0.0083195612	-0.0050189756	-0.0132249767	0.0516777832	-0.0108889444	0.0555097749	-0.0258846455	0.0360521734	0.0319131673	0.085826808	-0.003144218	0.0511623296	0.1318352634	0.0443778603	0.0136636562	0.1025348619	0.0555521444	0.0289232392	0.191311559	-0.0216532249	0.0421549094	-0.0856576518	0.075436804	0.0429248243	-0.0860132463	-0.041519731	0.0132782285	0.116403946	0.0730618279	-0.1183715683	0.0457743427	-0.1205910425	-0.0493768172	0.0597697472	-0.0073947763	0.1073984793	0.0815983644	-0.1141499986	-0.0294971695	-0.0309395968	0.0022779319	-0.0499467021	-0.0277468339	-0.0093338555	0.0968836032	0.004469175	-0.0278202513	-0.05183143	-0.1100177819	0.067189533	-0.028428363	0.0137366274	-0.0058595675	0.0526727812	0.0216882799	0.0674554205	-0.1561504844	0.0175814363	0.079140605	0.0030140568	0.1753512195	0.0354099884	-0.0497424473	0.0431003087	-0.0528749977	-0.0548074285	0.0744152429	0.0480578952	-0.0443835992	0.0634555122	-0.0155177154	0.0165045421	0.0870437854	0.0080622199	-0.014548397	-0.0085596584	-0.0921289771	0.0711276188	-0.0980522604	-0.0427354956	-0.0557769959	-0.0079520794	0.0082198883	0.0643455865	-0.01719291	-0.0864713441	-0.0940880769	-0.0346117057	-0.0925098208861641	-0.0111062781165288	0.0001233494136016	0.0085580669603901	0.2630094552396542	0.0880479753623006	0.0077524459654003	0.0691739735454596	-0.0237801191998698	-0.0617080149936199	0.00056549406916	0.0038078791144528	0.0035879192063242	-0.0002289821116859	1.2873164231110076e-05	5.2432807472134026e-08	0.001571034178655	-0.0003978944277638	1.583199756454819e-07	2.4681483905021907e-06	-0.0030533323180945	-0.0001285594339112	9.322838244720331e-06	1.6527528047568264e-08	0.0	0.0	0.0	0.0	0.0	0.0	0.0	0.0	0.0	0.0	0.0	0.0	0.0	0.0
212.6929960261953	-1.122787336594314	1.2606514032165532	45238.31055859912	373.1081436708334	-1.8721121019488576	3.5048037222633703	139209.68687349526	206.488278233007	-0.1949933266648429	42637.409047631714	0.0380223974438221	233.8081168469724	184.1904913802157	0.874274	25.668917	0.1956997800271924	0.16197148464127	0.0570009975	0.0581893273	-0.0242534281	-0.0111421511	0.0683758318	0.0335961334	-0.054229947	-0.079126269	-0.0163542308	-0.0826258857	-0.0297372231	-0.0555727468	-0.0262188766	0.2559946618	0.0564885369	-0.0400115296	0.0195440899	0.1276774432	0.0572098209	0.0301230884	-0.1724369959	-0.0236666007	0.0263561797	-0.0200272835	0.1247288073	-0.0931996892	0.0028330303	-0.0080666491	0.1303077877	-0.0377732825	-0.0397822085	0.0241263099	0.040251014	0.0250812207	0.0928876138	0.0410485565	-0.1084984516	-0.1039639911	-0.0468641979	-0.0288457556	-0.097083086	0.0663759008	0.0124366868	0.000262582	0.0909379175	-0.0006851532	0.0693958505	0.0782583432	-0.0431154759	-0.1351858465	0.0098979417	-0.0605199593	0.007185844	-0.0741542922	0.2025669963	-0.0705412595	-0.0155394285	-0.0687051806	0.2305955713	0.0160458183	-0.0697490152	0.0452767024	-0.0654644939	-0.0431746886	0.1285781023	0.0965166084	0.0581066146	-0.0603763204	-0.0292721479	0.0606447842	0.1711455981	0.0351895316	-0.0536219413	0.0023157071	-0.1264660326	-0.037981641	-0.0508412416	0.0745879081	-0.0303428295	0.1045207672	0.075851228	-0.0812977639	0.0753846632	-0.0875696349	-0.0115111813	-0.0168802428	-0.1365899508	0.0700320271	0.0605075903	-0.0387413968	-0.0142367704	0.2123302291	-0.0630895638	0.0493660149	0.1038298305	-0.0316546631	-0.0454857766	0.0681443824	-0.044031711	-0.0544713958	-0.0036520772	0.0854614245	0.1088394604	0.1048913089	0.0812633886	0.0395325026	-0.0094126305	-0.1108741277	0.0675935819	-0.0036439152	-0.0205710073	-0.0071969833	-0.0109302784	0.0816038101	0.0631352795	-0.0202787295	-0.0887413447	-0.0917754626	-0.027144045	-0.0922756519828595	0.0002341689033046	5.4835075274881265e-08	0.0085147959488618	0.4261212325456966	0.1631117773060424	0.0266054518959359	0.1815793048262636	-0.0237870049878452	-6.88578797539835e-06	0.0005658216062917	4.7414076042140505e-11	0.0033229291968064	-0.0002649900095178	1.1041858446988426e-05	7.021970514424389e-08	0.0018372446299059	0.0002662104512508	7.086800435520779e-08	3.375467830118068e-06	-0.0031690708179232	-0.0001157384998286	1.004300984901242e-05	1.3395400342597969e-08	0.0	0.0	0.0	0.0	0.0	0.0	0.0	0.0	0.0	0.0	0.0	0.0	0.0	0.0
212.91592028624493	0.2229242600496377	0.0496952257186785	45333.1891113386	371.6480719090584	-1.460071761774998	2.131809549532746	138122.28935372064	206.6048544018313	0.116576168824281	42685.56586240191	0.0135900031377472	234.03042483974147	182.5602034663231	0.883237	25.93207	0.2462951471760037	0.1824885515402034	0.072475738	0.0757671899	-0.0120665953	-0.0441165243	0.087569177	0.0068881459	0.0642936862	-0.0860444799	-0.0110287635	0.016016327	0.0257799122	-0.0515516472	-0.0206857101	0.1504896663	0.0829826819	-0.0308140553	-0.0334930045	0.0717574992	-0.0242921486	0.0215542221	0.0297600162	0.027727114	0.1555753541	-0.089539856	0.0315417117	-0.0336418601	-0.0494707928	0.0044015894	0.0265469425	-0.0205075188	-0.0266159803	0.022618619	-0.0113176041	-0.0462703684	0.080503258	0.1659608746	-0.0624037665	-0.0917261931	-0.1083677377	0.1180192007	-0.1228096062	0.0281123274	-0.0147836758	0.1109244428	0.1092041764	-0.0315601011	-0.1390973164	-0.0040339779	-0.0641337352	-0.0261198112	0.0247083656	0.125454236	0.0068826373	-0.015714226	6.2611e-05	-0.0832449186	0.0005212202	-0.055906691	0.127342953	0.0507247293	-0.0674418768	-0.0230311564	-0.0538586602	-0.0298473035	0.0593570567	-0.1006688941	0.0256624799	-0.0897782444	-0.0065284804	-0.0847193712	0.0763562664	-0.0352628649	0.0180452372	0.0269310899	-0.0608365262	0.0298898321	-0.0376191728	0.0119363485	0.06757689	0.0787333981	0.0633772583	-0.1151790814	0.0541193485	-0.0627561862	0.0275470354	-0.0295915253	0.1303148152	-0.1075395743	0.0779386146	0.0922217538	-0.0049112939	0.160545844	0.0046583588	-0.0308677779	0.0532663014	-0.0203600596	-0.0691266379	-0.0643625575	-0.123847389	0.0465159524	0.0281158747	0.0265787325	0.0183286686	0.1249315658	-0.1031084815	-0.0353960955	0.1407433376	0.0575022475	0.061881432	-0.0387437225	-0.0884854094	-0.0007461172	0.0051147839	-0.0790803919	0.0619093949	-0.0233445364	-0.0908143174	-0.0891006524	-0.0195090322	-0.0746989719461197	0.0175766800367398	0.0003089396811139	0.0055799364098071	0.2497983399835845	-0.1763228925621121	0.0310897624414701	0.0623992106585544	-0.024132297624142	-0.0003452926362968	0.0005823677886201	1.1922700468079458e-07	0.0032668268188294	-5.610237797699968e-05	1.067215746422302e-05	3.147476814674138e-09	0.0013646669917626	-0.0004725776381433	2.2332962407309978e-07	1.8623159984063843e-06	-0.0026567451952264	0.0005123256226968	7.058295032358562e-06	2.624775436716639e-07	0.0	0.0	0.0	0.0	0.0	0.0	0.0	0.0	0.0	0.0	0.0	0.0	0.0	0.0
214.3248397617907	1.4089194755457868	1.9850540885722148	45935.13693891727	373.4985673357617	1.850495426703333	3.4243333242499494	139501.17980186653	207.42881306924824	0.8239586674169459	43026.71249131713	0.6789078856115093	234.47486479265672	185.2124459432828	1.178758	34.60865	0.3734563594233668	0.1920066768931765	0.0340075695	0.0312095965	-0.0580232092	0.0324883862	-0.0249973454	0.0086269431	0.0906053732	-0.0665915219	-0.0209380886	0.0195987068	-0.1007185394	-0.0236617266	-0.0008316602	-0.0816571277	0.095638798	-0.0319241326	0.0025965154	0.1087817584	0.0302558465	0.0271413362	0.0787229362	0.072407638	0.0452476839	-0.0068151849	0.0559869648	0.0224345927	-0.0091618489	-0.0650462639	-0.0143784608	-0.1328379548	0.0564376932	-0.0550929933	-0.106628091	0.0020853672	-0.0931148213	-0.0356910511	-0.0982912927	-0.0588516395	0.0588997659	-0.0073274761	-0.0242430352	-0.071772353	-0.0787057708	0.0142056748	-0.0781350636	0.029401376	-0.0240440303	-0.1148290921	0.0406713861	-0.0185529855	-0.0064224888	-0.0487252422	0.1500391621	-0.1224379657	0.0238477526	0.0080466786	-0.0293077579	0.0157710071	-0.0741614985	0.0515011931	-0.1220331236	-0.0021742332	-0.0945224934	0.0230592775	0.0510841986	-0.10706045	0.1101331312	0.0075018671	0.0025850303	0.0399667824	-0.0848206708	-0.0470298453	0.0141997001	0.0351217294	-0.1184478184	-0.0167617014	-0.0273244247	0.1292336734	-0.0507822183	-0.0345680647	-0.086899931	0.0500326189	0.1506591665	0.0084797887	-0.0261544361	-0.0077362384	-0.0417187472	0.0174478561	-0.0491036344	-0.0804353124	0.0026369079	0.0336281255	0.0715701952	-0.1244002442	0.0073690278	-0.0601903793	-0.0994254575	0.0365864765	0.0415733767	0.0280555788	0.1571145144	-0.0490595039	0.0616716854	0.0006321083	-0.010438382	0.0480082726	0.0141407545	-0.0468369923	0.0297076932	0.0009176481	0.0695850275	-0.0917518647	0.0738722699	0.0015811522	0.0606682351	-0.026387305	-0.0926856596	-0.0860742027	-0.0117537397	-0.0229841482231307	0.0517148237229889	0.0026744229926998	0.0005282710695428	0.1083442616208429	-0.1414540783627416	0.0200092562854526	0.0117384790261656	0.0434717251102512	0.0676040227343932	0.0018897908840612	0.0045703038898723	0.0033500194621987	8.319264336929984e-05	1.1222630397110068e-05	6.921015910771508e-09	8.914568902840259e-06	-0.0013557524228597	1.838064632090109e-06	7.946953872348657e-11	-0.0018420215693906	0.0008147236258357	3.3930434621002094e-06	6.637745864950325e-07	0.0	0.0	0.0	0.0	0.0	0.0	0.0	0.0	0.0	0.0	0.0	0.0	0.0	0.0
214.46969751991648	0.1448577581257666	0.0209837700892231	45997.25115428447	374.67706020691054	1.1784928711488192	1.3888454473485874	140382.89944529286	207.5249273178225	0.0961142485742527	43066.595458267504	0.0092379487789932	234.78171289862087	189.6362672988284	1.018536	29.904491	0.2087857960869713	0.1185507120782271	0.0121104569	-0.0813610345	0.0355612689	0.0323253635	-0.0373228923	-0.0417100327	-0.0923286789	0.0242208709	0.1405907001	0.0320986185	-0.0483308809	-0.0219070252	0.0395090019	-0.0112318844	-0.0268054441	-0.0020251598	0.0414733562	0.1062143628	-0.008896916	0.0734789231	0.0057715322	-0.0012129375	0.1557380683	-0.0453112397	-0.0174184077	0.0302456269	0.0418311139	-0.0797943166	0.09346327	0.0767612718	-0.000477005	-0.0913085124	0.0165115851	-0.0861156323	-0.1839711414	0.0578699974	-0.0337157031	0.1455432094	-0.0033466941	0.0972578893	0.0903858854	-0.0608785651	0.0091170546	-0.0946002044	-0.0779149817	-0.0681404614	0.0195188471	-0.0178503148	0.1045840572	-0.0856191888	-0.011645307	0.0529411371	-0.0089900223	-0.0319008697	-0.0482086031	0.033963061	-0.0435407792	0.062568404	0.0025896264	-0.0143280998	-0.0215896253	-0.000842328	-0.052446687	-0.0875629004	0.0533856183	0.0298434923	0.0869117175	-0.027499488	-0.1012363492	-0.1707096344	-0.0126525095	-0.0155738582	0.0539129119	-0.0451727105	-0.0346447527	-0.0011518436	-0.0618077318	0.0381769559	-0.0799944181	-0.0352748446	-0.1212244546	0.1704804545	-0.0017777165	0.1460277661	-0.2049635448	-0.0712719053	0.0470198068	0.0379055661	-0.0361659631	0.0593809531	-0.0027340762	0.0012941835	0.0152206212	-0.0616945522	0.060091972	-0.1127265884	-0.0251356021	0.1777092917	0.0865754989	-0.0382342491	0.0962350018	0.0782802267	-0.0684997242	0.0941286186	-0.0210961582	0.0523025802	0.0106082114	0.0705363401	-0.0132959813	0.0617473911	0.0126036889	0.0423597822	0.0236618905	0.1154817318	0.0594121063	-0.0294040325	-0.0943512164	-0.0827080574	-0.0039259816	0.0013978807637471	0.0243820289868778	0.0005944833375169	1.954070629654176e-06	0.1965735347167054	0.0882292730958625	0.0077844046310242	0.0386411545510197	0.1123093929354652	0.068837667825214	0.0126133997415327	0.0047386245116145	0.0033015617793244	-4.845768287430009e-05	1.0900310182695698e-05	2.348147029546236e-09	-0.0004880394910113	-0.0004969540599141	2.469633376651469e-07	2.3818254478656882e-07	-0.0018406967885987	1.3247807919001316e-06	3.3881646675575678e-06	1.7550441465875398e-12	0.0	0.0	0.0	0.0	0.0	0.0	0.0	0.0	0.0	0.0	0.0	0.0	0.0	0.0
214.1894501093417	-0.2802474105747592	0.0785386111338576	45877.12053814218	373.3809799211558	-1.2960802857547264	1.6798241071220534	139413.35616688256	206.90937344878856	-0.6155538690339313	42811.48882097025	0.3789065656826422	234.4284440299293	190.7668463486127	1.056437	31.017269	0.4007576756797729	0.2716727937429926	-0.0047329318	0.0082458303	-0.015180548	-0.0815361341	-0.0141836335	-0.0519580904	0.0184185408	-0.0748383551	-0.0653578156	0.0105723368	-0.0259439131	-0.0176408272	0.0404657075	0.1917525343	-0.025218008	-0.0380057089	0.0427428101	0.0786053167	0.0442924261	0.0223007092	-0.1873397437	-0.1621504723	-0.0215587377	0.0308356512	0.007207303	0.0001176413	-0.0110518516	0.0182216828	0.0200016635	0.0414432327	-0.0119505543	-0.1339425116	-0.0306509643	0.0136001214	-0.0663490808	-0.0391697326	0.0562233192	-0.1103977601	-0.026341904	-0.1728694489	0.121744605	-0.126089904	0.0677922358	-0.0206993819	-0.130384211	-0.07588892	-0.0397446357	-0.0462701972	0.047330259	-0.0027996641	-0.0319870737	0.040627313	-0.0956592959	-0.0488624649	0.0624981544	-0.0628251192	0.0407064505	-0.0034142136	0.1704462002	0.0018207486	0.0282324537	0.0490828951	0.0502604668	-0.0776182283	0.1707229883	0.1255369622	0.0505840721	-0.0764166211	-0.0592895986	0.1455072334	-0.0193160521	-0.0499017861	-0.0251628488	-0.0191014636	-0.0706729323	0.0407971393	-0.0352452555	-0.0320420404	0.0527533218	0.1538729023	-0.072548686	0.1616252303	-0.0850669681	0.0671161392	-0.1484743188	0.0321674497	-0.1851219786	-0.0383992347	-0.0676245387	-0.0270250586	-0.0231546202	0.1128009303	-0.0914065636	0.1060207447	0.0784932286	0.016122092	0.0138629952	0.1040138104	-0.0357976692	-0.0780381436	-0.0437661006	-0.0105844586	0.1055889349	0.0326345352	0.0267815945	0.0978385578	0.1103258712	-0.0763427351	0.0151345741	-0.0596496481	0.0502800918	0.0488019314	0.1479134555	0.0049417595	0.0581413184	-0.0323917418	-0.0958072899	-0.0790155012	0.0039259816	-0.0099028331730295	-0.0113007139367766	0.0001277061354808	9.806610485285352e-05	0.4358715596625302	0.2392980249458248	0.0572635447429725	0.1899840165226466	-0.006998258832084	-0.1193076517675492	4.897562668084171e-05	0.0142343157702867	0.0034619787305525	0.0001604169512281	1.19852967307979e-05	2.573359824131869e-08	-3.268856731475367e-05	0.0004553509236965	2.0734446371129797e-07	1.068542433091182e-09	-0.0018419546142665	-1.2578256677999236e-06	3.3927968010176506e-06	1.582125410576324e-12	0.0	0.0	0.0	0.0	0.0	0.0	0.0	0.0	0.0	0.0	0.0	0.0	0.0	0.0
214.3957213361801	0.2062712268383677	0.0425478190214053	45965.52532726098	372.99696387986296	-0.3840160412928526	0.1474683199702338	139126.73506359578	206.58155744330952	-0.3278160054790362	42675.93987570339	0.1074633334482315	234.16744882948285	194.36581684614595	1.008345	29.605263	0.3682121850396579	0.2043976089161422	-0.0330666713	0.1023225673	-0.0531234902	-0.083129683	-0.0006725229	0.0505373836	0.0761728687	0.0059326393	0.0207228659	-0.0906319413	0.0924274764	0.0039825778	-0.0178643602	0.0941016067	0.082486674	0.010947429	-0.050203318	-0.1043021747	0.0144364778	-0.0835664291	0.0680602333	-0.1072929356	0.0464343641	-0.062930725	0.1123096805	-0.1071196415	-0.0013565206	0.1553545081	0.0013079311	-0.0687295378	0.0429566475	0.1194372381	-0.0184124763	-0.1301708905	-0.0829468356	-0.0052149054	0.1281461809	0.0453031212	0.1181304991	0.0247142441	0.0032013243	0.1273726445	0.0163744664	0.0314991924	-0.0038799101	-0.0081068956	-0.0388255865	-0.1250347621	0.0401666739	0.014741931	0.0253802035	-0.1380638425	-0.1704464522	0.0127908338	-0.0138998584	-0.0650464322	0.07595527	-0.0549113602	0.0644744757	0.0539808206	-0.0139751392	-0.0100794125	0.0637941035	0.0868240546	0.0191441047	-0.09451741	-0.1578935391	-0.0722383239	0.0052845138	-0.0016768441	0.1208770759	0.03856109	-0.0240861803	0.0734306815	0.0023106854	0.0792878993	0.079969833	-0.0299672318	0.0154151688	-0.0351430624	0.0248413166	-0.1143833144	-0.0403053996	0.0373624086	-0.0669756383	0.0981949832	0.0897183634	0.1306287593	0.0026690046	-0.0193747932	-0.026751773	0.0787268467	-0.0018413573	0.0420493298	-0.0345634758	0.1423916573	0.0156501914	-0.1852023449	-0.1633468106	0.0121472645	-0.0436218607	0.0167888542	-0.009371142	0.1028963189	0.0502400481	0.0491441735	0.1148625413	0.067634585	0.1466385559	-0.0720554254	0.0086963677	0.0185328258	-0.0038444549	-0.05116555	0.0568561851	-0.0353474844	-0.0970506473	-0.075011107	0.0117537397	0.0103939492698685	0.020296782442898	0.0004119593775343	0.0001080341814245	0.2804061228897012	-0.155465436772829	0.0241695020309665	0.0786275937540342	-0.1325690827021972	-0.1255708238701132	0.017574561688502	0.0157680318074189	0.0030170912408733	-0.0004448874896792	9.102839555754389e-06	1.979248784730604e-07	0.0001532874116487	0.0001859759789634	3.458706475141496e-08	2.349703056995801e-08	-0.0011352352438328	0.0007067193704337	1.288759058840117e-06	4.994522685462052e-07	0.0	0.0	0.0	0.0	0.0	0.0	0.0	0.0	0.0	0.0	0.0	0.0	0.0	0.0
215.55844911679608	1.1627277806159952	1.351935891816198	46465.444985638365	373.8342170457	0.8372531658370121	0.7009928637040994	139752.02183417152	206.9643737822613	0.382816338951784	42834.25201508357	0.1465483493684471	234.4263750979373	196.04933588307736	1.15456	33.89819	0.3325275183469394	0.2219380901267605	-0.0592639031	-0.0114062088	-0.0950356755	-0.0214799924	-0.0711637642	0.0346304836	0.1300129893	-0.0026228793	-0.0176347444	-0.1249442831	0.0518069229	0.0376040803	-0.0115705868	-0.1211360698	0.2538227022	0.0684632339	-0.009892431	-0.0612353826	0.0757249649	-0.0345197421	-0.0713558705	0.019236995	-0.0658751705	-0.0617405077	0.0623573118	-0.0650493469	0.0860167217	-0.0809681677	-0.0147724478	0.1482888502	0.1387663964	0.1067986471	0.1147387914	0.0457424201	-0.0345092902	-0.0354071379	0.0753011679	-0.0403265367	0.0653310923	-0.0792687301	-0.0084183081	-6.94837e-05	0.0899555618	-0.1321247878	0.0259010998	-0.0445777131	-0.1143907616	-0.0500642761	-0.0262520856	-0.0311901934	-0.042998558	0.0496100682	0.0908909425	0.0743656617	-0.0938423648	-0.0193395623	0.0902486989	-0.0157081205	-0.1459115414	0.1494314381	-0.1204638367	0.059268923	-0.057103353	0.1351054196	-0.0316855119	0.0456254939	-0.0355933271	0.0072905685	0.0947670712	0.0431910394	0.0946256112	-0.0240391556	-0.1410179722	0.0777807978	-0.0377518713	0.0149876395	-0.0531532049	-0.0745313287	0.0484309857	-0.2029148961	-0.0383422583	-0.0470254747	0.0192951887	-0.0963015287	-0.1840499008	-0.0296321543	-0.0682714793	0.1171554501	-0.0908839974	-0.0472575067	-0.0303506503	-0.0415512383	0.1926714099	-0.0454372437	-0.1270632585	0.1027439142	-0.0668804879	-0.0707045104	0.0644999997	0.02627147	0.0454538078	-0.0456470934	0.0689593549	-0.0315110417	-0.0391915254	0.0231830033	0.1067817935	-0.0034576782	0.0650907872	0.0437252071	0.0622768128	-0.0322939827	0.0873862254	0.1330988456	0.0555570233	-0.0382683432	-0.098078528	-0.0707106781	0.0195090322	0.041516396362951	0.0311224470930824	0.0009686067130617	0.0017236111669656	0.0722733437250298	-0.2081327791646713	0.0433192537628098	0.0052234362131963	-0.1116953327641567	0.0208737499380404	0.0124758473612956	0.0004357134364758	0.0026838166327459	-0.0003332746081274	7.2028717182035405e-06	1.1107196442247215e-07	-0.0005369542707249	-0.0006902416823736	4.764335800859377e-07	2.8831988884970925e-07	-0.0007107806913109	0.0004244545525219	5.052091911404008e-07	1.8016166715656637e-07	0.0	0.0	0.0	0.0	0.0	0.0	0.0	0.0	0.0	0.0	0.0	0.0	0.0	0.0
216.0254614517666	0.4670123349705193	0.2181005210146165	46666.9999954487	376.1174510068872	2.28323396118725	5.21315732151882	141464.3369519182	207.1944894268504	0.230115644589091	42929.55644885322	0.0529532098846528	234.4157300191121	199.03306575435715	1.052524	30.90239	0.2929841208623007	0.1685959191070458	-0.0835407103	-0.0647125119	-0.0120460055	0.0328940536	-0.1100485342	0.0364788707	-0.0081544713	-0.036075997	0.0871777711	-0.0847564425	-0.0546446775	0.0004369515	0.0270590862	-0.0486869588	0.0704759844	0.0534738085	0.0037965567	0.0269493125	-0.0044096027	0.0546741783	0.1289708777	-0.1001725763	-0.0150152206	-0.0814322864	-0.0648213366	-0.0540664653	0.0513810053	-0.0399243267	0.0375763286	0.0291756976	-0.1236012266	-0.1206855451	-0.0450502744	-0.0083845101	-0.0046157801	0.0605522555	-0.0799841833	-0.1545550025	0.0328337409	0.0113874948	0.1346008862	-0.0182645596	0.0127504811	-0.1404337055	0.0032782124	-0.0482279352	-0.006560171	0.0967616837	0.001369053	-0.0973449722	-0.0161540765	0.0470943468	0.0310259298	0.1454151379	-0.0566479705	0.034249032	0.0096035611	0.0513969171	-0.0356337462	0.0983170895	-0.0844906701	-0.0607634934	-0.008891888	0.0424571936	0.0792007276	0.0085592104	-0.0738736089	0.0707518856	0.0500799533	-0.1842195752	0.0496353825	-0.0474110064	0.0115935434	-0.0722761614	0.0165873566	0.0810880851	0.0091545311	-0.0473610545	-0.071670956	0.0524809865	0.0588054801	0.1259949136	0.0294575912	-0.0652526546	0.0192185891	0.027757649	-0.0460272897	-0.0639911618	-0.2077926315	-0.0036488779	-0.0215546352	-0.0222723907	0.0837542172	-0.070465973	0.0176435244	0.0072550007	0.0551565939	0.0080787271	0.0955752715	-0.1192538645	0.0817615525	0.0430330834	-0.0297206439	0.0689924574	0.0581646078	0.1218330756	0.068713719	0.0908226179	0.0575258879	-0.0091672408	0.1272278717	0.1590060886	0.0177701935	0.0672276217	0.0542441537	-0.0411514359	-0.0988886499	-0.0661311865	0.027144045	0.0261885235628511	-0.0153278728000998	0.000234943684576	0.000685838766402	0.1870534862934363	0.1147801425684064	0.0131744811280237	0.0349890067345287	0.0042566942785526	0.1159520270427093	1.8119446181062444e-05	0.0134448725753131	0.0026859317485621	2.1151158161999625e-06	7.214229357933859e-06	4.473714915939234e-12	-0.0001181502717249	0.000418803999	1.7539678957839205e-07	1.3959486708667704e-08	-0.0012283431455164	-0.0005175624542055	1.5088268831371237e-06	2.6787089400322025e-07	0.0	0.0	0.0	0.0	0.0	0.0	0.0	0.0	0.0	0.0	0.0	0.0	0.0	0.0
216.40031883992503	0.374857388158432	0.1405180614569614	46829.09799402121	377.8314046149329	1.7139536080456992	2.9376369705328704	142756.57031329317	207.192194776626	-0.0022946502243996	42928.60557635532	5.2654196523374776e-06	233.885153435372	206.6330294896664	1.128649	33.137436	0.1593916286432165	0.087822700352014	-0.1319200173	0.0163843839	0.0006651768	0.1000902111	-0.1671851838	-0.0436999049	0.0271677136	-0.0232809073	-0.0458632207	0.1922280056	-0.0065122833	0.0625586103	0.0372712562	0.0312673926	-0.083779266	0.1105467471	0.140933154	0.1173719919	0.076407473	0.099906384	0.0652523053	0.0065511974	0.1050087497	-0.1760041035	-0.1174259912	-0.1240835213	-0.0819646637	-0.0556395291	0.0713470529	-0.0097988233	0.1259715639	-0.0137420215	0.0723604594	-0.0477773853	0.1177965032	0.0506036642	0.0830175836	-0.0302413118	-0.0289128864	0.0135880663	-0.0661331074	-0.0344952751	-0.1799703655	-0.1254969738	0.1061264028	-0.0157409734	-0.0867830604	0.1876093758	-0.024293552	-0.0557084402	0.0089961771	0.0371744256	-0.0130222027	-0.0408091941	0.0054758486	0.1775258988	-0.0307357083	0.077498994	0.0904668499	0.0863119016	0.021472838	0.0021320479	-0.0058781552	-0.0034800974	0.1051367692	-0.0951833437	0.1823368477	-0.0070303894	0.0026308826	-0.1328485908	0.0839900861	0.0285558586	-0.0253594041	-0.1714423117	-0.0205779467	-0.1042443873	-0.0121541467	-0.074897809	-0.0263025777	-0.0657676434	0.0781112638	-0.0370864403	-0.1689249672	-0.0984528777	0.0566965984	0.0339292597	0.1215392469	-0.0352301716	0.0489444206	-0.0380628924	-0.0375514233	-0.007164002	-0.0599240546	-0.0603711077	-0.0306879153	-0.0760348986	0.0893012258	0.0607895106	-0.0993748967	-0.0986962407	0.1550509381	-0.0049223422	0.052783299	0.0328471974	-0.1911356073	0.0165450028	0.0333332724	0.044680493	0.2418469523	0.0436078651	-0.0088225315	0.0882486641	-0.0579272165	0.0584836033	0.0529179001	-0.043993917	-0.0994792142	-0.0612907054	0.0346117057	0.0210377817773235	-0.0051507417855276	2.6530140941180064e-05	0.0004425882621102	0.2298390951425659	0.0427856088491296	0.0018306083245907	0.0528260096559534	0.065965104361517	0.0617084100829643	0.0043513949934258	0.0038079278749673	0.0021321082024049	-0.0005538235461571	4.5458853867622535e-06	3.0672052027813615e-07	0.000194827280691	0.0003129775524159	9.795494831624744e-08	3.79576693014497e-08	-0.0011002068855776	0.0001281362599387	1.2104551910723623e-06	1.64189011111037e-08	0.0	0.0	0.0	0.0	0.0	0.0	0.0	0.0	0.0	0.0	0.0	0.0	0.0	0.0
216.19875149656144	-0.2015673433635925	0.0406293939106564	46741.90014867193	374.79187418160535	-3.0395304333275703	9.238745255124488	140468.94895256028	207.41990752845044	0.2277127518244412	43023.01803911093	0.0518530973434595	235.0420506251109	204.10332884366	1.157723	33.991051	0.238356260502732	0.1398156262434412	-0.1080462884	-0.1116810108	0.0202267009	-0.1103824591	-0.1344815912	-0.0876364728	-0.0356650143	0.0750591675	0.0275902968	-0.0198415445	0.1255998536	0.0652609595	0.0286466445	-0.0429137947	0.0203900225	0.051550168	0.0411969301	-0.0103437996	0.1140159991	-0.0463710581	0.041888428	-0.0394896036	0.0357446882	-0.1173810182	-0.1242545368	-0.0887559273	0.0594347385	-0.0250968093	0.1061586341	0.004675006	-0.0462590278	0.0623364356	0.0113538657	-0.1434612225	-0.0592480519	0.1032849095	0.0095161328	0.1054952887	0.0590846766	0.065433236	0.0614948305	0.0707397977	-0.0293653134	-0.0188297301	-0.16643958	0.0487416013	-0.1344838413	-0.0316155994	-0.0912153048	0.0853687152	0.0165033271	0.0137667359	0.064206399	-0.1000979156	0.0936895302	0.0005394552	0.0881260955	0.0165611195	-0.0625212077	0.0655483303	0.0832809514	0.1166303356	0.029584611	0.0252456448	0.1106207063	-0.0124490053	0.007483512	0.028435945	0.0329084388	-0.12383599	-0.035885856	0.052307253	0.02035735	-0.1143174742	-0.0318428024	0.1759234195	-0.0058944742	-0.086871591	-0.0641095701	0.016486642	0.0135517288	-0.0372756137	-0.081870301	0.0895891131	-0.1034975602	-0.019292619	0.0567361927	0.1570160074	0.0913725653	-0.0807900122	-0.0408174944	-0.0411790467	0.1285052244	0.0533991878	-0.0436062573	-0.0449905107	0.0059487016	0.0382863983	-0.0375236083	-0.0975593368	0.138528032	-0.0120582522	0.0105270514	-0.055156973	0.0502621422	0.1488272971	0.0559175046	0.1080412705	0.0473544218	0.0959255666	-0.0464986381	0.0966216562	0.1030648042	0.0551652353	0.0515785898	-0.0467929814	-0.0998489097	-0.0562083378	0.0418659738	0.0301616106389985	0.009123828861675	8.324425309713371e-05	0.0009097227563385	0.1535020328169878	-0.0763370623255781	0.0058273470844991	0.0235628740789475	-0.0429704581539169	-0.1089355625154339	0.0018464602739575	0.011866956780554	0.002467919897902	0.0003358116954971	6.090628622460618e-06	1.127694948326371e-07	-0.0001716399370748	-0.0003664672177658	1.342982216970063e-07	2.9460267999041307e-08	-0.0009232896628396	0.000176917222738	8.524638015064624e-07	3.12997037013271e-08	0.0	0.0	0.0	0.0	0.0	0.0	0.0	0.0	0.0	0.0	0.0	0.0	0.0	0.0
215.60954168620725	-0.5892098103541912	0.3471682006176219	46487.47446613634	372.7555207280489	-2.036353453556444	4.1467353878112565	138946.6782332389	207.43159901097823	0.0116914825277945	43027.86826825127	0.0001366907636977	234.51745439172387	200.69086885469468	1.072405	31.486107	0.1510315043236071	0.0767125855731213	-0.0852806514	-0.0604194769	-0.0496991622	-0.0297551827	-0.0510395861	0.0942023031	0.1048812277	0.056562621	0.1144805206	-0.0766807238	0.1608703279	0.0197997236	0.0291082018	-0.0496596796	0.0285150786	-0.0202990314	-0.0218597883	-0.0627074085	0.0108595672	0.0441457924	0.1247390826	-0.0922644967	0.0184789605	-0.0506189937	-0.0122564758	-0.0287641254	0.0414170598	-0.0561911976	0.0225638751	-0.0608728605	-0.0636294725	-0.0585667669	0.0347201613	0.0492753697	-0.0351929637	-0.1305988389	0.0325185588	0.0412237483	0.0475176366	0.0668058356	0.0628351361	0.0395212916	-0.1193351562	0.0237463327	0.0874136157	0.0097345939	-0.0219298603	0.0173567792	-0.1070549798	-0.1387044283	-0.0232763753	-0.0657381036	0.1270316306	0.0431308644	-0.0381931348	0.0073033944	0.0489161682	0.0308825352	-0.0560786	0.0242063113	-0.0510044796	-0.0676685913	0.0815047527	0.0835852587	0.0595334111	-0.0411147306	-0.0865477005	0.005877141	-0.0650934655	-0.1052269007	0.0084880833	-0.0192546021	-0.084506164	0.0151046351	0.0990439772	0.0908794085	-0.1077414995	0.0385985392	0.045893601	0.0817619631	-0.0009405422	0.0616022702	-0.0274793301	-0.0505730908	-0.0087041972	0.0844256206	0.0240846368	0.0704087045	-0.0622462033	-0.0774825895	-0.0354188095	-0.0475594429	0.0705387494	-0.0469935782	0.0374937169	0.0627159521	0.0881998298	-0.0750383751	0.0351095286	-0.1244617317	0.0638609999	0.0687837725	-0.0953127801	0.118812139	0.0033182273	0.0095470131	0.0824730078	0.0286683764	0.0713288365	-0.0211654924	0.0852898483	0.1394586651	-0.0130126676	-0.0115562581	0.0502265533	-0.0495458668	-0.0999969158	-0.0509041416	0.0488621241	0.0577406567081624	0.0275790460691639	0.000760603782085	0.0033339834370898	0.1924465920381948	0.038944559221207	0.0015166786929341	0.0370356907871153	-0.0247213039755607	0.0182491541783562	0.000611142870252	0.0003330316282254	0.0026271407557369	0.0001592208578349	6.901868550453851e-06	2.535128156968149e-08	-0.001084381355122	-0.0009127414180472	8.330968962188136e-07	1.175882923336225e-06	-0.0006700770416241	0.0002532126212155	4.490032417117059e-07	6.411663154282428e-08	0.0	0.0	0.0	0.0	0.0	0.0	0.0	0.0	0.0	0.0	0.0	0.0	0.0	0.0
216.4202303370068	0.8106886507995625	0.6572160885352151	46837.716099123085	375.82904747646495	3.073526748416043	9.446566673228896	141247.47292706693	207.2506064007704	-0.1809926102078236	42952.81385348706	0.0327583249498411	233.77519627304764	207.79375571718165	1.145215	33.623825	0.1414449210098197	0.071574939367765	-0.140587197	0.0531575405	-0.020182231	0.1086708569	-0.1218421397	0.0320451482	0.091577348	0.0293763846	-0.0217065629	0.0805576142	0.0525230729	0.0584077312	0.0388276711	-0.0024765241	-0.0761335012	0.058458744	0.0598466969	0.0293419293	0.0274817852	0.0740626644	0.1179703301	-0.059530483	0.0638607318	0.0134006411	-0.0101267231	-0.1031285251	-0.0221302777	-0.0879228162	-0.1131546941	-0.0206298679	0.016927387	-0.0360265338	0.1067492284	0.0098559414	0.1174675777	-0.0027067376	0.0150224913	0.0050993771	0.0455673531	-0.0311607723	0.0424232837	0.0263599913	-0.0316974995	0.0886080105	0.1103704438	0.054495558	0.0768345792	-0.0064925341	-0.1000469243	-0.0187065056	0.1405427128	-0.0278216825	-0.0122669608	-0.0933828627	-0.0695704483	0.1579038374	-0.0109759137	0.0643018431	0.0458167682	0.0331951017	-0.014762657	-0.0541229962	0.0271022058	0.0581755458	0.0281764038	-0.0972279306	0.0427993899	-0.0161540376	-0.0514999757	-0.0405659317	-0.0019213862	-0.0579819355	-0.1515324253	-0.0908820632	0.0471123631	-0.0970113263	-0.0340784423	-0.0400229658	-0.0822116223	0.0578221168	0.0009808093	-0.0892984614	-0.0490395779	0.0278660937	0.0409694464	-0.0569446539	-0.0363779947	-0.0535272128	-0.0371359424	-0.0033856937	-0.0473892382	-0.0391219374	-0.0644693615	-0.0792206144	-0.0569938194	0.0383579734	0.1359581526	0.0326768372	-0.0573385152	-0.0700210513	0.0647576882	-0.0217427921	0.0237414281	-0.0328105679	-0.165361798	-0.0444662553	-0.0165542333	-0.0128203221	0.1819078015	0.0506766469	0.1437692098	0.0092377026	-0.0501393642	0.0151738544	0.0488621241	-0.0522498565	-0.0999229036	-0.04539905	0.0555570233	0.069770594531036	0.0120299378228736	0.0001447194040222	0.0048679358612142	0.2391444152059563	0.0466978231677615	0.0021806866886075	0.0571900513241988	0.019665665158584	0.0443869691341447	0.0003867383861295	0.0019702030289155	0.0026278943342539	7.535785169999684e-07	6.905828632003749e-06	5.678805812838717e-13	-0.0006439537645801	0.0004404275905419	1.9397646251054363e-07	4.146764509168829e-07	-0.0003446543929822	0.0003254226486419	1.1878665060192877e-07	1.0589990024910953e-07	0.0	0.0	0.0	0.0	0.0	0.0	0.0	0.0	0.0	0.0	0.0	0.0	0.0	0.0
216.2782005987975	-0.1420297382093167	0.020172446535807	46776.26005425369	374.8075967362449	-1.0214507402200752	1.0433616146961395	140480.73457119957	207.1747310548147	-0.0758753459556942	42921.36918763481	0.0057570681238962	234.45003365849828	206.78916079875523	1.105841	32.467796	0.2560389370160555	0.1528291193355092	-0.1270936965	-0.0719486672	0.0382967048	-0.0645473333	-0.1227142268	-0.0515502709	-0.0565298517	0.0071211521	-0.0403875148	-0.0685558461	0.0111339785	0.027432325	0.0776176324	0.1004983208	-0.0659567384	0.0108035852	0.0526599362	-0.0684833858	0.0686977447	-0.0322758156	0.0311766796	-0.1311931727	-0.0123596601	0.0673830649	-0.0498324609	-0.1035936424	-0.0305182332	-0.0237564551	-0.0585680479	-0.0424182984	-0.0936575979	-0.1270633039	-0.0875860349	-0.0686277162	-0.1078938509	-0.11204552	0.0422992116	-0.0150835438	0.0228415122	-0.0397035106	0.0516123208	0.0451468401	0.0458132299	0.1003321493	0.0224388636	-0.0364620713	-0.0787149055	0.1525289795	0.0200004156	-0.0274308657	-0.0214767543	-0.1215482848	0.0241036978	-0.1177260261	-0.0272716841	0.0098814774	0.0703290908	0.0471429413	0.1086768258	0.0160348384	0.0686407077	0.069762059	0.0998308934	0.0419273742	0.0941461146	0.0515683972	-0.0866298965	0.0210289001	0.0455750114	-0.0015851747	-0.0577918113	-0.106128852	-0.0119365019	-0.1395499833	0.0186856154	0.0967805645	-0.0309806746	0.0502507853	-0.1304787952	0.1539398623	-0.0038131291	0.0628068219	0.019243148	0.0322810324	0.0388076675	0.1427744618	-0.0700094901	0.1231989943	0.0058953632	0.013157898	-0.0547206179	-0.0038091072	-0.0095028842	0.1405316916	-0.0220592587	0.0402051922	0.0968354896	0.0969985426	-0.0295905596	-0.1466665897	-0.0117692804	-0.0402855307	0.0122593556	-0.0624239878	0.033474699	0.1774932382	-0.0069628528	0.0095927793	0.0314931323	0.0107850339	0.0503010258	0.0650786488	0.0950285788	0.0652439495	0.047485639	-0.0549022818	-0.0996270376	-0.0397147891	0.0619093949	0.0579523878267167	-0.0118182067043192	0.000139670009706	0.0033584792548181	0.3573445346849411	0.1182001194789847	0.0139712682448462	0.127695116469197	-0.0701642819586325	-0.0898299471172165	0.0049230264627704	0.0080694193990819	0.0027622034611733	0.0001343091269193	7.629767960917758e-06	1.8038941573851472e-08	-0.0009303963918136	-0.0002864426272335	8.204937869642983e-08	8.656374458997659e-07	-0.00064771591314	-0.0003030615201578	4.1953590413478404e-07	9.184628500035663e-08	0.0	0.0	0.0	0.0	0.0	0.0	0.0	0.0	0.0	0.0	0.0	0.0	0.0	0.0
215.8759121166068	-0.4022884821906984	0.1618360229032959	46602.409432176944	374.69475678558007	-0.1128399506648065	0.0127328544660359	140396.160762605	207.33435188624927	0.1596208314345517	42987.53347209103	0.0254788098278575	234.51605273868228	204.4846560876548	1.034151	30.36294	0.2744593921656091	0.1863426092889298	-0.1105581312	-0.0336168844	-0.0159014099	0.0434125611	-0.0431605147	0.0914036539	0.0221416516	0.0419797146	0.1093846349	0.0665416174	0.1202322742	0.0154934601	0.0622759275	-0.0457150581	-0.0136434632	0.0069093296	0.0079411234	-0.0028749374	-0.0254848178	0.0626791595	0.1003300851	-0.0626007862	0.1178809634	0.0054604818	0.0419453931	-0.0745909136	-0.1023749285	0.0816213996	0.0609804146	-0.0457854944	-0.1344512564	-0.0281321431	0.0636582782	-0.0203899481	-0.0546838316	-0.0293563135	0.0056951576	0.0905669461	-0.0381994394	0.1058142573	-0.0137493214	0.0666131477	-0.0548881989	0.0386824551	0.0938689053	-0.0734216151	-0.0127351006	-0.0612977737	0.088596559	-0.036406397	0.019181876	-0.1196815115	0.0037283852	0.066903077	-0.0450750623	0.0493726014	0.017886144	0.0763726993	-0.0219533714	-0.0039463231	-0.0219496616	-0.0647552063	0.0202055552	0.045606536	0.0148242135	-0.0865672514	-0.070816002	-0.0881557518	-0.0395993582	-0.098400163	0.0854485854	0.0198192212	0.0894467352	-0.0973839052	0.0490233273	0.0671923611	-0.1237978586	0.0303591493	0.0083797423	0.1152653509	-0.0662807181	-0.0360650336	-0.0096641944	0.0241194791	-0.0196892899	0.0612230572	0.0226126079	-0.0374139118	0.0293666979	0.0084437404	-0.0411774859	-0.0374421133	0.0307678827	-0.0354745328	0.0264029005	-0.0060545431	0.0909579328	-0.1028942604	-0.1484392211	-0.0492917095	0.13953359	0.0526184882	-0.0603219039	0.0519943338	0.023862282	-0.0365740891	0.0492162524	0.0912901849	0.0619057499	0.0472659587	-0.0010505631	0.1231297196	-0.0479420589	-0.1378729142	0.0460974375	-0.0575005252	-0.0991099747	-0.033873792	0.0678800746	0.0496754020030323	-0.0082769858236844	6.850849432547262e-05	0.0024676455641628	0.1899702990244947	-0.1673742356604464	0.0280141347629186	0.0360887145114559	0.0032660496635159	0.0734303316221484	1.0667080404552324e-05	0.0053920136021386	0.0025863121078524	-0.0001758913533208	6.689010319223925e-06	3.093776817305766e-08	-0.0006447789210004	0.0002856174708132	8.157733963372917e-08	4.157398569664401e-07	-0.0006016679560875	4.604795705249998e-05	3.620043293825099e-07	2.120414348708883e-09	0.0	0.0	0.0	0.0	0.0	0.0	0.0	0.0	0.0	0.0	0.0	0.0	0.0	0.0
216.3724123525857	0.4965002359789139	0.2465124843271172	46817.02082727739	375.2070093520877	0.512252566507641	0.2624026918936651	140780.29986693762	208.1200784409017	0.7857265546524275	43313.96705024708	0.6173662186859741	235.92956853414083	208.23038695227808	1.197155	35.148781	0.2040758716727796	0.1180792443530855	-0.1092931737	-0.0225339338	0.0653094404	0.0031901523	-0.0752216544	0.014131276	-0.1324048707	0.0851575596	-0.0517257085	-0.0559724039	0.0130447717	0.0563703847	0.0719339405	-0.1750159156	0.0590255545	-0.046151388	0.0726361595	-0.0832733146	0.0812722398	-0.0745953468	-0.0575077098	0.0905050581	0.0664096577	0.000417081	0.0278249223	-0.0127767656	0.0274932494	-0.0899986772	-0.029139343	0.1057910026	-0.0390684705	0.0367016738	0.0215519477	-0.0175023868	0.0546690392	-0.1389301403	-0.1705656479	0.0551479487	0.0670018818	-0.0875177115	0.0758975446	0.0653223535	0.0803526739	0.0574862754	0.039528375	-0.1573628917	-0.0248442334	0.0142033126	-0.0274765745	0.0013771411	0.0660869405	-0.0140588508	0.0947139271	-0.152309899	0.0465101228	0.0173226055	0.0732005433	0.0694341116	-0.1656309198	-0.0326991704	-0.0162221516	0.1759239819	-0.0226584733	0.0430407514	-0.1132670341	0.071932365	0.0124452995	0.0547526872	0.0366097681	-0.0729474619	0.0503858452	-0.1171518578	-0.0045669541	-0.0452309341	-0.0783680514	0.1001310671	-0.0826931913	0.0281608483	0.0450959784	-0.0074302126	0.0001038581	-0.0859998022	0.1321291016	0.0267894235	0.0876112724	-0.0950215396	-0.0731096799	0.0277574708	-0.0802074274	-0.0518172691	-0.0485860982	-0.06067906	0.1423390422	-0.0157176534	-0.172953113	0.0045122848	-0.0401691693	0.0514304282	0.0477908529	-0.0822224234	0.0120719947	0.0177397201	-0.0053295769	-0.1487365226	0.0357932964	-0.1295555573	0.0870345939	0.0990077606	0.0225350486	0.1244715005	-0.0107445887	-0.0953732316	0.0775184333	0.0594008522	0.0446978621	-0.0600420225	-0.0983728629	-0.0278991106	0.0734322509	0.052191245677065	0.0025158436740327	6.329469392170361e-06	0.0027239261253237	0.1164481361234663	-0.0735221629010283	0.0054055084376453	0.0135601684066293	-0.0785722017284626	-0.0818382513919785	0.0061735908844582	0.0066974993908966	0.0030459173064465	0.0004596051985941	9.277612237710302e-06	2.112369385747221e-07	-0.0007448642528287	-0.0001000853318282	1.0017073647180911e-08	5.548227551420574e-07	-0.0002373662123951	0.0003643017436924	5.634271878679572e-08	1.327157604573231e-07	0.0	0.0	0.0	0.0	0.0	0.0	0.0	0.0	0.0	0.0	0.0	0.0	0.0	0.0
214.46815206038488	-1.9042602922008316	3.626207260452796	45996.58824819637	373.47943071318	-1.727578638907687	2.984527953610137	139486.88516584103	207.64320091239475	-0.4768775285069466	43115.69888514513	0.2274121771948937	235.89796536725325	199.3823563367328	1.320729	38.776947	0.3994252250418593	0.2471675031415583	-0.0148391737	-0.0983579266	0.0481051854	-0.0423171602	0.0358343973	0.1211392897	-0.0438661818	0.0651705613	-0.0494187766	-0.1285774603	0.0516693669	0.0438260228	0.0269671663	0.0108977732	0.0094544524	-0.1145847554	-0.0656038741	-0.1989267208	-0.0508578359	-0.0287228787	-0.0548148575	-0.0441702925	-0.0025456445	0.0751089725	0.0005732938	0.0591145828	0.073170636	-0.1683158536	0.0700391424	0.0765682838	0.0460724852	0.115301782	-0.0584471968	0.0587563296	0.0151854449	-0.0768367955	0.033773252	0.0338419651	-0.0167780067	-0.0356005767	-0.0590186233	0.1064203821	-0.0406501966	0.1180661401	0.0818783817	-0.0292543185	0.0056577811	0.1961619745	0.0774802336	-0.0530263757	0.0231832248	0.1142938178	-0.1614255552	0.0908315755	-0.0391589957	-0.0738346857	0.1104231164	-0.0374826221	-0.0374078283	-0.1406008193	0.0029708748	0.0001621977	0.0998662754	0.054890599	-0.1088129318	0.1088065919	-0.1084366165	0.0056047318	-0.0158972321	-0.0224162331	-0.0056202529	-0.0948142707	-0.0575633602	-0.0620386573	0.0002612388	0.1339403638	-0.0651495284	0.0315114813	0.1003003647	-0.1618437992	0.0179083758	0.1275018503	-0.0190903895	-0.0700706228	0.1122029636	-0.0218526983	0.0356570171	-0.0788611314	0.1074378335	-0.0539493475	-0.044224305	-0.0300002749	0.0352324533	0.1339071753	0.05605292	0.1394685195	0.039791056	-0.0098433499	0.0420283835	-0.0570842737	-0.082654368	-0.0133680044	-0.036906025	-0.0365235998	0.0996344596	-0.123807776	0.2167579779	0.0091726878	-0.1253891643	-0.007615111	0.0162942256	0.0936524864	0.0372026025	-0.0034793677	0.0432872582	-0.0625242656	-0.0974173387	-0.0218143241	0.0785316931	0.1065633424510821	0.054372096774017	0.002956324907603	0.0113557459543465	0.3325647745573405	0.2161166384338742	0.0467064014079579	0.1105993292763747	-0.0887082631816156	-0.0101360614531529	0.0078691559566987	0.000102739741782	0.0038272143953214	0.0007812970888748	1.4647570027755348e-05	6.104251410843932e-07	-0.0018870968505051	-0.0011422325976764	1.3046953071945768e-06	3.561134523186268e-06	0.0002151126686699	0.000452478881065	4.6273460222286176e-08	2.0473713780983442e-07	0.0	0.0	0.0	0.0	0.0	0.0	0.0	0.0	0.0	0.0	0.0	0.0	0.0	0.0
213.41704841496085	-1.0511036454240354	1.1048188734236963	45546.83655415374	373.4992621187163	0.0198314055362516	0.0003932846455432	139501.69880322553	207.19443570982227	-0.4487652025724742	42929.53418911168	0.2013902070399138	234.4625667117618	192.59094055029144	1.412595	41.474152	0.3332210492384604	0.1748419165631744	0.0110897188	0.1130356375	-0.0731844132	0.1360278969	0.0464487092	0.0505427353	0.0656264733	0.1219424687	-0.1053567336	0.0658112881	0.1181803333	0.0797990144	-0.0268850268	-0.0476632184	-0.0453899077	-0.0090655835	-0.0619829221	-0.1158395796	-0.0850235893	0.1243743973	-0.0124617173	0.1316705948	0.0819529734	0.2610342317	0.0200992372	-0.0852914156	-0.1592475151	-0.0508352701	-0.0726823256	-0.0185093519	0.05188712	-0.0482822161	0.0284225586	0.0726452727	0.1150067741	0.0028055219	-0.07975234	0.1605387267	0.0711564374	0.104423392	-0.0284551263	-0.1416751073	0.0632869017	-0.0004243611	-0.0201530101	-0.0425221528	-0.0547086061	0.0375475722	-0.0271715518	0.0325359301	0.1369659855	0.075865568	-0.1403386424	-0.0209041843	0.0136732	0.1081938425	-0.0101157115	-0.041339726	-0.0325830692	-0.0859271075	-0.0128244504	-0.0968390817	-0.0246096395	0.1031933754	-0.227695779	-0.0057123522	0.0023235012	-0.1549422215	0.0025566874	0.0544406836	-0.0655045049	-0.0609269632	-0.0573188052	-0.1806390408	0.0163874199	-0.0926905184	-0.0366390304	0.0751672499	-0.0168008847	-0.0673471781	0.0258668427	-0.0390461345	0.1156185081	0.2130992649	0.0288350106	-0.0341412431	0.0916422255	-0.1806218687	0.021120654	-0.0884280759	-0.0516783941	-0.0960925221	-0.093981512	-0.0607566568	-0.0266964532	0.1351097439	0.0143048297	-0.0187228108	-0.0375548237	0.0988297196	0.0290524037	0.0051844854	0.0568920345	-0.0914387344	-0.0057523758	-0.1307447633	0.0031071985	-0.181549593	0.0104319522	0.0191545564	0.0797474666	0.0053319625	-0.1305891715	0.0822440462	0.0418659738	-0.0649448048	-0.0962455236	-0.0156434465	0.0831469612	0.1396279341784776	0.0330645917273955	0.0010932672260993	0.0194959600029492	0.2380435448773994	-0.0945212296799411	0.0089342628602081	0.0566647292577984	0.0193896521910232	0.1080979153726388	0.0003759586120888	0.0116851593079101	0.0031763279318314	-0.00065088646349	1.0089059130532338e-05	4.236531883545193e-07	-0.0028220852382077	-0.0009349883877025	8.742032851387073e-07	7.96416509170981e-06	0.000579984066647	0.000364871397977	3.363815175643917e-07	1.3313113706176328e-07	0.0	0.0	0.0	0.0	0.0	0.0	0.0	0.0	0.0	0.0	0.0	0.0	0.0	0.0
213.5636565518236	0.1466081368627669	0.0214939457943718	45609.43539978528	371.45911366998746	-2.0401484487288144	4.162205692850588	137981.87312849268	206.80232599083925	-0.392109718983022	42767.202035221344	0.1537500317209445	234.1250494545525	185.1721444382032	1.098293	32.24617	0.2166903594137178	0.1125809241399563	0.0330404349	0.0341458385	-0.0636530314	-0.0778922564	0.0507998913	-0.0680186398	-0.0386621847	0.0815745449	-0.0052869014	-0.0663059942	0.07778411	0.0147267044	0.0054078545	0.0101408244	0.0583838369	0.0561080469	-0.0385868179	-0.118524845	-0.0630930067	0.0299281385	-0.0618154839	-0.0599640221	0.1827492774	0.128260362	0.0764353952	0.027181233	0.0242474774	0.0152499151	-0.1162682005	-0.0740194907	-0.0645646602	-0.0553252421	-0.1279744196	0.0012164756	0.074193701	0.1312396371	0.1167933492	-0.0332368156	0.0744341864	-0.0349368914	0.0627239957	0.1697660043	-0.0119393259	-0.2215698467	0.0698243649	0.058943291	-0.0035041087	0.0129832248	0.0142691176	0.0394551113	0.0705596337	0.1664961658	-0.1076420328	0.0399955021	0.0662180138	-0.0070177555	0.0395825057	-0.0196363208	0.0003165603	0.0460474092	0.0188599063	-0.0307317883	0.0268149357	0.0259101588	-0.1361760726	0.0532441706	-0.098919882	-0.1854310853	-0.1419293178	-0.0431102764	0.0418060468	-0.0542149804	0.0072270703	-3.83879e-05	0.1188369299	-0.0429799199	0.2062598607	0.1461123082	-0.2203743088	0.0991315721	0.1632778101	0.1268465996	-0.0670060447	0.0191136711	0.0091536711	-0.0697789022	0.09607042	-0.0211848211	-0.0321240732	0.1063686189	-0.0419955546	-0.0547297604	-0.0261733397	0.0251529485	-0.0450675175	0.1333270755	-0.0175972238	0.0247182414	0.0089862554	0.0988969007	-0.08545048	0.0364205066	-0.0196273021	0.0290191162	0.0658464937	0.0083407447	0.0514942216	0.0560217525	-0.0219851742	0.0349236705	0.0683756908	-0.0532298696	-0.0715612169	0.1583202482	0.0404343596	-0.0673012514	-0.0948600195	-0.0094108313	0.0872496007	0.1230586113462379	-0.0165693228322397	0.0002745424591189	0.0151434218264644	0.2608768553448755	0.022833310467476	0.0005213600669041	0.068056733654631	-0.0470115579462842	-0.0664012101373074	0.0022100865805368	0.0044091207076988	0.0037454678531762	0.0005691399213448	1.4028529439176331e-05	3.239202500683653e-07	-0.0018036026047931	0.0010184826334145	1.0373068745671385e-06	3.2529823560164557e-06	-5.012369812749311e-05	-0.0006301077647744	2.512385113976056e-09	3.9703579522910797e-07	0.0	0.0	0.0	0.0	0.0	0.0	0.0	0.0	0.0	0.0	0.0	0.0	0.0	0.0
214.40686701246776	0.8432104606441442	0.7110038809397098	45970.304622102034	373.6711583880216	2.2120447180341216	4.893141834582656	139630.1346110459	206.94692303931404	0.1445970484747931	42827.02895543977	0.0209083064276216	234.04377995167408	190.37928955464423	0.976064	28.657505	0.3074254813040128	0.1678405228408612	-0.0038784489	0.0296743412	-0.0566906961	0.0456928712	-0.0113581725	-0.0166852253	0.0747878109	0.0425244301	-0.063176356	0.0443167938	0.0086399983	0.032756552	-0.0082381311	-0.067476597	0.044023191	0.0823745273	0.0070025456	-0.0208508288	-0.0235559033	0.0844081468	0.0422403036	0.0552637009	0.0543878325	0.0585055175	-0.0585359476	-0.0322954854	-0.0256180005	0.0395220038	-0.0588530169	-0.0793254477	-0.0255955375	-0.010251613	0.0643563769	0.0674492353	-0.0995295711	0.034916008	-0.1272062422	-0.0720018063	0.0195393472	-0.0983174501	-0.1377422092	0.1222655684	-0.0823856098	0.0553868658	-0.0912964042	-0.0400161349	0.123072714	0.1223479702	0.0110409318	0.1124003034	0.0307839562	-0.0179709986	0.114578125	-0.028013636	-0.0535542598	0.0609635181	-0.0007524902	0.0034126856	-0.0556632699	0.0767380541	-0.0139603399	-0.0393599185	-0.0462526577	0.0386837604	-0.1010661157	-0.0497199013	0.0605551541	-0.0547142722	0.0028172378	-0.0197015731	-0.0548939259	-0.0340717369	0.028247247	-0.0761192047	0.0347306318	-0.0504008253	-0.0490332458	-0.018382649	-0.0870757213	0.0405620739	-0.0438527503	0.0881565785	0.0209231126	-0.0360359842	0.1620500508	-0.1020156574	-0.0598923549	0.0649147461	0.2098164564	-0.0984346337	-0.0284184137	-0.0710636539	-0.0043571511	-0.1107537547	-0.0091978475	0.0247456668	-0.0093654291	-0.0096741839	0.0047375062	0.0807953461	0.0870649856	-0.0191368479	0.0206470811	-0.0166797074	-0.0817022638	-0.0258551633	0.0278963548	-0.0505721307	-0.0296923869	0.0101436203	0.0846743282	0.0358794643	-0.1372624912	0.0142309294	0.0389927688	-0.0695912797	-0.0932639023	-0.0031410759	0.0908143174	0.0812008516355717	-0.0418577597106662	0.0017520720479958	0.0065935783063421	0.1647295662553176	-0.0961472890895578	0.009244301199271	0.027135829998665	0.0661671065082742	0.1131786644545584	0.0043780859836773	0.0128094100877175	0.0033770924828037	-0.0003683753703724	1.140475363740926e-05	1.357004134970764e-07	-0.0015399205933595	0.0002636820114336	6.95282031536692e-08	2.3713554338526745e-06	-0.000542901677306	-0.0004927779791785	2.947422312216681e-07	2.4283013676325295e-07	0.0	0.0	0.0	0.0	0.0	0.0	0.0	0.0	0.0	0.0	0.0	0.0	0.0	0.0
214.54570015589337	0.1388331434256144	0.0192746417134372	46029.8574553825	374.1383801496863	0.4672217616647458	0.2182961745731085	139979.5275010312	207.1687287492661	0.2218057099520649	42918.882171587	0.0491977729673395	234.7517835666706	192.5899023883328	0.950654	27.911449	0.2761401578951488	0.1699500453900182	-0.0198412234	-0.0091906309	-0.0305295284	-0.0755958661	-0.0261152846	-0.0520654636	-0.0916530207	0.0601707284	0.0134468291	-0.0260677219	0.0151376331	0.0363339587	0.0158597999	-0.012699762	0.0125287779	0.0595234324	-0.0207747561	-0.0736177147	0.0191068551	-0.0383607163	-0.0273360066	-0.0105246056	0.0301303099	-0.009570208	-0.0843790503	-0.0168288735	0.0569747077	-0.1099316997	-0.0521328596	0.0328721635	-0.1537099908	-0.0606494975	-0.0301013157	0.0473652173	-0.1029382072	0.1052098607	-0.1009468752	0.1293232537	0.0237615368	0.0879951373	-0.0763898364	-0.0086491448	-0.00210843	0.072276974	-0.0085782341	-0.0462171162	0.1840953177	-0.0719086477	0.0720263406	0.05853833	-0.0166277698	0.0072340143	0.0593021994	0.0246160574	0.0116962774	-0.0204852375	0.0639472801	-0.0073879178	-0.0249084878	0.0343802164	0.067600545	0.0531627782	-0.0025018499	-0.0098650821	-0.0600825138	0.0770670777	0.0155626145	0.0838775859	-0.0896599477	-0.0744455427	-0.0619955982	-0.0494910423	-0.0463282613	-0.0275492382	-0.0101078432	-0.0439917189	-0.0089816606	-0.0424177896	-0.0281035381	0.1258305995	-0.0746769079	0.005024125	0.1676879741	0.0495368196	0.0048315144	-0.0840674213	0.1318140284	0.0185622149	0.1084208661	0.0836111165	-0.0414214949	-0.0299392603	0.01372902	0.0563875623	-0.063195617	0.0226681863	-0.0428526359	0.0659938597	0.0960209544	-0.0664824451	-0.069796606	0.0354598428	-0.0265811628	-0.0318229399	0.0758025675	-0.0079564112	-0.0133343607	0.0286480793	0.0804779741	0.0424221706	-0.0011856234	-0.1405236188	0.027579583	0.1267706297	0.0375415571	-0.0718126298	-0.091460716	0.0031410759	0.0938191336	0.0811767271424059	-2.412449316580023e-05	5.81991170506742e-10	0.0065896610295526	0.2845126959865496	0.119783129731232	0.0143479981682091	0.0809474741775348	-0.0486125001621218	-0.114779606670396	0.0023631751720122	0.0131743581074108	0.0034453815831202	6.828910031649992e-05	1.1870654253303857e-05	4.6634012220369905e-09	-0.0010839117793421	0.0004560088140173	2.0794403846155562e-07	1.1748647453965574e-06	-0.0002361336516328	0.0003067680256731	5.575910143344054e-08	9.410662157543309e-08	0.0	0.0	0.0	0.0	0.0	0.0	0.0	0.0	0.0	0.0	0.0	0.0	0.0	0.0
213.4269191440348	-1.118781011858573	1.2516709524952925	45551.04981531437	372.5027866492691	-1.635593500417201	2.6751660986069927	138758.3260614709	207.0091984842153	-0.1595302650508188	42852.80825707724	0.0254499054671844	234.7449825113123	189.5357085007478	1.148815	33.7295	0.2506927622403242	0.1739693685516642	0.0289310772	-0.0813972973	-0.0225354185	-0.0301370483	0.0545505607	0.0802841537	-0.0419983056	0.0440973567	-0.018164792	-0.0971451963	-0.1062199507	0.0613711109	-0.0046289439	0.1555605761	-0.0519611015	-0.0706969494	-0.0503615256	-0.0783150102	-0.0466191224	0.0037626315	-0.1769661762	-0.0843259551	-0.136471989	-0.0240661736	-0.0099474719	-0.0223167088	0.0883876745	0.0147757963	0.02282959	0.0609201173	-0.0298874877	-0.1215617238	-0.0481220765	0.1153816904	-0.1155410625	0.0845347445	0.0732958141	-0.1094621616	-0.1242685837	-0.0178793274	-0.0205474708	-0.0082446839	0.0408243093	-0.0127007001	0.01800104	-0.0685268255	-0.065316031	0.0601168947	0.042884175	0.0772500803	0.0839833318	-0.0231290486	-0.0554206992	-0.18651445	0.0766728538	-0.0454550569	0.0854008591	-0.088166747	0.1180607819	-0.112041162	0.0437526169	-0.0452171867	0.0637474561	-0.017842733	0.0450226466	0.2029055395	-0.0818851371	0.0220320506	0.1195983532	0.0376895234	0.0427008475	-0.0119995208	-0.0165272283	0.0556583809	-0.0223552738	-0.0065850051	-0.0266770004	-0.0297473777	0.0018949781	0.0667683511	-0.039457408	0.1507569898	0.0768378566	-0.1477026157	-0.1119545792	0.0109463856	-0.0236711242	-0.08088652	0.0563396264	0.0409859336	-0.0394074143	0.013965885	-0.0966606957	0.1389993368	0.1452999769	0.0488710687	0.0471254747	-0.0076426	0.0074564808	-0.0379332563	-0.1035541539	0.0373300408	-0.0185236431	0.0070938016	0.0201667118	-0.0511403324	0.1569577395	0.0148826663	-0.1192578211	0.0900244032	0.0398709508	0.1039704047	0.0817955048	-0.0583808546	0.0360810826	-0.0739631095	-0.089454464	0.0094108313	0.0962455236	0.0814474489102963	0.0002707217678904	7.329027560970663e-08	0.0066336869339953	0.4469988567341119	0.1624861607475622	0.0264017524344826	0.199807977921603	0.0074287410110898	0.0560412411732115	5.518619300984751e-05	0.003140620712234	0.0036263303038682	0.0001809487207479	1.3150271472752833e-05	3.2742439540337584e-08	-0.0015389332001258	-0.0004550214207836	2.070444933720169e-07	2.368315394449436e-06	-0.0002342110221313	1.922629501499985e-06	5.48548028877883e-08	3.696504200038082e-12	0.0	0.0	0.0	0.0	0.0	0.0	0.0	0.0	0.0	0.0	0.0	0.0	0.0	0.0
213.09765968236405	-0.3292594616707447	0.1084117930997086	45410.61256210064	372.79803441824816	0.2952477689790385	0.0871712450870996	138978.37446610935	207.6652047033657	0.656006219150413	43124.83724449078	0.4303441595640197	234.79999580326023	190.5917282903363	1.194903	35.08268	0.2472309589402283	0.2059692244037694	0.0327089052	0.1119530791	-0.0261920579	0.1203084978	0.0689127543	0.0284257059	0.0149668046	0.121590958	-0.1157016155	-0.0018862671	0.0120982633	0.1035096256	-0.0356218648	-0.0257872338	-0.0618421103	-0.1026263825	-0.0724774184	0.009043956	0.0011269037	0.0447886719	-0.0176918378	0.0736940233	0.0672086501	-0.0108253435	0.149942596	-0.0313188202	-0.0082244548	-0.0301489187	-0.1702523085	0.1211343184	-0.0755335402	-0.0265869134	-0.0365568122	-0.0398667666	-0.1868986527	-0.0269164481	-0.0453322332	0.0059893668	0.0654570803	0.0854908291	-0.0242001339	-0.1247328818	-0.0014845746	-0.0012695485	0.0471392905	0.1223818038	-0.0318185843	-0.0082959545	-0.0411885637	0.0643662414	0.0929190587	0.0312331105	0.0522863757	0.0287954902	-0.1196108243	0.1069230708	0.0018295575	-0.0624840802	-0.0208813256	-0.1428710384	-0.0140831936	-0.0269759568	-0.0597520695	0.0647421868	-0.0668000058	-0.0709995616	0.0318911748	-0.0886101014	0.0273492948	0.0482247025	0.0570532867	-0.0570288054	-0.0414078667	0.0547633902	-0.042343981	0.0509769556	0.0857365524	-0.044517866	0.0193024154	0.0217300306	-0.2110405044	0.0673458747	0.10676783	0.0637009823	0.0186096101	-0.0507275699	0.2261785481	-0.0340468835	-0.161873956	0.0327617715	-0.0311696645	-0.0334844228	-0.0785160647	-0.0391239685	0.007532342	-0.007996831	-0.0416833194	-0.1079171808	-0.1162205418	0.0451940012	0.05520608	0.0204937755	0.1047701265	-0.0777836283	0.0173867832	-0.0972349623	0.0814679465	-0.0396069002	-0.0125995555	-0.0125481923	0.0440306732	0.0759471617	-0.1113329968	-0.0729295317	0.0346117057	-0.0760405966	-0.0872496007	0.0156434465	0.098078528	0.081223502165372	-0.0002239467449243	5.015214456219193e-08	0.0065972573040081	0.2462225892079033	-0.2007762675262085	0.0403111096017556	0.0606255634362438	0.0316853627209852	0.0242566217098954	0.0010039622107603	0.0005883836967769	0.0033233407787242	-0.0003029895251439	1.104459393153117e-05	9.180265234698657e-08	-0.0014033974465974	0.0001355357535284	1.836994048451121e-08	1.9695243931161018e-06	-0.0002351682026429	-9.571805115999958e-07	5.5304083534292084e-08	9.1619453178683e-13	0.0	0.0	0.0	0.0	0.0	0.0	0.0	0.0	0.0	0.0	0.0	0.0	0.0	0.0
213.08166986499344	-0.0159898173706096	0.0002556742595454	45403.798032454055	372.2326556306929	-0.5653787875552894	0.319653173417489	138557.14991787798	207.2467489185286	-0.4184557848371071	42951.21493729964	0.1751052438636392	235.07604886915112	181.64004793845268	1.357464	39.855488	0.2306199771242694	0.119038053016878	0.0721652297	0.0289566477	-0.0963606586	-0.1018137482	0.0884525236	-0.0211810894	-0.0009870682	-0.0183400952	-0.1219791503	0.0594338016	-0.0340924622	-0.0120343812	0.0429971356	-0.076040683	0.0685112752	0.0041200772	0.059165525	-0.0596620158	-0.0477318088	-0.0773072571	-0.0562473091	0.360505405	-0.1996407835	0.2496704541	-0.2055660991	0.0083355397	-0.2175015203	-0.0362894429	0.3798133608	-0.0823931659	-0.0136803487	-0.1354857995	0.0892591483	-0.0924573396	-0.0829356305	0.1039361454	0.2029987939	0.0420924096	-0.1438172933	-0.1949384342	0.0256486173	-0.0514312816	-0.042874258	-0.0490028585	0.0682951312	0.0415159146	0.0180053143	-0.0639102766	0.0330068604	-0.0057231489	-0.0390505894	-0.0227330771	0.1019678966	0.084688299	0.061403461	-0.0969035442	0.0559822937	-0.0021795305	-0.088488484	-0.0133036645	0.0189055008	0.0738641336	-0.0236118256	-0.0546852524	-0.2454273194	0.0164617011	0.1362460715	0.0352257667	0.0705924766	0.1647232726	-0.2196413646	0.3769615317	0.0843932689	-0.2192368025	-0.067708708	-0.1467161066	-0.2592173163	0.1439397468	0.0306970622	0.1808112486	0.1485320476	0.009579444	-0.212863008	-0.2331565428	-0.1330220786	-0.0141038438	0.0760265521	0.1458278413	-0.0894856741	0.1102222341	-0.0332261493	-0.050914626	0.0749416894	0.0249477995	-0.0410347388	0.0555338912	-0.1063888317	-0.0061738203	0.0957273223	0.1439154781	-0.0328102874	0.0004111058	0.0074879407	-0.0375616284	0.0687459684	-0.0663567943	-0.0667924348	-0.1598509958	0.0660013036	-0.0108517908	-0.1522264258	-0.050286201	-0.0053058182	0.0340085125	0.0331337888	-0.0780430407	-0.0848510215	0.0218143241	0.0993068457	0.0818553057151092	0.0006318035497372	3.991757254605271e-07	0.0067002910737139	0.1916626080935088	-0.0545599811143945	0.002976791539203	0.0367345553412059	-0.0462274669506825	-0.0779128296716677	0.0021369787006764	0.0060704090274463	0.0040738416740441	0.0007505008953199	1.6596185985178435e-05	5.632515938759716e-07	-0.0020493585060845	-0.0006459610594871	4.1726569037369697e-07	4.199870286460894e-06	0.0003186770983195	0.0005538453009624	1.0155509299333629e-07	3.067446173981315e-07	0.0	0.0	0.0	0.0	0.0	0.0	0.0	0.0	0.0	0.0	0.0	0.0	0.0	0.0
212.4272773207928	-0.6543925442006469	0.4282296019053955	45125.34814992501	373.2936868000246	1.0610311693317271	1.1257871422934522	139348.17660475487	206.85929389018463	-0.3874550283439646	42790.76746874578	0.1501213989890224	234.26275954089007	181.0712509158824	1.126802	33.083218	0.285064011449709	0.1672301591810984	0.0849290836	-0.010129767	-0.0713629899	0.0718966875	0.0805543963	0.0782010461	0.011542447	0.0869662871	0.0052188734	0.0262284762	-0.0410053707	0.0305882826	-0.0493410845	0.0281167443	-0.0355669452	0.0138893623	-0.0332480996	0.0254474209	-0.0347483756	0.0625255107	0.0002331885	0.1651189498	-0.1081408426	0.0270450723	-0.0412217665	0.0279663468	0.0197158255	0.0372609368	0.101596983	-0.1002845508	-0.0194974146	-0.0405496308	-0.0365174066	0.1370610782	-0.0730152981	-0.1235004292	0.1335687897	0.0873528629	-0.0064817767	0.0671274953	-0.0970273527	-0.0371343487	-0.0028477599	-0.0412717053	0.0659490902	0.0090611311	0.082041426	-0.0478857514	-0.0164871155	0.0238805293	-0.0885898605	0.0424110187	-0.0315765081	-0.0393762857	0.0108583506	0.0383057712	-0.0208527134	-0.0680562937	0.0227576445	-0.0737618036	-0.0041127395	-0.086087472	-0.0566564978	-0.0080353602	-0.0915374656	0.0391806232	0.0580812564	0.0617578759	0.0193256966	-0.0147275098	-0.0165281881	0.1988479658	0.0249139886	0.0240352179	0.0333829087	-0.1488474784	-0.0649407691	0.0503335056	0.052461979	-0.0716934751	-0.0908560791	0.0664649067	0.0437954324	-0.0812324262	-0.0344442462	0.1448121037	0.0084731147	-0.0289252158	-0.0035771072	-0.0033786964	-0.0201924405	-0.0444505271	-0.0638341628	-0.0062043246	0.0944527159	-0.0121847406	-0.0487793117	0.0269864303	0.0780231542	0.0901283768	-0.0411510351	0.0805338404	-0.0336707725	0.0010528613	-0.0036526611	-0.0366459484	-0.1059698823	-0.029647916	-0.0656600673	0.1329048358	-0.0325391505	-0.0019229836	-0.0725784471	0.0887612123	0.0316476967	-0.0799684658	-0.0822640518	0.0278991106	0.0999229036	0.0906219283006066	0.0087666225854974	7.685367155655316e-05	0.0082123338889202	0.2963447425338756	0.1046821344403668	0.010958349270991	0.087820206427469	0.0802515484666273	0.1264790154173098	0.0064403110312914	0.015996941340932	0.0040007494284426	-7.309224560150037e-05	1.6005995989183787e-05	5.34247636707005e-09	-0.0023299735299471	-0.0002806150238625	7.874479161740753e-08	5.42877665025415e-06	-0.0002303404123471	-0.0005490175106666	5.305670556023206e-08	3.014202270185502e-07	0.0	0.0	0.0	0.0	0.0	0.0	0.0	0.0	0.0	0.0	0.0	0.0	0.0	0.0
213.0077398660904	0.5804625452975927	0.3369367664933598	45372.29724286003	371.019700095562	-2.2739867044626294	5.1710155320728095	137655.61785900075	207.0022349342446	0.1429410440599667	42849.9252677722	0.0204321420769533	234.31296372246567	182.32335455667945	1.031314	30.279642	0.211878659626616	0.1161588266050955	0.0716934075	0.0838039765	-0.0407115109	0.0035114725	0.0603815907	-0.1154795202	0.0154437036	0.0504663804	-0.1138189442	-0.0433275746	-0.0718325261	0.0885592992	-0.0810237697	-0.0256244633	0.0611366393	0.0242962675	-0.0647203209	-0.0057548601	0.0310088486	-0.0251722508	-0.0720199292	0.1115662777	0.0128595221	-0.0093729673	0.0158234907	-0.0349571692	0.0633749086	0.1498285578	-0.0323859922	0.0580066089	0.0458960069	0.0796656327	-0.0650796512	-0.0489347278	0.0582904633	0.016303745	-0.1913679048	0.0577574591	0.0353548362	0.0434480791	-0.0792931264	0.0252585653	-0.0238923344	0.056043493	-0.1497326673	0.1279954423	0.106835878	0.0959718372	-0.0580824862	-0.1165971754	-0.049070931	-0.0550094741	-0.0133102649	-0.0455923263	-0.1064043796	0.027782081	0.0375316415	-0.108536251	-0.0513718551	0.0180208792	0.0408755914	0.053626818	-0.1025718383	0.0311327291	-0.0330602951	-0.0248832728	0.0514162737	-0.062157421	0.135681816	0.0249931026	-0.0077890941	-0.0310886736	0.0288101123	0.1196781894	-0.0767758089	-0.0019061906	0.0890249364	-0.0022252298	0.1064822749	-0.0022860819	-0.050065765	0.0323494152	0.0212714382	0.1076872486	0.1090207856	-0.0408274433	-0.0804114944	0.0942271893	0.1264984453	0.012556451	-0.0240135878	-0.0391315054	-0.0129867688	-0.0087510075	-0.0401368724	-0.0229919852	-0.1329847442	-0.0380729683	-0.0058222199	0.0883249903	-0.0018527442	-0.0092315378	0.0548762936	-0.0788401054	0.0060154603	-0.0062022398	0.0749929163	0.0043453726	-0.0570210932	0.0203252279	-0.0570630029	-0.0506742557	-0.0287747487	-0.1174548384	0.030153796	-0.0818149717	-0.0794944353	0.033873792	0.0999229036	0.0815695730786387	-0.0090523552219679	8.194513506468951e-05	0.0066535952522313	0.2078020810317724	-0.0885426615021032	0.007839802905876	0.0431817048811353	0.0096314720044574	-0.0706200764621699	9.276525297264664e-05	0.0049871951995227	0.0035232858399428	-0.0004774635884997	1.241354310994144e-05	2.279714783431061e-07	-0.0019369148847641	0.000393058645183	1.5449509855309554e-07	3.751639270820727e-06	-0.0002330895074718	-2.749095124699997e-06	5.433071849344632e-08	7.557524004649294e-12	0.0	0.0	0.0	0.0	0.0	0.0	0.0	0.0	0.0	0.0	0.0	0.0	0.0	0.0
213.33808976942504	0.3303499033346497	0.1091310586332124	45513.14054646726	372.2485702893535	1.228870193791522	1.510121953189213	138568.99808246776	207.1619758942825	0.159740960037908	42916.08425642329	0.0255171743138325	234.66972815023885	181.26446540854533	0.946974	27.803402	0.1224061539197967	0.0782323352085305	0.0686885272	-0.0444764192	-0.0950892409	-0.0693091201	0.0348780239	0.018974026	0.0483529844	0.048724888	0.0339823216	-0.0403094664	-0.0435131616	0.0419158172	-0.0284157669	0.0210530964	0.0343067369	0.0006756292	-0.0546732528	-0.0197649453	-0.0158119044	-0.0035382569	0.0049633135	0.0557281969	-0.0900539368	-0.0020238203	-0.0412248245	-0.0170420102	0.0791846066	-0.1402813441	-0.0185877252	-0.0139886339	-0.0394068356	0.0120792933	0.0090194658	0.0877186611	0.1168033639	0.0990626824	0.0316908095	0.0071691724	0.0702045708	-0.0330939297	-0.0148406972	-0.0030474514	0.0380681164	0.0659372809	-0.0178555398	0.0578432877	-0.164652565	0.0514852791	-0.1091183032	-0.0435553765	-0.2171931406	-0.0279178892	0.0370023241	0.0897270341	0.1434257927	-0.0400341717	0.0575444107	-0.0739575225	-0.0145004269	-1.0846e-06	0.0068651884	-0.0274935111	-0.0182911549	-0.0175734744	-0.0140304466	0.0414661587	0.0343152542	0.1022660683	-0.0174163425	-0.0494981124	-0.0920976588	0.0606515571	-0.1429269818	0.0221455287	-0.0041590801	-0.0012352988	0.0394888973	0.0502807397	0.0512514859	0.0607966387	0.0303811877	-0.0606806347	0.0189226829	-0.0676447447	-0.0274367751	-0.0850609123	0.0269279416	-0.057029884	0.0528308568	0.0062345029	-0.0200297347	-0.0373616596	0.0139467883	0.0310191864	0.0638029339	-0.017444239	-0.071130061	0.0063155064	0.1431024324	-0.0042133188	-0.0517496725	0.0273267625	-0.038965284	0.0264049079	0.0413087459	0.0185080958	-0.0895225663	-0.0463702078	0.0122686738	0.0018751587	-0.0591070188	-0.0014243446	0.0111054972	0.0666724526	0.0286524553	-0.0835807361	-0.0765483213	0.0397147891	0.0993068457	0.0819798585916231	0.0004102855129844	1.6833420216487334e-07	0.0067206972147025	0.2794630755692537	0.0716609945374813	0.0051352981381009	0.0780996106066264	0.0012793541808164	-0.008352117823641	1.6367471199724015e-06	6.975787213998167e-05	0.0037128234682573	0.0001895376283145	1.3785058106442168e-05	3.5924512547085666e-08	-0.002188681588146	-0.0002517667033818	6.338647293178955e-08	4.790327094289296e-06	-0.0006314402966892	-0.0003983507892174	3.98716848282945e-07	1.586833512701255e-07	0.0	0.0	0.0	0.0	0.0	0.0	0.0	0.0	0.0	0.0	0.0	0.0	0.0	0.0
213.3216646336644	-0.0164251357606417	0.0002697850847555	45506.13260207758	373.6136638133305	1.3650935239770092	1.8634803292039692	139587.16978802034	207.400914071264	0.2389381769814917	43015.13915759583	0.0570914524192386	234.51004308790297	190.6255554808491	1.172182	34.415573	0.1497670744741382	0.0939467603295369	0.0296256481	0.119132313	-0.0005280272	0.1121323215	0.028566063	0.0054248068	-0.0517840543	0.0740965828	0.0203120335	0.0388522258	-0.0844386853	0.0708635725	-0.0222448118	0.0664250146	-0.126052169	-0.0355699646	-0.0358147659	0.05103424	-0.0136306958	0.0084246207	0.0104457844	0.0220833323	0.0014712251	-0.0650195787	0.1014900345	-0.0017211258	0.0321231608	0.1238014635	-0.0427679404	0.026921157	-0.1092385906	-0.0047000261	-0.0135296948	0.1308549728	-0.0301111278	-0.0261619282	0.0355847847	0.0369760484	-0.0989601112	0.0235632708	0.0490009115	-0.0906888078	-0.0375567319	-0.0537192296	0.042593665	-0.0849750109	0.17006862	-0.0766480128	-0.0536403142	0.0568790394	0.0372718002	-0.1068944249	0.1070920383	0.0995711822	0.0548367759	0.1016038073	-0.0263220161	-0.0454062953	0.0849909473	-0.113811592	0.0404058777	-0.0439876852	-0.0472667553	-0.0201413966	0.0090871043	-0.0052158368	-0.0201374739	0.0187834761	0.0161807804	-0.0429000666	0.0847703071	0.0555290509	0.0395339155	0.0976220618	0.0030183095	-0.0975626151	0.0889153219	-0.0083035009	0.0388737264	0.069759183	-0.1208678109	-0.0212368155	0.0470667711	0.0030244281	-0.043534383	-0.0131724629	0.0126097652	-0.0873610122	-0.0957522385	0.0770067836	-0.0222064432	0.0053675364	-0.17276728	-0.0104663836	0.0174757185	-0.0448222698	-0.0239155907	-0.0253946043	-0.0891844557	0.0237063628	-0.0651357818	0.0861086818	0.0397383881	-0.0547365461	-0.0105927341	-0.0818667868	-0.0233734794	0.0872453246	-0.0038216469	0.0669431323	0.0362418745	-0.0937614227	-0.0941245047	0.0062888857	0.027144045	-0.0852640164	-0.0734322509	0.04539905	0.098078528	0.0773499830073234	-0.0046298755842996	2.1435747926094465e-05	0.0059830198712332	0.3600645988427686	0.0806015232735148	0.0064966055540109	0.1296465153398038	0.04646815132255	0.0451887971417336	0.0021592890873354	0.0020420273871167	0.0036971172371594	-1.5706231097900245e-05	1.3668675865301154e-05	2.4668569530064873e-10	-0.0020682122010844	0.0001204693870616	1.45128732189976e-08	4.277501708714378e-06	-0.0003806783453569	0.0002507619513323	1.4491600262366724e-07	6.288155623598282e-08	0.0	0.0	0.0	0.0	0.0	0.0	0.0	0.0	0.0	0.0	0.0	0.0	0.0	0.0
212.9285449257873	-0.3931197078771049	0.1545431047213803	45338.565244213016	373.3167334270262	-0.2969303863043251	0.0881676543108357	139365.38345662534	207.46971046693	0.0687963956659984	43043.68076123176	0.0047329440566326	235.4869141631179	183.73779896543	1.205131	35.382957	0.2634973558929239	0.1912638598415889	0.0932397195	-0.0467758522	0.0102546339	-0.0754123326	0.0431670127	-0.0730561941	-0.0858315737	0.0543201395	-0.0532857437	-0.0419112032	-0.1337439532	0.0530631483	-0.0286046224	-0.0557251324	0.0279973942	-0.0502974345	-0.0534413776	-0.0284785071	-0.0540265651	-0.0396515583	-0.0383821284	0.1284918115	0.0358877319	0.039464477	0.0084381021	0.0302067845	0.0436005313	-0.073782843	0.0214686431	0.1088110655	-0.0432820316	0.0701577536	-0.0088653437	-0.0551734005	0.0442960318	0.0057196384	0.0087035881	-0.0059099393	-0.0733122244	-0.0273782332	-0.0104343454	0.0341154714	-0.0400186343	0.0217719339	-0.0969323693	0.0145648824	0.0445193499	-0.0482003989	-0.158168196	0.0158151802	0.0594524836	0.1107616103	-0.1624076446	0.1218890581	-0.0014910288	-0.0456021664	0.0585230176	-0.0632386681	-0.0989911912	-0.0638317035	0.0412689795	0.041569746	-0.042716771	-0.055849802	-0.0802010557	-0.0025165323	0.0388758748	-0.0253663017	0.0620037471	-0.0294190681	-0.0359239596	0.0126765429	0.0338692088	-0.0303324004	-0.108080103	0.0675545765	0.1661197556	0.070943049	0.0095492131	-0.0469270643	-0.0738315733	0.0344570666	-0.1119656875	-0.0739063018	-0.0057017185	-0.0926225844	-0.0072610243	-0.0556796816	-0.0153767109	-0.0444688414	-0.0156235811	-0.0563495151	0.0744941912	0.0239747187	0.0173034112	-0.0880468698	-0.1453456156	0.0130018711	0.0566248832	0.0455220827	-0.0074394906	0.0366651199	0.0384270987	-0.0844394481	0.0477910238	-0.0364097951	0.0555408091	0.060851623	-0.1293996216	0.0489728283	-0.0962050598	0.0803603998	0.0041140581	0.0350743068	0.0256289373	-0.0868631514	-0.0701531426	0.0509041416	0.0962455236	0.0821132935386543	0.0047633105313309	2.2689127217887885e-05	0.0067425929757652	0.1775315943437192	-0.1825330044990493	0.0333182977314499	0.0315174669902228	-0.0067439147172336	-0.0532120660397836	4.5480385713319945e-05	0.0028315239722222	0.0037389753391627	4.185810200329999e-05	1.3979936586866828e-05	1.7521007033186664e-09	-0.0024238412767456	-0.0003556290756612	1.2647203945563957e-07	5.87500653485574e-06	-0.0004429706641476	-6.229231879069998e-05	1.9622300929536584e-07	3.880332980322194e-09	0.0	0.0	0.0	0.0	0.0	0.0	0.0	0.0	0.0	0.0	0.0	0.0	0.0	0.0
212.33099165886904	-0.5975532669182542	0.3570699068046783	45084.45001883871	371.1099448107166	-2.2067886163095523	4.869915997073428	137722.59113741314	206.74288646545733	-0.7268240014726643	42742.62110406898	0.5282731291167356	234.0119099020361	178.36445605461932	1.0974	32.219963	0.3062225097052372	0.211391188267478	0.1014981881	0.0046924206	-0.09710945	0.0065378827	0.0884934097	0.0486910608	0.1448086845	0.0508587836	-0.0250247643	0.0359169082	-0.0515905417	0.0507972577	-0.0668493075	0.1295282385	-0.0578423956	-0.0182437864	-0.1092008283	0.0609607758	-0.0644701195	0.0554151314	0.0032360453	0.0136253902	-0.1010892618	-0.0352279904	-0.0651201675	0.0522410467	0.0672867823	-0.0164229852	7.61723e-05	-0.1559578771	-0.043164706	0.0356052129	0.0505993364	0.137174838	0.0458327218	-0.0176175004	0.051462215	-0.0721072928	0.0658230121	0.1313092797	0.0188308694	0.0825497906	-0.0677808359	-0.0139824949	-0.0393577527	0.0614612773	0.0111579069	-0.182402241	-0.0143461183	-0.0015921651	0.0761010385	-0.1732289106	-0.1248438755	-0.0134036222	-0.0295576948	0.0021161795	0.0156027415	-0.1178296374	0.0931170433	-0.0512622428	0.0174525663	-0.1409873046	-0.0159737418	-0.0494658537	0.0632947967	-0.0298523448	0.031049359	0.0405210448	-0.0336584859	0.0178068367	-0.0688649423	0.0873963085	-0.1155032068	0.0969865387	0.0713805273	-0.0050153497	0.0063259724	0.0127083207	0.0668872913	0.0266861992	0.0306706388	-0.0239442558	0.0354729037	-0.0178205871	-0.0412379594	0.0404933697	-0.0992646193	-0.0970910542	-0.0009183365	-0.1238546818	-0.0071021634	0.0032954671	-0.1013345821	-0.0035652319	0.1211258693	-0.0384377537	-0.0175179514	-0.0200322116	0.1239743505	0.0081875179	-0.0842965429	0.0082637844	-0.0282529552	0.0738109586	-0.1184010921	-0.0060970227	-0.027294639	-0.0695161947	0.0053777523	-0.0112319297	-0.0152180334	0.0521674767	0.03069309	-0.0028738802	0.0241075061	-0.088376563	-0.0667182767	0.0562083378	0.0938191336	0.0817889085933814	-0.0003243849452729	1.0522559271971044e-07	0.0066894255688964	0.3718125136499139	0.1942809193061947	0.0377450756064601	0.1382445453066674	0.073566319214791	0.0803102339320245	0.0054120033228125	0.0064497336742165	0.0036759242029994	-6.305113616329999e-05	1.3512418746196774e-05	3.975445771482995e-09	-0.0020080937996349	0.0004157474771107	1.728459647239121e-07	4.032440708132129e-06	-0.0005903114813085	-0.0001473408171609	3.484676449646356e-07	2.1709316401641786e-08	0.0	0.0	0.0	0.0	0.0	0.0	0.0	0.0	0.0	0.0	0.0	0.0	0.0	0.0
214.3067236049204	1.9757319460513545	3.903516722647872	45927.37178227575	373.7154182192973	2.6054734085806786	6.78849168282102	139663.2138148243	207.05784821451363	0.3149617490562946	42872.95250722457	0.0992009033686002	234.044026279354	187.9751289382588	1.215193	35.678379	0.1434277260071012	0.11100357967802	0.0260714651	0.070830148	-0.022765425	0.08457963	-0.0246510714	-0.1476961846	0.0616021394	-0.0001613142	-0.0627775907	0.0729726712	-0.1180904167	0.0677902765	-0.0460562006	0.0190327359	-0.0550317644	0.059951987	-0.0046478481	0.1085062242	0.0339277566	0.0292781478	0.0761762603	0.0375601466	0.0408972318	-0.0185404872	-0.0644811519	-0.0488467357	-0.0033142967	0.1266342659	-0.0878967504	0.0619703989	-0.0050686369	-0.0001264065	-0.0239440682	-0.0528840754	0.0251320291	0.0757888113	0.0275827184	-0.0102014243	-0.0214421491	0.0375001579	-0.0021807267	-0.0826397563	-0.0817773709	-0.0517177355	-0.0057583165	-0.0823399128	0.1182747595	0.0085664514	-0.0789112072	0.1185960987	-0.0705784706	0.0226147355	-0.0410535729	-0.002068163	0.0095882718	0.1155763193	-0.0269421681	-0.0396243567	0.0431300302	0.0470372059	0.0552572692	-0.0061154054	-0.0846433845	-0.0052991003	0.0684458622	-0.1113594922	0.0303068075	-0.0389769344	0.1185633787	-0.0515089213	-0.0276298961	0.0083081303	0.0554705955	-0.0015654463	0.0214856165	-0.0629454162	0.1255796574	-0.0291603999	0.0395489871	0.0440877573	-0.023543445	-0.0211449251	-0.0651113573	-0.0027651623	0.0048510772	-0.0680447471	0.0807753643	-0.0832162132	0.0427158164	0.0200835628	-0.0089241819	-0.0267492382	-0.0844047221	-0.0124872855	-0.0211212046	-0.1109570126	-0.0854605277	0.0009537822	-0.0923218936	0.0731931322	0.0216005982	-0.0180140263	0.0875715752	-0.0725671179	-0.0726865279	0.1533045866	-0.0572064172	0.0812828569	-0.0260532004	-0.0051634617	-0.0270016471	-0.0027945574	-0.065005829	-0.0492898581	0.0225801267	-0.0898027576	-0.0631352795	0.0612907054	0.0908143174	0.0816093919672766	-0.0001795166261047	3.222621904804969e-08	0.0066600928572685	0.2618648058333406	-0.1099477078165733	0.0120884984541185	0.0685731765341331	0.0586770661514179	-0.014889253063373	0.0034429980921378	0.0002216898567851	0.0037533076582692	7.738345526980004e-05	1.4087318377622223e-05	5.988199149493143e-09	-0.001877920274441	0.0001301735251938	1.6945146661406865e-08	3.526584557156561e-06	-0.0007509794708658	-0.0001606679895573	5.639701656618771e-07	2.5814202868384663e-08	0.0	0.0	0.0	0.0	0.0	0.0	0.0	0.0	0.0	0.0	0.0	0.0	0.0	0.0
215.1817980953037	0.8750744903833265	0.7657553637196386	46303.20623152806	374.223783729846	0.5083655105486855	0.2584354923154257	140043.44030908254	207.4857498271353	0.4279016126216675	43050.336381328576	0.1830997900842235	235.16330477473016	193.08439168624707	1.082797	31.791206	0.3387505680339303	0.1745078279954942	-0.0111868157	-0.0393168096	-0.045052739	-0.117158725	-0.0638591813	-0.055812032	0.070623253	0.017124629	0.0336606944	0.0019702988	0.0931211034	0.0496195594	0.0059979352	0.0232442478	-0.031978445	-0.0136733331	-0.0331295942	-0.0213576141	0.0223571632	-0.033168439	0.0655595987	-0.0427915422	-0.1553054686	-0.0264695788	-0.0744257964	0.0409426689	0.0243703984	-0.0768468444	0.0090660617	-0.0137030284	0.075874603	0.1620726437	-0.0023048654	-0.0397393389	0.0341631267	-0.1260903311	-0.0870240618	-0.0409565854	-0.0253559644	0.0782662901	0.0361437034	0.0184711117	-0.0602274306	-0.0018626733	-0.0534831645	0.0365479477	0.0544996475	0.0256219277	0.0695563884	-0.099496518	0.0901518458	0.1137420386	-0.0150109487	0.0290079487	0.0831230674	-0.0099178906	0.0732525183	-0.0188112932	-0.0102614464	0.0144396308	0.0494688459	-0.0086867428	0.0804574896	-0.0125980905	0.098853654	-0.0257559481	0.0119143971	0.0775914797	-0.0447519052	0.0506539571	-0.171165715	0.0935640664	-0.1315934606	0.0202291545	0.0440805019	0.1033738098	0.0813873286	-0.0567005921	0.0926513728	-0.1214161968	0.0100871329	-0.0336395887	-0.0450406199	0.1575691763	0.0491750437	0.066244929	0.006418685	-0.0119414239	-0.095702651	-0.0059650608	-0.0199406151	-0.0307568586	-0.0122114233	0.0823958781	0.0191312797	0.0436054699	0.0135113883	-0.0110715654	0.0583377524	-0.0133361187	-0.0472522423	-0.0536395225	-0.0517141799	0.0256207413	-0.0097210626	0.0390552688	-0.0346430086	-0.0776863368	0.0528984254	-0.1651671806	-0.0403990586	0.0665333842	0.0073376999	0.0020315508	0.021047176	-0.0911403277	-0.0594121063	0.0661311865	0.0872496007	0.1212327819813765	0.0396233900140999	0.0015700130362094	0.0146973874269439	0.3305677281457235	0.0687029223123829	0.0047200915342613	0.1092750228914249	-0.0628321134318596	-0.1215091795832775	0.003947874478314	0.0147644807230011	0.004022047754481	0.0002687400962118	1.6176868139325654e-05	7.222123931192764e-08	-0.0026332042492223	-0.0007552839747813	5.704538825614394e-07	6.9337646181223765e-06	0.0004032979806245	0.0011542774514903	1.6264926117579958e-07	1.332356435018942e-06	0.0	0.0	0.0	0.0	0.0	0.0	0.0	0.0	0.0	0.0	0.0	0.0	0.0	0.0
214.9061904230916	-0.2756076722121179	0.0759595889821822	46184.67068216611	375.3587859349649	1.1350022051188944	1.2882300056247529	140894.2181785708	207.7799953203326	0.2942454931973088	43172.52645531744	0.0865804102669275	234.84258333937424	195.05520680584485	1.018425	29.901224	0.2423473350188389	0.1470536809703707	-0.0273152387	-0.044418469	-0.0688681994	0.0764583745	-0.0473949115	0.0495731886	0.0516725582	0.0450729778	0.101365606	0.122981863	-0.0801138523	0.041687637	-0.0154448023	-0.0344985372	-0.0867839523	-0.0903655652	-0.0269075734	0.0377639334	0.0203142285	0.0735026292	0.0663380524	-0.0382647619	-0.1042084911	-0.0262059206	-0.0556883076	-0.0825038954	-0.0780064634	0.1031708684	-0.0647263196	-0.045007719	0.0153813876	-0.0417659828	0.0725913227	0.0081712674	0.0578521443	0.0307622787	-0.0047729284	-0.0863577026	0.0977587006	-0.0619720891	-0.1096817484	-0.0248071187	-0.0048876296	-0.1750275231	0.0311893219	0.1251381889	-0.1186746416	-0.1268780974	0.0927541185	0.004015723	-0.0019286827	0.0703674195	0.1349377393	0.0629340183	-0.1338667723	0.0874727157	-0.0278671977	0.0031580131	-0.024823073	-0.0887754834	-0.0184549433	-0.0747680823	0.0272652346	0.0328349272	0.1141283122	-0.0536257635	0.0456424761	-0.0187836874	0.0667719326	0.0519519154	-0.0449982083	0.0655439138	0.0071818943	0.021792303	0.0656977739	-0.1613071253	0.0261261595	-0.0604886565	-0.0823771554	0.0238830019	0.0103265086	-0.1437738886	0.0410896017	-0.0386502235	-0.0490649859	0.0136693257	-0.0136479573	-0.0033556831	-0.1485422358	-0.073432319	-0.0011132261	-0.042667308	-0.0579613805	-0.0273157452	0.0885885606	-0.0562115115	0.0427135037	-0.0312501297	-0.0535486495	0.0259619396	0.0969184408	0.0031111342	-0.0355593902	0.0013689208	-0.0225130442	0.0238101037	-0.2246950525	-0.0706979474	-0.023855592	0.0723435805	-0.0036444735	0.0092006742	-0.0304903559	0.0079290778	0.0195090322	-0.0923879533	-0.0555570233	0.0707106781	0.0831469612	0.1067889596351108	-0.0144438223462657	0.0002086240039704	0.0114038818999493	0.2860784079250607	-0.0444893202206628	0.0019792996136966	0.0818408554809374	0.0659210781299108	0.1287531915617704	0.0043455885418098	0.0165773843373419	0.0038790511221315	-0.0001429966323495	1.5047037608109649e-05	2.044803686329815e-08	-0.0028491535330803	-0.000215949283858	4.6634093198783074e-08	8.117675855063956e-06	-0.0003309761209708	-0.0007342741015953	1.0954519265287767e-07	5.39158456273585e-07	0.0	0.0	0.0	0.0	0.0	0.0	0.0	0.0	0.0	0.0	0.0	0.0	0.0	0.0
214.41821244437247	-0.4879779787191296	0.2381225077148073	45975.16982784004	373.230644036631	-2.1281418983338654	4.528987939444068	139301.11364799837	207.30754055399137	-0.4724547663412295	42976.41637054478	0.2232135062385457	234.47624139384823	195.3711473393245	1.117674	32.815212	0.1941797498917614	0.1213411177543747	-0.0074290285	-0.0708629394	0.0759458707	0.0775486876	-0.0250939105	-0.1097220044	-0.0836091869	0.1030583403	0.0648164135	0.0309141979	-0.0783099349	0.0380135767	-0.0165207535	0.0799089019	-0.1612458078	-0.0007663336	0.0194766728	0.120482411	0.0124119049	1.30756e-05	-0.020790935	0.0037779523	0.007238522	-0.0840891708	-0.0849299204	0.0281805681	0.1325001578	-0.0234412432	-0.086884875	-0.0644184342	-0.0821876447	0.0210991375	-0.047813236	0.1727964888	0.0575546114	-0.0453614059	0.0749212298	0.0655108783	0.0218690391	-0.036028612	-0.0901932787	-0.0181616391	-0.1092371548	0.0118116409	-0.2119223337	-0.1010046711	-0.1347855652	-0.0441628433	0.0656698374	-0.0862968666	-0.1559914817	-0.0392345736	0.0023939209	0.0394167103	-0.078648665	0.1024546694	-0.0489079148	-0.0025994601	0.0988598092	-0.0689404143	0.0869389694	0.0178093108	-0.013800448	-0.1024375514	0.1039351488	0.0269601554	0.0575202048	0.0391784032	-0.0154169029	-0.1185567572	-0.0452396633	-0.0417569369	-0.036109052	0.0751300392	0.1089110079	-0.0401523913	0.0829178796	0.0760825593	0.0796276771	0.0339386228	-0.0765203404	0.0217199995	0.010228334	-0.0627088152	-0.0911217144	0.0790662826	-0.120574688	-0.0155276561	0.1549763469	-0.2046158397	-0.0089101128	-0.020338482	-0.1155358754	0.060628128	0.0512715846	-0.1496055614	0.0188851365	0.1673766411	0.0349832012	-0.0778813607	-0.0542953049	0.0588554931	-0.0653398346	-0.0463991257	-0.0806018821	0.0909864328	-0.095701256	0.0225713506	-0.0656918678	0.0414555544	-0.0531661873	0.0971830929	-0.0156261322	0.0657648388	0.0179660749	-0.0935444031	-0.0515785898	0.075011107	0.0785316931	0.1201550154389394	0.0133660558038286	0.000178651447751	0.0144372277351317	0.4025112988991424	0.1164328909740817	0.0135566181005824	0.1620153457414747	0.0923257826306169	0.0264047045007061	0.0085240501383559	0.0006972084197696	0.003368433339146	-0.0005106177829854	1.1346343160270271e-05	2.6073052030102705e-07	-0.0026972325803598	0.0001519209527204	2.3079975875504392e-08	7.275063592554386e-06	-0.0004279593575277	-9.698323655689997e-05	1.8314921169552175e-07	9.405748173051618e-09	0.0	0.0	0.0	0.0	0.0	0.0	0.0	0.0	0.0	0.0	0.0	0.0	0.0	0.0
214.3095361147168	-0.1086763296556796	0.0118105446274299	45928.5772697051	373.318609956694	0.0879659200629703	0.0077380030925248	139366.78453999822	207.05292902023115	-0.2546115337602259	42870.91541585688	0.0648270331237346	234.7249019687717	188.4719515055396	1.266961	37.198307	0.2805862126770912	0.1492656303192903	0.017280389	-0.1030963806	-0.1166243753	-0.1234148671	0.0094659307	-0.0286396248	0.0782788491	-0.0128434072	-0.0240984154	0.0334328406	-0.0088806455	-0.0071143241	-0.0330403054	0.0298118379	-0.014185465	-0.0479418805	-0.1009538693	-0.0363778179	-0.0236961248	-0.0265312781	0.0094829112	-0.1137525901	0.0062111585	0.0306687844	-0.1498082371	0.0816216446	-0.1760245738	0.0794197489	-0.0961873898	-0.0699295493	0.1955306792	0.0263637357	0.0857817903	-0.044350927	0.0597813312	0.095153229	-0.1520941879	0.0337055157	0.0602477546	-0.0463934043	0.1371307093	-0.0448878926	-0.0174760709	-0.0730947288	-0.0173295791	-0.060073779	-0.0378670277	-0.0127031239	0.0063833434	-0.0784708574	-0.1365697047	-0.0031949292	-0.1553103917	-0.0426392166	0.1421011737	-0.06989089	0.0341427988	-0.047320173	-0.005854053	-0.0028894386	0.0669095979	-0.0768040385	0.0827888504	0.0107920156	0.1267914853	-0.0953930096	-0.0293228496	-0.1571373386	0.0194616753	0.1155350134	-0.1318573399	-0.0249796171	0.0579664181	0.0171336348	0.1087869668	0.0098317215	-0.0491801552	-0.0309417177	-0.0118531517	-0.0616271906	0.1435892442	-0.0593248144	-0.0680419252	0.0934593503	-0.0137842122	-0.1171956257	-0.0524371856	-0.059411801	-0.0334487294	0.0416361855	0.0036619659	-0.0264091943	-0.0067341129	0.0752566881	0.1217221551	-0.0015641445	0.0353745575	-0.0993163803	-0.0979008267	0.0692147484	0.0346007923	-0.0849515576	-0.0175287254	0.0317343896	-0.0632753213	0.0681047393	-0.0616303615	-0.0608307834	-0.0828500376	0.0160703831	-0.0171685441	0.1206104758	0.0396017778	0.0197623796	0.0164186847	-0.0946085359	-0.047485639	0.0790155012	0.0734322509	0.1283446553893128	0.0081896399503734	6.707020251675209e-05	0.0164723505670014	0.309704323536053	-0.0928069753630894	0.008613134676045	0.0959167680169241	-0.0027328550443215	-0.0950586376749384	7.468496693273469e-06	0.0090361445966152	0.0040978403414614	0.0007294070023154	1.6792295464108483e-05	5.320345750267381e-07	-0.0024319644575714	0.0002652681227884	7.036717696768167e-08	5.914451122890554e-06	0.0002679847111423	0.00069594406867	7.181580540602198e-08	4.843381467169537e-07	0.0	0.0	0.0	0.0	0.0	0.0	0.0	0.0	0.0	0.0	0.0	0.0	0.0	0.0
215.5862291258261	1.2766930111093018	1.6299450446153358	46477.42218869319	375.6998970513957	2.3812870947016904	5.6705282273928175	141150.4126444293	207.5012828742013	0.4483538539701612	43056.78239443931	0.2010211783698967	234.67390028253809	200.55850632370007	1.281031	37.611397	0.1968356021366613	0.1078044422377985	-0.0585593364	0.0320914811	0.0402175486	0.0782555656	-0.0690977418	-0.0247547137	0.0118836484	0.015610474	0.0600873597	-0.0377116093	-0.078390867	0.0185900808	0.033413729	-0.1014454429	-0.0448959305	0.0427232759	0.0889202319	0.0235058298	0.0108514282	0.0571050843	0.0547387337	0.0023740325	-0.0108308283	-0.027926195	-0.0614642244	0.0331413323	-0.0370501499	0.0615631529	0.0363637809	0.0638075355	0.046414938	0.033971077	-0.0671566572	-0.0053049723	0.0648496097	-0.0030541737	-0.0249299374	0.075379535	-0.0484766176	-0.1162502992	0.0170307943	0.0853605154	0.2004578148	-0.0049097006	0.063421051	0.0429309216	-0.0512309065	0.0259099193	-0.0517898359	-0.0834008531	0.1758167201	-0.0940479677	0.0723246193	-0.1224676022	0.0712455618	0.0879077795	-0.0301662655	0.0640598116	-0.0627364948	0.0217549028	-0.0187216354	0.0001401166	0.0060928337	-0.0142731716	-0.0095847499	0.0624391327	0.0408899865	0.1066639309	0.0456659562	-0.0593106031	-0.0406072874	-0.0615230338	0.0898265267	-0.0694336426	0.0613606215	-0.0470479123	0.0280464658	0.009386077	0.0358926502	-0.0423402641	0.14748348	-0.0908022751	0.023720603	0.0084540458	-0.02941927	-0.041064141	-0.079710951	0.1544277312	0.0089924684	-0.0326657373	0.003065111	-0.0564260608	-0.0406502862	-0.1205253943	-0.037255641	-0.0153441661	0.0499072325	0.0247567788	0.0574392167	-0.0483093755	-0.0044197256	0.012411159	-0.0305782568	-0.0332407233	0.0001501303	0.0590610319	-0.0793024007	-0.0024692815	-0.0365102214	0.0183496936	0.0616249618	-0.0219720625	-0.0522936763	-0.1789967322	0.0148672434	-0.0955793015	-0.0432872582	0.0827080574	0.0678800746	0.1493841846463084	0.0210395292569955	0.0004426617913559	0.0223156346224423	0.2388098262563005	-0.0708944972797524	0.0050260297445488	0.0570301331165644	0.0424388001848967	0.0451716552292182	0.0018010517611335	0.0020404784361473	0.0034469172371099	-0.0006509231043515	1.1881238439485348e-05	4.237008877785937e-07	-0.0025257685556996	-9.380409812819986e-05	8.799208825644948e-09	6.379506796960843e-06	0.0007178559160765	0.0004498712049342	5.15317116246031e-07	2.0238410102894898e-07	0.0	0.0	0.0	0.0	0.0	0.0	0.0	0.0	0.0	0.0	0.0	0.0	0.0	0.0
215.8968247152244	0.3105955893983037	0.0964696201536796	46611.43892211633	375.1466751701407	-0.5532218812549559	0.3060544498992725	140735.02789121107	207.10487581183656	-0.3964070623647444	42892.42958503625	0.1571385590926463	234.78485385218897	204.07775802640708	1.108952	32.559135	0.308569800648704	0.191111612260636	-0.0729162375	-0.0512281104	0.0218225644	-0.048476312	-0.0654025705	-0.066686738	0.0258746383	-0.0046937494	-0.0117122556	-0.0005253274	0.068265016	0.0279779339	0.0112412208	0.0133703169	-0.0337654116	0.0545956002	0.0275506016	-0.0782474852	0.0810453546	-0.064012845	-0.0372901864	-0.0686560313	-0.0140966933	-0.0116171348	-0.0589308561	-0.0543285192	-0.0403220191	0.0831108456	0.0863618267	-0.0253768397	0.051107466	0.0326780536	-0.0432405806	0.00596764	-0.1363064463	-0.1463619842	0.0338311102	-0.03788088	0.0255169479	0.0582905599	0.0037699314	0.0458350226	0.01537232	0.1990640013	-0.0474518204	-0.0395229618	0.0196941701	-0.0426995594	-0.0557701478	0.0990910186	0.0273002801	-0.0069784916	0.1023128157	0.0390204311	0.1083541537	0.0086417073	0.0419784435	0.0168284127	0.0168671148	0.0540745298	0.1077224767	0.0693557562	0.073352819	0.0571032063	0.0565216679	-0.0090005845	-0.0582570877	-0.0528187834	0.033809506	0.04067394	0.0069206957	0.0615954874	0.0276228508	-0.0169951555	0.0011358279	0.0698820291	-0.0968947464	-0.112740221	-0.0024008972	-0.051652	-0.0278306626	-0.0069897514	0.0533622057	0.0038586701	0.0401801593	0.1274222	0.0401181836	0.0368287241	0.0954901547	-0.0303428235	-0.0177956565	-0.0318429588	-0.0007849377	0.1527449279	-0.0681335679	0.0347256999	0.025102201	-0.0223689357	-0.0945007767	0.006107493	-0.000810165	-0.0858702907	-0.0551004636	-0.0537011036	-0.0172786996	0.0225513975	-0.0504203469	-0.0755318923	0.0493827456	-0.0887217066	-0.0959297358	0.0169087114	0.003926217	-0.0178912397	0.0133121339	-0.0964557418	-0.0389927688	0.0860742027	0.0619093949	0.1572692524955954	0.0078850678492869	6.217429498785948e-05	0.0247336177805233	0.3455702664410296	0.1067604401847291	0.0113977915884371	0.1194188090481242	-0.1127290786258612	-0.1551678788107579	0.0127078451678355	0.02407707061463	0.0034486544545465	1.7372174365998944e-06	1.1893217546863415e-05	3.017924422026708e-12	-0.0028770474766115	-0.0003512789209119	1.23396880277029e-07	8.277402182676599e-06	0.0011399680538066	0.00042211213773	1.299527163699607e-06	1.7817865681907484e-07	0.0	0.0	0.0	0.0	0.0	0.0	0.0	0.0	0.0	0.0	0.0	0.0	0.0	0.0
215.13498304770428	-0.7618416675201161	0.580402726369831	46283.06093093601	375.8147730084628	0.668097838322069	0.4463547215706215	141236.7436114024	207.3842098407213	0.2793340288847332	43008.21049126032	0.0780274996929769	235.02617896712937	197.81526282786967	1.013853	29.766994	0.3426522209048522	0.2116181696628379	-0.0410212589	-0.0822271359	-0.0414822581	-0.0409362863	-0.0191107371	0.0721564123	-0.0632761328	0.0386631868	0.1238746695	-0.1052060684	-0.0323039771	0.0244245935	0.0291757964	-0.1330111273	0.1769616036	0.0044722222	0.0089267107	-0.0204555257	-0.0224379034	0.0699018099	-0.1963012924	-0.0290033147	0.0233842067	0.014811058	0.1725901382	-0.0313917943	0.157374145	0.0416022763	0.0258760945	-0.0958765042	-0.0369184365	0.0573066213	0.1276973998	0.0060203283	-0.0600717843	-0.0961256176	-0.0893783247	-0.1119169846	-0.167036698	0.0514870517	-0.0130853791	-0.1002205423	0.0984312602	0.0975940988	-0.0182437204	0.0232209363	-0.0426876918	0.1499863427	-0.0423532276	0.0998973149	-0.0734038996	0.1060754658	0.0906571307	-0.017937343	-0.0073978506	-0.0295201376	0.0667410988	0.0232841417	-0.1521956086	0.0483651459	-0.0980519348	0.0132857993	-0.046862923	0.0116211032	-0.0527707914	0.2052227313	-0.0179198449	-0.0600772391	-0.013540061	0.0081937381	0.1832191383	0.0252756346	-0.0018935287	0.1506800184	-0.1215320242	0.0217149151	-0.0830208586	0.0214250371	-0.0755447241	-0.0527762362	-0.1211443907	-0.0801938429	0.0699046405	-0.0658198474	0.1030981722	0.0822090827	-0.1349618903	0.0266418467	0.1246809882	-0.0300277256	0.0028343488	-0.0641575895	0.1593703077	-0.0504737507	-0.0439107042	0.0355522068	-0.0100046234	-0.0507137963	0.0489881412	0.0280823436	0.0020685439	0.0186148385	-0.012979302	0.0249934337	0.1388336201	-0.0616153994	-0.064186807	0.0283316534	-0.0308242078	0.0228898068	-0.0374815977	-0.0084516386	-0.0217496709	-0.0182569201	0.0117537397	-0.097236992	-0.0346117057	0.0891006524	0.0555570233	0.1302414761738504	-0.0270277763217449	0.0007305006928982	0.0169628421159436	0.1366875946829964	-0.2088826717580332	0.0436319705607742	0.0186834985402231	-0.0912814728268571	0.0214476057990041	0.0083323072814402	0.0004599997945094	0.0042082254776536	0.0007595710231071	1.770916167077287e-05	5.769481391439669e-07	-0.0033910315432124	-0.0005139840666009	2.6417962071959845e-07	1.1499094927061472e-05	0.0007076398029932	-0.0004323282508133	5.007540907802548e-07	1.8690771645137406e-07	0.0	0.0	0.0	0.0	0.0	0.0	0.0	0.0	0.0	0.0	0.0	0.0	0.0	0.0
215.2515864005479	0.1166033528436116	0.0135963418943718	46333.24544795253	375.3934950042794	-0.4212780041834207	0.1774751568087662	140920.27609152792	207.1103286365872	-0.273881204134085	42894.68822795516	0.0750109139779363	234.1578766791312	199.16030651619428	0.955803	28.062641	0.2699401847804681	0.1558369958101033	-0.0377182039	-0.0038586954	0.0414454632	0.0860066313	-0.0127753598	0.0027165567	0.0497646605	-0.0589666851	-0.0352221892	0.0025147613	-0.0325795352	-0.0129237988	-0.0090469324	-0.0472439766	-0.0019207767	0.0497587707	0.0528576813	0.0426206045	0.0428513603	-0.0374690833	0.032316813	-0.0412327848	-0.0224130417	-0.0722524432	-0.0305978723	0.0637996028	-0.0043318215	0.1524508627	-0.0174320273	0.0017317639	0.0744427897	-3.1994e-06	0.0306819089	-0.0169155911	0.1132699847	-0.0371691154	-0.0541248045	-0.0581553894	-0.0350010364	-0.0754008816	0.0160445589	-0.0126765859	0.0974045387	0.0400995117	0.0357620383	0.0442843729	0.1231001447	-0.0920324765	-0.0630300707	0.0102072099	0.0178086191	-0.0260884306	-0.0689115099	-0.0520903779	0.0651512785	0.0685938719	-0.0552532871	0.0385128737	-0.0074193299	0.0665733402	-0.0328498881	0.0017241636	-0.0131946655	0.0282483584	0.0340592043	-0.0510314095	-0.0240710518	0.0299152059	0.0397195163	0.0238869673	0.0593682211	-0.0331566669	0.046800675	0.1199859327	0.0434800451	-0.0579937804	0.0049701368	-0.1465463262	-0.0026831462	0.0090682957	0.1169088863	-0.0133483999	-0.0388985757	-0.0295426982	0.1274102105	-0.008579848	-0.0871448306	0.0289206982	-0.0209911019	0.0653776014	0.0220991314	-0.0096468559	0.0210516876	-0.032446107	-0.0522409242	-0.0315534126	0.0439653694	-0.0066441904	0.0074170055	-0.0100234455	-0.0163716961	-0.0800396171	-0.0329871933	-0.0274150271	-0.0959931573	-0.0360355168	-0.0625150826	0.0321633475	-0.018857538	-0.1035408101	-0.0003942746	-0.0400635038	-0.0216082383	-0.0988839889	0.0101924456	-0.0979222811	-0.030153796	0.0917754626	0.0488621241	0.1210341425832695	-0.0092073335905809	8.47749918482394e-05	0.0146492636708672	0.2706664613807419	0.1339788666977455	0.0179503367216122	0.0732603333163726	-0.0381376090382303	0.0531438637886268	0.0014544772231529	0.0028242702583841	0.0042492262651584	4.1000787504799456e-05	1.8055923852512e-05	1.6810645760137191e-09	-0.002500157054037	0.0008908744891754	7.936573554635301e-07	6.2507852948509705e-06	0.0001673126656031	-0.00054032713739	2.799352807121477e-08	2.919534154001799e-07	0.0	0.0	0.0	0.0	0.0	0.0	0.0	0.0	0.0	0.0	0.0	0.0	0.0	0.0
215.79364039490227	0.5420539943543758	0.2938225327955337	46566.8952348844	375.5599353523341	0.1664403480547207	0.0277023894605765	141045.26504184937	207.63650082042807	0.5261721838408562	43112.91647295163	0.2768571670478557	235.01285902850023	198.6052461052154	0.853298	25.053053	0.1191233926059494	0.0753655505048463	-0.0439907559	-0.0635646872	0.0455575032	-0.0135554338	-0.0557979374	-0.041716911	-0.0403038386	-0.0744779746	0.0402727211	0.0029300267	-0.0452155347	-0.04336226	0.044065545	-0.1132061851	0.0130710912	0.0196582883	0.0574706332	0.074164829	0.0079257387	-0.0210998179	0.0143001722	-0.0148282232	-0.1226874707	-0.1052816411	0.0519477242	0.1323787878	-0.0166582212	0.0743951901	0.1105043792	0.0468161803	-0.0492213357	0.007619665	-0.0575374758	-0.0665374548	0.1230172668	-0.038409426	-0.0973582743	0.0115238728	0.0276072631	-0.0230244669	-0.0107801366	-0.013197609	0.1116932396	0.0988382454	-0.0122545063	-0.0001373344	-0.1393633225	-0.0980291938	-0.0454779709	0.1260463424	0.061486821	-0.0413919724	-0.0715350314	-0.0062005848	-0.1787512191	-0.0092602058	-0.0307713881	0.0860865765	-0.0932509055	0.0629218599	-0.0173812628	0.0325062861	-0.0134570314	-0.0669486848	0.0635761476	0.0277198335	0.0255354447	0.1250440708	0.056551786	0.0433405761	0.0257735349	0.0071171971	0.151978021	0.073029243	-0.0456233735	0.0949919885	-0.0594511862	-0.0685827125	0.0368022474	0.0493484365	0.0986710459	-0.0166161768	0.0745598944	0.0666272261	0.1403239867	0.0028823179	0.0012576603	0.0171068369	-0.0009812519	-0.0239903463	0.0373216698	-0.0247662001	0.0926132319	-0.0603219422	-0.0346185155	-0.0798167581	0.0109012789	-0.0247666513	0.0323933008	-0.0464063217	0.0374977528	-0.0755018604	-0.0037821509	-0.0318682584	0.0595579428	0.0755749308	-0.1175674637	0.0395783798	-0.0652801199	0.0062936776	0.0077611826	-0.0426656074	0.085937829	-0.1766133974	0.0086286366	-0.0985109326	-0.0256289373	0.0940880769	0.0418659738	0.1162001063069197	-0.0048340362763498	2.336790672106588e-05	0.0135024647057394	0.2030308393286191	-0.0676356220521228	0.0045745773703776	0.0412215217184835	-0.0280560470292385	0.0100815620089917	0.0007871417749068	0.0001016378925411	0.0040297590003465	-0.0002194672648118	1.623895760087362e-05	4.8165880324016616e-08	-0.0020620246139484	0.0004381324400886	1.919600350579907e-07	4.251945508529048e-06	0.0002411564060723	7.384374046919998e-05	5.815641218970806e-08	5.452898006482564e-09	0.0	0.0	0.0	0.0	0.0	0.0	0.0	0.0	0.0	0.0	0.0	0.0	0.0	0.0
215.93848108867223	0.1448406937699644	0.0209788265717646	46629.42761488286	376.9448879836106	1.3849526312765192	1.9180937908797544	142087.44857697675	208.01075025347592	0.3742494330478507	43268.47222101393	0.1400626381366377	235.4412357542249	203.45168046248287	0.907478	26.643793	0.3869448960288545	0.2566790952310751	-0.0594298361	-0.0211399984	0.0777213173	-0.0135861674	-0.0590419243	0.0474192417	-0.0639552361	-0.0681292657	0.0562244095	-0.0095223533	0.0243070015	-0.0463276693	0.0558637094	0.0259348333	-0.1219190299	-0.0976429301	0.0167094145	0.0333154278	0.0080378025	-0.1283279315	0.031151094	-0.108996047	-0.0610068705	-0.0969450363	0.0895343776	0.1281984082	0.062480003	-0.0482062269	0.0476422324	-0.0279516152	0.0646702677	-0.0041598216	-0.0455153255	-0.0535714031	0.0895000187	-0.0594783538	-0.0074759785	-0.1490692043	0.1220697613	-0.122313262	0.0754301576	0.0106652313	-0.0351780926	-0.0159524708	-0.0659768614	-0.0148468295	-0.0696401227	0.0672653823	0.121479224	-0.0325686097	0.0411248745	-0.015415378	-0.0389143758	-0.0057506554	-0.0145677696	-0.0151580071	-0.0225266696	0.0778655334	0.0457119616	-0.0823475109	0.0246219444	0.0207638288	0.0942918172	-0.0592159945	0.116827913	-0.0496485302	-0.0685142955	0.1115833143	-0.0809619862	0.0769703474	0.0200042032	-0.0010959384	-0.0205193116	0.1392518597	-0.0268035294	0.0970623411	0.0255579246	-0.0111294205	0.0068504667	-0.0011649147	0.1438502946	-0.0021646492	0.0351873387	-0.0260189118	0.0902722707	0.0675440408	0.0125780803	-0.0239010523	-0.0472415717	-0.0458109223	0.0351584648	0.0676944973	-0.037940462	0.076856211	0.0099360201	-0.0460646847	0.0935122392	-0.0688845134	-0.0205021699	-0.1071626604	-0.0793501574	-0.1008587416	-0.0566047634	-0.0239223817	0.033604869	-0.0687572536	-0.0740877837	0.0400228864	0.0435605909	-0.2468385279	-0.0100850706	0.0152469757	0.0160280504	-0.1144441641	0.0070626986	-0.0990023658	-0.021047176	0.0960293686	0.0346117057	0.1018159311981037	-0.0143841751088159	0.000206904493561	0.0103664838457369	0.4317515853190201	0.228720745990401	0.0523131796464055	0.186409431425487	-0.103739637035261	-0.0756835900060225	0.0107619122922076	0.0057280057961997	0.004787727507032	0.0007579685066855	2.292233468159085e-05	5.745162571270474e-07	-0.0021501734121047	-8.81487981563003e-05	7.770210616400171e-09	4.6232457021219685e-06	-0.0002758539875582	-0.0005170103936305	7.609542245175957e-08	2.6729974712196454e-07	0.0	0.0	0.0	0.0	0.0	0.0	0.0	0.0	0.0	0.0	0.0	0.0	0.0	0.0
214.6294482072279	-1.309032881444324	1.7135670847024296	46065.80003773913	376.9439928386335	-0.0008951449771075	8.012845300408232e-07	142086.7737371318	208.0253841059236	0.0146338524476732	43274.56043241705	0.0002141496374602	235.84847630490293	200.4458794135792	1.057928	31.061033	0.2421981132834255	0.1545389651690821	-0.0063584017	-0.0692131014	0.0705834511	0.0800045693	-0.017420631	0.1073563651	-0.1135773332	0.0265253513	0.0434943817	0.1473418153	0.0154018624	-0.0361781625	0.0158947425	-0.0821082755	-0.1385632667	-0.1320095521	-0.027937005	0.0727733085	-0.0184770205	-0.0696821639	0.035991177	0.0645912025	0.0099649817	0.0705686335	0.0642444236	0.0854102631	-0.1081671888	-0.0490054184	0.0692723241	-0.0266279072	-0.0078955869	0.0475786395	0.0431413004	-0.0572489788	-0.060246946	0.0467718168	-0.1081781361	-0.1484016973	0.0678438012	0.1056915854	0.0238384561	-0.0890432309	0.0228688485	-0.0463197802	-0.0165654184	0.1157644291	-0.1392228432	-0.0116812137	0.1321813495	0.1136377418	-0.1719893852	-0.0625840852	0.0072991587	-0.0989053115	-0.0572784383	0.0206364068	-0.0804793464	0.0631689083	-0.0602279359	-0.1972377335	0.0136910847	0.0117100704	-0.0093284683	-0.062946582	-0.0065295672	-0.0799450048	0.0011920086	0.0738778994	-0.0876812191	0.090780284	-0.0058790187	0.0487634887	0.0609120157	-0.0280091344	-0.1075240313	0.0274125532	-0.077514813	-0.064748167	-0.0884863897	-0.0616001082	-0.0236787457	-0.1027356324	0.1728271359	-0.0100339936	0.0748979225	-0.0291443776	0.0082752029	-0.0507704836	-0.0635609022	0.0898891088	0.0514002545	0.0161084198	-0.0054266456	0.0147622155	0.0377621748	-0.1651382144	0.011607125	-0.0551926419	-0.0431561324	-0.0877522767	0.05166288	-0.0372590968	-0.0395637594	-0.0620429442	0.0438135587	-0.0859052556	-0.2338095368	-0.0242780099	-0.0291405428	0.0091128079	-0.0197079496	-0.0795153858	0.0910866858	0.0417310887	0.005495018	-0.0993960955	-0.0164186847	0.0975916762	0.027144045	0.1018019815034279	-1.3949694675802204e-05	1.945939815481044e-10	0.0103636434380242	0.319554125122508	-0.112197460196512	0.0125882700745479	0.1021148388828115	-0.015306068051764	0.088433568983497	0.0002342757192052	0.0078204961231589	0.0042859666085702	-0.0005017608984618	1.836950976977874e-05	2.5176399922519295e-07	-0.0020486147471259	0.0001015586649788	1.0314162432276172e-08	4.196822382141716e-06	-4.811086282398552e-05	0.0002277431247342	2.3146551216683523e-09	5.186693086370397e-08	0.0	0.0	0.0	0.0	0.0	0.0	0.0	0.0	0.0	0.0	0.0	0.0	0.0	0.0
213.06581780521097	-1.5636304020169405	2.4449400341116587	45397.04271700336	374.58497631684384	-2.3590165217896697	5.564958950076631	140313.90448229047	207.307810648302	-0.7175734576215973	42976.52835579224	0.5149116670830143	235.82994983814385	194.2827015981156	1.268417	37.24107	0.1995421868692731	0.1136732094891492	0.0731454887	0.0435302063	0.1505082013	-0.0116479713	0.0957975204	0.0248265005	-0.2010132112	-0.0065054935	-0.0310633477	0.0213526276	-0.0231854758	-0.0695079379	0.0152530117	0.0334452895	-0.1160215398	-0.0731951113	-0.0788455425	-0.0158508006	-0.0455296258	-0.1937164986	0.0308631784	0.0113314357	-0.0013381836	0.0151351774	0.0473338096	0.103582379	-0.0078670286	0.0325250223	0.0550330873	0.0656833497	-0.0703350946	-0.0595989446	-0.0793237446	0.0211136734	0.0596331305	0.0016744852	-0.0580898822	0.0068197389	0.0756410882	-0.0739581844	0.077133536	0.107445805	0.0472126972	0.079451727	0.0403802766	-0.1426374439	-0.0112279828	0.0239406902	0.0184080171	0.0100093703	0.0166861582	0.0562750223	-0.0179344948	0.0399826599	-0.0696081507	-0.0908882107	-0.0427817729	0.018020431	0.028827268	-0.1668648294	0.0933758837	0.0185190668	0.0009824279	-0.0942862663	-0.0590672348	-0.0454652021	-0.1095033747	0.0988717633	-0.0702289497	0.0220743918	0.059234127	-0.0223322407	0.0917940567	0.0261390711	-0.0188986695	0.0574405416	0.0689933064	-0.0339632365	0.013850098	0.0396625253	0.1195654565	0.0985063501	0.051941786	-0.0626152686	0.0970165133	0.0373732369	-0.0591134638	-0.0281208894	-0.0488668021	0.0096374398	0.0563200241	0.0707823237	-0.058516383	0.0495612364	-0.0053371128	-0.0904507138	-0.0107630524	-0.0932603133	-0.0077677052	-0.0768714997	-0.144780559	-0.0039767247	-0.0176467547	-0.0182122977	0.0575144111	-0.137025822	0.0101907904	0.1621334548	-0.0642555359	-0.1199473268	0.0369727825	-0.0634960579	0.0143052365	0.0010336346	0.0039259816	-0.0996917334	-0.0117537397	0.0987688341	0.0195090322	0.0953369072544774	-0.0064650742489505	4.179718504444288e-05	0.0090891258848488	0.3978232892259967	0.0782691641034886	0.0061260620494588	0.158263369450591	-0.0863857918624972	-0.0710797238107332	0.0074625050357106	0.0050523271370101	0.0045350444327838	0.0002490778242136	2.0566628007323342e-05	6.203976251498126e-08	-0.0023099471180287	-0.0002613323709027	6.82946080816785e-08	5.335855688089096e-06	-0.0004122651618296	-0.0003641542990056	1.699625636583863e-07	1.326083534842705e-07	0.0	0.0	0.0	0.0	0.0	0.0	0.0	0.0	0.0	0.0	0.0	0.0	0.0	0.0
212.5656780941808	-0.5001397110301582	0.2501397305493301	45184.1675036389	371.15279905952127	-3.4321772573225644	11.77984072568224	137754.40024971738	206.9698308865875	-0.3379797617145073	42836.51089722262	0.1142303193285951	234.42143648355693	179.95978436697266	1.263911	37.108772	0.3009782194065325	0.1745021521061254	0.1371232598	0.0161682087	0.0082742026	0.0876132793	0.1309246284	-0.0486644496	0.0823105153	-0.0373285705	-0.0813305419	0.0202144294	0.0838565257	-0.0244463589	-0.0634124862	-0.0233088474	-0.0119819094	-0.021004023	-0.0950450752	0.0733292256	-0.0640923874	-0.1359756892	-0.0056818147	0.1096800945	0.1553992895	0.0021886751	-0.0156689944	0.0635779639	-0.0646223956	0.0879978345	-0.08396236	0.1210264418	0.0644317691	-0.0154414196	-0.0474822345	0.0375733363	0.0635453119	0.1579768652	-0.0529492244	-0.0399744408	0.0921206002	-0.0531310035	-0.0762019685	-0.1263373439	0.1117577423	0.1019103765	0.0440527355	0.1375240493	0.0347728172	0.0661446399	0.1300238833	-0.0114270452	0.0254137861	0.1408013217	0.0297359931	-0.0430350337	0.0839127185	-0.0106109058	-0.0806427017	-0.0550624452	-0.02464298	-0.0460546505	0.0238721425	-0.0007272647	-0.1185790637	-0.0707933135	-0.0925019363	-0.1891960808	0.0049224105	-0.1006501839	0.0264512254	0.0787966461	-0.0271689649	-0.1855015454	0.0519234682	0.1151096301	0.022492955	0.0174972207	-0.0800306847	-0.0877746436	0.0466062872	0.0319523893	0.1219992637	0.0249416888	0.0987922981	0.0946436022	-0.1322200113	-0.1110601337	0.0288358849	0.0682242162	0.0839093443	-0.013830994	0.0736560082	0.026106171	0.0064095344	-0.0179919559	-0.0006832527	-0.1571129286	-0.1324478228	-0.0547796805	-0.0269102104	0.0739456957	0.0119188433	-0.1145848286	0.0721346515	-0.0320668976	-0.0551828271	-0.0126386201	-0.0989246465	-0.0241570206	-0.1002303468	-0.1097534749	0.0012633173	0.0264719586	0.0314480712	0.1097967459	0.0023559765	-0.0998889875	-0.0070626986	0.0995561965	0.0117537397	0.1025343924081028	0.0071974851536254	5.180379253665816e-05	0.0105133016264988	0.2451655660871665	-0.1526577231388302	0.0233043804339317	0.0601061547948408	0.0083641767517548	0.094749968614252	6.995945273459547e-05	0.0089775565524017	0.005026801325223	0.0004917568924391	2.5268731563263705e-05	2.418248412614582e-07	-0.0025949333927881	-0.0002849862747594	8.121717680124037e-08	6.73367931300676e-06	-0.0005629828446275	-0.0001507176827978	3.1694968334487174e-07	2.271581990796839e-08	0.0	0.0	0.0	0.0	0.0	0.0	0.0	0.0	0.0	0.0	0.0	0.0	0.0	0.0
212.6044898953962	0.0388118012153881	0.0015063559135828	45200.669123681626	372.6973420050559	1.5445429455346016	2.385612910600704	138903.30873763358	206.53555455775447	-0.4342763288330218	42656.93529647917	0.1885959297846869	234.81489261993767	180.21419790655665	1.078025	31.651091	0.3399845461018115	0.1794140874720465	0.1342086281	-0.0130418916	-0.0181301169	-0.1179259864	0.1046125392	0.0423716426	-0.0121294068	0.0180088498	0.0594690886	-0.0193221828	-0.0202908785	-0.0428953587	-0.0607549318	0.0971087996	-0.0293689772	0.0559623389	-0.1215806471	0.0147624404	-0.1002925063	-0.1125708206	0.0488982964	-0.0431863806	-0.0466619688	-0.0277574092	0.009117742	0.1055597803	0.0846783637	-0.0928328716	0.031762494	0.1648241381	0.0779079155	0.0656537462	0.1066170351	-0.0065737635	0.00998367	-0.0080444481	0.0818542516	-0.0135554827	-0.1196299861	0.1904643699	0.1009352931	-0.2109152629	0.1182335547	-0.0443390213	0.1433219901	-0.0563328987	0.0791929505	0.1227071449	-0.0541043393	0.0713422489	-0.0235701294	-0.0710050217	0.062107514	0.0070661502	-0.0455769043	-0.1269195034	0.0142725346	-0.0884005345	0.0481590537	-0.0163917651	0.0849306149	-0.0851816	-0.0118317879	-0.1252469951	-0.0278318597	-0.0175144868	-0.085214945	0.1765655395	-0.1171943052	-0.0100895428	-0.0202321893	0.0119918579	-0.0004561463	0.012483578	-0.0368816522	0.0409404238	0.0188425478	-0.1183237986	-0.008425467	-0.1325642965	-0.0374676703	-0.0298549407	-0.005888715	0.0327146268	-0.142200599	0.0354430926	-0.0480381317	-0.1167772275	-0.0706368738	0.136817012	0.064219338	0.0308412318	-0.0371917999	0.0424862418	0.0671017577	-0.0503703881	-0.0497095538	-0.0488042442	0.1333259178	-0.045405072	-0.1433358737	0.0321061276	-0.0400111532	0.0647078763	0.0114780119	0.0166058114	-0.0286425555	0.04714726	0.0067575036	-0.0729619187	0.0034683152	-0.0644313274	0.0744385692	0.0248255089	0.0007853901	-0.0999876632	-0.0023559765	0.099950656	0.0039259816	0.1457304581913803	0.0431960657832775	0.0018659000991532	0.0212373664446696	0.3860346819470095	0.140869115859843	0.0198441078031338	0.1490227756659288	-0.0559242320585013	-0.0642884088102561	0.0031275197313331	0.0041329995073546	0.004775046519499	-0.0002517548057239	2.2801069263379517e-05	6.338048220512875e-08	-0.0029138530180392	-0.0003189196252511	1.0170972737030207e-07	8.490539410736154e-06	0.0006989618373661	0.0012619446819936	4.885476500941944e-07	1.592504380411928e-06	0.0	0.0	0.0	0.0	0.0	0.0	0.0	0.0	0.0	0.0	0.0	0.0	0.0	0.0
213.25344168280787	0.6489517874116757	0.4211384223848087	45477.03038956274	373.8761078638632	1.17876585880731	1.3894889498897351	139783.34403143107	206.18970180661043	-0.3458527511440366	42514.19313109893	0.1196141254738989	233.10721590044025	186.82095920474825	1.3663	40.114941	0.155289583231283	0.0754465773614624	0.06684198	0.2397616412	-0.0283393824	0.1175656099	0.0412955948	-0.0288303148	0.0819403222	-0.0578645328	-0.1020330392	0.0412968023	-0.0178039759	-0.0248327305	-0.1036858439	0.0604743794	-0.0522370577	0.1293938518	-0.0178943793	0.0448180798	-0.0442351841	-0.019655478	0.1545261841	-0.0451915829	0.007468655	0.0659999046	0.2074859988	-0.074788517	-0.0660235589	0.0933712575	0.0165182579	0.0929182769	0.1012725539	-0.0151738055	-0.0252778639	-0.1116092698	0.0390733164	-0.0268668801	0.1401757588	-0.0910924882	0.0452517675	0.0197328055	0.0094147133	0.0991204594	0.157745298	-0.1642255775	-0.0956883099	0.0617113939	0.1003506027	0.0331906076	0.0450704044	0.0114788227	0.0266184559	-0.086132477	0.0116934629	-0.060073115	0.009005074	0.0793207411	-0.1189127693	-0.0592210258	0.0961255449	0.0740201772	0.0161959861	-0.0854274028	-0.0338357746	0.04585969	-0.0440856626	-0.1506117238	-0.1138546794	0.0260514042	0.0114567175	0.148085987	0.0854297689	-0.0947914871	0.0818595875	-0.0581326786	-0.1024761925	-0.0147005951	0.1517171138	-0.0424307092	-0.081217437	-0.1044958198	0.0988862806	-0.0076306393	-0.0515242737	0.0627245247	-0.061104767	0.1305165899	-0.1102978341	0.1655082764	-0.0390115847	0.0159003113	0.0519465304	0.0309017862	-0.1651040483	-0.0738559052	-0.0814099768	0.0312930214	-0.0162314263	-0.1644716638	-0.0871879583	0.0911848265	-0.0535664831	-0.0435114624	0.128883669	0.0223946313	-0.031874988	-0.0224544989	0.0292730342	0.0521370572	0.0260113721	-0.1075207386	0.1130336084	-0.0906952458	0.0335545991	0.0430712249	-0.0007853901	-0.0999876632	0.0023559765	0.099950656	-0.0039259816	0.1778941039776782	0.0321636457862978	0.0010345001102664	0.0316463122300209	0.3349675334031019	-0.0510671485439075	0.0026078536604055	0.1122032484341582	-0.0835682140408238	-0.0276439819823225	0.0069836463979729	0.0007641897398389	0.0042227032727163	-0.0005523432467827	1.7831222929408948e-05	3.050830622664552e-07	-0.0032159723797102	-0.000302119361671	9.12761086964925e-08	1.0342478347058888e-05	0.0007327953672875	3.383352992139999e-05	5.36989050318022e-07	1.144707746942268e-09	0.0	0.0	0.0	0.0	0.0	0.0	0.0	0.0	0.0	0.0	0.0	0.0	0.0	0.0
214.34138655776616	1.087944874958282	1.183624050947992	45942.22999150574	374.5723653237922	0.6962574599290292	0.4847744505068237	140304.45686426046	206.5874019974493	0.3977001908388615	42678.35466405572	0.1581654417932669	234.8277574831301	188.53770338414947	1.353641	39.743248	0.3154712138093926	0.1732345220941227	0.0576050543	0.0280925714	0.010286984	-0.1446195609	0.0153958235	-0.1037337452	-0.083693379	-0.0447202191	0.040685221	-0.0413984161	0.0012994853	-0.050358296	0.0200491276	-0.0380670039	0.1538482509	0.1348118295	0.0486431666	-0.0151090592	-0.0077851558	-0.0987731129	-0.1528761377	-0.0103594961	0.0132529185	-0.0534861441	0.0572118699	0.0284182189	0.0516895545	0.0065140807	0.0569359467	-0.0128610109	0.0201709885	-0.0158755363	-0.0037625648	0.0822810477	-0.008367437	-0.0638530362	0.0435030723	0.0123052101	-0.0603257348	0.0358211092	0.1397710094	-0.0124663559	-0.0791381134	0.0409530421	-0.043633258	0.00394956	0.1103680082	-0.0386569207	0.040440912	0.0185889237	0.0843439722	-0.0269369218	0.0058131034	-0.045712762	0.0712202063	-0.1076241753	0.0439758627	0.0240439388	-0.0585372867	0.1695385122	0.0299285163	0.1030380843	-0.0421532541	-0.0871998672	-0.0778779615	0.0933235373	-0.0193757713	-0.0036499916	-0.037617868	0.015597062	0.1435343119	0.0563519343	-0.0165887968	0.0223401805	-0.0297684137	-0.0098549317	0.0118821157	-0.025111369	-0.0651548116	-0.0533266288	-0.0095576587	0.0534575916	-0.0570719188	0.0651603015	-0.016739963	0.0249752473	-0.0310961165	-0.0794832315	0.0181470782	-0.0292624972	0.0425503216	-0.0087954173	0.1165012996	0.0011525714	-0.1209656874	0.0156419637	-0.0731555865	-0.0375822931	0.0309136981	0.0757542722	-0.080219701	0.0093024089	0.0923784253	0.1170650265	0.115958219	0.0620752524	0.0323810983	0.0583896609	0.0866871049	-0.0384832999	0.0071937736	-0.0240528788	-0.0261962209	0.0619314604	-0.0023559765	-0.0998889875	0.0070626986	0.0995561965	-0.0117537397	0.2043086046272861	0.0264145006496079	0.0006977258445681	0.0417420059247487	0.1995043637067652	-0.1354631696963367	0.0183502703441785	0.0398019911380412	-0.1790631043949417	-0.0954948903541178	0.0320635953555537	0.0091192740837449	0.0044558416732966	0.0002331384005803	1.985452501748665e-05	5.4353513825140724e-08	-0.0028346653772852	0.0003813070024249	1.4539503009833885e-07	8.035327801179447e-06	0.0012803230264688	0.0005475276591813	1.6392270521062272e-06	2.9978653756855376e-07	0.0	0.0	0.0	0.0	0.0	0.0	0.0	0.0	0.0	0.0	0.0	0.0	0.0	0.0
214.5867741764517	0.2453876186855552	0.0602150834041674	46047.483651455485	373.4808003444973	-1.0915649792949011	1.191514104023078	139487.90822596627	206.99295171012056	0.4055497126712737	42846.0820576683	0.1644705694477526	234.263509004801	188.3796649827765	1.077663	31.640476	0.2462131765912846	0.1380006040305268	0.0459126569	-0.0493636584	-0.0208816145	-0.026011581	0.0613917108	0.0774862456	0.1579447401	-0.1234486892	0.0998862151	0.0585448308	0.0285788793	-0.0950897553	-0.0174982548	-0.0428940346	0.0854851553	0.0759000166	0.0123374489	-0.0062456525	-0.1211720942	0.0164844545	0.0207187628	-0.077732659	0.0189153355	-0.0717472302	0.062566502	0.0056355051	0.0102662843	-0.1345124058	0.0030433981	-0.0773194299	0.003486004	-0.0246479745	0.0999814502	-0.1162451742	0.0242101823	-0.0747577479	0.1777295621	0.0457525937	-0.0631067203	-0.0384405963	-0.158952912	-0.0570988269	-0.0580557507	-0.015906309	0.0465221803	0.0379422553	0.0129423917	-0.0297706429	-0.0995167809	0.0896417875	-0.0652816126	0.1152477388	-0.0325324456	-0.0567363491	-0.1098502794	-0.0671822316	-0.0511855232	0.025135547	-0.0470013986	0.1359624414	-0.0761868145	-0.1396616682	0.0374295179	-0.0494422322	-0.0202635888	-0.0184946601	-0.0119255974	0.0231673422	-0.0374834196	0.0017818001	0.0778030503	-0.0467450512	-0.065335407	0.0547151031	-0.018308336	-0.0368141969	-0.1251128172	0.0412590956	0.0352201861	-0.0142551404	-0.1261591984	-0.0145869949	-0.1913525642	-0.0305302878	0.0928589942	0.0426431548	0.1656573683	0.0150675852	-0.0005672513	-0.0017650754	0.0786967642	-0.0133033643	0.0836286726	-0.1039759725	0.0363250335	0.001202955	0.0380089054	-0.0522504324	0.0918896483	0.0228477901	-0.0441013762	-0.0335774776	-0.0050011019	0.1589324577	-0.0800432214	0.020530531	0.014750347	0.0404088913	0.0274830049	-0.0278096306	-0.0530640748	0.0012876416	0.0151452066	-0.057247545	-0.0039259816	-0.0996917334	0.0117537397	0.0987688341	-0.0195090322	0.194458587297106	-0.00985001733018	9.70228414048482e-05	0.0378141421735861	0.2255115672415542	0.0260072035347889	0.0006763746356999	0.050855466959742	-0.0448767811370061	0.1341863232579355	0.0020139254852187	0.0180059693494831	0.00489839299293	0.0004425513196333	2.399425391318572e-05	1.9585167050926362e-07	-0.0034280862229998	-0.0005934208457145	3.521483001286309e-07	1.1751775152321032e-05	0.0007929025424492	-0.0004874204840195	6.286944418224054e-07	2.3757872824190105e-07	0.0	0.0	0.0	0.0	0.0	0.0	0.0	0.0	0.0	0.0	0.0	0.0	0.0	0.0
216.0576234226811	1.4708492462293918	2.1633975051335703	46680.89663905708	376.30872129694336	2.82792095244605	7.997136913283374	141608.25372414058	207.76627329708788	0.7733215869673131	43166.82431976021	0.5980262768696436	234.84966608043663	205.02050722133555	1.371555	40.269222	0.1818334254053665	0.0891682400240951	-0.0474998508	0.0988175394	0.1403019127	0.1388385252	-0.0664569823	-0.103640619	-0.0521564834	-0.0704851111	0.0045551052	0.0306489198	0.005356973	-0.0350843518	-0.0143271167	-0.068923876	-0.1274811332	0.0434237304	0.1668553831	0.0624280882	0.0145296537	-0.0484261164	0.0789433752	-0.079177078	0.0100000568	-0.0136732247	0.0417741754	-0.0542597005	0.0337735655	0.0594773742	-0.0230990528	0.0483500424	-0.0440199438	-0.0608207447	-0.0451804624	-0.0728927104	-0.0589586278	0.1132226642	-0.0240117424	-0.0518012516	-0.1459809849	-0.0362367411	-0.0478140561	0.0329918261	0.077196929	0.0286783068	0.2184082294	0.1197009873	0.0577417387	-0.0973092952	-0.0188199564	-0.0211576273	-0.1161078822	0.0610690393	-0.0673957637	0.0988081227	0.1423203812	0.1118301269	-0.1318955404	0.0745106119	0.0017326341	0.0387674188	0.0273171176	0.0770874554	0.0527993069	-0.0404632025	0.023083033	-0.0321639091	-0.0573496426	0.0958009055	0.0461365204	-0.0608932057	0.0668457661	-0.0675832329	0.0325964606	-0.0241289915	-0.0398819017	-0.0716991058	0.0500130336	-0.0184992854	-0.0734688009	0.0766499917	0.0572862713	-0.0282927427	-0.0358579254	-0.078680197	0.0333639378	-0.0669581189	0.0172020378	0.1260762356	-0.0552713223	0.0889401462	0.0659175643	0.0124528279	-0.069070809	-0.0632941609	-0.1763603598	-0.0590538741	0.0251071956	0.0395974286	-0.0395555655	-0.0557862461	-0.0507235703	-0.053210774	0.0310291514	-0.0217684947	-0.0890028225	0.0707359329	-0.0253915602	0.1210573642	-0.0136890413	-0.0435432763	0.083077165	-0.1200915383	0.0331611601	0.0267903461	-0.005495018	-0.0993960955	0.0164186847	0.0975916762	-0.027144045	0.1770534915206241	-0.0174050957764818	0.0003029373589885	0.0313479388596437	0.3078969548859476	0.0823853876443934	0.0067873520973169	0.0948005348280392	-0.0638949019573473	-0.0190181208203412	0.004082558496139	0.000361688919537	0.0041330630461906	-0.0007653299467393	1.7082210143786324e-05	5.857299273761327e-07	-0.0031249814903469	0.0003031047326528	9.187247895658594e-08	9.765509315010733e-06	0.0009849642863399	0.0001920617438907	9.701546453650684e-07	3.6887713466336845e-08	0.0	0.0	0.0	0.0	0.0	0.0	0.0	0.0	0.0	0.0	0.0	0.0	0.0	0.0
215.62091946813047	-0.4367039545506372	0.190710343920165	46492.380912282	376.6504570076213	0.3417357106779377	0.1167832959525551	141865.56676405	207.4390441331288	-0.3272291639590889	43030.95703086616	0.1070789257453643	235.8087005500679	200.2796471426049	1.315104	38.611801	0.2343119216351327	0.1368357430325346	-0.0115248385	-0.0716799272	0.0581337731	-0.1438780964	-0.0474784836	-0.0272686027	-0.0347217514	-0.0671148823	0.0162098403	0.0204741768	0.036462158	-0.0639665452	0.0208589282	-0.0504221437	0.0564742532	-0.0026542331	-0.0019007038	-0.0648159941	-0.0113587554	-0.1165069584	-0.0648507348	-0.0233276945	-0.0427743536	-0.1031378768	0.0839138864	0.0105954685	0.0540942574	-0.0009281777	-0.0613802435	-0.0246755962	0.0246962258	-0.0440239577	0.0789171766	-0.08948365	-0.0711320572	0.0333369644	0.148499967	-0.1226427791	-0.0071550483	0.0393301719	-0.0078148083	0.1059384539	-0.1492178819	-0.0223683941	0.0722904799	0.1161635138	0.0524772242	-0.0360444714	0.0059163279	-0.1326614414	0.0176400835	0.0586680406	0.0005344539	0.063203449	0.0077766038	-0.1042073662	0.0282821219	0.0471616449	-0.0733672831	0.0437103161	0.0317508149	0.0571718098	0.0832375599	-0.0223752571	8.15474e-05	-0.0469543333	0.0032966077	0.0034373644	-0.0429736545	0.0755958205	0.0775470124	0.0118172059	-0.0952152905	0.0958142071	-0.0578467993	0.0483544918	0.0704709986	-0.0473427139	-0.1231098427	-0.0297186633	-0.0374098425	0.0634506967	-0.2156745302	-0.0526261215	-0.0898521294	0.0552076402	0.1126626124	-0.0336955478	-0.0644577059	-0.0020437141	0.0556876543	-0.0011461926	0.1292522773	0.0753304949	-0.0625867707	0.0011488893	0.0217138053	-0.0495177328	-0.0080544853	-0.0216924641	-0.0130774284	-0.1107551789	0.0415812683	0.0556564586	-0.0014797039	0.0464471915	0.067232339	-0.045955334	0.0005514442	-0.1013543256	-0.037707953	0.0726804118	0.0462936746	-0.1111450645	-0.0070626986	-0.0990023658	0.021047176	0.0960293686	-0.0346117057	0.1893883166235213	0.0123348251028971	0.000152147910319	0.0358679344734911	0.2605315479081156	-0.0473654069778319	0.0022434817781756	0.0678766874553987	-0.1926958789305359	-0.1288009769731886	0.0371317017568117	0.0165896916692478	0.0037458020618615	-0.000387260984329	1.4031033086645869e-05	1.499710699835434e-07	-0.0032188612372177	-9.387974687079984e-05	8.813406872525454e-09	1.036106766446266e-05	0.0014200378067643	0.0004350735204244	2.016507372639963e-06	1.892889681744808e-07	0.0	0.0	0.0	0.0	0.0	0.0	0.0	0.0	0.0	0.0	0.0	0.0	0.0	0.0
214.8446084076996	-0.7763110604308565	0.602658862547281	46158.20576185779	375.3824063509904	-1.268050656630919	1.607952467782105	140911.95099786005	207.30244029700987	-0.1366038361189225	42974.30175309534	0.0186606080424054	234.841439770268	193.88118822931443	1.12466	33.020317	0.210572228545747	0.1345981746106288	0.0129484501	-0.0140695037	-0.0422840149	0.0070803375	0.0356191944	0.1083688794	0.0207177932	-0.0403208651	0.1577764576	0.0147268412	-0.0144312102	-0.0743359004	-0.0358529734	-0.0760368493	0.0173840275	-0.0472648555	-0.0227624673	0.0210286341	-0.1188995117	0.0458072402	-0.0082696045	-0.0871199568	0.0806174012	-0.0532626023	0.0880301571	0.0242395211	0.0363276694	0.0629504304	0.0083757641	0.0393570761	0.1031147865	-0.0472648698	0.1314205187	0.0367161591	-0.1070434479	0.0743287032	0.1178490281	0.0174862541	-0.1215676214	-0.031816205	-0.024078632	0.0110594307	-0.059838413	0.1087622674	-0.1105520934	-0.0027106121	-0.0323389046	-0.0453946626	0.0224363961	-0.1639143445	0.0467828128	0.0489892071	0.0847012378	-0.07935203	0.0633343996	-0.0379775393	-0.0686158462	0.0183205823	-0.07800911	-0.0069946227	-0.0784786026	-0.1026607274	0.0506116894	-0.0632903651	0.0294544039	-0.006460653	-0.0393713412	-0.0336967217	-0.0412178499	-0.0245635143	0.1100897129	-0.0756455188	0.0205266095	0.0904876251	-0.0513938911	-0.0520065058	-0.1168058123	-0.0168946604	-0.0367413234	-0.0163447243	-0.037226146	-0.0479865357	-0.1230917642	-0.0691307919	-0.1851465539	-0.0158488645	-0.0315816148	0.0508195104	0.1450909792	0.0474404493	0.0867537399	-0.0055884263	0.0518183533	-0.1279710904	0.0389415719	-0.0348514537	0.0796335502	-0.0789174513	0.0325151474	-0.0765228164	-0.0168672464	-0.0269705881	0.0065947614	0.1180171993	0.0280347796	0.046243289	-0.0659679662	0.0180329535	-0.0053258968	0.0120304131	0.0007460862	-0.053750481	0.0164635089	-0.0862543103	-0.0086286366	-0.0985109326	0.0256289373	0.0940880769	-0.0418659738	0.1886129425085556	-0.0007753741149656	6.01205018158841e-07	0.0355748420817357	0.2446536490601687	-0.0158778988479469	0.0002521076718256	0.0598554079984561	-0.0603727426478215	0.1323231362827144	0.00364486805482	0.0175094123956938	0.0039871932509236	0.000241391189062	1.5897710020210703e-05	5.8269706156814224e-08	-0.0036942203063778	-0.0004753590691601	2.2596624463275697e-07	1.3647263672054088e-05	0.0009048716789841	-0.0005151661277802	8.187927554275041e-07	2.6539613921204533e-07	0.0	0.0	0.0	0.0	0.0	0.0	0.0	0.0	0.0	0.0	0.0	0.0	0.0	0.0
215.99537824923965	1.1507698415400398	1.3242712281980884	46654.00342503211	376.9092713780112	1.5268650270208468	2.331316810739372	142060.5988507033	207.15790264516363	-0.1445376518462353	42914.39662834309	0.0208911328012235	234.49812620323345	204.2143531129685	1.420018	41.692104	0.4287431086997085	0.2750559860018418	-0.0469122211	0.0659118522	0.1031381706	0.1398368907	-0.0695204568	-0.1539926488	-0.02900254	-0.0545567354	-0.0628030772	0.008144033	0.0028946893	0.0081135087	0.0001544522	-0.0428210421	-0.0299101508	0.1310053615	0.1477000857	0.008047843	0.0679568051	0.0333230176	-0.0376895612	0.0188401056	-0.0014884494	0.1168448314	0.0144956381	0.0257172602	0.0161837681	-0.0795741006	-0.1939460269	0.0935429053	0.0847266703	-0.0292881737	-0.0819322794	0.0263656304	-0.102628893	0.0323277798	-0.0037893065	-0.0064783103	-0.2206628588	0.0558725074	0.0909002652	0.0711583659	-0.0972998624	-0.0491696601	-0.1860202534	0.0235565999	-0.0631832748	0.0206106141	0.0053471271	-0.0764057767	-0.0837311588	0.013538783	-0.0395061268	0.0207970725	0.0426436447	0.1289477481	-0.0822028843	0.0487768641	0.0126396575	0.0898465477	0.0285154296	0.1068320997	-0.0196651904	0.038009913	-0.0755529411	0.0931617631	0.004834899	0.034646072	0.0380752037	0.0380429837	-0.0540033955	-0.130428581	0.0197387068	-0.06231105	0.0351803967	-0.0450417112	0.1125117328	0.0861188077	0.069028894	-0.1251034367	-0.1217354826	0.0770242071	-0.1436302779	0.006193536	-0.0906750603	0.0292202832	-0.076447084	-0.0921711689	0.089591025	0.1279208332	-0.0023039774	-0.036907337	-0.0482247525	-0.0472107101	-0.1345086854	0.049764574	0.0209582826	0.1556857671	-0.0372002022	0.0558182467	-0.0186607467	0.0467558167	-0.0779872431	-0.0740789861	-0.0686639834	0.0562685809	0.1205825455	-0.0925133373	-0.0462808816	0.0196889014	-0.0025252804	-0.0095199817	0.031521614	-0.1406852177	-0.0101924456	-0.0979222811	0.030153796	0.0917754626	-0.0488621241	0.3199775761579673	0.1313646336494117	0.0172566669738441	0.1023856492439277	0.2670468543812916	0.0223932053211229	0.0005014556445539	0.0713140224349427	-0.0921134350582804	-0.0317406924104589	0.008484884918236	0.0010074715546953	0.0040509675900886	6.377433916500072e-05	1.6410338415948243e-05	4.067166335932545e-09	-0.0052140883836464	-0.0015198680772685	2.30999897230015e-06	2.7186717672476325e-05	0.0041861208089248	0.0032812491299407	1.7523607426913223e-05	1.0766595852736602e-05	0.0	0.0	0.0	0.0	0.0	0.0	0.0	0.0	0.0	0.0	0.0	0.0	0.0	0.0
215.5482086544357	-0.4471695948039382	0.1999606465171183	46461.03025413615	375.91442748816775	-0.9948438898434802	0.9897143651589064	141311.65679375693	207.24126926423463	0.0833666190710005	42948.943686251005	0.0069499931753293	235.47443878758065	197.97246896696907	1.447688	42.504509	0.4296953904263059	0.2216677243315033	-0.0217664901	-0.1354653996	-0.0752057189	-0.1973712337	-0.0602001034	0.0191744961	0.0578957429	0.0164800963	0.0200563664	0.0970636517	0.0759015247	-0.0025100592	0.0105306861	0.036362083	0.0525438174	0.035805217	0.028796024	-0.129118063	0.0703803549	0.0051774104	-0.0062142152	-0.0987623592	-0.0484137411	-0.029377228	-0.0667637986	-0.0952497128	-0.0403056284	-0.1441897147	0.0865284626	-0.20305619	-0.0469725731	0.1995403596	-0.0090289426	-0.1291375175	0.0638424272	0.0086222875	-0.0115229353	-0.0226506586	0.0288458016	0.0285298805	-0.0585157914	-0.1136641343	0.1054085649	-0.0319025185	-0.1226218943	-0.0067894906	0.1339320068	-0.0740527784	0.0186612238	-0.1332072675	-0.039987936	-0.0023423339	0.0111365554	0.0699605226	-0.0937048218	-0.1000122344	0.0993572492	-0.0128000695	-0.0061413036	0.0728237452	0.0686317683	0.0227166622	0.1247214093	0.0475163081	0.0482024508	0.0358855471	0.0686987506	0.013707201	-0.1192410019	0.0039770294	-0.0645316203	0.1331197935	-0.1162678339	-0.1195855453	-0.0147132067	-0.0167490673	0.0660646252	0.031838125	-0.0329893194	-0.071119185	-0.1350753776	-0.1517829654	0.033214802	0.1462111669	0.0944819991	0.0723983568	-0.0280204513	0.0855809836	0.0116515339	0.0214361464	-0.0256780474	-0.024731931	0.0804351939	0.1491178614	0.0665952702	0.1263621781	0.0370592421	0.0808522511	0.0542796011	0.0453870114	0.057166557	0.0464694932	-0.0619460109	-0.0210657171	0.0156821872	0.0287063759	-0.0320769107	-0.1253954054	0.1265283354	0.0544238096	-0.0732506664	-0.1197794606	-0.0308250402	-0.0394703765	-0.0117537397	-0.097236992	0.0346117057	0.0891006524	-0.0555570233	0.3625051118872022	0.0425275357292349	0.0018085912952013	0.1314099561443529	0.3656089988218696	0.0985621444405779	0.0097144963167253	0.1336699400195298	-0.2402204068754585	-0.1481069718171781	0.0577058438794108	0.0219356751008543	0.0048363714252225	0.0007854038351339	2.339048856270872e-05	6.168591842430385e-07	-0.0067568427008459	-0.0015427543171995	2.380090883237697e-06	4.565492328397452e-05	0.0046679374253777	0.0004818166164528	2.1789639807241788e-05	2.321472518901205e-07	0.0	0.0	0.0	0.0	0.0	0.0	0.0	0.0	0.0	0.0	0.0	0.0	0.0	0.0
215.09275283283984	-0.4554558215958764	0.2074400054255747	46264.89232120913	374.7008104259758	-1.213617062191929	1.4728663736433687	140400.69733388306	206.70680903546256	-0.5344602287720761	42727.70490162318	0.2856477361390999	233.74682578334105	204.6125356158656	1.410525	41.413395	0.254185022974585	0.1380480360301991	-0.0493652344	0.0760618713	0.0029410876	0.0680238712	-0.0012666816	0.0987604063	0.0490041916	0.0031729227	0.0990466645	-0.040594691	0.0016289046	-0.0263154498	-0.0445931717	0.0526890971	-0.0173209692	0.0759918394	0.0069873301	-0.0467277938	-0.0225731936	0.1469901022	0.123762111	-0.0838630056	-0.0195360222	0.051560367	0.046852601	-0.0287284754	-0.0456638661	-0.0652103931	-0.0825333289	-0.0156300158	0.0411745435	0.1150974035	0.0942106003	0.0997194945	-0.0574227895	0.041990882	0.0172868735	0.0434661412	-0.0170274238	-0.0840466385	-0.0139219517	0.1341460576	-0.0337492407	-0.061083043	-0.0251446199	-0.0397520029	-0.0685150295	-0.0207865922	-0.0115439858	0.035997338	-0.16754968	0.0328623951	-0.0055733927	-0.0240678729	0.11090973	0.0587055957	-0.0636553671	-0.010550347	0.0758111421	0.0388085354	-0.0588513986	-0.1281886866	0.0653754349	0.1192063783	-0.0130967835	0.043020266	-0.0956352714	0.0326354399	-0.0438734304	-0.0192065041	0.0736881264	-0.0191444966	-0.030721187	-0.0848428427	0.1146026413	0.0857261425	0.0469569424	0.0353226192	0.0132583177	-0.0709298679	-0.0184024234	-0.0694141282	-0.0685852115	-0.1685609736	-0.0448249031	-0.0837819126	-0.056944523	0.0705511056	0.0374884033	-0.0175644199	-0.0023116255	0.0009867794	-0.1169380475	-0.0753246895	0.0197269512	0.1462014011	0.1372558186	-0.0153776282	-0.0002608215	-0.0207457368	0.0151985292	0.0796096559	-0.0244832751	0.0214556049	0.0110478484	-0.0290867541	0.1518908794	0.0605108977	-0.0298083101	0.0447563642	-0.0155555359	-0.0801729727	-0.0072598521	0.035094511	-0.0133121339	-0.0964557418	0.0389927688	0.0860742027	-0.0619093949	0.3668327310245018	0.0043276191372996	1.872828739752192e-05	0.1345662525508945	0.3962433954744142	0.0306343966525445	0.0009384662582654	0.157008828457093	-0.1373593548167377	0.1028610520587208	0.0188675923556704	0.0105803960306268	0.0041017889001795	-0.000734582525043	1.682467218163575e-05	5.396114860985505e-07	-0.0057642383280136	0.0009926043728323	9.852634409658035e-07	3.322644350214103e-05	0.0040678852207326	-0.000600052204645	1.6547690169054715e-05	3.600626482994446e-07	0.0	0.0	0.0	0.0	0.0	0.0	0.0	0.0	0.0	0.0	0.0	0.0	0.0	0.0
215.8333771724045	0.7406243395646754	0.5485244123556117	46584.04670164543	374.6813329175686	-0.019477508407192	0.0003793733337522	140386.1012368859	206.99580234539715	0.2889933099345967	42847.26218861472	0.0835171331869538	234.6481598060768	207.3176960994837	1.382145	40.580154	0.5267719913183242	0.2826476210414069	-0.0629306174	0.0429324854	0.015223371	-0.0571614618	-0.0374468499	-0.0933778856	0.0138643471	-0.0351330716	-0.1321396347	-0.0207283929	0.0737760253	-0.0102756462	0.0741970119	0.0624419955	0.0434864386	0.103843542	0.0526086081	-0.1316454395	0.1496754784	0.0292958123	-0.1151443968	0.0387171789	-0.0010424733	0.0423778005	0.0205017061	0.0798450673	-0.0737832524	-0.0729548043	-0.1338464602	-0.0231550642	-0.0417402849	0.0554353362	0.030139632	-0.0176882679	-0.1172665855	0.1065891738	-0.0100270399	-0.040042368	0.1222488657	0.0247874483	-0.017853102	-0.0268846979	0.0305824664	-0.0528719253	0.1244914588	0.0787867978	0.0130989429	-0.1035468933	0.068914408	-0.0278414014	-0.0034609674	-0.0816705144	-0.032040281	0.1112756147	-0.0723256057	-0.0139167743	0.0550303807	0.0535307149	0.0787849478	0.1063030666	0.0717772861	0.1077587071	0.0281169105	0.1476893396	-0.0516685911	0.0712554325	0.0689167363	-0.0910132028	-0.0268434928	0.1128724438	-0.0081202063	0.0006318943	-0.0261719997	0.0258063079	0.1015747042	0.0823148332	0.0201997203	0.0308627745	-0.1141808059	-0.027262036	-0.058798808	-0.0238982918	0.08473809	-0.0703996053	-0.0443073469	-0.1256075158	0.0830305417	-0.0411196335	-0.1248384247	0.0686242867	-0.0883352116	0.0130270808	0.0134170268	0.143800295	-0.1005390679	0.1139613072	0.008995054	0.099366896	-0.0037610037	0.1523071293	0.1065669603	0.0121039893	0.0243248255	-0.0272651556	0.0494799605	-0.0674416164	0.0614464859	-0.1095788886	0.1219325089	-0.0482812954	0.0451800117	0.0192979693	-0.0565798555	0.0580012431	-0.0148672434	-0.0955793015	0.0432872582	0.0827080574	-0.0678800746	0.4414160298582885	0.0745832988337866	0.0055626684649299	0.1948481114158534	0.3732588903156539	-0.0229845051587602	0.000528287477393	0.1393221991996733	-0.3325406156686199	-0.1951812608518822	0.1105832610692647	0.0380957245877304	0.0053602007647839	0.0012584118646044	2.8731752238789908e-05	1.5836004209771237e-06	-0.0075273428695086	-0.0017631045414949	3.1085376242402927e-06	5.666089067514196e-05	0.0057268273441111	0.0016589421233785	3.2796551429258594e-05	2.752088968719567e-06	0.0	1.0	0.0	0.0	0.0	0.0	0.0	0.0	0.0	0.0	0.0	0.0	0.0	0.0
214.90134170651345	-0.9320354658910616	0.8686901096787684	46182.58666725966	375.25273485377465	0.5714019362060299	0.3265001726999998	140814.6150152373	207.14063252698656	0.1448301815894126	42907.241643680085	0.0209757814992222	234.8353053513948	196.2421097057752	1.27892	37.549416	0.4493183696806074	0.2350945994381778	-0.0106566263	-0.0876264743	-0.0878751707	-0.0641337937	0.0031358123	0.1157787389	0.0401172397	0.0285912362	0.1177371343	-0.0618283091	-0.0305401543	-0.0059300983	0.0279505518	-0.0005429218	0.1225423833	0.0104012963	-0.0439545298	-0.0696402631	-0.0164080571	0.1531619758	-0.1168348864	-0.0503649783	0.0012902702	-0.0503264882	0.0701012518	0.0262278437	-0.0015596701	0.0346489162	0.0563983944	-0.0809125308	0.0125805867	0.0436151991	-0.0312148246	-0.060952805	-0.0750048918	0.0245750845	-0.0448539612	0.1178290818	0.0140738218	-0.0317676958	0.0747418584	-0.0728698198	-0.0070341456	-0.0626002252	-0.0120025696	0.0485948874	-0.0705119221	0.0693879539	0.047598843	-0.0018615902	0.0700597267	-0.0285498961	-0.0304238108	0.1293615868	-0.0238600758	-0.060715632	0.0656772748	-0.0022470034	-0.0287822248	0.0460045042	-0.0760884385	-0.0996650894	0.0015244989	0.0482088411	0.0126418616	0.1526037832	0.0346567704	-0.0733159401	-0.004020575	-0.0184964154	0.10289694	0.0512810755	0.0463199212	0.0394099698	0.0432167778	0.0021314331	-0.0137137619	0.0757854562	-0.0764491305	-0.0235587283	-0.0507019714	0.013566783	-0.0155647721	0.0530168891	0.0369943674	-0.0382724357	0.0344799961	0.0658492674	0.0006926037	0.0599585916	-0.0163286329	-0.0356040119	0.0910880344	-0.0447472139	0.1082498309	0.1115445133	0.0554852773	0.0468545202	-0.0172572893	0.0764970677	0.007419426	0.1279966876	0.0071069308	0.0476872884	0.0565197264	-0.0327001343	0.0461890407	0.0110200741	0.0647034849	0.1120992611	-0.0444829877	-0.0492317214	-0.0478025104	0.0103728692	-0.0164186847	-0.0946085359	0.047485639	0.0790155012	-0.0734322509	0.404902988449038	-0.0365130414092504	0.0013332021929536	0.1639464300549618	0.2393284127327319	-0.133930477582922	0.0179373728255895	0.0572780891411688	-0.17811713978341	0.1544234758852099	0.0317257154846228	0.02384660990447	0.004835457663253	-0.0005247431015309	2.338165081311216e-05	2.753553226042687e-07	-0.0067150609398618	0.0008122819296468	6.598019332307294e-07	4.509204342605764e-05	0.0045748248792243	-0.0011520024648868	2.0929022675569632e-05	1.3271096791052631e-06	0.0	0.0	0.0	0.0	0.0	0.0	0.0	0.0	0.0	0.0	0.0	0.0	0.0	0.0
216.17311188888445	1.271770182371	1.617399396767967	46730.81430372415	376.38546382654334	1.132728972768689	1.2830749257496092	141666.01737992218	207.6976291140412	0.5569965870546412	43138.30513959382	0.3102451979905185	234.9178631250804	206.7824634060608	1.29775	38.102291	0.3345434064386298	0.1660074517160053	-0.0615458302	0.0468220722	0.1103088152	0.1381114375	-0.0417790591	-0.0826040496	0.0091876384	-0.107386775	-0.0391834648	-0.0113099808	-0.0021696493	-0.0391034431	0.0134195986	-0.0621178233	-0.0142343262	0.0217786881	0.1092854444	0.0315498067	0.0679568794	0.0661763603	-0.0235388089	-0.0257865844	0.0541596611	0.0357723178	-0.1222981131	-0.0315952155	-0.0138455079	0.0946481297	-0.0380882238	0.0590046843	-0.0016716636	-0.0480309063	0.0475846162	-0.1075166156	0.1020500945	-0.1651546714	0.0469495158	0.1402366947	-0.0412951448	-0.0380519782	-0.0438396871	-0.0035553802	0.007428142	0.056104992	-0.1466772955	0.0381972917	-0.0580979942	-0.001183962	0.0777983547	0.0649716658	-0.0337342144	-0.1040138574	-0.1137047556	-0.0002824878	-0.0071603858	0.0837658061	-0.103181007	0.070097851	-0.007001691	0.053824315	-0.0417533616	0.0884540762	-0.0136794031	0.0404098738	0.002505187	0.0901131946	0.0212521354	-0.0330619594	0.0499594907	-0.0202742454	-0.0882470653	-0.095927034	0.016214861	0.0169229472	-0.0213868552	-0.0857254065	-0.0628848245	-0.0710184256	0.1064461173	0.0628471951	-0.0053721206	-0.0813442574	-0.0916897654	0.0795621252	0.0806046863	0.1563734183	0.0499897751	0.0361404625	0.0322145341	-0.0058117824	0.023761835	-0.0135503843	-0.0097569026	-0.039927455	-0.1281596398	0.0416258563	0.0326875486	0.1707374696	-0.0176848334	0.0034821845	0.0141694612	0.0185618028	0.0386857632	-0.0242772013	-0.0415997052	0.0219925584	0.0511527501	-0.0683270804	-0.0390746493	0.0111372354	0.0132289066	-0.0622578039	0.0456559232	-0.0453069387	-0.0179660749	-0.0935444031	0.0515785898	0.075011107	-0.0785316931	0.3398714715555826	-0.0650315168934553	0.0042290981894637	0.1155126171773572	0.3008898349887943	0.0615614222560624	0.0037898087101892	0.0905346927995838	-0.127158923687908	0.050958216095502	0.0161693918734672	0.0025967397876358	0.0045720526764142	-0.0002634049868388	2.090366567590625e-05	6.93821870915484e-08	-0.0050473647165942	0.0016676962232675	2.781210693101015e-06	2.547589058232005e-05	0.0033660810654585	-0.0012087438137658	1.133050173923823e-05	1.4610616073170908e-06	0.0	0.0	0.0	0.0	0.0	0.0	0.0	0.0	0.0	0.0	0.0	0.0	0.0	0.0
215.69574380343272	-0.4773680854517295	0.2278802890078497	46524.65389491608	375.104607885632	-1.2808559409113514	1.640591941367903	140703.46685703372	208.21493796129943	0.5173088472582208	43353.46039022777	0.2676084434516292	236.07995206242924	197.9068414248909	1.184089	34.765171	0.1781105851000936	0.0973454844252025	-0.009855928	-0.1587482706	0.0241579926	-0.0967561878	-0.000558955	0.0133189588	-0.0376905472	0.0069471938	0.0576637321	0.0074854991	0.0295727856	-0.0459056212	0.0017698198	-0.0729556144	-0.007425177	-0.1400203255	0.0070739328	-0.0163773586	0.0630760249	-0.0096375987	-0.0053618659	-0.0722395971	-0.0215428511	-0.1049791093	-0.0567180153	-0.0591884084	-0.0021385732	0.0150962786	0.0358807219	-0.1338449996	-0.0725086998	-0.0384243833	-0.0580003304	0.035321762	0.0841842285	-0.0419403968	0.0049431492	0.0297732209	-0.0042177068	-0.006474439	-0.0882945915	-0.0165725951	0.0364184714	0.1161758484	0.1281094497	-0.038980812	0.0084196026	-0.0691541096	0.083211321	0.0612437784	-0.1176179247	0.0505038334	0.0863000758	0.0958470271	-0.0560486469	-0.0720410713	-0.0046169044	0.0266753281	-0.0869975392	-0.0555114568	-0.006009721	0.0429224844	0.0731179899	0.0159739796	0.1413099294	-0.0173794838	0.0531207275	-0.0132704064	0.0008694248	-0.059948979	0.0046046007	0.0696198585	-0.0549788445	0.0447305692	0.0817542716	-0.0788322179	-0.068104613	0.0537956337	0.0258252932	0.134005436	0.0008991533	-0.0348268901	0.0811653933	0.0354658179	0.1090248942	0.042768107	0.0549315727	-0.0135814228	0.0171693934	0.0363072376	0.059950025	-0.007983406	0.0947743896	0.0813520827	0.0672710926	0.0279869011	0.0568653224	0.0160637729	-0.0165459128	-0.0646070519	0.0388225084	0.0337001922	-0.0537234347	0.055736172	0.0472103894	0.0329740298	-0.0246737915	-0.0191059456	0.0060072156	0.1178337207	-0.0449224426	-0.0576411303	0.0056374399	-0.0163477361	-0.0195090322	-0.0923879533	0.0555570233	0.0707106781	-0.0831469612	0.3194315521613902	-0.0204399193941924	0.000417790304841	0.1020365165162349	0.3503386605542289	0.0494488255654346	0.0024451863498007	0.1227371770789312	-0.1967851616538496	-0.0696262379659416	0.0387243998471317	0.0048478130132899	0.0048200798538856	0.0002480271774714	2.3233169797833823e-05	6.151748076442937e-08	-0.0046622791498867	0.0003850855667074	1.4829089368643626e-07	2.1736846871468253e-05	0.0032272817661469	-0.0001387992993116	1.0415347598104254e-05	1.926524548939113e-08	0.0	0.0	0.0	0.0	0.0	0.0	0.0	0.0	0.0	0.0	0.0	0.0	0.0	0.0
215.2789417675365	-0.416802035896211	0.1737239371272263	46345.02276855038	375.8870294713005	0.7824215856684873	0.61218353771999	141291.0589247583	208.32540874016323	0.1104707788637995	43399.47592675608	0.0122037929827744	236.0890914804346	206.6750142519277	1.150032	33.765244	0.2396575413100379	0.1374492917145543	-0.0276753588	0.0031297548	0.0869195006	0.0863415393	0.0250884227	0.1240959437	-0.0491383061	0.0712807311	0.1176796982	0.0359041936	0.0759218672	-0.0135329667	-0.0161097961	-0.1062378527	-0.0646822437	-0.1603305339	0.0205660625	0.0426610885	-0.0435124406	0.1500349839	0.0450269299	-0.0357520646	0.0542684826	0.049008585	0.0957511841	-0.0209063524	0.0041542683	0.0295861685	-0.0283581716	-0.0089584937	-0.0287394965	0.0360236907	-0.0514099817	0.0052705785	0.0806732534	-0.0813995801	-0.0388093561	0.1868329748	-0.0654922341	-0.0989360134	0.0018709511	0.0029398747	-0.003801983	-0.0549198528	0.0354073867	-0.0110082275	0.0606334344	-0.0889614752	0.1085801086	-0.0417838266	0.0568872314	-0.0791603395	0.012748104	-0.0254487387	-0.0536780485	0.0430582056	-0.0811513457	0.0289085023	-0.0958131157	-0.1667511002	-0.0872811242	-0.0470405422	0.0297211616	-0.0093816213	0.0116719158	0.051457319	-0.0002756022	-0.0579926338	-0.0630586223	-0.0656636416	0.0463167539	0.0061336014	0.0382157477	-0.0564197165	-0.0078536437	-0.1022618008	0.0813102834	0.0787630092	0.0912946773	-0.0093415804	-0.0870028013	-0.0541433115	-0.0323620202	0.1940781954	0.0243983559	-0.0232361179	-0.0886431137	0.0156345635	-0.1300616506	-0.0043500297	0.0503624792	-0.0250819195	-0.0265817417	-0.1184651989	0.0357817622	0.0254805014	0.0713455097	0.0391293262	-0.0863645238	-0.0429925342	0.0260707202	0.1264591225	-0.0591573514	-0.0035547344	0.0210775889	-0.1268869948	0.0190901613	0.031793892	-0.0991291844	0.1824461501	-0.0338092351	-0.0808370003	0.0627458541	-0.0381807023	-0.021047176	-0.0911403277	0.0594121063	0.0661311865	-0.0872496007	0.3457297374486927	0.0262981852873024	0.0006915945494052	0.1195290513563419	0.2941789988819892	-0.0561596616722397	0.0031539075991404	0.0865412833832093	-0.0828308798805039	0.1139542817733457	0.0068609546617784	0.012985578334479	0.004674069883266	-0.0001460099706196	2.184692927365424e-05	2.131891152033652e-08	-0.005018177776815	-0.0003558986269282	1.2666383264944893e-07	2.5182108199719936e-05	0.003590281420142	0.000362999653995	1.2890120675816857e-05	1.317687488005623e-07	0.0	0.0	0.0	0.0	0.0	0.0	0.0	0.0	0.0	0.0	0.0	0.0	0.0	0.0
214.406127834082	-0.8728139334544949	0.7618041624323074	45969.98765280472	374.769355024764	-1.117674446536455	1.249196168440571	140452.06946567763	207.8041542441295	-0.5212544960337198	43182.566521117966	0.2717062496353671	236.42401660598435	201.28406731832047	1.218884	35.786747	0.2259549472121384	0.1460766983562783	0.0393114698	-0.0169663464	0.1633632183	-0.0098611816	0.0762034644	-0.0624870963	-0.1715226691	0.0386326852	-0.1148837506	-0.0292075307	0.0211356543	-0.0160812681	-0.0223562379	-0.0320793494	-0.0279791177	-0.1054164156	0.0050323101	-0.0855073626	0.0288484336	-0.049678079	-0.0880467438	0.0296884722	0.09361798	0.0417408412	-0.0117287009	-0.0632099306	0.0084068972	-0.0013478522	-0.0282512097	-0.0202937245	-0.0969973251	-0.013465171	-0.1081241276	-0.0371309728	0.1270969558	-0.0518761744	-0.0221355114	0.0258946568	-0.1521866882	-0.113022672	0.0934074058	-0.0239294228	0.0327673467	-0.100963276	0.0201904337	-0.0708113609	0.0381200835	0.0121328234	-0.0617192383	-0.0007570378	-0.0346843869	-0.1319497532	0.0791489934	0.080025517	-0.0627368831	-0.0656525049	-0.0060319207	-0.0229593894	-0.043807986	-0.1358652104	0.0609201142	0.1334448597	0.0103370428	0.0034348635	-0.0747006799	0.0781584958	-0.0003500517	-0.0664815363	0.0490483977	-0.0884805873	0.0284064713	-0.104012667	0.0101163017	-0.0702795171	-0.0029065694	-0.019030358	0.0510367997	0.1323792109	0.0561901666	0.0868319245	0.0032742548	-0.0577985352	-0.055060786	0.0228718257	0.1155060243	-0.0038491989	-0.1468213844	0.0191096003	-0.1015881975	0.0490810715	0.034787581	0.0052379621	0.0233225993	0.0728924505	-0.073976815	0.0223107693	-0.0325010594	0.1058057926	0.0058321516	-0.0249503265	-0.0340391116	0.0453661036	0.0033983405	-0.0109669128	0.0239024615	-0.0896208322	0.1003843695	0.0195101014	-0.0796447117	0.1222834472	0.0205238619	0.012292191	0.0085946706	0.0252969958	-0.0225801267	-0.0898027576	0.0631352795	0.0612907054	-0.0908143174	0.3386389855184433	-0.0070907519302493	5.027876293633536e-05	0.1146763625129604	0.3476718094014757	0.0534928105194865	0.0028614807772736	0.120875687052496	-0.2160906611924815	-0.1332597813119775	0.0466951738546038	0.017758169315316	0.0046937922261364	1.972234287040027e-05	2.2031685462138503e-05	3.8897080829762827e-10	-0.0055389121366218	-0.0005207343598067	2.711642734833978e-07	3.067954765721627e-05	0.0036920567864733	0.0001017753663313	1.3631283314543552e-05	1.0358225191870326e-08	0.0	0.0	0.0	0.0	0.0	0.0	0.0	0.0	0.0	0.0	0.0	0.0	0.0	0.0
212.98288837547275	-1.4232394586092596	2.0256105565423783	45361.71074075909	372.3696342623261	-2.399720762437937	5.758659737675714	138659.1445206585	207.1407178611311	-0.6634363829984125	42907.27699602472	0.4401478342860162	235.3318024846288	185.51245932000305	1.231371	36.153374	0.1212435533038608	0.0726575759749014	0.1201088679	-0.0790544819	-0.0409380835	-0.0298575874	0.1552854875	0.0710424724	0.0688467927	0.0332672124	-0.0232588774	-0.0281319523	0.0338592397	-0.0700244652	-0.0709967309	0.0116540677	0.0212835046	-0.0788667428	-0.1320343597	-0.0494129818	-0.0435503837	0.0602391198	-0.0255612659	-0.0268268583	0.0308493837	0.0320094051	-0.0738194846	0.0026429929	-0.1015162891	-0.0840248263	-0.0916295722	0.0008556503	0.1448765925	-0.0154752744	0.0139204583	-0.0277416169	-0.0339773974	0.0634073841	0.0280574805	0.0356755689	-0.0053359582	-0.0071406558	0.1053045924	0.0114610816	-0.0725196157	-0.0215920116	0.0528797532	-0.1120255783	0.0159534509	-0.0227205115	0.0009566849	0.0218585006	0.0144491243	0.0715410496	0.0145428103	0.0086036343	-0.1880452344	-0.111416624	-0.0315739415	-0.073462035	-0.0262813521	-0.0711993061	-0.0145174565	-0.0966616825	0.0035454983	0.0443940456	0.0035728619	-0.0154081331	0.0183569291	-0.119353623	0.0102087943	0.0268742786	-0.0538601358	-0.1075551746	-0.0532440102	-0.0659385866	0.0997585199	0.032880843	-0.0761100956	0.0197785701	-0.0097431565	-0.0866126573	0.0103399272	0.0737545055	-0.0563395172	0.0162723497	-0.039618424	-0.0402747922	-0.0022263448	-0.0339521108	-0.0085207838	0.0495252074	0.06655811	-0.0034993062	0.0336610023	0.0286015429	0.147820394	0.0402921328	-0.0020105412	0.0118603989	0.0025890565	0.0192758547	0.0463692194	-0.0058406282	0.0439587216	-0.0260552391	-0.0597781964	-0.0013522723	0.0681469263	-0.1032470878	-0.10839782	0.0769858405	-0.030805463	0.0698196155	-0.0312077695	0.0715572612	-0.0241075061	-0.088376563	0.0667182767	0.0562083378	-0.0938191336	0.3415144119860684	0.0028754264676251	8.268077370719072e-06	0.11663209359419	0.3604833749823228	0.0128115655808471	0.0001641362126323	0.1299482636386459	-0.1424098510170779	0.0736808101754036	0.0202805656667063	0.0054288617881038	0.0050922477930997	0.0003984555669632	2.5930987586328763e-05	1.587668388440448e-07	-0.0057771881989217	-0.0002382760622999	5.6775481865146034e-08	3.337590348576016e-05	0.0036912733941368	-7.833923364999537e-07	1.3625499270262212e-05	6.137035528868567e-13	0.0	0.0	0.0	0.0	0.0	0.0	0.0	0.0	0.0	0.0	0.0	0.0	0.0	0.0
213.59592498917016	0.6130366136974033	0.3758138897335792	45623.2191719792	374.7399755525266	2.3703412902004857	5.618517832029303	140430.04927710822	206.4839235236392	-0.6567943374919025	42635.61067371608	0.4313788017614272	234.01082118686367	190.36716090487795	1.327474	38.974998	0.114591246567523	0.0548241880029278	0.0584669541	0.169021527	-0.0052841486	0.0822534043	0.0732369627	-0.0165753582	0.0405195484	-0.0356187809	0.0047256572	-0.0421450208	0.0192126051	-0.0579643735	-0.0377035099	0.0146904998	0.0317095718	0.111878775	0.0540848139	0.0398857844	-0.1069148983	0.0992064724	0.0163153132	0.0355891237	-0.0099844888	0.1304487698	0.0560746742	0.0037882911	-0.0154185511	0.0391217077	0.0537235291	0.0588191455	-0.0469765809	-0.0280560059	-0.0591156036	0.1274875481	0.0986016026	0.0297906921	0.0188625658	0.0845775709	0.0843587014	0.0793933543	-0.0906423008	0.0984514573	0.0490470176	-0.0197740537	-0.0678224872	-0.0415907481	-0.0753959184	0.0924158979	-0.0187147246	0.0197630072	0.0491928136	-0.0431470648	0.0581411391	0.025510492	-0.0498561532	0.0226145973	-0.0973339276	-0.014640046	0.0353757961	0.0901204829	-0.0620279833	-0.0703920398	-0.0336282074	-0.0423600559	-0.1243605938	0.0532897329	-0.0217901011	-0.0060709861	-0.0377934004	0.0141276933	0.0001804751	0.0483834638	0.0471197346	-0.0807044224	0.0320867874	-0.0499832133	0.0462539616	0.0114959304	0.0631207788	0.0494044288	0.1129641689	0.0656436892	0.0712189654	0.1278778397	-0.0864809609	0.0151862678	0.019947773	-0.0186426471	0.1149561872	-0.0699854074	0.0587911428	0.0176371747	-0.0907788695	-0.1474758538	-0.0318385494	0.0718774154	0.0053497945	-0.0024663461	0.0273338418	0.0338860418	-0.0030638901	0.0697610888	0.058426063	0.0813572644	0.0889478126	0.0461622916	0.0409944054	-0.0019350727	0.0425712429	-0.0425836389	-0.0536409007	0.0115540229	-0.0183985709	0.0199412743	-0.0256289373	-0.0868631514	0.0701531426	0.0509041416	-0.0962455236	0.3572682677299355	0.015753855743867	0.0002481839707985	0.1276406151267488	0.3237672058129135	-0.0367161691694092	0.0013480770784766	0.1048252035599015	-0.1298982462744362	0.0125116047426417	0.016873554385174	0.000156540253236	0.0049500560968248	-0.0001421916962748	2.450305536171238e-05	2.0218478489533285e-08	-0.0050843233873378	0.0006928648115839	4.800616471311938e-07	2.585034430703012e-05	0.0035341375637635	-0.0001571358303733	1.2490128319604207e-05	2.469166918710656e-08	0.0	0.0	0.0	0.0	0.0	0.0	0.0	0.0	0.0	0.0	0.0	0.0	0.0	0.0
214.9661112604853	1.3701862713151345	1.8774104181004707	46210.428990455344	374.1754511796594	-0.5645243728671971	0.3186877675611022	140007.26826550165	206.37012075830447	-0.1138027653346682	42588.62674179719	0.0129510693978175	234.07682084034872	194.5805452260968	1.373015	40.312084	0.2454628552842458	0.1394321992461605	0.0299933357	-0.0478293455	0.0724206633	-0.0161599461	0.0161767786	-0.1372120511	0.0411788832	-0.1204738869	-0.0080233172	0.1270731383	0.1238104801	-0.0926709131	0.0132886306	0.0512281331	-0.0085753498	0.2326938621	0.1024567157	-0.0069540827	0.0519584285	-0.0637313879	0.0342753879	-0.0313669315	0.0101772143	0.1172029104	-0.0887866415	0.0184912525	-0.0927525292	-0.1115823395	0.1417340336	0.089931303	-0.0546666942	-0.0363851801	-0.0390945276	0.0536518777	-0.0600139916	-0.0591333012	-0.1762150695	-0.0301819445	0.0304201694	0.0668069461	0.0297885231	0.0502682125	-0.0283925228	-0.0568528726	0.0101808777	-0.0608045624	0.087906729	-0.0704563068	-0.0910081754	0.0283168694	-0.0398983785	0.0386122987	-0.0233560972	-0.2337193764	-0.038433139	-0.0278847542	-0.0672930494	0.050055126	0.0832651026	0.1986835412	0.1266988333	0.0673721595	-0.0068953759	-0.0087790918	-0.0356693053	-0.015171765	-0.0489264367	0.0155869249	-0.0512184467	-0.0138304062	-0.0671916209	0.0538651784	0.0475286932	-0.1829332933	0.0103215675	0.0103082852	-0.1973888801	-0.0626868949	0.1139037602	-0.0296774225	-0.0968127914	0.1358000872	0.0899052976	0.050901034	0.0910407518	-0.0924360543	-0.0686890803	-0.0381768226	-0.1152906861	0.103212199	0.044608072	0.0199092531	-0.0167878913	0.1065503026	-0.0423189974	0.0129360125	-0.0250571329	0.091950265	-0.0213764734	0.0654586323	0.0362279032	-0.0154909149	-0.1082613971	0.0495927305	-0.1748716388	0.021079086	0.0282776051	-0.0243080275	0.0276769507	0.0441593495	-0.0167209594	0.0177338272	0.0460364133	0.0485025158	-0.027144045	-0.0852640164	0.0734322509	0.04539905	-0.098078528	0.3599457744165875	0.002677506686652	7.169042057066221e-06	0.1295609605203568	0.418169473948069	0.0944022681351555	0.0089117882290617	0.1748657089420048	-0.2024579598013645	-0.0725597135269283	0.0409892254869309	0.0052649120271099	0.0055951923060872	0.0006451362092624	3.13061769420974e-05	4.162007285014593e-07	-0.0053038814659898	-0.0002195580786519	4.8205749901357714e-08	2.8131158605270104e-05	0.0041859106145593	0.0006517730507958	1.7521847673080218e-05	4.248081097436649e-07	0.0	0.0	0.0	0.0	0.0	0.0	0.0	0.0	0.0	0.0	0.0	0.0	0.0	0.0
214.941011603511	-0.0250996569743051	0.0006299927802277	46199.63846914064	375.471292491422	1.295841311762615	1.679204705270655	140978.69148517898	206.995002547156	0.624881788851468	42846.93107949712	0.3904772500382105	234.98642144857104	196.07170897620168	1.202986	35.319981	0.2739539202950779	0.1670156775704394	0.017008551	-0.0605033279	0.0114355432	-0.092258953	-0.0044518258	0.0104189266	0.0354096801	-0.0881324381	0.0325842769	0.0209697873	-0.1559391931	-0.0763926979	-0.0002988762	-0.0233740155	0.0687299982	0.0373522045	-0.0117012388	0.0339188477	-0.0771067881	0.0946481494	-0.037581374	-0.0783096893	-0.0402111663	-0.0120506592	0.0761928646	-0.008046728	-0.0115801549	-0.0333970209	0.0186493902	-0.0261949577	0.0560190891	-0.0010368262	0.0175638111	-0.0520476538	-0.0218742439	0.0528217058	-0.0449191777	0.0856264758	0.1254043972	-0.0192952891	0.0201124636	0.0684360304	-0.1680677934	-0.0996675165	-0.0454420825	-0.1456780761	0.0129865223	0.107038291	-0.0141628543	0.119340725	0.0609774548	0.0066446529	-0.0556137412	-0.0702683949	-0.0087830882	-0.0840431643	-0.0104812765	0.0198563163	-0.0399077254	0.0811010596	-0.0479063393	-0.0955601941	0.0239902823	-0.0493226831	0.0696092025	0.078086409	0.0088329778	-0.0169991401	0.0233134279	0.0423124617	0.0439092527	-0.0143557758	0.0492411427	-0.0853202229	-0.0580164829	0.0466822735	0.0660469275	0.0916845265	-0.0788135635	-0.0749934223	0.0048145751	0.0335396282	-0.0581975326	0.0125533604	0.0297044816	-0.1237280849	0.0501093624	-0.0312684846	0.0542115158	-0.0759108352	0.065330732	-0.0119791435	0.0741301012	-0.0574233315	0.0963675697	0.0379413315	0.0325688845	0.0121627217	-0.0341824379	-0.0162789645	0.0234786023	-0.0046262975	0.0925947075	0.0125871716	0.0319652088	0.0900941848	0.043210682	-0.0104181715	-0.0711014854	0.0798095732	-0.0358289298	0.0403119123	0.0185769534	-0.0114292405	-0.0286524553	-0.0835807361	0.0765483213	0.0397147891	-0.0993068457	0.3540725571246099	-0.0058732172919775	3.449468135878463e-05	0.1253673757087601	0.2728081922093963	-0.1453612817386727	0.0211299022287097	0.0744243097365589	-0.163723177791482	0.0387347820098825	0.0268052789461412	0.0015003833373531	0.0049559053959081	-0.0006392869101791	2.4560998293191017e-05	4.0868775352634166e-07	-0.0057506847914952	-0.0004468033255054	1.996332116826848e-07	3.307037557113419e-05	0.0035923080651529	-0.0005936025494064	1.2904677234962571e-05	3.523639866617782e-07	0.0	0.0	0.0	0.0	0.0	0.0	0.0	0.0	0.0	0.0	0.0	0.0	0.0	0.0
215.1746302334928	0.2336186299818052	0.0545776642745756	46300.12149612035	376.2153413570224	0.744048865600405	0.5536087144012495	141537.98307238088	207.13479537451823	0.1397928273622426	42904.82345484354	0.0195420345819297	234.8256619255822	204.19294254476245	1.121364	32.923546	0.3206047677373024	0.1947388574132322	-0.0239797451	0.0822940866	0.091760977	0.0556676853	-0.0018153008	-0.0298608769	-0.0100676188	-0.0562930079	0.0542394037	0.0269241298	0.0270164251	-0.057340803	-0.0080990529	0.0416009095	-0.037766626	0.0496286919	0.0784083356	-0.0434592581	0.0647412526	-0.0740558155	-0.0539771444	0.027526563	0.0475467804	0.0436151388	-0.0774659565	0.0734186735	0.0900394546	-0.0448522725	0.0110381681	-0.0874583285	0.0319326988	-0.1339459933	0.0765575644	0.0987873013	0.0141757951	-0.086413638	-0.0693684938	0.1060608315	0.1273492254	0.0543736881	-0.0961312492	0.0353384981	-0.0501754375	0.0484166217	0.0697506961	-0.0475284561	-0.0270233116	-0.0058392972	0.0190560756	-0.0304498638	0.0278172878	-0.0263198465	0.0462367674	0.0104426608	0.052936122	0.0088580802	-0.0658316289	0.02393529	0.0676057128	0.0436737196	0.0263957204	0.0754755872	0.0308989166	0.0249861358	-0.0310305988	0.0370535921	-0.0254327093	0.0155733289	-0.0367832868	-0.046729498	-0.0260146646	-0.0098075804	-0.0422384204	0.0939362039	0.0009021811	-0.086150258	-0.1849359308	0.0701009475	0.0340073046	-0.0595596517	0.0810936658	0.0187483702	0.065298152	-0.046239807	0.0115215223	0.0036603978	0.0984288695	-0.0796967959	0.0072911432	-0.1757770287	0.0319037708	0.0457544974	-0.0701066621	0.0194858333	-0.0999435678	0.04845596	0.0389908795	0.0434409296	0.021883913	-0.0115069381	0.0366733617	0.0139657781	-0.0471903805	0.0764545034	-0.0644732029	-0.0541899088	0.0530521245	-0.0290985836	0.0493470716	-0.0904043912	-0.0445383677	-0.0239186622	-0.0464186827	-0.0238296854	-0.030153796	-0.0818149717	0.0794944353	0.033873792	-0.0999229036	0.3630814364870645	0.0090088793624545	8.115990736726025e-05	0.1318281295215102	0.4247629216621504	0.1519547294527541	0.0230902398030597	0.1804235396189661	-0.2448337700837157	-0.0811105922922337	0.0599435749734057	0.0065789281819969	0.0057780487406143	0.0008221433447062	3.33858472489145e-05	6.75919679244698e-07	-0.0057430846003012	7.600191193999836e-06	5.7762906185352654e-11	3.29830207262168e-05	0.0043331758618499	0.000740867796697	1.8776413049718622e-05	5.488850921826681e-07	0.0	0.0	0.0	0.0	0.0	0.0	0.0	0.0	0.0	0.0	0.0	0.0	0.0	0.0
214.68405348315807	-0.4905767503347249	0.240665547968979	46089.24281995947	375.0406536937567	-1.1746876632656722	1.3798911062285653	140655.49192304036	207.0291547556304	-0.1056406188878327	42861.07091883076	0.0111599403590043	234.80147057515128	194.5286176898812	1.068041	31.357979	0.2343030438334561	0.1249157479758589	0.0219036863	-0.0273479146	0.0060882544	-0.0409207399	0.0053644259	-0.0385254088	0.0284981389	-0.0839939288	-0.0138117963	0.0192775551	-0.0576402676	-0.07287321	-0.0247383832	-0.0030715231	0.014904814	-0.0039220318	0.0021943433	0.0049187453	-0.0211388104	-0.0132686177	-0.0586891795	-0.0036201483	0.0138128896	-0.035246168	-0.0493640052	-0.0520363763	-0.1169921264	0.1731929241	0.0718448114	0.0839979773	0.0487560648	0.0480793793	0.015150698	0.0900450421	0.0682473807	-0.0169345559	0.036395807	-0.0482019468	0.0914175068	0.0707118054	-0.0083057236	0.0048332098	-0.1127689373	0.0911488966	-0.0370643661	-0.0307103496	0.0403792125	0.0619017699	0.0147134988	-0.0448678346	0.04618107	0.0117685482	0.0313535918	0.0018821288	0.1207113865	-0.0602473317	-0.0405736732	0.0004920099	-0.0056181295	0.0359892016	0.0065756365	-0.0003120904	0.0221726807	-0.005660938	0.0411281323	-0.0355214164	0.0233316365	-0.0832347339	0.116475006	0.0750578494	0.0332870642	-0.00039765	0.0961421305	-0.0366073127	-0.0130212232	-0.0108472365	-0.0322795179	-0.0746464982	0.0448263898	0.0340603012	0.1173136079	-0.0670170989	0.0033434047	0.0064967697	-0.0981476239	0.0503524662	-0.0231659984	-0.0627331963	0.1192427664	-0.0511809757	0.0708621293	0.0252767127	0.050502219	0.0442812516	-0.0040208241	0.0122352748	0.0250666522	-0.0155896492	-0.0828767343	0.0122281771	0.0680167477	-0.0541237034	0.088408347	0.0449605797	0.043582786	0.051193267	-0.0260623171	-0.0053968834	-0.0174388134	0.1220762263	0.0382138144	-0.0751442186	0.0983197399	-0.0279746209	-0.0316476967	-0.0799684658	0.0822640518	0.0278991106	-0.0999229036	0.3230162803048984	-0.0400651561821661	0.0016052167399013	0.1043395173420126	0.328437203388205	-0.0963257182739454	0.0092786440009915	0.1078709965694651	-0.2643349989106553	-0.0195012288269396	0.0698729916490961	0.0003802979257606	0.0058871450431855	0.0001090963025712	3.4658476759503606e-05	1.1902003234706871e-08	-0.0049868960748891	0.000756188525412	5.718210859649259e-07	2.486913246174432e-05	0.0036302418788251	-0.0007029339830248	1.3178656098775593e-05	4.941161844911101e-07	0.0	0.0	0.0	0.0	0.0	0.0	0.0	0.0	0.0	0.0	0.0	0.0	0.0	0.0
215.44066689997408	0.756613416816009	0.5724638625059958	46414.68095430559	375.996843617872	0.9561899241152788	0.9142991709795824	141373.6264106025	207.75186008869736	0.7227053330669548	43160.83537031368	0.5223029984434181	235.3443621519927	198.37816327912364	0.958414	28.139284	0.2099623981130749	0.1322477842054153	-0.0008723217	-0.0118740155	0.0753229755	0.0504877605	0.0054361083	-0.0016471739	-0.014224985	-0.0487919594	0.1145223448	-0.0939674523	-0.043506785	-0.0526565793	-0.0484219189	-0.035249443	-0.0511158427	-0.0605691446	0.0306950384	0.068898761	-0.0058325	0.0108479893	0.0610898466	-0.0119641381	-0.0531249463	-0.0317213122	0.0162843893	-0.0503842439	0.0900343326	-0.0750432458	0.0549123931	0.018225421	-0.075923632	-0.0019912472	-0.0605287941	-0.0278372117	0.0148188228	0.0764989279	-0.0072221583	0.1597215717	-0.1007502797	-0.0058609626	-0.0359751427	0.0070289946	0.1064209014	-0.0136881812	0.0047994615	-0.0014100176	0.0039706354	0.0080882857	0.0395949973	-0.010886854	-0.0827148956	0.1398371734	-0.1073952039	0.121758984	0.0001898782	0.0026964935	-0.0835233717	-0.0025385585	-0.0286188718	-0.0204570586	-0.0451936394	-0.0045658437	0.0180665737	-0.0530969119	0.0889438273	0.0089094721	-0.0244246183	0.1108404766	0.0351359225	-0.1063221256	0.0120429934	0.0102391117	-0.0479506554	-0.0179005088	0.027483365	-0.0258288817	0.0021378552	0.1394664522	0.0856956749	0.0687505699	0.0827054705	0.0361881376	-0.0142992166	0.1079125354	-0.0670275245	-0.0314141812	0.071816204	0.0677546252	0.0199188459	0.0349362235	0.0865142744	0.0088092845	-0.0200353625	-0.0660191571	-8.90953e-05	0.0035376502	0.0519161881	0.0415182913	-0.0017426735	-0.1224237172	-0.0216156199	0.022355091	-0.0275317171	0.0714814275	-0.0048549414	0.0767718211	0.0194278459	0.0486717756	-0.0456044023	-0.0222751798	-0.0245342899	0.0071645913	0.0018407067	-0.0449349798	-0.0331337888	-0.0780430407	0.0848510215	0.0218143241	-0.0993068457	0.3220661494379726	-0.0009501308669257	9.027486642850714e-07	0.1037266046138025	0.3536393288058832	0.0252021254176782	0.0006351471255683	0.1250607748782755	-0.1550781881227294	0.1092568107879259	0.0240492444314286	0.0119370507035486	0.0051660204880125	-0.000721124555173	2.6687767682564904e-05	5.200206240734578e-07	-0.0046182215584178	0.0003686745164713	1.359208990953469e-07	2.132797036263493e-05	0.0032289743296585	-0.0004012675491666	1.042627522159356e-05	1.610156460141698e-07	0.0	0.0	0.0	0.0	0.0	0.0	0.0	0.0	0.0	0.0	0.0	0.0	0.0	0.0
216.0656814228645	0.6250145228904103	0.3906431538239271	46684.37868872677	376.2719877342069	0.2751441163349	0.0757042847537129	141580.60875345115	208.0592774607107	0.3074173720133331	43288.662937473	0.094505440615584	235.84462376710053	207.22350657385672	1.050221	30.834768	0.1723049796041455	0.1195159477782701	-0.0319990579	-0.0444688293	0.1350809598	0.0032255129	-0.0253242182	-0.0758287435	-0.0236264518	-0.0494158135	0.0174910211	0.0194255637	0.026778284	-0.0391591237	-0.0082955146	-0.0685522911	-0.036772453	-0.0926440072	0.0675154712	0.0198679938	0.0577963245	-0.0527328398	-0.0860256113	-0.0365620951	0.0687476115	0.0126559976	-0.043930414	-0.0411410293	-0.006811539	-0.0030706195	0.0419621434	0.0832869513	0.0575979365	-0.0690471087	-0.1286568277	0.0482709147	0.0104246937	0.078559643	0.0574488401	-0.0769328543	0.0063198914	-0.0111890695	-0.1348408045	-0.0254696119	-0.0446173964	-0.0567585011	-0.0257853806	-0.0404116381	-0.0184909526	0.0156087339	-0.0578936594	-0.0426348607	0.0698499614	-0.1592196528	0.0609757367	0.0102682719	0.0836816551	-0.0126984686	-0.0525823947	0.0300884552	-0.0559898658	-0.037481619	0.0218588693	0.1283234775	0.0402172845	-0.0077541569	0.0822293351	-0.0156233963	0.0214903706	-0.0845320923	0.0503272924	0.0166915858	-0.0371998076	-0.0528750411	-0.0012983586	-0.0003879914	-0.1068824561	-0.1061664762	0.0259065575	-0.0258832605	0.1268532128	0.0642588819	0.0322317474	0.0856301531	0.0832271691	-0.0772313966	-0.1008835049	0.0261711138	0.0035725012	0.0029890274	0.0484036284	0.0090599217	0.0719047858	0.0215374135	0.0303317317	0.0595316612	-0.0845115172	-0.0265630355	0.0079963408	0.0310660546	-0.1206397929	-0.0302777034	0.0655606347	-0.0533450245	0.043194748	0.039459333	-0.0414208143	-0.0540418258	0.024478279	0.0206265804	-0.1006827904	0.0182555399	0.0689104928	0.0515865689	0.0594150704	0.0683874581	-0.0346117057	-0.0760405966	0.0872496007	0.0156434465	-0.098078528	0.3171826718264157	-0.0048834776115569	2.3848353582577885e-05	0.1006048473069437	0.3496456848705946	-0.0039936439352886	1.5949191881867538e-05	0.1222521049486271	-0.2486203437745544	-0.093542155651825	0.0618120753385776	0.0087501348839902	0.005997468432097	0.0008314479440845	3.596962759400005e-05	6.913056837223428e-07	-0.0051773804019394	-0.0005591588435215	3.126586122884126e-07	2.6805267826386182e-05	0.0032360815901619	7.107260503399788e-06	1.047222405818477e-05	5.051315186318661e-11	0.0	0.0	0.0	0.0	0.0	0.0	0.0	0.0	0.0	0.0	0.0	0.0	0.0	0.0
214.69275342553988	-1.3729279973246094	1.8849312858377625	46092.97837343966	376.72700574543353	0.4550180112266275	0.2070413905406353	141923.2368579199	207.79746757569308	-0.2618098850176125	43179.78753087122	0.0685444158929354	235.9583655883361	200.33492691784943	1.089597	31.99086	0.114301071365829	0.0577915309073313	0.0286463843	-0.0971610095	0.0890504163	-0.0210577967	0.0283260468	0.0238200419	-0.0756308706	-0.0026324108	0.0573788312	-0.020439616	-0.0435992236	-0.065051049	-0.0234778704	-0.0624300856	0.0287073351	-0.1258471924	-0.0346040716	0.0350370638	-0.0065196256	0.0280081479	-0.1379320449	0.0221790407	0.0641975363	0.0389040547	-0.0963658985	-0.0531807709	-0.044801546	-0.0905570053	0.0218294666	0.0848951317	0.0677411743	0.0021712029	-0.0698628224	0.0639286154	-0.1915432091	0.011344478	-0.1122625485	-0.0748258783	0.0721710185	-0.008401737	-0.1428126389	0.0924520124	-0.0328418512	0.0514611396	-0.00406056	0.0087897929	0.0706825232	0.1080581638	0.0773327563	-0.1219294104	-0.0209503557	0.0124470168	-0.0420331149	-0.0069987291	-0.1150437212	-0.065222914	-0.0436438257	-0.0021378881	-0.0808224327	-0.0890768934	-0.04860051	0.0351288339	-0.0129202443	-0.0178667079	0.0268426278	0.0584756586	0.0875871371	-0.1210592792	-0.0151287177	0.0263932283	-0.039155579	-0.0537704189	-0.080000372	-0.0775542576	-0.0073410087	0.0320528044	0.0204880701	-0.0402152361	0.0757235633	-0.0668034387	0.0113301208	0.1830700958	0.1409153398	-0.1404312584	0.002145885	-0.0133484761	0.0501333721	0.104142741	0.0804856781	-0.0386711297	0.0676326003	-0.0053003924	0.0897363201	0.0213136261	0.040300176	0.0005136109	0.0044913372	0.0552743331	-0.0006477166	-0.0998038381	0.0145809067	-0.0245011078	0.0675197265	-0.0241313032	-0.0094553444	-0.0333958544	0.0391194202	-0.0900822913	-0.0727068914	-0.0853022367	-0.0185728974	0.0816193401	-0.074519519	-0.0463627339	-0.0360810826	-0.0739631095	0.089454464	0.0094108313	-0.0962455236	0.3322928902393016	0.0151102184128859	0.0002283187004851	0.1104185649035885	0.3359271446547751	-0.0137185402158195	0.000188198345653	0.1128470465159101	-0.2312053159027058	0.0174150278718485	0.0534558981016699	0.0003032831957772	0.0055365208147164	-0.0004609476173806	3.065306273178795e-05	2.1247270596885242e-07	-0.0055607026242967	-0.0003833222223573	1.4693592615293956e-07	3.092141367586021e-05	0.0037529574477295	0.0005168758575676	1.4084689604468325e-05	2.671606521362422e-07	0.0	0.0	0.0	0.0	0.0	0.0	0.0	0.0	0.0	0.0	0.0	0.0	0.0	0.0
213.40590899421028	-1.286844431329598	1.655968590443997	45542.08199364516	374.6275912472141	-2.099414498219403	4.407541235333827	140345.83212368976	207.1172540813569	-0.6802134943361864	42897.55693820135	0.4626903978770451	234.83856106568143	195.7575364357841	1.300272	38.176342	0.401344108563001	0.2061372110407308	0.0360376577	0.1263135599	-0.0907675994	0.0276406714	0.0757189076	0.0597877719	0.0233836459	0.0644126517	-0.0780515927	0.0509891054	0.0688696261	0.0060214311	-0.0475382038	0.0379517504	0.0072102167	-0.0406786439	-0.0076002704	-0.0218652326	0.0165579705	0.1277759156	0.006155242	0.1010092179	-0.0062499333	0.0093078736	0.0081304479	0.0630403309	-0.0591874056	0.0534300486	0.045878839	0.0103729089	-0.0187124742	0.0423617158	-0.0229033786	0.0795282004	0.0219413817	-0.0124053311	0.0450646743	-0.1861578491	0.1143166233	0.0354038378	-0.0264524269	0.0150561662	0.0409876981	-0.0126437351	0.0582207031	-0.03426714	-0.0628822724	-0.0220425502	-0.0993667863	0.0257642582	0.0565186367	-0.0555184142	0.1057826961	0.0869796694	0.0533882861	0.0162697101	-0.0261470662	-0.0561091365	0.0331343801	-0.0499606447	-0.0540310817	-0.0381950686	0.0013215988	0.089913427	-0.0773362312	-0.0104798223	0.1132669016	-0.0455840426	-0.0999369467	0.0441987753	0.0137948446	0.1043652077	0.0361334503	-0.001652551	0.0045494048	0.0693869906	0.0759733878	-0.1064340336	0.0002009453	0.0510729469	0.1007566917	-0.0065331213	0.120089072	-0.1178060376	0.0093204042	0.0834047982	0.0425084948	-0.0394292664	-0.0178799411	-0.0251732005	-0.0083448411	0.0373776262	-0.0757030423	-0.0584574866	0.003483592	0.0625371532	0.0078112861	-0.0953365481	0.0016099438	0.0485750594	0.0881904902	0.0021352572	0.0739299294	0.0182934707	0.0719371584	-0.1065343591	-0.009376611	-0.0482662525	0.0978304106	-0.0218718071	-0.0854577627	0.0112348343	0.0152140983	0.1321199479	-0.0375415571	-0.0718126298	0.091460716	0.0031410759	-0.0938191336	0.4177339296386009	0.0854410393992993	0.0073001712136326	0.1745016359713075	0.3871939642803568	0.0512668196255817	0.0026282867945219	0.1499191659751382	-0.3164884864077208	-0.085283170505015	0.10016496202865	0.0072732191713874	0.0055793040399886	4.278322527220043e-05	3.112863357063312e-05	1.830404364691849e-09	-0.0074350531698514	-0.0018743505455546	3.513189967621201e-06	5.528001563851735e-05	0.0054228852575647	0.0016699278098352	2.9407684516712564e-05	2.7886588900609883e-06	0.0	0.0	0.0	0.0	0.0	0.0	0.0	0.0	0.0	0.0	0.0	0.0	0.0	0.0
213.67255712364457	0.2666481294342873	0.0711012249308044	45655.96166775715	374.740022620552	0.1124313733378699	0.0126408137106394	140430.08455365183	206.53795509378804	-0.5792989875688477	42657.92689432361	0.3355873169982919	234.5168279508452	191.9440427417641	1.150183	33.76968	0.0494560322771871	0.0308820545759072	0.059014949	0.0301158114	-0.0098694785	0.0047613233	0.0741431375	-0.0760306941	-0.0777241971	0.0326859289	-0.0567687846	-0.0928226335	-0.0115557793	0.0076232027	-0.0352200321	0.0749729812	0.0747291868	0.0967862629	-0.0202750545	0.0058351419	0.0377922237	-0.0214377475	-0.0490580755	0.0999394492	0.0026238536	0.0031564264	0.0081239249	-0.0529280661	-0.0116843716	-0.0397374512	-0.090172965	-0.0209389999	-0.1201845341	0.0553732509	-0.1216940303	-0.0500559552	-0.0108139541	0.0510592814	0.0803910904	-0.0468843832	0.06734548	0.1597518804	0.0321165075	-0.054616405	0.0947767858	-0.0305231052	0.1555325507	-0.0168143717	-0.1244765676	0.0956422192	-0.0859906554	-0.0546940478	0.0176992984	-0.0723481024	0.0064343529	-0.1229904727	-0.0043326211	-0.0228829665	0.0113308493	-0.0676961424	0.0578456934	0.0628285942	0.0180962515	0.0599609139	-0.1093705577	0.0196987255	-0.0778612108	0.0621199416	0.033518141	0.0112602058	0.0375042564	-0.023925764	-0.0051980991	-0.0055054376	-0.044758059	-0.0516099792	0.0543443394	0.09644808	0.1000438628	0.0531002982	-0.0975290017	0.0479458134	0.0354739111	-0.0794708912	0.1811745081	-0.0604396525	-0.1000161498	0.1038827615	0.074923945	0.0031499626	-0.044516243	0.0539576955	-0.008873708	0.0241971065	-0.0156266675	0.0413791817	-0.053227952	0.0273173748	-0.0937283531	0.0751080546	0.0813706188	0.0456134908	-0.0063963832	0.0484760109	0.0532057927	0.0324708467	0.0154285274	0.0381883601	0.0126350907	0.0244631548	0.0515091063	0.0063932868	0.0737880948	0.0642074603	-0.0573576475	0.0573445959	-0.0389927688	-0.0695912797	0.0932639023	-0.0031410759	-0.0908143174	0.4153127396247242	-0.0024211900138766	5.862161083296231e-06	0.1724846716945939	0.3833365117350951	-0.0038574525452617	1.487994013894603e-05	0.1469468812292307	-0.3178224713907696	-0.0013339849830487	0.1010111233209365	1.7795159349996103e-06	0.0060154014702335	0.0004360974302448	3.618505484808735e-05	1.9018096866620498e-07	-0.007062780127744	0.0003722730421074	1.385872178798982e-07	4.988286313285555e-05	0.0054513828799124	2.8497622347700008e-05	2.971757530340201e-05	8.121144794721309e-10	0.0	0.0	0.0	0.0	0.0	0.0	0.0	0.0	0.0	0.0	0.0	0.0	0.0	0.0
214.243369287572	0.5708121639274282	0.3258265264875131	45900.22128369095	373.6590396373051	-1.0809829832468836	1.1685242100693325	139621.07790267316	206.4622100323428	-0.0757450614452466	42626.64417143923	0.0057373143333441	234.2347757217285	189.94978517076456	0.962025	28.245296	0.0953824782827957	0.0451153843950385	0.0555600906	-0.0878975308	-0.0664439827	-0.0224531745	0.0622969951	-0.0011492387	0.0917829831	-0.0455273571	-0.012345708	0.0403813165	0.0431152004	-0.0363058479	-0.0148521213	0.0908411212	0.0701651278	0.1143321547	-0.0126065755	-0.0117606709	-0.0046537233	0.059693747	-0.0159293729	0.0033938911	0.0148578139	-0.0087289665	0.0288123187	-0.0061908347	-0.0204339441	0.0073877441	0.0335777541	-0.036893292	-0.022511926	0.0559201182	0.0374842906	0.0215453844	-0.0496542005	-0.1457993596	0.0287725661	0.0739639458	0.0327789659	-0.0139961269	0.0760113548	-0.0888322514	-0.1125781902	0.0649415811	0.1488887175	0.0297926588	0.0316013909	0.0374561747	0.032914809	0.0263797693	0.1202698527	-0.054402617	-0.0360085146	-0.0243398243	0.0389041335	-0.0441279431	-0.0008631291	-0.0300464996	0.0818098067	0.1200211402	-0.0023113253	-0.0695097036	-0.0202919844	0.0468944857	-0.012809388	0.000846308	0.0109823876	-0.0828530111	-0.0144436566	-0.0108251638	0.0473844421	0.0820834302	-0.0115941956	-0.01693077	0.0280632218	0.0750998784	-0.0521878533	0.0266378771	0.0467318257	-0.0471962919	-0.0669899832	0.0296857972	0.0115828744	-0.0162660803	0.0793505091	0.0031352665	0.0668110593	-0.0358321543	-0.0719757298	-0.1120551585	0.0070137442	0.0155311977	0.0195297352	0.0558814137	0.0905109624	0.0449438081	-0.031938571	0.0057428225	-0.0176826774	0.093766345	0.0731395289	0.0122935436	-0.0368220688	0.0642233399	-0.0537173666	0.0537491085	-0.0018557696	0.0275879152	0.0883624764	0.0409510873	-0.0293482026	0.0349351142	-0.0453870883	-0.0016328264	-0.0404343596	-0.0673012514	0.0948600195	-0.0094108313	-0.0872496007	0.4250557025974757	0.0097429629727515	9.4925327488407e-05	0.1806723503106337	0.3847714227568986	0.0014349110218034	2.058969640493126e-06	0.1480490477703679	-0.2860255599134689	0.0317969114773006	0.0818106209238133	0.0010110435794952	0.0066171824889446	0.0006017810187111	4.378710409199505e-05	3.621403944809698e-07	-0.0074870980824173	-0.0004243179546733	1.8004572665813272e-07	5.6056637695736806e-05	0.0054734377627468	2.2054882834399853e-05	2.9958520942662692e-05	4.864178568391052e-10	0.0	0.0	0.0	0.0	0.0	0.0	0.0	0.0	0.0	0.0	0.0	0.0	0.0	0.0
215.1338049091852	0.890435621613193	0.7928755962376735	46282.55401470335	375.4893778850478	1.8303382477427024	3.350138101149825	140992.27290450025	207.3870131527312	0.9248031203884182	43009.37322441111	0.8552608114801551	235.5800407522314	194.75392204918083	0.907741	26.65152	0.1591522407228629	0.08053966771646	0.0174864004	-0.1360090896	-0.1046357043	-0.0972592923	-0.0017337308	0.0643672511	0.076365147	-0.0335420904	0.0122901032	-0.0038137007	-0.1257152185	0.0174741453	0.0195891586	0.0371143263	0.1026319923	-0.0314876422	-0.0532336401	0.0224988046	-0.030492137	0.0443147068	-0.0562585733	0.0033804236	-0.0424133908	-0.0984032076	-0.0745619095	-0.0780414237	-0.0228602176	-0.0728327415	-0.0397971708	-0.0296626139	-0.0212764357	-0.0961085782	0.0674815213	-0.1124477615	-0.0235650677	-0.0753068932	-0.0638723939	0.0689930545	0.036792245	0.0722603917	0.0012817498	-0.0734770603	0.0494711311	-0.0308044481	-0.0217885571	0.0669566452	-0.0990196432	0.0437092905	-0.1032116176	0.0499329483	0.0577337963	-0.041579476	0.0518912665	0.0299618229	0.1780807262	-0.0831934611	0.0977140772	-0.0300743884	-0.0155092784	0.0347209065	-0.0573624233	-0.0726678663	-0.0368090562	-0.0315260266	0.0990813254	0.0628239805	0.0996452039	0.020768466	0.1211087425	-0.0565872937	-0.0460485101	-0.0394577456	-0.0554227234	-0.0073301167	-0.0420637422	-0.0332125164	-0.1214245973	-0.0265667848	-0.102861606	0.0011003734	-0.1027812209	-0.0946643964	0.059791097	0.0157431883	0.0199881455	-0.010671201	0.1233531801	-0.0301985686	-0.1076532187	0.0010676232	0.000555882	-0.0047955964	0.1043360182	-0.0124566939	0.1821658971	0.0355401354	-0.0059681144	0.0517730476	0.0356358644	-0.0007624044	0.0113347134	0.0224787794	0.1089265221	-0.0692709423	-0.0541765557	0.0631329067	0.0256149578	0.0240673772	0.0173747503	0.0544168208	0.0155506902	-0.0156901486	-0.0973114135	0.0091762614	-0.0418659738	-0.0649448048	0.0962455236	-0.0156434465	-0.0831469612	0.4440565944873924	0.0190008918899166	0.0003610338926123	0.1971862591077404	0.3232806114174025	-0.061490811339496	0.0037811198791894	0.1045103537184096	-0.2663102463946387	0.0197153135188302	0.0709211473347731	0.0003886935871457	0.0067550999227013	0.0001379174337566	4.56313749656791e-05	1.9021218534033563e-08	-0.0081203945614005	-0.0006332964789832	4.0106443029251933e-07	6.594080783282282e-05	0.0058811283294993	0.0004076905667524	3.458767042803922e-05	1.6621159821897433e-07	0.0	0.0	0.0	0.0	0.0	0.0	0.0	0.0	0.0	0.0	0.0	0.0	0.0	0.0
215.97942196519784	0.8456170560126566	0.7150682054195123	46647.11071242099	378.0818411351327	2.5924632500849043	6.7208657030407855	142945.87859613175	207.5666914670049	0.1796783142736728	43083.9314065588	0.0322842966202287	235.0631753742039	209.4208798348149	1.554403	45.637688	0.3310383544599807	0.144364601622209	-0.0869500317	0.1763229388	-0.0092537214	0.1036462739	-0.0636670395	0.0101310468	-0.0098209129	-0.0252416312	0.0138108121	-0.0950563658	-0.0521360586	0.0218659695	-0.00293454	0.0248846274	-0.0294266468	-0.0241411004	0.0663810706	0.0099665648	0.0699127724	0.0488781084	6.27591e-05	0.0421378571	-0.0325277753	0.0187954855	0.0663832416	0.06209715	0.0891265582	0.0612538496	-0.0052222574	-0.0463808429	0.0365318952	-0.0351563014	0.0705390468	0.0195909911	-0.0325244482	0.0510330898	-0.0741216928	-0.0095238443	0.1000910107	-0.0176991254	0.0532640443	0.0621236176	-0.0356399897	0.1336893682	0.0314067978	-0.0312765859	-0.1067165911	-0.0037762176	-0.1543733651	0.0826944296	0.0833451678	0.0458171711	0.1124865051	0.1224418812	0.0777952811	0.0900282258	-0.0381215269	0.0110705632	0.0542649519	-0.009221767	-0.063272617	0.0199078114	0.0227201504	0.0879308602	0.0267006262	0.0251766267	-0.0264662581	-0.0021795136	0.0153803318	0.0115066574	0.0137614583	0.0801299542	0.0276020854	0.1163155137	-0.0529423264	0.0974828532	-0.0106078766	0.0601005947	-0.0118474038	-0.0163565599	0.0985063648	0.0279458568	0.0256699706	-0.0654310151	0.0014349812	-0.1359338685	0.1098918542	-0.1016112534	0.0092677317	-0.1481181123	-0.0613811815	0.0449815202	-0.1221667313	-0.0785915724	-0.0696977368	0.0311426251	0.0278532393	-0.0312707611	-0.0032834821	0.0169230104	0.0997352322	0.0673073797	-0.041054026	-0.003963698	0.1581943373	0.0235106522	0.0090501186	0.0067260525	0.0366572049	-0.1199907447	-0.0437914151	0.0117075054	0.059383959	0.0272007412	-0.0432872582	-0.0625242656	0.0974173387	-0.0218143241	-0.0785316931	0.4739602335876043	0.0299036391002119	0.0008942276314357	0.2246383030224164	0.4141652267080928	0.0908846152906903	0.0082600132965367	0.1715328350141659	-0.3217618517471621	-0.0554516053525234	0.1035306892397627	0.003074880536172	0.0059134482325647	-0.0008416516901365	3.4968869999222574e-05	7.083775675097944e-07	-0.0074421840586509	0.0006782105027496	4.5996948603986523e-07	5.538610356283759e-05	0.0074572360309442	0.0015761077014449	5.5610369221212406e-05	2.484115486553928e-06	0.0	0.0	1.0	0.0	0.0	0.0	0.0	0.0	0.0	0.0	0.0	0.0	0.0	0.0
216.36051358693555	0.3810916217377098	0.1452308241586777	46811.87183960252	377.4058131870244	-0.6760279481082989	0.4570137866235169	142435.14782735918	207.8382357075542	0.2715442405493036	43196.732222028855	0.073736274575498	236.01181640758648	210.2425382841193	1.500561	44.056858	0.7550423472569759	0.3638820927774573	-0.0751826466	-0.0388749053	-0.0105774092	-0.065421294	-0.1228834051	-0.0614276681	-0.0194398454	0.0809158668	-0.0164878227	0.0727111779	0.1133359105	0.1163396568	0.1528603069	0.046070016	-0.0122610138	-0.0104178385	-0.0503315081	0.0468636644	0.0335803684	-0.1591183621	0.0554338057	0.0509435553	0.0080479752	-0.0142214721	-0.1230192517	0.0240977254	0.0703348885	-0.0546539726	-0.0272626431	-0.086712551	0.0230229601	0.046008189	0.1485042549	0.066983793	-0.0585740909	-0.032385975	0.0072895619	-0.0177073814	-0.037365915	0.0164442042	0.0220787424	-0.0632103854	-0.0013160389	-0.0769823059	-0.0308633138	-0.0871311051	0.0143437278	0.0220942203	0.0350511862	0.0997151553	0.1020770463	-0.0066238527	0.0269526731	-0.0125447105	-0.1103343488	0.0354410025	0.1684226548	0.0680537495	0.0390653667	-0.0368232198	0.0715542473	0.0672339589	-0.0704026322	-0.0745926177	0.0245809479	-0.1303448703	-0.0100701582	0.0254339288	-0.0584169283	-0.0467640282	-0.1264874664	0.0597001583	-0.0820023971	0.0669558648	0.0486051582	-0.0528494046	-0.0586039509	-0.008409538	-0.0122184408	-0.1173601006	-0.1185471777	-0.0007894781	-0.0142942784	-0.0756164914	-0.0221946263	0.0049906221	-0.0311030945	-0.0671596675	-0.04230853	-0.0806519636	-0.1750625856	0.0455941083	0.0601085151	0.0482808157	-0.0223166785	-0.1712443087	-0.0786883167	0.0227564202	-0.0117369246	0.0830669907	-0.1007766066	0.0231143953	-0.186956483	-0.0605965048	-0.0708027555	-0.0732012274	0.0348984567	-0.0342711039	0.1399548992	0.0453649156	0.1413752302	0.0303168399	0.0219187568	-0.0942435455	-0.0446978621	-0.0600420225	0.0983728629	-0.0278991106	-0.0734322509	0.6034256902913455	0.1294654567037412	0.0167613044795082	0.3641225637035868	0.2998813502403123	-0.1142838764677804	0.0130608044205029	0.0899288242219528	-0.4974971834341062	-0.1757353316869441	0.2475034475248687	0.0308829068031202	0.0052622157313677	-0.000651232501197	2.7690914403453693e-05	4.2410377061530126e-07	-0.0103316066172451	-0.0028894225585942	8.348762722113055e-06	0.0001067420952935	0.0106277346191232	0.003170498588179	0.0001129487431345	1.0052061297645031e-05	0.0	0.0	0.0	1.0	0.0	0.0	0.0	0.0	0.0	0.0	0.0	0.0	0.0	0.0
215.6260256049361	-0.7344879819994503	0.5394725957016249	46494.58291818056	377.1395970208919	-0.2662161661324944	0.0708710471102838	142234.27564108075	207.71961279801369	-0.1186229095405053	43147.43754095673	0.0140713946678549	235.4586896218576	206.09526939136447	1.371153	40.257401	0.3952215713106212	0.196257958983238	-0.0714179871	0.0422392326	-0.1264004918	-0.0403150415	-0.0837944928	0.0979089903	0.0395395354	-0.0053453702	-0.1061097444	-0.0396778994	-0.1436426046	0.0751507757	0.0902437516	0.0689617218	-0.0282741747	-0.0894135384	-0.0719122137	-0.0514534325	0.0092396672	0.052849507	0.1327707065	0.0340773675	-0.1257164089	-0.0686250827	0.0357408584	0.0741021408	-0.0026118944	-0.0061636217	-0.0474561085	0.0947963531	-0.1169916436	-0.0298276633	0.0174656102	-0.1146821326	0.0383186158	0.0378429455	0.0598967545	0.0154677267	-0.0252995758	-0.0820331326	0.061862332	-0.0184881164	-0.0521429187	-0.0040675077	0.0325377681	-0.0653620555	0.0022379211	0.0572310033	-0.0704160583	-0.0596918585	0.0484412792	0.022238178	0.0133221112	-0.0486986609	-0.0304675619	0.0083379868	0.1221397134	0.0172181334	0.0642753832	-0.0880130409	-0.0449668299	-0.0960508167	0.0339384496	0.0657044615	0.0357652125	-0.0334751936	0.0520206536	0.1523135866	0.0664110906	0.035739859	-0.082705691	-0.0853248619	0.0865245874	0.0466778628	-0.0218279958	0.0980757117	0.0710098094	0.0103556968	0.0013020648	0.1238245954	-0.0468044633	-0.0388297957	-0.1064771397	-0.0274872455	-0.0185966668	-0.017673903	-0.0179725323	-0.0214258484	-0.0959459317	0.0016198832	-0.1346391938	0.0490475275	-0.0378643578	-0.0334465627	0.0897288017	-0.032830563	0.0103667488	-0.0694463981	0.0919932138	-0.0254613553	0.0043484137	-0.0267808889	-0.0315842597	-0.2102057466	0.0487520022	0.1060766906	0.1056712558	-0.0282088105	0.0532212045	-0.0089851746	0.013373167	-0.0556416081	0.0083874645	-0.0663867543	-0.0460974375	-0.0575005252	0.0991099747	-0.033873792	-0.0678800746	0.565868864209321	-0.0375568260820244	0.0014105151853554	0.320207571481547	0.4197927736089468	0.1199114233686344	0.0143787494542918	0.1762259727742924	-0.397942018967349	0.0995551644667572	0.1583578504598099	0.009911230772003	0.0044020287425282	-0.0008601869888394	1.937785705004441e-05	7.399216557687655e-07	-0.0099173411866941	0.0004142654305509	1.716158469496053e-07	9.835365621329917e-05	0.0091382238906496	-0.0014895107284736	8.350713587563911e-05	2.2186422102379555e-06	0.0	0.0	0.0	0.0	0.0	0.0	0.0	0.0	0.0	0.0	0.0	0.0	0.0	0.0
215.95448888585204	0.3284632809159404	0.107888126910064	46636.3412699496	377.3794098589275	0.2398128380355615	0.0575101972866704	142415.21898547237	207.5894946870093	-0.1301181110043785	43093.39830440786	0.0169307228113477	235.09835746696405	211.45825440974176	1.215966	35.701092	0.2587917433787445	0.1217915791719786	-0.0821760303	0.0814651222	0.029627431	0.1157194403	-0.052717289	0.0015673289	-0.0503225517	0.0528763618	0.0635950017	-0.0073895829	0.1060902822	0.0779651127	0.0581906779	0.0282784278	-0.0523381372	0.0216074088	0.0579408232	0.0066436625	0.0889255896	0.0221159142	0.0589242361	0.0697799502	0.029747748	0.1025828154	0.0487656867	0.0303807411	0.133000305	0.020639461	0.0251543427	0.0018879539	-0.0178705061	0.0568827958	0.0834769752	-0.0135805599	0.0053980816	0.0632570847	0.1044199885	-0.01422808	-0.0492032637	-0.0082730783	0.0435650787	0.0159477142	-0.0736077972	0.0029032567	-0.0729384253	-0.053642712	-0.0551035244	0.0201959366	-0.0088807621	-0.0932134769	-0.0547474824	0.0065025722	0.0583034654	-0.0321697462	0.0232187567	0.1279303996	0.0057315032	0.0362395266	0.0625623612	-0.031755492	-0.0112556129	0.0717240091	-0.0477821409	0.0450335967	-0.0521049073	0.0314434258	-0.0743513684	0.0177838962	-0.0613081825	-0.0850163497	-0.0448279087	0.0966662262	-0.0045459217	0.078820457	-0.0261464717	0.0663108406	-0.049431599	0.0351695651	0.0289586833	0.0475613841	-0.059345202	-0.0464257822	-0.1465071336	0.0156550249	-0.0842889069	-0.0243562364	-0.0236906046	-0.0164246408	0.0877339317	0.0475820613	-0.1109530926	0.0297841855	-0.074064026	-0.051762168	-0.078809158	-0.0586017701	-0.0350738493	0.0181340019	-0.0690779958	0.0028481668	0.0466782919	0.0401975021	-0.2016738205	-0.0469698804	0.0064295306	-0.0428738834	0.0401330052	-0.0872916665	0.0195693218	0.0255017764	0.0009744211	0.0699780844	0.11206609	-0.0043096898	-0.047485639	-0.0549022818	0.0996270376	-0.0397147891	-0.0619093949	0.5310339560371489	-0.0348349081721721	0.0012134708273636	0.2819970624644645	0.3609174426369606	-0.0588753309719862	0.0034663045970609	0.1302614003996037	-0.3603992632604829	0.0375427557068661	0.1298876289586988	0.0014094585060654	0.0047732773228237	0.0003712485802955	2.278417640058299e-05	1.378255083714245e-07	-0.0083228775982397	0.0015944635884544	2.5423141349068843e-06	6.927029151528024e-05	0.0085531610888451	-0.0005850628018045	7.315656461173389e-05	3.42298482055332e-07	0.0	0.0	0.0	0.0	0.0	0.0	0.0	0.0	0.0	0.0	0.0	0.0	0.0	0.0
215.07900415255887	-0.8754847332931774	0.766473518229426	46258.97802725643	375.8955735320701	-1.4838363268573858	2.2017702449016183	141297.48220100394	207.254837130456	-0.3346575565533101	42954.56751397184	0.1119956801582319	235.1183576956168	202.2689936702498	1.254691	36.838051	0.3139781990515115	0.1779165070734623	-0.0427842725	-0.01591761	-0.1418323051	-0.0990621711	-0.0703559521	0.0273876578	0.0295257101	0.0647835986	-0.1697895362	0.0094803213	-0.0365628951	0.0873286273	0.0931539427	0.0689039243	0.0396218212	0.0243608133	-0.0748373329	-0.0115105364	0.0190711688	-0.0537453934	0.0779171731	0.0600981705	-0.0565291733	-0.0583325853	0.0396522917	-0.0179412774	-0.0535235148	-0.0479412304	-0.0571303415	-0.0099395701	-0.1072154205	0.0502307168	-0.0617756132	-0.0549986562	0.01725594	0.0030817382	0.0390553492	0.0176407639	-0.0414330464	0.0649707527	0.0505632856	-0.1144273101	-0.0588806181	0.0139805466	-0.0778380228	0.0266771949	0.1051736524	0.0063496903	-0.0222985443	-0.0243651842	-0.0276887498	0.0210153581	-0.0524995562	-0.1106129852	0.0524831681	-0.006285625	0.1584456793	0.0096907726	0.0528040444	0.0045717613	0.023294007	-0.0267553211	-0.0601624596	0.012732886	-0.0213972608	-0.111759513	0.0777436319	0.1025932058	-0.0180469033	0.0583274414	-0.0372579255	-0.0235820241	0.0156912384	-0.0407247747	-0.0131397794	0.0414324017	0.1183906998	0.0372280433	-0.0491408335	0.1109658644	-0.1216308332	-0.0296632646	0.0145309867	0.0747758954	-0.0082737716	0.0801994199	-0.0365957692	0.0173969522	0.0453105424	0.0111095442	-0.1455949583	0.0286595973	0.0585205224	0.0314075648	0.0573862765	-0.0744061471	-0.0453934779	-0.0601048218	0.0301004974	0.0393861352	-0.0396550193	-0.0434143613	0.0373939742	-0.1442679707	0.0106635089	0.0453252228	0.0409830453	-0.025018591	0.1146578129	0.0451784628	0.1437608174	-0.0553483752	-0.048430136	0.0704332879	-0.0488621241	-0.0522498565	0.0999229036	-0.04539905	-0.0555570233	0.5522437942740623	0.0212098382369134	0.000449857238036	0.3049732083142129	0.3308648567951167	-0.0300525858418438	0.0009031579157813	0.109471553462053	-0.503986587769127	-0.1435873245086441	0.2540024806511679	0.0206173197595506	0.005201527837785	0.0004282505149613	2.70558918472523e-05	1.8339850356461865e-07	-0.0097116955488103	-0.0013888179505706	1.928815299827122e-06	9.43170304327818e-05	0.0091186616325954	0.0005655005437503	8.31499899697674e-05	3.19790864981885e-07	0.0	0.0	0.0	0.0	0.0	0.0	0.0	0.0	0.0	0.0	0.0	0.0	0.0	0.0
215.2657816050749	0.1867774525160541	0.0348858167683868	46339.356730043815	376.9333724975586	1.0377989654884914	1.0770266927689829	142078.76730238326	207.27002252129355	0.0151853908375585	42960.86223597754	0.0002305960948894	234.7551140446324	204.4593759012684	1.0274	30.164745	0.2536316646653332	0.1929380354188735	-0.0488620012	0.032425344	-0.0726030059	0.0861411463	-0.0476421569	0.0796495337	0.0120805775	0.0627490111	0.0293692985	-0.0779555428	-0.000203287	0.094219931	0.0607141606	0.0314325518	0.0336192536	0.0346040477	-0.0127522608	0.0610305421	-0.0270339809	0.1035328714	0.1329954972	0.0404675908	-0.0325345822	0.1167809536	0.024024331	-0.0445168382	0.1018601987	0.0641421142	0.0128571662	0.0322408079	-0.0928322709	0.0899311147	0.0605218643	-0.0074598207	-0.0032999272	0.1091598177	0.0551847345	0.0507667149	-0.056960544	-0.0561834944	0.0938933409	-0.00844847	0.1071721969	0.0666775905	-0.053749347	-0.0440582421	0.0123525493	0.0371884313	0.1125548521	0.0310288058	0.0148727527	-0.0226757723	-0.0246780637	0.0055295858	0.0232364491	0.0976289392	0.0547548407	0.0079101702	0.0435531969	0.0038759113	-0.0945796077	-0.0649071364	-0.0892458351	0.0086064704	-0.0552366334	0.0339306433	-0.0915825703	0.0518683807	-0.0343024667	-0.0829416034	-0.0662408481	0.1079948185	0.0233332779	-0.0515890611	0.0053532104	0.0853182963	0.0486929918	0.0050366004	-0.0046606676	0.088849269	-0.0357230902	-0.0809216901	-0.0858731143	0.0715959572	-0.0851434459	-0.0540435431	-0.0787423593	-0.0047096451	0.0591512252	0.0280972875	-0.1236381191	0.0039805101	-0.0228668084	-0.1377076755	0.0793744407	-0.0515696097	-0.0289226389	-0.0073624521	-0.0231722096	-0.0225711795	-0.0700226104	0.0717384523	-0.1451038937	-0.1308424624	0.0244436241	0.0698656022	0.0491993474	-0.0003130827	0.0300505594	-0.0679280739	-0.0136864183	0.0483549495	0.002392406	0.0604698027	-0.0502265533	-0.0495458668	0.0999969158	-0.0509041416	-0.0488621241	0.5448816639364793	-0.007362130337583	5.420096310756056e-05	0.2968960276941864	0.2996993685766966	-0.03116548821842	0.0009712876558924	0.0898197115252706	-0.3279476304267419	0.176038957342385	0.1075496483025149	0.030989714502194	0.0045922024729641	-0.0006093253648209	2.10883235526976e-05	3.712774002141229e-07	-0.0095680377559028	0.0001436577929075	2.0637561463054223e-08	9.15473464983815e-05	0.0090903430149849	-2.8318617610500332e-05	8.263433613008475e-05	8.019441033697396e-10	0.0	0.0	0.0	0.0	0.0	0.0	0.0	0.0	0.0	0.0	0.0	0.0	0.0	0.0
215.65599960095795	0.3902179958830345	0.1522700843109719	46507.51016388838	376.5774816078204	-0.3558908897381911	0.1266583253986413	141810.59965408832	207.15903470205444	-0.1109878192391136	42914.865658687	0.0123182960194541	234.8979860034672	206.8827243394489	0.940945	27.626406	0.3014068627825862	0.2147375822237977	-0.0651666399	0.0660192744	-0.0937913532	-0.0640527543	-0.0724044532	-0.0057946239	0.0433759766	0.0221115722	-0.1561510747	0.0481643312	0.0544812326	0.0681907423	0.09673921	0.0634175635	0.0366268992	0.04039067	-0.0277705689	-0.0194602164	0.0322346089	-0.0298134736	0.0681172914	0.0382577394	-0.0298409748	-0.0582629406	0.0471913938	0.0202563295	-0.0360390064	-0.0182094854	-0.0501296263	-0.0146541301	-0.1280092851	0.0320944571	0.0437234486	-0.0663815193	-0.0600476304	0.111758951	-0.0167290386	-0.1107196343	-0.0179938813	-0.062485797	0.0028753767	-0.0162051625	0.0373770313	0.081599541	-0.0376768272	0.0137960223	0.0504780651	-0.0018098496	0.0045087521	-0.0479714447	-0.0332217232	0.0832625093	0.024588852	-0.0056438938	-0.0657362989	0.0234375246	0.1175550725	0.0374589021	0.0685076286	0.0434476624	0.0174347903	0.0079208176	-0.0235099095	0.0337512782	-0.0352151908	-0.1150779082	0.0497430182	0.0161874377	-0.0565294175	0.0614632467	0.0023166422	0.018713689	-0.0194921237	0.0289797213	0.0200782536	0.0835744215	0.0804046265	-0.0425763765	-0.0792772743	0.1387855402	-0.1093078336	-0.0186468417	0.0017425269	-0.0695479714	0.0390704399	-0.0715019641	-0.037242801	0.0437155367	0.0143611017	0.0401139765	-0.1524421493	0.0394380812	0.0037155552	0.0229405027	-0.0188942875	-0.0652716251	-0.0206380294	-0.0830781725	0.0285071114	0.0583924443	-0.0024343496	-0.065085729	0.002509435	-0.0510630953	-0.0109412101	0.0147821176	0.0141114174	-0.0525307707	0.0789201535	0.003214301	0.07986491	0.0235787614	-0.0015240763	0.0592412388	-0.0515785898	-0.0467929814	0.0998489097	-0.0562083378	-0.0418659738	0.5411541033657983	-0.003727560570681	1.389470780809582e-05	0.2928477635896411	0.3620447187573319	0.0623453501806353	0.003886942689146	0.1310763783800755	-0.5191955225688218	-0.1912478921420799	0.269563990655512	0.0365757562487886	0.0051712823556914	0.0005790798827272	2.67421612022852e-05	3.353335105794633e-07	-0.009564140454976	3.8973009268000736e-06	1.5188954514036708e-11	9.147278264250852e-05	0.0087915990008552	-0.0002987440141296	7.729221299183816e-05	8.924798597832594e-08	0.0	0.0	0.0	0.0	0.0	0.0	0.0	0.0	0.0	0.0	0.0	0.0	0.0	0.0
215.44358628822283	-0.2124133127351228	0.0451194154271091	46415.93887273092	377.12762664726034	0.5501450394399399	0.302659564420373	142225.2467805954	207.65599546765995	0.4969607656055075	43121.01245366481	0.2469700025512121	235.6770066890392	203.3166805567	0.879996	25.83692	0.2231929239852107	0.1206474648073035	-0.0405653314	-0.0408324856	-0.1077295232	-0.038507645	-0.0560038294	0.1022266857	-0.030400817	0.1248836979	-0.0012781296	-0.0958993342	-0.0870073756	0.1238948805	0.1088315786	0.0359814997	0.064308497	-0.041627524	-0.1096355961	0.0944354135	-0.0610105078	-0.0482720833	0.0691509503	-0.0189719254	-0.0221813799	-0.0407093527	-0.0984317175	-0.0537881931	0.0495406684	0.0229180566	-0.0043712365	-0.0451739125	-0.1379676159	-0.0027279829	0.0929308164	-0.0629747841	0.123631267	0.0265957145	-0.0356585806	-0.0055822359	0.0453185613	-0.0885535892	-0.0648183371	-0.0268370798	0.0495285064	-0.0538830519	-0.0229150374	-0.0644267901	-0.023952045	0.0374758614	0.0787052937	-0.0066959086	0.0168246198	0.0857197537	0.0630208858	0.0248713258	0.0749817803	0.01605276	0.1766237664	0.0083245815	0.0120694521	-0.0529643337	-0.0503533393	-0.0591296546	-0.1234351313	-0.0882496206	0.0342329969	-0.0368976365	-0.0638481874	0.0645158157	0.0628291898	-0.0803261706	-0.0094538705	0.0050304302	-0.0106016222	-0.0031503187	0.0716555537	-0.0187858018	0.0022598022	-0.0074141482	-0.0904659354	0.0829395037	0.0341773249	-0.1136901724	0.0154205957	-0.0189112659	0.0489587231	-0.0214946676	-0.0008372083	0.0376307839	-0.0013616622	-0.1518963483	-0.1405139903	0.0025387793	0.0907336643	-0.0418086912	0.1124633753	-0.094602978	-0.0255538785	-0.0463024772	-0.029447668	-0.0030826771	-0.1359078014	0.0312564482	-0.0276095162	-0.1118063802	0.0530485907	0.0487766139	0.0242843472	0.0222436193	0.0751463302	-0.016480078	0.0705535292	-0.00341744	-0.0801879085	0.0593094408	-0.0529179001	-0.043993917	0.0994792142	-0.0612907054	-0.0346117057	0.5582296530819093	0.017075549716111	0.0002915743981073	0.3116203455799488	0.2659853696201537	-0.0960593491371782	0.0092273985566583	0.0707482168519697	-0.4567357811369703	0.0624597414318515	0.2086075737707984	0.0039012192997337	0.0054081721043915	0.0002368897487	2.9248325510718384e-05	5.6116753039196466e-08	-0.0095582384738737	5.901981102299225e-06	3.483338093189718e-11	9.135992272343944e-05	0.0095007729450542	0.0007091739441989	9.026468655347384e-05	5.029276831307649e-07	0.0	0.0	0.0	0.0	0.0	0.0	0.0	0.0	0.0	0.0	0.0	0.0	0.0	0.0
215.6967371985967	0.2531509103738756	0.064085383423122	46525.082438120495	377.59682141685056	0.4691947695902172	0.220143731810817	142579.35954410894	207.49550002491208	-0.160495442747873	43054.382530588286	0.0257587871428358	234.94566581676435	211.9223341583229	1.12731	33.098122	0.2917252875721414	0.1513316857192793	-0.0985436197	0.1651286681	-0.0591780345	0.0887613152	-0.0872939546	0.0258403476	0.0420571955	0.0446512653	-0.1634833196	-0.0497061233	0.0494811462	0.1327737342	0.070780943	0.0804721518	-0.0447616649	-0.0010048402	0.0149089416	-0.0077562043	0.041866355	-0.067116769	0.0660403787	0.1534123663	-0.0526609271	0.0449625661	0.0968197137	0.1105588073	0.0958229792	0.0165352777	-0.0755007465	-0.0830495008	-0.0209731955	-0.0344248408	-0.017914089	-0.0831156933	0.0305501978	0.0602649526	-0.0360147466	0.000978211	0.0256274114	-0.0733321674	-0.0449446854	-0.0276603354	-0.0812230155	0.009015449	-0.0583034399	-0.0017681339	0.0478202628	-0.0020251263	0.06155331	0.0095542781	0.060549539	0.0119164647	-0.0489759476	-0.0335105952	0.0304798111	0.1269297623	0.0876674835	0.0037603095	0.1040918814	-0.0441430685	-0.0132824351	0.0354763662	-0.0283673292	0.0445998419	-0.0913073817	-0.0703192097	-0.0055160378	0.0951183549	-0.0205764926	0.0989984872	-0.0752513686	0.006281397	-0.0123309646	0.1485426642	-0.0555062788	0.0941041206	0.0588295625	0.1016626752	-0.0398518217	0.0647835917	0.0260146215	0.059537344	-0.0654043896	0.0216688934	0.0534438808	-0.0274211496	0.0186444854	0.0289226749	0.0530845602	-0.0985025365	-0.1918165365	0.060856366	-0.0923962122	-0.0537631239	-0.0738758894	-0.1126108647	-0.0221593547	-0.0787013473	0.1126481331	0.0188739039	-0.0155992635	-0.0505334123	-0.0752330817	-0.0926479063	0.0258875695	0.0191343284	0.0858799328	-0.048869695	-0.0240535	-0.0382129879	0.0615524338	0.0397187984	0.020078047	-0.0349155483	-0.0542441537	-0.0411514359	0.0988886499	-0.0661311865	-0.027144045	0.5842548044779647	0.0260251513960554	0.0006773085051876	0.3413536765555848	0.3953109040217981	0.1293255344016444	0.0167250938482709	0.1562707108385312	-0.5028937614675968	-0.0461579803306265	0.2529021353230281	0.0021305591482025	0.0051312582754026	-0.0002769138289889	2.632981148888766e-05	7.66812686852939e-08	-0.0101652958849784	-0.0006070574111047	3.6851870037714085e-07	0.0001033332404291	0.0104211341338369	0.0009203611887827	0.0001086000366354	8.470647178175067e-07	0.0	0.0	0.0	0.0	0.0	0.0	0.0	0.0	0.0	0.0	0.0	0.0	0.0	0.0
215.46737756356265	-0.2293596350340578	0.0526058421829562	46426.19079411886	376.92978121410914	-0.6670402027414184	0.4449426320733126	142076.05996611618	207.5338778278509	0.0383778029388111	43070.310446265335	0.0014728557584102	235.5932076180184	200.58126840357096	1.306437	38.357323	0.6272295558180578	0.3168846765722904	-0.0179826433	-0.0610059425	-0.0500484116	0.0242007398	-0.0344930451	-0.0417420808	-0.0735115211	0.0742268592	0.0650583801	0.0026984352	0.100373521	0.0827898845	0.120210332	0.0027000949	0.0044525101	-0.0223820602	-0.0871136096	0.1270063318	-0.0826224254	-0.1455142485	-0.0371964127	-0.0293967061	0.0879213619	0.109946229	-0.0539419141	0.0182782147	-0.0470261955	0.0975455807	-0.0689266397	-0.0923182683	-0.0053785363	-0.0837377417	0.0667598993	-0.0304765735	0.0003830414	-0.002571354	-0.0058247651	0.086651006	-0.1198346996	0.050814013	0.0250730114	0.0766113398	0.0388143616	0.0962516166	0.0450269129	0.0457792591	-0.0445552828	0.0668539401	-0.1179750875	-0.0412912905	-0.081149832	-0.0105719103	-0.0188233443	0.0230407067	-0.0066212188	0.0401470168	0.0866897633	0.058324653	0.006174773	-0.0446457339	0.0278157418	0.0358594165	-0.1404252682	-0.1577000273	0.0322332299	-0.0597848549	-0.1671248497	-0.1725866355	0.0557619276	-0.0149478678	-0.0709612053	-0.0377579832	-8.45007e-05	0.0450440845	0.0440370589	0.0073398645	-0.1562489278	0.0588211356	-0.0817741058	0.0924051508	-0.0179562282	-0.0257268015	-0.0779282326	0.0144972301	0.0393482173	-0.0063960432	-0.0150451787	-0.0696974836	0.0298561982	0.1224509252	-0.0827428049	-0.0263336208	0.111650309	0.0228923875	0.0440037307	-0.0809422036	-0.0696843787	0.042249122	-0.1809098464	0.0236896848	-0.0713551009	-0.0031233813	-0.0509807113	0.0373030599	0.0005676421	0.0010588927	-0.1044797316	-0.019401776	0.0358979313	0.0499816626	0.0636308027	0.1091385948	-0.0302213611	-0.0215569145	-0.0555570233	-0.0382683432	0.098078528	-0.0707106781	-0.0195090322	0.4831096718752548	-0.1011451326027099	0.0102303378492197	0.2333949550594163	0.2289753118773489	-0.1663355921444491	0.0276675292140445	0.0524296934493292	-0.4258997269397682	0.0769940345278286	0.1813905774073691	0.0059280813528724	0.0057483167252319	0.0006170584498293	3.30431451735808e-05	3.807611305057397e-07	-0.0088821301695132	0.0012831657154652	1.6465142533453194e-06	7.88922363481766e-05	0.00666626236827	-0.0037548717655669	4.4439053962612745e-05	1.4099061975851492e-05	0.0	0.0	0.0	0.0	1.0	0.0	0.0	0.0	0.0	0.0	0.0	0.0	0.0	0.0
215.6231241326693	0.1557465691066397	0.0242569937884893	46493.33166073251	376.9940628585644	0.0642816444552636	0.0041321298138729	142124.52343060722	207.89383258233428	0.3599547544833967	43219.84562577164	0.1295674252752024	235.7623105617137	198.28828078104505	1.138834	33.436462	0.6648169349771926	0.3135225944503254	-0.0037279897	-0.0462205567	-0.0348725041	-0.0105025234	-0.017451042	0.0536548275	0.044253763	-0.0319858475	0.0017497167	0.0298161137	-0.0521613712	-0.005070766	0.0062161308	-0.0748417142	0.0258034764	-0.0841113614	-0.0147136913	0.0514727685	-0.1226304394	0.0577342061	-0.0164155234	0.007187215	0.0275650579	-0.0552141526	-0.0529860865	-0.0300089993	0.0752461853	-0.0208594071	-0.0332211318	0.0555700901	0.0200081791	-0.1118530089	-0.1092006479	0.0284450433	-0.0385956658	-0.0553688328	-0.0869156945	-0.0680218696	-0.0890940911	0.021763169	0.0262628052	-0.0971108496	-0.0034200691	0.0014594795	-0.0820977936	0.0553633485	-0.0063337975	-0.1153139462	0.0063972769	-0.175223084	0.1617783736	0.1100655501	-0.0151615756	-0.0560516474	0.1052257718	-0.002807018	-0.016779437	0.0212980741	-0.0845074438	-0.0273326323	-0.0940937456	-0.0621626347	0.0134603082	-0.08570612	0.0315035748	-0.0056328639	0.0409755195	-0.0633111541	0.0510578522	-0.0326434598	-0.0611680696	-0.0958466153	-0.0760556078	0.0255647013	-0.0563761976	-0.0050378431	0.0042994059	-0.067925815	-0.00057676	0.1016636437	-0.0418741565	0.1460888366	0.0210632104	0.0217133357	-0.0412437908	0.0124161038	-0.0575988451	0.0221978555	0.0047940063	0.0361395468	0.0447256039	-0.0260876749	0.0742421923	-0.0863198695	0.0400900004	0.0094523002	0.0405971371	0.0541356692	0.0326285388	-0.120546707	-0.0666842671	-0.0783288315	0.137276892	-0.0224803895	-0.0943708915	0.005744737	-0.0350393959	-0.0203717126	0.0075499234	-0.0359798826	-0.0490196518	0.0458044536	-0.051777198	0.0472082905	-0.0568561851	-0.0353474844	0.0970506473	-0.075011107	-0.0117537397	0.3425690985399257	-0.1405405733353291	0.019751652753423	0.1173535872744573	0.3143017926128522	0.0853264807355032	0.0072806083147062	0.0987856168396523	-0.293795023998598	0.1321047029411701	0.0863155161263367	0.0174516525391748	0.0068432186465659	0.0010949019213339	4.682964144470722e-05	1.198810217340883e-06	-0.0059319818159484	0.0029501483535648	8.703375308041102e-06	3.518840826474248e-05	0.004574409083865	-0.002091853284405	2.0925218466546625e-05	4.3758501634759856e-06	0.0	0.0	0.0	0.0	0.0	1.0	0.0	0.0	0.0	0.0	0.0	0.0	0.0	0.0
215.51862626974983	-0.1044978629194588	0.010919803354734	46448.2782692001	376.6845058329218	-0.3095570256426185	0.0958255521247048	141891.2169345925	207.6251986633969	-0.2686339189373825	43108.22312001503	0.0721641824036562	235.7158676363207	204.7179465872622	1.154702	33.902367	0.6519413630874078	0.2875084271086316	-0.042989988	-0.0081201455	-0.0491328558	-0.0318344098	-0.0393561352	0.000173773	-0.0022427175	0.079734161	-0.0234135677	-0.0373167309	0.0508734795	0.0682504102	-0.0340157318	0.051011489	-0.048256674	-0.0557353133	-0.016157016	-0.1147818676	0.1135074407	-0.0469395257	0.056082654	0.0190320793	0.1133649444	0.0101090447	0.0698748647	-0.0614088062	0.0892999613	-0.0557615182	0.0893197859	-0.0950797666	0.1769180488	-0.0858171138	0.0990404784	0.0300000412	-0.0589738626	-0.04635167	-0.0617560986	-0.0687987509	-0.0339435955	0.0026227095	-0.0362151629	-0.08019126	0.164736336	-0.0379296597	0.0430132274	0.0122258461	-0.1054024949	0.0241985711	0.0563776715	-0.0690864775	-0.0254110545	-0.0786937674	-0.1324076033	0.0043503367	-0.0014071973	0.00797439	0.0608442274	-0.0652466981	0.0331672605	-0.0594289399	0.0728625956	0.0744525072	0.0639331327	0.1097498118	0.0203150994	-0.0784299257	-0.0131206597	-0.0083715189	-0.0292466171	-0.0684699149	0.0127132847	0.0048945311	-0.0341991889	0.0378735443	-0.1150924079	-0.060597023	-0.1022025756	0.1205904903	-0.071473065	-0.1501397639	0.0462421211	0.0039250281	0.058125114	0.0241601329	-0.1284998683	-0.0055612852	-0.1141453388	0.0513936341	-0.0193291852	-0.0854753224	-0.0550229341	0.0206120822	-0.0542226136	0.115372107	-0.0227559583	0.0271885252	-0.0188859419	-0.06528273	0.0366160907	-0.0811243638	0.0861622585	-0.0419299135	-0.0942178393	0.0313872032	-0.0101606251	0.0297149494	-0.091688296	0.0199447128	0.0354068928	0.0392797105	0.0102259382	-0.0340456615	-0.0717999509	0.0236689476	-0.0581413184	-0.0323917418	0.0958072899	-0.0790155012	-0.0039259816	0.4169425486036431	0.0743734500637174	0.0055314100743802	0.1738410888361013	0.4848859638482707	0.1705841712354185	0.0290989594760745	0.2351143979370664	-0.446895681839635	-0.153100657841037	0.1997157504469122	0.0234398114313582	0.0057743603173608	-0.001068858329205	3.334323707471112e-05	1.142458127911117e-06	-0.0078214075935467	-0.0018894257775983	3.569929769052941e-06	6.117441674438998e-05	0.0066937866560063	0.0021193775721413	4.4806779796128e-05	4.491761293295551e-06	0.0	0.0	0.0	0.0	0.0	0.0	1.0	0.0	0.0	0.0	0.0	0.0	0.0	0.0
214.72694996388583	-0.7916763058640015	0.626751373266472	46107.66304079313	376.9178105563127	0.2333047233909155	0.0544310939565116	142067.03591456442	207.5369994184736	-0.0881992449232882	43071.60612762352	0.0077791068050381	235.7755787575448	198.167563988882	0.977115	28.688341	0.5497919084727197	0.239800614090242	0.0079246235	-0.0180298856	-0.0302387399	-0.0084816195	0.0050107818	0.0542235438	-0.0380397491	-0.0209033157	-0.0282482877	0.0423557048	-0.1009899474	-0.0078464456	0.0140285089	-0.0426717889	0.0341443994	-0.0395157802	-0.0434906189	0.0676952341	0.0257602874	0.0152951605	-0.0828978607	0.0468092293	-0.0815667299	-0.0810199253	0.0194124884	-0.0163848871	-0.0631173433	0.046768275	0.0582940943	0.0653104351	0.0433614515	-0.0992408623	8.98748e-05	0.0957340758	-0.0483694901	-0.0377226261	0.0170418453	0.0448963327	0.0369637578	0.1436994995	0.024305011	0.1186306532	-0.1374843225	0.0230133863	0.0231855946	0.0264113536	-0.031349951	-0.0942246965	0.0323585571	0.0487577117	0.0024996469	0.0137778701	-0.0785767597	-0.1218683941	-0.0750622977	-0.033025359	0.0115673366	0.0177239797	-0.0471762487	-0.0513469762	-0.0326163646	-0.0057260166	-0.0755938987	-0.0033035992	0.0622607965	0.0115035716	0.0586093459	0.0081511202	0.0915323068	0.0688996605	0.0979629053	0.0448665701	0.0439374344	-0.0046661887	-0.010201978	-0.0534788516	-0.0618392886	-0.0797706668	0.0077277246	-0.0169336204	-0.0086957883	0.0775701281	0.0069481835	-0.0171139442	-0.0415700152	0.0532133579	0.0011865722	-0.0945174922	0.0373498545	0.0310287719	0.025449107	-0.0130381567	0.0527921511	0.0061802107	0.0074004053	0.008034609	0.0123378418	-0.0461814699	-0.0686643574	-0.0595260865	0.0007638095	-0.0245570563	0.1292401886	-0.0026211883	-0.0065970278	-0.0359895966	-0.0525385736	0.0545268451	-0.0438088335	0.0434237743	0.0308879931	-0.0172111869	0.0093245663	0.0104718704	-0.0594121063	-0.0294040325	0.0943512164	-0.0827080574	0.0039259816	0.3405910773462324	-0.0763514712574107	0.0058295471631712	0.1160022819678672	0.332537097708979	-0.1523488661392917	0.0232101770139278	0.110580921352711	-0.3796562114034927	0.0672394704361423	0.1441388388572535	0.0045211463845328	0.0072489719689193	0.0014746116515584	5.254759460617775e-05	2.174479522912086e-06	-0.0058678663873692	0.0019535412061775	3.816323244233442e-06	3.443185594001727e-05	0.0050448975009448	-0.0016488891550614	2.5450990795039087e-05	2.718835445679427e-06	0.0	0.0	0.0	0.0	0.0	0.0	0.0	1.0	0.0	0.0	0.0	0.0	0.0	0.0
215.17418134638856	0.4472313825027356	0.2000159094953082	46299.92831808851	376.01535518120966	-0.9024553751030452	0.8144257040523782	141387.54733205124	207.4934754433964	-0.0435239750772211	43053.54235157935	0.0018943364065225	235.28839298053543	196.609087172144	0.821469	24.118536	0.240412017371545	0.1356546176163025	0.0145543554	-0.0041867119	0.0220887495	0.0279597198	0.0317581609	0.0043321589	-0.0111589742	-0.0239176581	-0.0252581501	-0.1232168977	-0.0068465994	-0.0196200572	-0.0793983163	-0.0112164625	0.0179776358	-0.0421513659	0.0339558043	0.0008925921	0.045138753	-0.0014949982	0.0199751126	-0.0228742474	-0.0737879113	-0.0493513525	-0.0881029887	-0.1360135641	-0.049359701	0.0146254905	-0.0763130939	-0.0219837883	-0.0707695767	-0.0112467551	-0.1121366119	0.0753405155	0.0353383512	0.0063684869	-0.1505994254	-0.0029626637	0.128825362	-0.003835871	0.0141219063	0.0722118684	0.0037493374	-0.0598596432	0.1490428082	-0.0195897055	0.0905554373	0.0283517946	0.0546392461	0.1436674998	-0.067273915	0.0478419518	-0.0575273096	0.0317985775	0.075101786	-0.0096393559	-0.0379940517	-0.0511186716	-0.0111208716	-0.0034097115	-0.0349835932	0.0403033012	0.0209778733	0.0614082446	0.0543653914	-0.0288557851	-0.025223807	0.007220266	0.1586310311	-0.0428878015	0.0673791592	0.0090679162	-0.0449684262	-0.0854178026	0.1541736178	0.0380722363	0.0218470339	0.0096761801	0.0377703776	0.0251398034	0.1319684085	0.0303500426	0.1377858539	0.024242008	0.0602108176	-0.0556788581	0.0563356101	-0.0091420066	-0.0889526745	-0.0110068571	0.0515564807	0.0151405926	-0.0071862532	0.0416168727	-0.0294937676	0.0198053617	0.0211146531	-0.0358385493	0.0489766823	-0.0792188729	0.0301055108	0.0051169124	0.0459626568	0.0294583085	0.0837821261	0.0503458642	-0.0738394241	0.0860539546	0.0051253188	-0.0679093717	-0.0114237335	0.0716336399	-0.1080739647	-0.0268491683	-0.0606682351	-0.026387305	0.0926856596	-0.0860742027	0.0117537397	0.3109487686995891	-0.0296423086466433	0.0008786664619028	0.0966891367557905	0.4345987813021565	0.1020616835931775	0.0104165872578738	0.1888761007093196	-0.3692962060265685	0.0103600053769242	0.1363796877856177	0.0001073297114098	0.0083763549105535	0.0011273829416342	7.016332158755373e-05	1.270992297087782e-06	-0.0052650038651411	0.0006028625222281	3.6344322070722657e-07	2.7720265699950725e-05	0.0048081825697111	-0.0002367149312337	2.3118619623673637e-05	5.603395866897544e-08	0.0	0.0	0.0	0.0	0.0	0.0	0.0	0.0	0.0	0.0	0.0	0.0	0.0	0.0
215.33468857653807	0.1605072301495056	0.0257625709302663	46369.02810435464	377.6660561744569	1.6507009932472556	2.724813769107476	142631.64998636805	207.7286370646949	0.2351616212985163	43151.18665675574	0.0553009881317468	235.72612089819617	201.0291305838107	0.8814889999999999	25.880741	0.1036150157337384	0.0599166838362653	-0.0011913666	-0.0446712946	0.0392204152	0.0365595543	-0.01489229	0.0709839461	-0.0062618194	-0.0144083595	0.1112621686	0.0725849538	0.0521669764	-0.0126557055	-0.0372171515	-0.0416651504	-0.0253727844	-0.064618926	0.0395187936	0.0311286288	-0.0025718665	-0.0073786814	0.0916649219	-0.0323153231	0.0357149744	-0.0122796387	0.0043155751	-0.1085698423	-0.0044589085	0.0049250033	0.0549092677	-0.0194223981	-0.0037316139	0.1517964945	-0.092007158	0.1152607454	0.0243965494	0.0584374052	0.1155174171	0.0281775236	0.000347584	-0.0404361619	0.0475208634	-0.0088845741	-0.0479894545	0.0793200518	0.0499868764	0.0672758472	-0.0132851785	-0.0113350722	-0.1002883763	0.057129772	-0.0694799203	0.0530784678	-0.0725274919	-0.1150021937	-0.1321321428	0.0206376747	-0.0467191835	0.0026152483	-0.0399184403	-0.0382187941	-0.04664135	0.0091534256	0.0406517429	-0.0047051881	0.0500802774	-0.0960403715	-0.0355539569	-0.0165448368	-0.0361521303	-0.0805567773	0.0477476753	0.1139884007	-0.0278198138	-0.0890439018	0.0049829488	-0.014613755	0.0721921159	-0.0154609118	0.099700236	0.0071229334	-0.0731724143	0.0089707166	0.0192455814	0.0282399827	0.0764330971	-0.033890548	-0.0023967852	-0.0389103083	0.1021690941	0.0655911563	0.0650443146	-0.0066857523	0.0071662457	0.0129065639	0.0101308006	0.0042327328	0.0108138014	-0.0613024768	-0.0859218023	-0.101762364	0.0311528286	0.0095969084	-0.0483120808	0.0104338372	-0.0174766069	-0.1247898275	-0.0758534466	0.0771150188	0.0114402691	0.0132394878	-0.0705702038	0.0143630077	0.0201938746	-0.0403700904	-0.0619093949	-0.0233445364	0.0908143174	-0.0891006524	0.0195090322	0.3108547751566846	-9.399354290451356e-05	8.834786107742631e-09	0.0966306912377129	0.3952996148329362	-0.0392991664692203	0.0015444244851754	0.1562617854870677	-0.3386493543504798	0.0306468516760886	0.1146833852019968	0.0009392295176561	0.0080470181782035	-0.0003293367323499	6.475450156033757e-05	1.084626832749753e-07	-0.0049609373876753	0.0003040664774657	9.245642271845983e-08	2.461089976443463e-05	0.0047700856986164	-3.809687109469946e-05	2.275371757214471e-05	1.4513715872061472e-09	0.0	0.0	0.0	0.0	0.0	0.0	0.0	0.0	0.0	0.0	0.0	0.0	0.0	0.0
214.9037736349372	-0.4309149416008608	0.1856876868948733	46183.63192253633	378.3622137633726	0.6961575889156961	0.4846353886049153	143157.96480392007	207.964767340172	0.2361302754770804	43249.34445485187	0.0557575069968818	236.494368559844	205.34947391175007	0.969695	28.470499	0.2423793437296371	0.129520720416826	0.0036688229	0.0399065746	0.1049424136	0.0012475358	0.0038859181	0.0113278562	-0.1741084144	0.0210428585	-0.0165563536	-0.0052679124	-0.0450960313	-0.0054665747	-0.0577834101	-0.0167312367	-0.0563961439	-0.1231244685	0.0236594278	-0.0487585503	0.0232642342	-0.0659518187	0.0559311376	0.0223101343	0.0615518331	0.0224185482	-0.0491123279	-0.1018329334	0.0128847423	-0.1111344457	0.023248765	-0.0526573659	-0.0461356218	0.0089049108	-0.0926159545	0.0381810235	-0.0392476269	0.0451351533	-0.0147334452	-0.12757657	-0.0025317687	-0.1232334901	0.0461162632	0.0843430605	-0.0379975921	-0.0683980624	-0.049174625	0.1947773715	0.0688340673	0.0371284236	-0.0099984244	0.1022015821	0.0120295408	-0.0100080308	-0.0491346937	-0.0259150985	-0.1339927239	-0.0170884794	-0.0323768702	-0.0361473884	-0.0268818041	-0.1362611021	0.0121409356	0.097063284	0.0578480878	0.023340665	-0.0058717462	-0.0392766322	-0.0086283958	0.0439623335	0.013898442	-0.1120837605	0.0018313855	-0.0418185025	-0.0635687189	-0.138930212	-0.0770163561	-0.070003414	0.1110760322	0.0203442132	-0.1113373235	-0.0287981869	0.0130072773	0.0503804686	0.0646006892	-0.1649689948	0.1299947959	-0.034876903	-0.1015084284	0.0459255084	-0.038501592	0.010346593	0.049866432	0.0271757612	-0.0769024181	0.0595959254	-0.0889029749	0.0049072528	0.0006984599	-0.0479106401	0.0643805222	-0.1132414557	0.010124871	-0.0035074652	0.0191474647	-0.0052301259	0.0251588342	-0.1749203381	-0.0068803518	0.1391949899	-0.0932375495	0.0359104286	0.0313042994	0.067590891	-0.0484658664	0.1136190242	-0.0631352795	-0.0202787295	0.0887413447	-0.0917754626	0.027144045	0.2997829296558905	-0.011071845500794	0.0001225857627934	0.0898698049130685	0.4989208912830492	0.1036212764501129	0.0107373689331507	0.2489220557586721	-0.3895489390380149	-0.050899584687535	0.151748375905643	0.0025907677213635	0.0083104386912509	0.0002634205130474	6.906339124103997e-05	6.939036669415544e-08	-0.0055292515516278	-0.0005683141639524	3.2298098894902845e-07	3.057262272117843e-05	0.0040660876337924	-0.000703998064824	1.653306864567948e-05	4.956132752759373e-07	0.0	0.0	0.0	0.0	0.0	0.0	0.0	0.0	0.0	0.0	0.0	0.0	0.0	0.0
213.2769473363232	-1.62682629861402	2.646563805862193	45487.05626510078	374.7096579747598	-3.652555788612801	13.341163788928885	140407.32777956148	207.64147717588068	-0.3232901642913077	43114.98304378178	0.1045165303275007	236.1708197464814	197.982006158566	0.991072	29.098127	0.1014290340095221	0.0749819151456727	0.0739195173	0.0159593647	0.105341163	0.0161437361	0.1064469463	-0.0194117622	-0.0669027487	0.1093756357	-0.1071964256	-0.0391461078	0.1003712961	0.0154685446	-0.1046308359	-0.0090786429	-0.0154235221	-0.1327936574	-0.0499451934	-0.0466092184	0.02687533	-0.0721270893	-0.0217043536	0.0753897427	0.1134636328	0.0155974872	-0.0566838553	-0.1204933676	-0.0538737212	-0.0120168211	-0.0131651972	0.0534915358	-0.0117104373	-0.0536289717	-0.0110222347	0.0422310015	-0.0204740807	-0.115119019	0.1063824429	-0.1285690556	-0.0795549208	-0.0145430724	0.1181423134	-0.0008570789	-0.0698262688	-0.0304587994	-0.0496711221	0.0902418987	-0.0810881531	0.0518002646	-0.121295784	0.1434560461	-0.0269084917	-0.0498213904	-0.052212037	-0.0231486787	-0.0164671036	-0.0277857377	-0.024232275	-0.1066997771	-0.0342741119	-0.1417875598	0.0343661991	0.0984741988	-0.0104958622	0.0428465614	-0.0506811972	-0.0562962573	-0.0050294537	-0.0989317228	0.0645752794	-0.0612040767	0.031674334	-0.0623367107	-0.0931611475	-0.0898663991	-0.0194445582	0.0069312396	0.0021411764	-0.0616536776	0.0065955903	0.0001638419	-0.017907372	0.0668052331	-0.083276449	-0.1208567811	0.0707410357	0.1191307566	0.0050082057	-0.0652590962	-0.0667538574	-0.0275883348	0.0505211511	0.0059680626	-0.0172321879	0.1162037077	-0.0760851219	-0.0215164781	-0.0976339815	-0.0319235641	-0.0388315281	-0.0234032551	0.050492781	-0.0544872786	0.0865070459	-0.0004199802	0.0277940314	-0.1496111197	-0.0579357899	0.0061818198	-0.1065260772	-0.0032323008	0.0904232339	0.1924801217	-0.06094271	0.1033081642	-0.0643455865	-0.01719291	0.0864713441	-0.0940880769	0.0346117057	0.3116774900695844	0.0118945604136939	0.000141480567435	0.0971428578160758	0.4259661156167311	-0.072954775666318	0.0053223992925227	0.1814471316536063	-0.3990492663460401	-0.0095003273080251	0.1592403169713128	9.025621895960918e-05	0.0082324127145024	-7.802597674850045e-05	6.777261910190077e-05	6.088053047557533e-09	-0.0054888057624651	4.044578916269966e-05	1.6358618609935535e-09	3.012698869807009e-05	0.0040892032803109	2.311564651849996e-05	1.6721583467705423e-05	5.343331139682394e-10	0.0	0.0	0.0	0.0	0.0	0.0	0.0	0.0	0.0	0.0	0.0	0.0	0.0	0.0
211.89363551677536	-1.3833118195478278	1.913551590100722	44898.91277251604	372.53470611572266	-2.174951859037151	4.730415589129159	138782.10726072785	207.01460098218087	-0.6268761936998146	42855.04501981156	0.3929737622275675	235.2908251335671	180.3475878823185	1.185747	34.813854	0.1795652222378337	0.0853523685731467	0.1606423197	-0.0169739574	-0.0732691044	-0.0299203239	0.1661578275	0.030791143	0.025626406	0.1429861272	-0.0135127691	-0.0592660464	0.0800580789	0.0463124493	-0.1118032117	0.0270111689	0.0869584914	-0.0684462892	-0.0717328342	-0.0211494545	-0.0481846851	-0.0117206698	-0.0554963017	0.0519160967	0.073707465	-0.0685679411	-0.1300020549	-0.063848716	0.0501213086	0.034087894	-0.0097672614	-0.0413617367	0.0237933025	-0.0099350761	-0.0364382112	0.0430948317	0.0659215807	-0.119129301	0.034829807	0.0225516299	0.0106605945	0.0714526994	-0.0919949247	0.0048697011	0.0473393626	0.0269045576	-0.0077150474	0.0396393283	-0.0178765503	-0.0365591228	0.0118007601	-0.0491746017	-0.0465870377	0.1491501164	-0.0021945662	-0.0459950089	0.0903481421	-0.0489607247	0.0333697441	-0.1567848065	-0.0276927697	-0.0500125637	-0.0311514081	-0.0029892012	-0.0362373747	-0.0188320207	-0.058464679	-0.0222838958	0.0401828163	-0.0860113466	0.02093536	-0.0894172897	0.0202358932	-0.016155987	-0.100347316	0.0392556402	0.083444383	-0.0625498318	-0.0393857178	-0.0757305191	0.0411524857	-0.020128734	0.0904045945	0.0164950026	-0.024182125	0.0295839464	0.025814918	0.1764331212	0.0682542499	0.0691768091	0.0859396313	-0.0529833131	0.0419066707	-0.0211714118	0.0265453223	0.0277982198	0.0628183003	0.0257038366	-0.1168401399	-0.0099103174	0.0943319923	-0.0102330254	-0.055710965	0.0373610304	0.0905974817	0.0507457912	-0.0126324443	-0.0953489835	-0.0909997672	0.0741707205	0.0489775347	-0.0160945286	-0.0303516215	0.0438037458	-0.139898662	0.0472258695	-0.0655400171	-0.0140901232	0.0840093554	-0.0960293686	0.0418659738	0.3439725691874713	0.0322950791178869	0.0010429721352305	0.1183171283534297	0.3784261856834376	-0.0475399299332934	0.0022600449380624	0.1432063780109156	-0.3784415719360368	0.0206076944100033	0.1432180233694185	0.000424677068896	0.0084886532215767	0.0002562405070743	7.205723351618449e-05	6.565919746569467e-08	-0.0063819951636152	-0.0008931894011501	7.977873063268744e-07	4.07298622684078e-05	0.0045222237476195	0.0004330204673085	2.045050762353376e-05	1.8750672510815827e-07	0.0	0.0	0.0	0.0	0.0	0.0	0.0	0.0	0.0	0.0	0.0	0.0	0.0	0.0
212.6790464520684	0.7854109352930436	0.6168703372778935	45232.37679976107	375.03037655488095	2.495670439158289	6.228370940888526	140647.7833388958	206.67001631537	-0.3445846668108743	42712.4956437953	0.1187385926011612	234.35207755954656	183.7161596818194	1.061206	31.157282	0.2939472096558218	0.1504564050649791	0.1153458262	0.10549777	-0.0900610461	0.0776050365	0.078726133	-0.0269917046	0.1190557853	-0.0108327198	-0.0529681245	-0.055515503	-0.0503727833	0.0392844078	-0.1698926501	0.0478312263	0.0239602189	0.0358174083	0.0095713483	-0.0054414481	0.0095617831	0.0504987669	0.1252028312	-0.0104834614	-0.0667312387	0.0802989241	-0.0533728074	-0.0178522717	-0.0205092922	0.0102145615	0.0344497955	0.128398074	0.0980689374	-0.0892645609	0.0021124363	-0.0063646196	-0.1320222131	-0.0781008105	-0.0459474824	0.0508090617	0.0096841688	-0.0357073071	-0.0050595108	0.014188782	0.0092748973	-0.0195079958	0.0199652481	-0.0190026857	0.0181062064	-0.0842449124	-0.0609520683	-0.0588712657	-0.0435547845	-0.0176653301	-0.0044535355	0.1591095971	-0.044198499	0.0521686084	-0.0615017867	-0.1667380789	0.0321774845	0.0407888147	-0.0390954621	-0.0376521091	0.0090127653	0.0778670529	-0.0108585839	-0.0284447017	-0.0379211713	0.0347102622	0.0227427476	0.0219162418	-0.1070252791	0.0077130591	0.0467456109	-0.0882421314	-0.0511471774	-0.0658822206	-0.0076104088	-0.1055563725	0.0219426766	-0.0796557546	-0.0312603729	0.1199324403	0.0043324671	-0.0112882465	-0.009415748	-0.0180422702	-0.0184932538	0.0878988803	-0.0690757628	0.0411789148	0.0299130016	-0.0138459796	-0.1445263438	-0.0597667565	0.0418079142	0.0804651641	-0.107874359	-0.0309108551	0.0477307879	0.0016118862	0.0494476931	-0.0628011208	0.0375614538	-0.009868137	-0.0744474974	-0.001023937	-0.0416993017	0.0377478972	-0.0944754447	-0.0388278617	-0.0205147586	0.0878734305	0.0175601697	0.0971734104	-0.0667182767	-0.0109734311	0.081360845	-0.0975916762	0.0488621241	0.3706026720781636	0.0266301028906922	0.0007091623799688	0.1373463405514748	0.4558825779129307	0.077456392229493	0.005999492697209	0.2078289248445393	-0.2766716041049903	0.1017699678310464	0.0765471765180284	0.0103571263523322	0.0077428933303006	-0.0007457598912761	5.995239712441352e-05	5.561578154361407e-07	-0.0070463420012167	-0.0006643468376015	4.413567206311138e-07	4.965093559811057e-05	0.0048739319528337	0.0003517082052141	2.375521268085332e-05	1.2369866161499374e-07	0.0	0.0	0.0	0.0	0.0	0.0	0.0	0.0	0.0	0.0	0.0	0.0	0.0	0.0
213.5999724810187	0.920926028950305	0.8481047507981779	45624.94824389195	374.852472877933	-0.1779036769479489	0.0316497182716001	140514.3764227015	206.6717160628146	0.0016997474446043	42713.198220348655	2.88914137543894e-06	234.7126950282115	187.3360932489784	0.946008	27.775049	0.3315116912922793	0.2079294706889718	0.0786807917	0.023933669	-0.0851499643	-0.1064799102	0.0397071703	-0.0916395023	-0.002403349	0.0473178708	0.0118551513	-0.0458337773	0.011260588	0.0432090417	-0.054609806	0.0438145134	0.108373092	0.069574184	-0.0024458047	0.0093628968	-0.0250230717	-0.0455927791	-0.0317153161	-0.0126724112	0.0331010734	-0.0816489973	-0.0992689356	-0.0752795822	-0.042888929	0.0694492303	0.0049808069	-0.0157528254	-0.0093513029	0.007899159	0.0004268317	0.0399163601	0.0560078248	-0.006673769	-0.0116202279	-0.0586216053	0.044766886	-0.0362363063	0.02730525	-0.0370924021	0.0914611699	0.0112798207	0.009559463	-0.0350485388	0.0238362376	-0.1209989854	0.1019335654	0.1274982492	-0.0131305158	0.0374950421	0.0130951095	-0.0105107994	-0.0634876921	-0.038031459	0.0705927992	-0.0939347044	0.0082778717	0.112407601	0.0210152208	0.0275735106	-0.0260462178	-0.0475439821	-0.01427534	-0.0262598066	0.0434478582	-0.0514672525	-0.0010685851	-0.0477652495	0.0461420727	0.0600926037	-0.0210052603	-0.0295797768	0.0602465963	-0.0597785186	0.0633912546	-0.1320363025	-0.0738583778	0.0161943517	0.0951321518	-0.0551622873	0.0906260049	0.028767746	0.0257436354	0.0371449532	0.0014600391	-0.0001050645	-0.0579807273	0.0503534318	-0.0038443699	-0.0228214413	-0.002769855	0.0376044673	0.0025321052	0.0420646008	-0.1046754595	-0.0163221549	0.059933103	0.0534868996	-0.0154378916	0.0306461801	0.1111136182	0.122277203	0.0292764578	0.0022082745	-0.1144253611	0.1207799706	0.0429589226	-0.0105373694	0.0238789122	0.0449863976	-0.0296890979	0.0478613556	-0.0678800746	-0.0078459096	0.0785316931	-0.0987688341	0.0555570233	0.3758407098107028	0.0052380377325391	2.743703928750408e-05	0.1412562391510129	0.3764051957634535	-0.0794773821494772	0.006316654273334	0.1416808713977237	-0.4497860275640732	-0.1731144234590829	0.2023074705918692	0.0299686036095706	0.0086084820190877	0.0008655886887871	7.410596267295625e-05	7.492437781561724e-07	-0.0067862521874082	0.0002600898138085	6.764671124694042e-08	4.6053218751102574e-05	0.0052218904092617	0.000347958456428	2.7268139446339323e-05	1.2107508739975653e-07	0.0	0.0	0.0	0.0	0.0	0.0	0.0	0.0	0.0	0.0	0.0	0.0	0.0	0.0
213.9993169195697	0.3993444385509974	0.1594759806016113	45795.70764204244	376.95099084479546	2.09851796686246	4.403777657244551	142092.04949887306	206.6808703121723	0.0091542493576923	42716.98215299698	8.380028130281133e-05	234.1921112635233	191.87802604619728	0.943331	27.696455	0.3552295324060625	0.2145663498074592	0.0441356852	0.0330536425	-0.0631788416	0.0595506385	0.0059045023	-0.0093020051	0.1075790028	-0.0448174307	0.0074038786	-0.0358442296	-0.0619506869	0.0175902318	-0.1420861538	0.0500488404	-0.0081773644	0.0612580189	0.0426550008	-0.0210032575	-0.0041653152	0.0912007151	0.1072638791	-0.0512762589	-0.0963400014	0.045119091	-0.0057012698	0.0196596564	0.0145246912	-0.061431198	0.0602540228	0.0479077085	0.1265178908	-0.0646918338	-0.0259184751	-0.0593841005	-0.0902896905	-0.0846107125	-0.0939468515	-0.1719663918	-0.0124536427	0.0130460709	-0.0625183439	0.127949706	-0.0058820198	-0.0213176523	-0.0512166413	0.0239133958	0.1150642002	-0.0270820874	-0.090157967	0.0447288217	-0.0796419093	0.0076659954	-0.0427501894	0.0362930637	-0.0194911642	0.0649806818	-0.0668235764	-0.1139378539	0.0399237705	0.0843510576	-0.041387314	-0.0768633122	0.0767353596	0.0682720002	0.039280761	0.0047989683	-0.0264329582	0.0796175771	-0.0086389348	0.0212268363	-0.0479588385	0.0235405037	-0.0097099791	-0.0519542331	-0.0993223711	0.0004283408	-0.0015458245	-0.1073365886	-0.0121008231	-0.1110847945	0.0075144401	0.1634936392	-0.0229955123	-0.0874708831	0.1594646663	-8.71468e-05	-0.0557076989	0.0860623381	-0.0207940469	0.1058152617	0.0238702318	-0.0256722992	-0.116103846	-0.0487374945	0.0822060767	0.1069224018	-0.0284862885	0.0189964859	0.0587239318	-0.062105067	0.0343045648	-0.065000902	0.0054325189	-0.0249260336	-0.1344832786	0.0347893338	-0.0221301311	0.0414625553	-0.1014705269	-0.1211839819	-0.0606728656	0.0288530315	-0.0215991649	0.0793908894	-0.069025124	-0.0047106451	0.0755281812	-0.0995561965	0.0619093949	0.3814421949717825	0.0056014851610797	3.137663600979632e-05	0.1454981481048913	0.4860943271915374	0.1096891314280839	0.0120317055534474	0.2362876949277934	-0.2808923780372794	0.1688936495267938	0.0789005280394378	0.0285250648504794	0.0078571768232403	-0.0007513051958474	6.173522763166453e-05	5.644594973073024e-07	-0.0070463004705692	-0.000260048283161	6.762510957498385e-08	4.965035032154373e-05	0.004812338562468	-0.0004095518467936	2.315860243981658e-05	1.6773271521213e-07	0.0	0.0	0.0	0.0	0.0	0.0	0.0	0.0	0.0	0.0	0.0	0.0	0.0	0.0
214.94447181031933	0.9451548907496204	0.8933177675079268	46201.12596181716	375.6850974554402	-1.2658933893552555	1.602486073213337	141139.2924501036	207.4997937004712	0.8189233882989129	43056.164385738106	0.670635515902972	235.544311882378	198.01099314702063	1.085558	31.872276	0.3549988972303323	0.2160051821520216	-0.0043213348	0.0023961488	-0.0484223275	-0.0824074016	-0.0165972042	-0.1042409172	0.0014431971	0.0459497582	0.0457940413	-0.0740633619	0.055816472	0.0785169469	-0.0142705433	0.0123543413	0.0411949617	0.0006622429	0.0348354539	0.0319579817	0.0186238692	-0.0634709146	-0.1045468092	-0.0525151979	0.0723527903	-0.0147207265	-0.0521440141	-0.0014725372	0.034645014	0.0727409125	0.0787274576	-0.0487900736	0.0767276169	-0.0432671747	-0.0184589459	0.0028973057	-0.0129819065	-0.0500609244	-0.0398548478	0.0190355222	-0.0463803167	0.0490518013	0.0609196567	0.0221949978	0.0471150514	-0.0653525343	-0.0072131508	0.0501914429	-0.046451949	-0.1035071312	0.0965454477	0.0041190519	0.0630520073	0.000127752	-0.0001072365	0.057747869	-0.0194584424	0.0062172267	0.0779146776	-0.0517363972	-0.0152162976	0.0471616301	0.0478993565	0.0814012877	0.0095372386	-0.070345415	0.0690278161	0.0114332502	-0.0043389108	-0.1163803452	0.0173084355	-0.0321319384	0.021413974	0.0596645908	0.0115293492	0.0347080742	-0.0393781392	-0.0844778337	-0.0398433636	-0.0073534554	-0.0716727911	-0.0705810157	0.0849406662	-0.0043005318	0.020838214	0.0839289762	-0.0611675415	0.0270507961	-0.0527547086	-0.0007688202	-0.1029167598	-0.0230048934	-0.0261887459	-0.0373347205	0.0135799603	0.0550353625	-0.0443689691	0.0392760675	-0.0901977024	0.0211213832	-0.0813436592	0.0613670353	0.0316579506	-0.0156001027	0.0392583217	0.1454251351	0.0473885661	0.0107862958	-0.155372494	0.0992289452	0.0018357202	0.0552789174	0.0713751454	0.0164848506	0.0925461171	0.0442989243	-0.0701531426	-0.0015707317	0.0723569779	-0.099950656	0.0678800746	0.396010223795642	0.0145680288238594	0.0002122274638128	0.1568240973506744	0.3405890376750449	-0.1455052895164925	0.0211717892772783	0.1160008925844131	-0.4321842224685497	-0.1512918444312703	0.1867832021507448	0.0228892221914156	0.0080779557052729	0.0002207788820326	6.5253368376351e-05	4.8743314751565177e-08	-0.0070401847518546	6.1157187146001005e-06	3.740201539610991e-11	4.956420134024602e-05	0.005458118650895	0.0006457800884269	2.979105920724785e-05	4.170319226087834e-07	0.0	0.0	0.0	0.0	0.0	0.0	0.0	0.0	0.0	0.0	0.0	0.0	0.0	0.0
214.83951201478365	-0.1049597955356773	0.0110165586788911	46156.01592275037	376.783521467084	1.0984240116437718	1.2065353093555968	141965.82204913654	207.86334434005323	0.36355063958203	43207.16992023154	0.1321690675405031	235.91888852544253	196.8822613227572	1.146707	33.667625	0.2440857696730937	0.1312904050997029	0.0028789365	-0.0546151801	-0.0686641413	-0.0560585592	-0.028835469	0.0562259038	0.0836787375	0.0495380756	0.0281783252	-0.059510181	-0.1245841695	0.0694207776	0.0151893576	-0.0349373336	0.0614850587	-0.104343186	-0.0074738747	-0.0215444413	-0.0446704203	0.141821885	-0.011907056	-0.0298424854	-0.0024251239	-0.133997015	-0.0712638742	0.0204582614	-0.0539251155	-0.0427933732	-0.0444080282	0.0341827316	-0.0118932662	-0.0200548659	-0.0675854257	-0.066256294	0.0173982391	-0.0137131261	-0.00078205	0.0111045838	-0.0973455673	0.0224444758	0.000717135	0.0608028081	0.0831527719	-0.0546391143	-0.0080842039	0.0820842905	-0.0191664241	-0.0412951028	-0.0625461913	-0.0093556737	-0.0170269541	-0.0092803303	0.0467681492	0.0288281043	0.0694463648	-0.004998009	0.096062832	-0.0255678254	-0.0677863957	-0.040315673	-0.0936235064	-0.0804811354	0.0630631485	-0.0178252654	0.0585520063	0.0632418937	0.1370909774	0.0259094237	0.0128310963	-0.0664043577	-0.0332767285	-0.0912438828	0.0169200434	0.0074286556	0.0407666977	-0.028079972	0.0706006086	-0.0170400394	0.0545130475	0.0003841316	0.0029288653	-0.0275254869	-0.0459010987	-0.0199795552	0.0016421177	0.0506858699	0.070280527	0.0317600651	-0.0625467845	0.1301986705	-0.0393242095	-0.0583782384	0.0482853822	-0.0615872661	0.135729437	0.0783507348	-0.0184331219	0.0744064159	0.0495910989	-0.0768637793	-0.0680471355	-0.0171951608	0.1139352566	-0.0602865274	-0.0617143061	0.0008960918	0.0456747884	0.0779013175	-0.049513374	-0.131451324	-0.0733429629	-0.0167629504	-0.0334780079	-0.0812279458	-0.0712638519	0.0015707317	0.069025124	-0.099950656	0.0734322509	0.4396704385466279	0.0436602147509859	0.0019062143521022	0.1933100945317841	0.3419580907899018	0.0013690531148569	1.8743064312994096e-06	0.1169353358566747	-0.3722309134903838	0.0599533089781659	0.1385558529578855	0.0035943992574314	0.0076072595118761	-0.0004706961933967	5.787039728102941e-05	2.215549064782377e-07	-0.0083401996091747	-0.00130001485732	1.6900386292529996e-06	6.955892952087782e-05	0.0064694714567598	0.0010113528058648	4.1854060929829774e-05	1.0228344979306045e-06	0.0	0.0	0.0	0.0	0.0	0.0	0.0	0.0	0.0	0.0	0.0	0.0	0.0	0.0
215.5516169545749	0.71210493979126	0.507093445275114	46462.49957173179	377.76784099466914	0.9843195275851712	0.9688849323854948	142708.5416897736	207.45726962478625	-0.4060747152669819	43038.51872017126	0.1648966743791604	235.0427458126385	206.17935646352527	1.358829	39.895565	0.2583025939455815	0.1290534640055027	-0.0698325226	0.1227999544	-0.0682396213	0.1047905864	-0.0499156337	-0.0457012292	0.0306513973	0.0038250262	-0.0135469578	-0.0585889899	0.0525520606	0.1073942065	-0.0552597572	0.0113626356	-0.0474602377	-0.0312494997	0.1046847115	-0.0302181327	0.1161569119	0.0367322882	0.0685184951	-0.053080238	0.0139496969	0.0956932661	0.0115512743	0.0579833538	0.0057859075	0.1246363558	0.0570597586	-0.0231446255	0.0986299483	0.0193850969	0.0188228324	0.0203659328	0.0504032057	-0.0217660326	0.0537745039	0.0865454534	0.0943954731	0.0029812446	-0.0990282984	-0.0087399128	0.1206132271	0.0859189952	-0.0298567233	-0.0379921569	-0.0066040579	-0.0862942203	-0.0947750399	-0.1086541346	-0.0734591592	0.1275728755	0.0293790052	-0.1022184796	-0.0218786185	0.1359491102	-0.0007584917	-0.0551437835	0.025401196	-0.0145722175	-0.0104146678	0.089070059	0.0767401473	0.105453341	0.0348458704	-0.0250033877	-0.0364642752	-0.0259482346	-0.0775557615	0.0330653903	-0.0630143978	0.0950942113	0.095589647	0.0773334388	-0.0415158234	-0.0964423557	-0.0644699768	-0.0339925816	0.0589651117	-0.0243290921	0.0288642402	-0.0321156141	0.027445822	0.1050916759	-0.030840352	0.0043674194	-0.0273701633	0.0692881792	0.0606878744	-0.0060649722	-0.0954538234	-0.015090154	-0.1343275073	0.0117338308	-0.1002991769	0.0610911307	-0.061140111	0.0137867649	-0.006166786	0.0054179284	0.1402578162	-0.0508064076	-0.1176246426	0.1098199323	0.028964481	-0.0023725586	-0.1092560119	-0.0239969907	-0.0387096987	0.0244875029	-0.0144645516	-0.0331859611	0.1414261311	-0.0274255147	-0.0723569779	0.0047106451	0.0655400171	-0.0995561965	0.0785316931	0.4720396471058024	0.0323692085591744	0.0010477656627473	0.2228214284397704	0.4502804456777198	0.108322354887818	0.0117337325684423	0.2027524797597259	-0.4297538172251478	-0.057522903734764	0.1846883434195857	0.0033088844540789	0.0070821308917639	-0.0005251286201122	5.015657796807654e-05	2.757600676609433e-07	-0.0082831966069227	5.700300225200058e-05	3.2493422657415835e-09	6.861134602893571e-05	0.0070891023696721	0.0006196309129122	5.025537240769059e-05	3.839424682365303e-07	0.0	0.0	0.0	0.0	0.0	0.0	0.0	0.0	0.0	0.0	0.0	0.0	0.0	0.0
215.61689299636345	0.065276041788536	0.0042609616315787	46490.644545405245	377.8998935174188	0.1320525227496318	0.017437868764542	142808.32952047646	207.57360990626023	0.1163402814739811	43086.80352951629	0.0135350610934451	236.0301600924961	204.40999793189724	1.269723	37.279411	0.2652571784796177	0.1478599511289051	-0.040228978	-0.055537759	-0.0262016688	-0.0885876938	-0.0910797123	-0.0315715402	-0.0412522778	0.0860797725	-0.0343942256	-0.0456607084	-0.0846221634	0.1109018419	0.0580133896	0.0182236211	0.0163941114	-0.0373691638	0.0171701817	-0.0380948247	-0.0116455006	-0.0488660534	-0.0425915537	-0.0324960269	0.0005404539	-0.055514464	0.0094295369	0.0281409862	0.0266500911	-0.0056568645	0.0400624384	0.0878882853	0.0462423804	0.0356113772	-0.0572248297	0.0391625134	0.0494243089	0.0428198246	0.0961476733	0.0242033157	-0.0034855418	0.0062529186	-0.0882449686	-0.0300463959	-0.0906608787	-0.0111282943	-0.1311904295	-0.0575938066	0.0681523613	-0.0520862655	-0.1625279377	0.0076828609	-0.0077345305	-0.0142301654	0.0561558114	0.0233291468	0.0216298844	0.0131292562	0.1514804184	0.0003712379	-0.00715457	-0.0310980286	0.03033443	0.0406251097	0.0478891024	-0.0532452804	0.0215574091	0.0216386254	0.0462875664	0.0282424164	0.0035067525	-0.034245122	0.0109685577	-0.0310881283	0.0277506726	0.0202480676	-0.0320683238	-0.0949905333	0.1362024173	-0.0267743046	0.0768971175	-0.0426705432	0.0052617098	0.0070908819	-0.0497308331	-0.0332958169	-0.0593166412	-0.0159779996	0.0118553012	-0.0479701516	0.1028046393	0.0007845751	-0.1067588656	-0.0384964998	0.0409476879	0.0590077759	0.034403409	0.0123243167	-0.0107002173	0.0250393608	0.0060962212	-0.0266416704	-0.0467359594	-0.0422262083	0.0710619868	0.0194214713	-0.0472787853	-0.0112756436	0.0736431021	0.0999327829	-0.0503032571	0.0177966899	0.0441728051	-0.0286634566	-0.0068372362	-0.0880398232	-0.0734322509	0.0078459096	0.0619093949	-0.0987688341	0.0831469612	0.4850529191767521	0.0130132720709497	0.0001693452499925	0.2352763344018888	0.3789696145771728	-0.0713108311005469	0.0050852346322507	0.1436179687727709	-0.5455924158872989	-0.115838598662151	0.2976710842737393	0.0134185809400109	0.0074203720927309	0.0003382412009669	5.5061921994579554e-05	1.1440711003159817e-07	-0.0089454481473343	-0.0006622515404116	4.385771027775371e-07	8.002104255664664e-05	0.0073904991612129	0.0003013967915407	5.461947785188858e-05	9.08400259510883e-08	0.0	0.0	0.0	0.0	0.0	0.0	0.0	0.0	0.0	0.0	0.0	0.0	0.0	0.0
215.37612085204265	-0.2407721443208004	0.0579712254808363	46386.87343327368	377.6675840511279	-0.2323094662908715	0.0539676881283495	142632.80404301576	207.5011451651123	-0.0724647411479395	43056.72524483301	0.0052511387096378	234.90903756616112	207.2658774346801	1.152467	33.836723	0.2511905765115232	0.1328408962694948	-0.0788248259	0.0778128031	-0.1365022467	0.0914208274	-0.0708161375	0.0708830215	0.1141468492	0.0586305773	-0.0591816813	-0.029141609	0.0120002695	0.1263563205	-0.012089022	0.0345063958	0.0007284304	-0.0375771991	0.0403773879	-0.0344721456	0.0017055776	0.0791986448	0.0568359506	0.0068244073	0.0322494189	0.1303251902	0.1305029067	0.0554453504	0.0205352807	-0.0323496573	0.0569386771	0.0158767119	0.0289640123	0.1157262235	-0.017195605	-0.0311188485	-0.0525538041	0.0656430479	-0.0160043586	-0.004059501	0.0824887235	-0.0054542426	-0.0339963626	-0.0296584035	0.0138588386	0.0370483807	0.0738157788	-0.0169938136	-0.0102220821	-0.0412298968	0.117527438	-0.1113283694	0.1035616432	-0.0424294699	-0.030299629	0.0328337812	0.1075255486	0.1313550825	0.050561102	-0.0483071026	0.0290459419	-0.0341898493	-0.0827069222	-0.0441899916	0.0656198343	0.0811181353	-0.0374957291	-0.0177605689	-0.0374879161	-0.0399614112	-0.1024995996	0.0776563964	-0.0127220551	0.0375103265	0.0726496723	0.0159160968	-0.0780550335	0.1106569103	-0.0088729794	0.0744743025	0.0491409426	-0.0489735488	0.0258498014	-0.084570126	0.0491816343	-0.0253649379	-0.0804656814	-0.0510636385	0.0095342089	0.0736223005	0.0349008303	-0.0193007197	-0.1265283621	-0.0223537054	-0.0910342488	-0.0451151103	0.0277763656	0.0661331514	0.0021121763	-0.083859726	0.0006739164	-0.0300189175	0.0949734104	-0.0854418044	-0.0853973137	0.0026839919	0.0558355157	0.0383596367	0.003753087	-0.0618459134	0.0020746204	-0.0312691331	-0.1264287622	-0.0792040224	0.1079287734	0.0247186835	-0.0744894057	0.0109734311	0.0581413184	-0.0975916762	0.0872496007	0.5074263632702554	0.0223734440935032	0.0005005710006051	0.2574815141416771	0.4309138164071839	0.051944201830011	0.0026982001037569	0.1856867171706042	-0.460065496927065	0.0855269189602339	0.2116602614627472	0.0073148538668304	0.0064751380575377	-0.0009452340351931	4.192741286417311e-05	8.934673812876189e-07	-0.0088708187294983	7.462941783599984e-05	5.5695500065402525e-09	7.869142493161782e-05	0.0081975559407392	0.0008070567795263	6.719992340154856e-05	6.51340645379364e-07	0.0	0.0	0.0	0.0	0.0	0.0	0.0	0.0	0.0	0.0	0.0	0.0	0.0	0.0
215.73661627090004	0.360495418857397	0.1299569470171701	46542.287600017575	377.6328837478672	-0.0347003032607062	0.0012041110463849	142606.59488773017	206.9061130684031	-0.5950320967091898	42810.13962507481	0.3540631961141345	235.34437472254663	206.69269887067804	1.062364	31.191288	0.3503634382190134	0.2351805021814064	-0.0758803858	0.008269833	-0.0703442156	-0.0713773858	-0.0905404847	0.009128949	-0.0403667974	0.1046739605	-0.0090701902	-0.0138853333	-0.0510142409	0.1058302644	0.1427211746	0.0194625606	0.0624386251	0.079751258	-0.057945655	0.0920347964	-0.1833603679	-0.0911947577	-0.0314458658	-0.0741572352	0.0123031766	0.0354656156	0.010494935	0.0551341738	-0.0152484535	-0.046707593	-0.0121649512	-0.0210859885	0.0367575105	-0.030133677	-0.0387909262	0.0388812649	-0.0385003749	-0.0115611133	0.0228429562	-0.0145805429	0.0134499857	-0.0768786646	-0.0261393985	0.0327727146	0.1322144233	-0.107149581	-0.0616661332	-0.0342328868	-0.0177359961	-0.018615719	0.002966178	-0.0215252618	0.0052874271	-0.0998183304	0.0293836927	0.0499613644	-0.0172138101	0.0048511873	0.1753363283	0.0542974993	0.0051011903	0.0262434039	0.0234803296	-0.0495172984	-0.0917499672	-0.2288215603	-0.0513092216	0.0433622137	-0.0914093228	0.0131930623	-0.00106048	0.0238376423	0.0183636962	-0.0978439314	0.046680398	-0.0486822941	0.0400133734	-0.0431581504	0.0334168089	0.0630351526	-0.0689517818	-0.1029717129	0.0376808378	-0.0038698114	0.0190791074	0.010828449	-0.0779496864	0.0233471585	-0.0967952246	0.1100764461	-0.0271398354	-0.0733706409	-0.1450183207	-0.0461172358	0.0655699294	-0.0715588009	-0.011882038	-0.0612224588	-0.012742773	0.0228921344	-0.0948204335	0.0621119353	-0.1618246526	-0.0226089466	0.0610723654	0.0774099892	0.0481242433	0.0188216073	-0.0111964482	0.005065047	-0.0372036511	0.086424553	0.0338123639	0.0092361274	0.1048589894	-0.1075638975	-0.0755281812	0.0140901232	0.0542441537	-0.0960293686	0.0908143174	0.5230860863222233	0.0156597230519679	0.0002452269260643	0.2736190537039004	0.2066395921196715	-0.2242742242875124	0.0502989276797654	0.0426999210313842	-0.5211943126690031	-0.061128815741938	0.2716435115585145	0.0037367321140118	0.0068802138859906	0.0004050758284528	4.733734311697788e-05	1.6408642679680293e-07	-0.0091200592749998	-0.0002492405455015	6.212084952188586e-08	8.317548117950988e-05	0.0085292530695367	0.0003316971287974	7.274815792420121e-05	1.1002298525250485e-07	0.0	0.0	0.0	0.0	0.0	0.0	0.0	0.0	0.0	0.0	0.0	0.0	0.0	0.0
216.20521483098327	0.4685985600832225	0.2195846105120695	46744.69492011163	377.86173867425856	0.2288549263913637	0.0523745773335965	142779.49355393366	207.21689857420927	0.3107855058061659	42938.84305471413	0.0965876306191944	234.65620983685105	207.5124387833403	0.958363	28.137787	0.3192656093745159	0.195570436088833	-0.0878143005	0.0146370264	-0.0706935202	0.1111299082	-0.0871504591	-0.0101945756	0.0747384947	0.0228280391	0.0017329676	-0.1218728139	0.0766250841	0.1271968134	0.0372467943	0.0178675284	0.0006622201	0.0901032221	0.0960896669	-0.0179826116	0.0278263323	0.0456200342	0.0779598667	-0.0043908219	0.0416660096	0.1597142194	0.0346991634	0.1493099143	0.0592478539	0.0374151447	0.0507801313	-0.0246359165	-0.0105277539	0.0494085736	-0.068162507	0.0721538451	0.0175512647	-0.0019809692	-0.0268076462	-0.0733564893	-0.0331557688	-0.0056804959	0.0103611648	-0.0314212757	-0.0811699518	0.0602654585	0.0481297974	-0.0628395863	0.0351090277	0.0275743825	0.028238886	0.0076743626	0.0108331915	0.0388416257	-0.0158031689	-0.0306694812	-0.0693299402	0.1519417255	0.0559829202	0.0049353444	0.0355554138	0.0687867688	-0.0420267375	0.0069890435	0.0079975413	0.0333783139	-0.0636907529	0.03565471	-0.0817685053	0.0179968266	-0.1184842225	-0.0144662706	-0.0763140067	0.0447142494	0.0752007675	0.0312156961	-0.0175374242	0.0781973998	-0.096482847	0.0369256133	0.0775368085	0.0315542265	-0.0114502694	0.092473613	0.0059257903	0.0435752372	0.0900677201	-0.0169950133	-0.0801950752	-0.0964521105	0.0550487599	0.0269203674	-0.1391577575	-0.0499060656	-0.028242856	-0.068747094	0.0307357229	0.0336544715	-0.0367347545	0.0774478605	0.002211502	-0.0913489199	-0.0401657521	-0.012828287	-0.148308016	-0.0319650498	0.0045138443	0.0595964056	-0.0155901786	-0.0300337885	-0.0208205832	-0.1498271936	-0.0465238268	-0.0508721943	-0.0292482394	-0.030450535	-0.0765483213	0.01719291	0.0502265533	-0.0940880769	0.0938191336	0.5387430882415458	0.0156570019193225	0.0002451417091016	0.290244115128038	0.3745023205858047	0.1678627284661331	0.0281778956080947	0.1402519881241528	-0.4277735683321779	0.0934207443368251	0.1829902257636444	0.0087274354724464	0.006835266018925	-4.494786706559992e-05	4.672086154947082e-05	2.0203107537468422e-09	-0.0097401637222138	-0.000620104447214	3.845295254545805e-07	9.48707893355298e-05	0.0087107034483018	0.0001814503787651	7.587635456425688e-05	3.2924239953998456e-08	0.0	0.0	0.0	0.0	0.0	0.0	0.0	0.0	0.0	0.0	0.0	0.0	0.0	0.0
216.8251351611035	0.6199203301202374	0.3843012156963841	47013.1392376308	379.0520111066762	1.1902724324176577	1.4167484633734468	143680.42712401578	206.98815988407924	-0.2287386901300294	42844.09833219715	0.0523213883624016	235.20316703398308	215.7119403041661	1.356484	39.826733	0.3523004510312197	0.2844449220370636	-0.1440504895	0.0491799517	-0.0679311685	-0.1358329184	-0.1513415103	0.0488196953	0.0591514466	-0.0216884938	-0.0491487494	0.2788756605	0.0212705453	0.0022178357	0.2036681176	0.0469429618	-0.0079509054	0.1604392841	0.0642319624	-0.1568352297	-0.1606802317	0.0294128295	0.0005199334	0.0427550831	0.0587967162	-0.194673862	0.1546905336	0.0954866943	-0.1978387656	0.062890056	0.1038915636	0.1786506889	0.0393949021	-3.2281e-05	-0.0190146982	0.052625229	0.0754400371	-0.0401180353	-0.0334323205	0.0206698235	-0.0302128154	-0.1318215738	-0.1022928603	-0.0153165516	-0.0810257028	0.0195412339	-0.0135969938	0.036288534	-0.0652629316	0.1011097972	0.0356808364	0.1567445272	-0.034110419	-0.0430270653	0.0365094873	0.0996618087	-0.0102016024	-0.0152798839	0.1336321745	0.1802556558	0.0791707769	0.1150070235	0.0916129962	-0.1277119076	0.1232464038	-0.0661406646	-0.1941865783	-0.0500815039	0.1508386788	0.0029549399	-0.0949496091	0.0548258741	0.197500632	-0.0317980477	0.2139665049	-0.007644349	-0.06151341	-0.0465214477	0.0895482026	-0.0833385927	0.2010987995	-0.0461970352	0.0034296455	0.0613456336	-0.0468360859	-0.0378875091	0.0473139439	-0.0249540244	0.0826723522	0.0009163088	-0.0429984881	-0.0602769487	-0.169505225	0.0011922179	-0.0421508718	-0.0246692825	-0.0340915593	-0.0674551783	0.1532159596	-0.1369352299	0.0681986591	0.1481637386	0.0063226008	-0.0248333376	0.091786579	0.1950654946	-0.1252208115	-0.0333214528	0.0536904671	0.1060421998	-0.1129735459	0.0884835573	-0.1807204418	-0.0911112586	0.0860759741	0.0132666632	-0.0775495743	0.0202787295	0.0460974375	-0.0917754626	0.0962455236	0.538130707800704	-0.0006123804408417	3.750098043255672e-07	0.2895846586780867	0.3751964137387205	0.0006940931529157	4.817653049245931e-07	0.1407723488823971	-0.6606691142925101	-0.2328955459603321	0.4364836785800497	0.0542403353281612	0.0087354797353623	0.0019002137164372	7.63086062069254e-05	3.6108121681364544e-06	-0.0101482905610164	-0.0004081268388026	1.665675165510037e-07	0.0001029878013108	0.0087643315226045	5.362807430269942e-05	7.681350703811891e-05	2.8759703534158503e-09	0.0	0.0	0.0	0.0	0.0	0.0	0.0	0.0	0.0	0.0	0.0	0.0	0.0	0.0
217.3658355351645	0.5407003740610037	0.2923568945097093	47247.906457900186	380.1658256995759	1.1138145928997003	1.2405829473563257	144526.05502984033	207.4950339015151	0.5068740174358481	43054.1890937909	0.2569212695515565	235.2696333084259	216.0804039847913	1.140958	33.498814	0.1858881127373317	0.1063533583740804	-0.1493087601	-0.0447396586	-0.0618263112	0.0425979791	-0.1459950162	0.0275151164	0.0410192681	-0.0385683818	-0.1185460996	0.0064171588	-0.0118999457	0.0811932507	0.1313613312	0.0277313742	-0.0261846422	0.0541405145	0.0475552976	-0.0774778388	-0.0193818665	-0.0825510308	-0.0367138267	-0.0457837905	0.0633983975	-0.034303488	-0.0101572299	0.1922105637	-0.0519502162	0.0065818279	-0.0323971725	0.0280881868	0.1452388938	-0.022065971	0.1431343371	-0.0246012489	-0.0593223814	0.0828917436	-0.0677116097	0.0031664967	-0.05886316	0.0166059865	-0.0038901755	0.0598350688	-0.0364549909	-0.0202949073	0.0201404006	0.1518423768	-0.0097257194	-0.0602536887	0.0835768049	0.0180356372	0.0129415619	-0.0398247985	0.0912514105	-0.0058409432	-0.0988204367	0.0836089331	0.1054539289	0.0956003392	0.0602726258	0.0227658226	0.0282027127	0.0070276765	0.0464752896	-0.0090558944	-0.0686530208	0.004753936	0.0051127986	0.0226314211	-0.0195103741	0.0913297317	0.0037297237	-0.1668754902	0.1066597838	0.1346562416	-0.0053898279	-0.0713142658	-0.2118669611	-0.0584020412	-0.0657972951	-0.1464957702	0.0081044543	-0.0583647939	-0.0092845125	-0.0773956353	-0.0233040906	-0.1132523673	-0.0008045005	-0.0048827262	-0.0053321542	0.0574270355	-0.1584301041	-0.0235060567	0.0155307655	0.0772915293	-0.021025566	-0.0322689739	0.0457716828	0.0372025904	0.0531843803	-0.0041975085	0.0315232584	-0.1050928005	0.0003531994	0.044807145	-0.0824998253	-0.0091662449	-0.0684914463	-0.0707498675	-0.0675566909	0.0348409868	-0.0029856071	-0.1473987782	-0.0049995261	-0.0983547791	-0.0785316931	0.0233445364	0.0418659738	-0.0891006524	0.098078528	0.5408933261944497	0.0027626183937456	7.632060389462056e-06	0.2925655903216954	0.4145571446498337	0.0393607309111131	0.001549267137857	0.1718576261802231	-0.5944082715652073	0.0662608427273028	0.3533211933051371	0.0043904992789323	0.0077035711718044	-0.0010319085635578	5.934500879905581e-05	1.0648352835441282e-06	-0.0099450780866039	0.0002032124744125	4.1295309756851006e-08	9.89045781486491e-05	0.0090792888987375	0.000314957376133	8.243348690673802e-05	9.919814878058458e-08	0.0	0.0	0.0	0.0	0.0	0.0	0.0	0.0	0.0	0.0	0.0	0.0	0.0	0.0
216.47747912290745	-0.8883564122570533	0.7891771151982236	46862.49896740884	379.9961995109748	-0.1696261886011143	0.0287730438593408	144397.11164278456	208.16963277120803	0.674598869692943	43334.59600809961	0.4550836349909963	236.6621441115608	215.42035241847773	1.186479	34.835331	0.3938161369700162	0.191968840919457	-0.1213573844	-0.0532839693	-0.0134069217	-0.0433016043	-0.0961208368	0.1258317558	-0.0918678866	0.0881537273	-0.0101050914	0.0186728557	-0.1491042508	0.0801120838	0.1640356823	-0.0780501451	-0.001251729	-0.0544445455	-0.037594392	0.0726064969	-0.0104749627	0.0412143034	-0.0855314348	-0.0712188805	-0.1548900619	-0.0809500548	0.1017483675	0.1121835747	-0.0574601474	0.0436920939	0.0040625686	0.0386153716	-0.0360702037	-0.1049513411	0.028827729	-0.0875378063	0.0608085242	0.0027932517	0.0120880514	0.0711560878	-0.0106696231	0.0531348707	-0.0348866734	0.0985146228	-0.1260637515	-0.0158730177	0.0621214478	0.0469445905	0.0145067233	0.136359685	0.0503987222	0.11612982	-0.0874146024	-0.0277647808	-0.0626217268	0.0010513693	-0.0280146851	0.0051821583	0.1380584603	0.1120980104	-0.072442499	-0.0950645162	-0.0143255935	-0.049659316	-0.0678015566	-0.0661441474	0.0699277555	0.1252213831	0.000652751	0.1142092485	0.0847274897	0.0893212824	0.1361259349	-0.0013177861	0.1439664275	0.0199186328	0.0295144633	-0.0346322828	0.0019214398	0.0024487008	-0.0552990918	0.0099282033	0.0153734424	0.0487176028	-0.1600309107	0.0518033363	0.1247079878	-0.0393614782	0.1305259976	-0.0566347746	0.0104113101	-0.0309395906	-0.1118909607	-0.056645844	0.0783235151	-0.0334587406	0.0648577043	0.0030698041	0.070129776	-0.0323459185	-0.1070668982	0.0093305518	-0.0698397176	0.0088398421	0.1168389158	-0.0257440231	0.0781135611	-0.0180277402	-0.01770884	0.0526798049	-0.0745197386	0.0222489466	-0.0506929479	-0.0881789813	0.0269887148	-0.0687571675	-0.0794944353	0.026387305	0.0375415571	-0.0860742027	0.0993068457	0.48684884131724	-0.0540444848772097	0.0029208063456429	0.2370217942919391	0.2634693376299424	-0.1510878070198912	0.0228275254300799	0.0694160918711605	-0.5265040055160171	0.0679042660491902	0.2772064678244101	0.0046109893476792	0.0080903755315443	0.0003868043597399	6.545417624141072e-05	1.4961761271379422e-07	-0.0089669330088091	0.0009781450777947	9.56767793214195e-07	8.040588758447024e-05	0.0080286467557977	-0.0010506421429397	6.445916872938095e-05	1.1038489125211348e-06	0.0	0.0	0.0	0.0	0.0	0.0	0.0	0.0	0.0	0.0	0.0	0.0	0.0	0.0
216.29309383233488	-0.1843852905725782	0.0339979353795341	46782.70243956322	377.29973727155215	-2.696462239422658	7.270908608632256	142355.0917451823	207.71681132665248	-0.4528214445555534	43146.27370771214	0.2050472606493781	235.72229206287585	212.89726130889585	1.149859	33.760151	0.5199505049833316	0.2800744981859562	-0.0854526521	-0.0170555484	0.0759869102	0.0646180904	0.0155350389	0.0538300617	-0.0783719381	0.0047576383	-0.0770924432	0.0138396286	0.1220350008	0.0125207476	0.0418940895	-0.0105952653	-0.0326831286	-0.0478712281	0.0325730345	-0.0328678109	0.1010478206	0.0617328191	-0.1057553905	0.0316026836	-0.0547803089	-0.0607369995	-0.0086195098	0.0836772045	-0.0210941488	0.0328245279	-0.0649771894	-0.0801945344	0.0706686433	0.0283129015	0.039091809	0.0221295691	0.0769440577	-0.0706983887	0.027545519	0.0896402287	-0.0352664856	0.1203888944	0.0572604858	0.0240592632	0.1037481408	-0.0553346787	0.1012219583	0.0434579694	0.0788767898	0.0628036563	0.0915515173	-0.0549695384	-0.1340369222	0.0076123005	-0.0328179902	-0.0628339889	-0.0079731748	0.0295431609	0.0076558099	0.0422136215	0.0088618745	-0.076817238	-0.0124830483	0.0830357574	-0.0213678515	0.0565142023	-0.0212036796	0.1292599664	0.0902900053	0.074355022	-0.018966538	0.0398855126	0.0653082699	-0.0041108257	-0.0504535731	0.0973468285	0.1952578529	-0.0327225629	-0.1178699897	-0.0340579797	-0.0216611609	-0.0873415894	0.1028096709	-0.0197826727	-0.0437274608	0.2457396773	0.0471199645	0.0945231481	0.0164084654	-0.0064788586	0.003184657	0.1396014388	-0.0458925688	-0.0233353603	-0.0121209308	0.0932443344	-0.1103089004	0.0240435824	0.0666408137	0.1000657256	0.1448137698	-0.0682796046	-0.0010310167	0.0743724649	0.0472759005	0.1285099498	0.0466522304	-0.0639153251	-0.0336380397	-0.0372915233	-0.0447578972	-0.1193015313	-0.0593985284	-0.065362726	-0.1599194437	-0.2170740715	-0.0804375635	0.0294040325	0.0331337888	-0.0827080574	0.0999229036	0.4109743389278719	-0.0758745023893681	0.0057569401128342	0.1688999072572013	0.4464397575220005	0.1829704198920581	0.033478174555476	0.1993084570963026	-0.5289059530488274	-0.0024019475328103	0.2797415071704884	5.769351950373541e-06	0.0092503790282612	0.0011600034967169	8.556951216649463e-05	1.345608112395435e-06	-0.0066529918023838	0.0023139412064253	5.3543239067929785e-06	4.426229992258604e-05	0.006328518755558	-0.0017001280002397	4.0050149639449375e-05	2.8904352171990447e-06	0.0	0.0	0.0	0.0	0.0	0.0	0.0	0.0	1.0	0.0	0.0	0.0	0.0	0.0
215.58989359205407	-0.7032002402808075	0.4944905779309854	46479.0022190332	378.6441312234504	1.3443939518982688	1.8073950979006448	143371.37810996154	207.37009700504305	-0.3467143216094257	43002.35713188096	0.1202108208090843	236.39189707648168	199.853962599166	1.848562	54.274258	0.8603641641479055	0.4902293900778941	-0.0016536083	-0.1738067222	0.1027933775	-0.0318860507	0.0854682528	0.1063651486	-0.2071400308	-0.0828681381	0.0754902082	0.4451398264	-0.1437101173	-0.3925682841	0.3276020489	-0.0595139007	-0.2577839844	0.2343269452	-0.4853957627	-0.0644951785	0.1955956232	0.1920103751	-0.0230011378	0.0553941827	0.104288253	0.0793291497	-0.0493469205	-0.1170650934	0.2744908123	0.1116940687	0.0791909009	-0.0486837416	0.1113153161	-0.0255380367	-0.0597350813	-0.0728134816	0.0119187204	0.0111535547	-0.0336806578	-0.0374141122	-0.0461123392	-0.0438092899	-0.0534912888	-0.0104358854	0.0142857716	-0.0056384655	0.0151088622	0.0247487542	-0.0044068112	-0.0779465435	-0.0473694493	0.0204047069	0.0221735386	0.0239282218	0.0272753905	0.0360024032	0.0170654796	-0.2167143809	-0.1656949882	0.4360867358	0.0569930798	-0.0570248823	0.357518243	-0.3098454349	-0.3255156185	0.3402473587	0.0543606412	0.1194319755	-0.0635755363	-0.1295062244	0.0242737235	-0.1607337811	-0.1238003554	0.0777489471	-0.1016618977	0.1333558749	-0.2275966698	-0.0566586818	0.0670980476	0.015051855	-0.0064424461	-0.0216743742	0.0760264006	-0.0115920827	-0.0179835302	-0.0120316588	0.0105747835	0.0091811486	-0.0378174007	0.0772063639	0.0091119022	0.031657815	0.1187771888	0.0165342926	0.0975775788	0.1351372001	0.0373407557	-0.1410723772	0.2634026504	-0.0089488994	-0.0271384426	0.2946097503	0.092796337	0.484829019	0.0446322301	-0.120392164	-0.2177180612	0.065246035	-0.0638892719	0.0697727023	-0.0787552304	-0.2628676151	0.1878517113	-0.1014707026	0.2629728662	0.1284448076	-0.081360845	0.0323917418	0.0286524553	-0.0790155012	0.0999229036	0.215565432313781	-0.1954089066140908	0.0381846407841144	0.0464684556086273	0.4322161706489851	-0.0142235868730153	0.0002023104235342	0.1868108181704726	-0.4987546811409231	0.0301512719079042	0.2487562319599838	0.0009090991976643	0.0160389979152854	0.0067886188870241	0.0002572494541265	4.608534639326167e-05	-0.0033677373079035	0.0032852544944802	1.079289709350301e-05	1.1341654575045114e-05	0.0039907841620046	-0.0023377345935534	1.5926358227706755e-05	5.465003029896281e-06	0.0	0.0	0.0	0.0	0.0	0.0	0.0	0.0	0.0	1.0	0.0	0.0	0.0	0.0
215.66142007921889	0.0715264871648173	0.0051160383661387	46509.84811058531	376.774422398001	-1.869708825449436	3.49581109196351	141958.96537334725	207.70774496490145	0.3376479598584012	43142.50731840455	0.1140061447965405	235.54592417047783	202.5868859406469	1.713526	50.309578	0.3248744806298366	0.1754334728034182	-0.0111122337	0.0213310803	0.1989512754	0.0525259714	0.0500412883	0.0358838229	-0.0043828515	-0.1091238161	-0.0967515868	0.0998497752	0.0957273493	-0.2089000001	0.0909495659	-0.0732911563	-0.1378923247	0.0629991901	0.0256372473	0.0097213113	0.0213128426	0.0650271005	-0.0994590459	0.090668401	-0.1690326458	-0.1033966303	0.0193563647	-0.0663467652	-0.0044070104	-0.1145772388	-0.0730749188	0.1967055033	-0.0767879279	0.0684191436	-0.040023001	0.0571143133	-0.0174013322	-0.0373507638	0.0076674366	0.0094005379	0.1583588902	-0.0677036625	0.0467167287	-0.0252480189	-0.0054236399	0.0069252799	-0.0085126855	0.0389108055	0.0030612218	0.0452234998	0.0643752554	-0.0673665789	-0.1094607799	-0.0049621521	0.0139475109	-0.0494180909	0.0859044251	-0.0627443605	-0.1617560795	0.1769369026	0.0089545832	-0.0142274939	0.0526417532	-0.0387704934	-0.0026380695	0.0106606606	-0.096723302	0.0667971782	0.1015018819	0.1630028927	0.089630419	0.1267127443	0.0441822819	-0.0277813882	-0.1797669022	-0.0635636373	0.2056249742	0.1621980621	-0.0058907896	-0.0570840418	0.1908218179	0.0668003672	0.0315575985	0.0576921992	0.009719266	0.1538745277	-0.145299206	-0.0795847675	0.0166227476	0.1253677415	-0.0150149295	-0.1215386723	0.1309191257	0.0488283618	-0.0359713604	-0.0081249752	-0.119669646	-0.1123132985	0.2661064526	0.0152496531	0.2177593097	0.1448104278	0.0350723306	0.191627578	0.1127185234	-0.095698682	0.1372417106	0.1079026378	0.0663238049	-0.0766442392	0.0117460244	-0.0825180821	-0.1125783979	0.1553104392	-0.0048115136	-0.0938751273	-0.0822640518	0.0353474844	0.0241075061	-0.075011107	0.0993068457	0.2090379257283814	-0.0065275065853996	4.260834222243523e-05	0.0436968543928242	0.5023166829687398	0.0701005123197546	0.004914081827492	0.2523220499887174	-0.4522939143115607	0.0464607668293624	0.2045697849232734	0.0021586028543723	0.0135656431161952	-0.0024733547990901	0.0001840266731559	6.117483962182519e-06	-0.0026311610044935	0.0007365763034099	5.425446507451403e-07	6.923008231567245e-06	0.0031650013665984	-0.0008257827954061	1.0017233650569738e-05	6.819172251888777e-07	0.0	0.0	0.0	0.0	0.0	0.0	0.0	0.0	0.0	0.0	1.0	0.0	0.0	0.0
214.7375099267253	-0.9239101524935904	0.8536099698807296	46112.19816953044	378.26219908324646	1.4877766852454783	2.213479465160024	143082.2912552936	207.541229772214	-0.1665151926874557	43073.36205536292	0.0277273093957405	235.8656506648173	202.44733213654936	1.35225	39.702427	0.2053742320405091	0.126138478512269	0.0180348433	-0.0725482018	0.1711829637	0.0245027741	0.0490116597	0.0264157553	-0.074429492	-0.0860212036	0.1080176687	0.1963967951	0.1634542046	-0.1712785259	-0.0301341886	-0.0662085444	-0.1261576269	-0.0175502168	-0.0103838705	-0.0282343443	0.014214893	-0.033485345	0.0246643609	0.0280548736	-0.076569931	0.0050322524	0.0622529092	-0.1050014406	-0.131039678	0.041567193	-0.0556308294	0.0504977683	3.71424e-05	0.2094090577	0.0674129852	0.0685730906	-0.1175040222	0.0023821644	0.06136125	-0.038809524	-0.0088377439	0.013357559	0.1993088501	-0.0253158244	0.1089699661	0.0030163959	0.021987228	-0.0618616034	-0.0190404065	-0.0210087972	0.0400933938	-0.0198235235	0.0106092925	0.0263680051	0.0555679341	-0.0485732683	0.0439389006	-0.0572324442	-0.1794986552	0.075917629	-0.0267829059	-0.0658667147	0.0665650076	-0.0047284826	0.0673700449	0.0363250119	-0.0198576042	-0.0869305021	-0.0535315633	-0.0167510745	0.0203654838	0.0901652584	0.0860943028	0.1363190314	-0.0346453691	-0.115601008	0.1357006031	0.1251375505	-0.0143475861	-0.0811397805	-0.040181375	-0.0293791028	-0.1540157329	-0.0837495939	0.0323849067	-0.0487334142	-0.0901029208	-0.0383586641	-0.0999984805	-0.0416427996	-0.0359469394	0.1563553781	0.1644725702	0.0368322544	-0.0032745476	0.0905390259	-0.0185731574	-0.0631100012	0.1526165775	-0.0625042387	-0.0706646346	0.0737470825	0.0815992316	0.0659373531	-0.1747767269	-0.0748745406	0.011879112	-0.0759866238	0.0415312908	-0.0466522471	0.0242669706	0.1127447304	-0.013560634	-0.0554928607	-0.0406761777	0.0078196977	-0.0831469612	0.0382683432	0.0195090322	-0.0707106781	0.098078528	0.1935503534253086	-0.0154875723030727	0.0002398648958429	0.0374617393110618	0.480652292833895	-0.0216643901348447	0.0004693457999147	0.2310266266064803	-0.3661194112730541	0.0861745030385066	0.1340434233109277	0.0074260449739335	0.012521116510865	-0.0010445266053301	0.0001567783586786	1.0910358292426308e-06	-0.0020486850110363	0.0005824759934572	3.3927828295395214e-07	4.197110274444805e-06	0.0031789540990927	1.395273249430026e-05	1.010574916413828e-05	1.9467874405750236e-10	0.0	0.0	0.0	0.0	0.0	0.0	0.0	0.0	0.0	0.0	0.0	0.0	0.0	0.0
213.5258748488437	-1.2116350778815956	1.4680595619531402	45593.29922996406	378.2174506176675	-0.044748465578948	0.0020024251716703	143048.43995172775	207.40456849262927	-0.1366612795847288	43016.65503161374	0.0186763053377354	236.12389166481623	199.36157807181863	1.199529	35.218491	0.2096170356868177	0.1132094191842245	0.0620125025	0.0616021391	0.2034507211	-0.0122631582	0.0697100667	0.00244252	-0.1708405382	-0.051337364	-0.0520919087	0.0953604405	-0.0531246157	-0.1525065154	0.0039719741	-0.085321869	-0.0437676055	0.0236734452	0.0192270885	0.0233391254	-0.0447363615	-0.0678308386	-0.0840788984	0.1055644544	-0.0452945902	-0.0139937143	0.0800197045	-0.0452822614	-0.0108886977	-0.1080857617	-0.083977776	0.0353805569	-0.1017139386	0.0377174555	0.1208522015	0.0929091251	0.1384982625	0.0473008442	0.087998223	0.0010568407	0.0255147016	0.0797095668	0.0436330603	0.0189283874	0.0124598695	0.0741598253	-0.0287881555	0.0043845905	0.0799413969	0.0156693691	-0.0631312354	-0.0674889455	-0.0060303014	-0.0385719084	-0.0532286674	0.046838914	-0.096032098	-0.0888029103	-0.1286364704	0.0766136451	-0.0616781243	-0.0465070847	0.043172228	0.0580281585	-0.0326847725	-0.0745951019	-0.1387028663	0.0195097921	0.0856800993	0.1039479326	-0.0382079676	0.0850097179	0.1099724497	-0.0350629732	-0.1211467968	-0.0766376496	-0.0024468887	0.0770206754	0.1039505845	-0.0512631139	-0.0741836437	0.0583583024	-0.0290636427	-0.0469642624	-0.0242229133	-0.0582033577	0.0053544925	0.0012269562	-0.0489939823	-0.1580743826	0.0738096992	-0.0652509697	0.1573002191	0.046598405	0.0140370122	-0.0352946678	-0.1392476591	-0.0896297727	0.0896027442	-0.0136717418	0.1226869982	0.0373157442	-0.0587978404	0.0876638426	0.0989682302	-0.112222783	0.1633702404	-0.0642295131	0.089848918	-0.1213911948	0.0512470885	0.0648485058	-0.0469486386	0.0714070126	-0.0219517685	-0.0412916325	-0.0840093554	0.0411514359	0.0148672434	-0.0661311865	0.0962455236	0.1797167391655136	-0.013833614259795	0.0001913688834888	0.0322981063362852	0.3887934211495576	-0.0918588716843373	0.0084380523071195	0.1511603243291772	-0.4167303673601594	-0.0506109560871053	0.1736641990801334	0.0025614688760509	0.011874167220467	-0.0006469492903979	0.0001409958471796	4.185433843464756e-07	-0.0020366226980779	1.2062312958400264e-05	1.454993939063909e-10	4.147832014326104e-06	0.0027716938293375	-0.0004072602697551	7.682286683587575e-06	1.6586092732107825e-07	0.0	0.0	0.0	0.0	0.0	0.0	0.0	0.0	0.0	0.0	0.0	0.0	0.0	0.0
211.7147447922925	-1.8111300565511783	3.2801920817430745	44823.13316246555	373.6974714378202	-4.519979179847326	20.430211786253302	139649.80015902044	206.5874550178337	-0.8171134747955762	42678.37657074546	0.6676744306925007	235.07971058903752	182.89010798079	1.262947	37.080444	0.2414065766601701	0.1395657969470959	0.1712098638	-0.0577428394	0.1244522249	0.0006800784	0.1997333171	-0.0048182093	-0.0189727923	-0.0285666705	0.0526366016	0.0508978006	0.124903232	-0.1435912817	-0.1643457192	0.0220049506	-0.0660214562	0.0038896278	-0.0781452785	-0.0821090411	-0.0096920275	-0.1275745755	0.0276949855	0.0286490547	-0.0045829585	-0.0087836128	0.0586175738	0.0108992108	-0.1100849959	0.0044515061	-0.0762832566	-0.123102211	-0.0695756106	0.0819588246	0.1515250646	-0.0146128012	-0.1157596762	-0.0257255582	-0.0270577971	0.06496966	-0.0601895202	-0.0260222783	0.0086261697	0.1804980126	0.0899273452	0.02540766	-0.0178967854	-0.1226384561	-0.1002952811	0.0274875483	0.0148390116	0.0541718682	0.0633488861	-0.014324618	-0.0090335661	-0.0312023647	0.0812221617	-0.1172334876	-0.155245199	-0.097999993	0.0080191839	-0.0369452874	0.0962922855	-0.0061853466	0.0251041972	0.0396847255	-0.0484663391	-0.1171406361	-0.1009105353	0.0044762585	0.036688399	0.0123934852	0.1074955089	0.0095627994	-0.0053977325	0.0014669335	0.1782487068	0.1106236608	-0.147614437	0.0830207303	-0.064820934	-0.0073215981	-0.0730021507	-0.0896728447	-0.0196862986	-0.0499618094	0.0428978977	-0.019128476	0.0175664746	0.0353875838	0.0585312871	-0.0041823457	0.1979740913	0.057572455	-0.0114528104	0.0964485742	0.0430252819	-0.0627165806	0.0065467595	-0.1118524378	-0.0321205159	0.0264196527	-0.0089438113	-0.0038740323	-0.1982507819	-0.0626958265	-0.0088623667	-0.0426734127	0.1036278524	-0.0636527449	0.064618364	0.1023009137	-0.0020773645	-0.0370391293	-0.0936016294	-0.0348445525	-0.0848510215	0.043993917	0.0101924456	-0.0612907054	0.0938191336	0.1721987090427177	-0.0075180301227958	5.652077692726644e-05	0.0296523953959785	0.4933106797009827	0.104517258551425	0.0109238573351054	0.2433554267070455	-0.3372147497914852	0.0795156175686742	0.1137137874769339	0.0063227334373276	0.0112996007793727	-0.0005745664410943	0.0001276809777732	3.301265952317701e-07	-0.0018049825814703	0.0002316401166075	5.3657143621982465e-08	3.257962119411188e-06	0.0025807869786939	-0.0001909068506436	6.660461429395989e-06	3.6445425622657823e-08	0.0	0.0	0.0	0.0	0.0	0.0	0.0	0.0	0.0	0.0	0.0	0.0	0.0	0.0
211.6597036751244	-0.0550411171681162	0.0030295245791142	44799.83015984147	374.796296164898	1.0988247270778402	1.20741578083769	140472.26361892596	206.95292856532413	0.3654735474904385	42829.51464176415	0.1335709139152457	235.1455451060344	179.34085869713675	1.167252	34.270813	0.4147945859942857	0.2990106560633555	0.1755303273	0.0551576014	0.0559802171	0.0347296573	0.1640906031	-0.0306407213	0.0122176185	-0.078120822	0.0071531295	0.021381223	-0.009880161	-0.1373538614	-0.08246364	-0.091294442	0.0926844848	0.0195903231	-0.0309607991	0.1699120461	-0.0554959298	0.0041136211	-0.1103919501	0.0679285349	-0.0832475619	0.1075774711	0.0021119466	-0.0400127234	0.0039468811	-0.0048605586	-0.0485733407	-0.0291652619	-0.2208792158	-0.0372877293	0.1493677646	-0.077894999	0.0676629498	0.0552485004	0.0895627604	-0.0871825345	0.1041518364	0.0446505791	-0.0599459987	0.0118424094	-0.0010848987	0.0223234709	-0.1771466091	-0.0245418603	-0.0483580858	-0.0342136307	-0.0028764035	-0.1058031696	0.0591409292	-0.0721812307	-0.0855004636	-0.0437179051	-0.0015402336	-0.0792177144	-0.1612878696	-0.0279605606	-0.094198934	0.0425796657	-0.0892552955	0.0133044536	-0.167941468	-0.1086421935	-0.0636324276	0.0538519021	0.0281591609	0.0099468736	-0.0121779116	0.1576194325	-0.0403543462	0.0198072297	-0.0485069959	-0.0240536951	-0.041788466	0.0390097796	0.0361655811	-0.0800508672	-0.1195099468	0.1891947493	-0.0684516487	-0.1063267598	0.0015439291	0.0736856201	-0.0224340586	0.0664722785	0.0188550748	-0.0325878895	0.0827920729	-0.1535964175	0.1946544928	0.0142593741	0.0676324746	-0.1565607753	-0.0410267229	-0.0700757618	-0.096566855	-0.0197642017	0.0121531277	0.0295899636	-0.0889526298	-0.0730675378	0.0993491224	-0.065858199	0.0538088867	0.0112462594	0.0608043048	-0.1485951661	0.0523765528	0.0936719213	0.0093522958	0.0066012107	0.0471677105	-0.008014439	-0.0856717519	0.0467929814	0.005495018	-0.0562083378	0.0908143174	0.1732153477043141	0.0010166386615964	1.0335541682525254e-06	0.0300035566803264	0.2305019784560897	-0.262808701244893	0.0690684134500274	0.0531311620721716	-0.2589478196367238	0.0782669301547613	0.0670539732946132	0.0061257123558502	0.0099932074819691	-0.0013063932974035	9.98641957776832e-05	1.7066634475010494e-06	-0.0019516666316488	-0.0001466840501785	2.1516210576768715e-08	3.809002641091373e-06	0.0025798180076153	-9.689710785999728e-07	6.655460952416177e-06	9.389049511631949e-13	0.0	0.0	0.0	0.0	0.0	0.0	0.0	0.0	0.0	0.0	0.0	0.0	0.0	0.0
212.13678814092248	0.4770844657980717	0.2276095875058315	45002.01688274663	374.1697534858239	-0.6265426790741344	0.3925557287013937	140003.0044236422	206.5774452454713	-0.3754833198528331	42674.24088414569	0.1409877234877049	234.82251479938344	177.01954143950945	0.927405	27.228867	0.3975581505818835	0.2632416508718758	0.1855206902	0.0073588686	0.0627191707	-0.0515998523	0.1760443838	-0.0903277799	-0.0190204827	-0.090140432	0.0690064279	-0.0358567686	0.0313985142	-0.1279964846	-0.1937546799	0.0282410984	-0.0087666933	0.0704072516	0.0070621084	-0.0039743822	-0.0263515544	-0.1577192706	0.0713228195	-0.0261919965	-0.0771016703	-0.1007552865	0.0551767973	0.0712893181	0.0292494004	-0.0395177254	-0.0173821377	-0.1198075821	0.0255857291	-0.0956699918	0.1211912838	0.0032643184	0.010049391	0.0812329057	-0.0183391221	0.1606828607	0.0432201216	0.0312437226	-0.014514552	0.0233600919	0.0687492358	-0.031827713	0.0180410987	-0.0337591538	0.0443077997	0.1003226453	0.0927830506	-0.0689163297	0.0190405087	0.011011996	0.0872477102	-0.0267435057	0.007649646	-0.1117366937	-0.1444871199	-0.1218050929	0.0005756506	0.091817573	0.0656692937	0.0237502257	0.0339035516	-0.0663400244	0.0067961293	-0.0914601981	-0.0421696733	0.1671353173	-0.0232493762	-0.0134272672	0.0655355754	0.0211920426	-0.0369009644	0.0691907609	0.0634945485	-0.0385606292	-0.0719562572	0.0753633301	-0.1752415212	-0.0018844394	-0.0030232048	0.008132698	-0.0199453797	0.0923441847	0.003270011	-0.0860322355	-0.0022815138	0.004039609	0.0297269773	0.0147069498	0.2100093599	0.0639374875	-0.0255196178	0.0183928003	0.0005420967	-0.0540964105	-0.0540942414	-0.0713396486	0.0698227032	-0.0031232625	-0.0919631585	-0.0047744951	-0.14141896	-0.0245625076	0.0035339151	0.0850248118	0.0675513075	-0.027060138	0.1359157218	0.061867779	0.0221688524	-0.0286488381	-0.089486338	0.0010931179	-0.0864713441	0.0495458668	0.0007853901	-0.0509041416	0.0872496007	0.1590125655763756	-0.0142027821279384	0.0002017190201736	0.0252849960111811	0.4686878459949781	0.2381858675388884	0.0567325074952528	0.2196682969834123	-0.3054621207364505	-0.0465143010997267	0.0933071072048098	0.002163580206796	0.0109702923794967	0.0009770848975275	0.0001203473148916	9.54694896976518e-07	-0.0014812776406913	0.0004703889909575	2.2126580281401506e-07	2.194183448811984e-06	0.0020541878997938	-0.0005256301078215	4.219687927659263e-06	2.7628701024844175e-07	0.0	0.0	0.0	0.0	0.0	0.0	0.0	0.0	0.0	0.0	0.0	0.0	0.0	0.0
212.5816712437288	0.4448831028063296	0.1979209751625872	45190.9669487768	375.8451454214264	1.6753919356025335	2.806938137882004	141259.57333685318	206.95878158563943	0.3813363401681329	42831.937275412405	0.1454174043328259	234.9576907725902	182.22297810673803	0.788173	23.140963	0.1247622582053231	0.0674723336003437	0.1560807445	0.0331012938	0.1174061691	0.0338278847	0.1263934077	-0.1029970758	-0.01845452	-0.1634766255	0.0377315767	0.0058597187	-0.079310004	-0.1451105532	-0.158314961	-0.0088576588	-0.0547919779	0.0453988733	0.0570115215	0.0231009881	0.0005347739	-0.1444358196	0.0930600498	-0.0095094762	-0.040339869	0.0020074935	0.030025331	0.0885052231	0.0388376615	-0.0028077859	0.062536859	0.037685087	-0.029482761	-0.1058610121	0.0175847031	-0.0748178928	0.0180634076	0.0110881874	-0.0616286007	0.0279954524	0.0593066015	0.0173476934	-0.1300187727	-0.0640730706	-0.041278413	-0.036003296	-0.0951209837	-0.0974782455	-0.0811404608	0.1225443479	0.0086958626	0.0244092547	0.087842225	-0.0145290249	-0.0024737332	0.1257336053	0.0697353232	-0.0636795807	-0.1917839895	-0.0697763894	0.0006110533	0.0594313354	0.0389442054	0.050437516	0.0228989726	-0.0409959064	0.0179602243	-0.049519564	-0.0795049059	0.1706253605	0.0427714303	-0.006676462	-0.0490173737	-0.0637304648	0.0902402474	0.0562685723	-0.1132708968	-0.0257679754	-0.0543860649	0.0321848432	-0.0267063445	0.0226928021	-0.0110227452	0.0338769208	-0.0034577269	0.0132157734	-0.0009517537	0.0202883475	0.1360467182	-0.0357563517	0.0309936885	-0.0763995412	0.2137416073	0.0559873669	-0.043206689	-0.0024066157	-0.0398176386	-0.0547571289	-0.0723177111	-0.05292295	0.0029938516	-0.0315571274	-0.0650503277	-0.1069816606	-0.084547029	-0.0417419905	-0.0264446315	0.1116368803	0.099469138	-0.0310390431	-0.0048819319	0.0500299566	0.0749817761	-0.0137997984	-0.0290476123	-0.0108381906	-0.0872496007	0.0522498565	-0.0039259816	-0.04539905	0.0831469612	0.1608716752018182	0.0018591096254425	3.456288599413266e-06	0.0258796958822392	0.4423635161158614	-0.0263243298791167	0.0006929703435845	0.1956854803903879	-0.2710658230388816	0.0343962976975689	0.0734766804197462	0.0011831052952997	0.010381475451554	-0.0005888169279426	0.0001077750325512	3.4670537463187765e-07	-0.001926975086876	-0.0004456974461846	1.9864621353556355e-07	3.713232985440768e-06	0.0018450518538573	-0.0002091360459365	3.40421634342226e-06	4.3737885709953844e-08	0.0	0.0	0.0	0.0	0.0	0.0	0.0	0.0	0.0	0.0	0.0	0.0	0.0	0.0
212.24602521764663	-0.3356460260821734	0.112658254824755	45048.37522068989	375.1547905209371	-0.6903549004892966	0.4765898886295866	140741.1168508082	207.19797731599635	0.2391957303569256	42931.00180384014	0.057214597420983	235.3925685701189	178.90004378508385	0.828906	24.336908	0.1828230587552994	0.0884660581142029	0.1768873444	-0.051012184	0.0487079194	-0.0554912575	0.1279564278	-0.035424453	0.0445609873	-0.0560688581	0.1123182752	-0.0012380512	-0.077861153	-0.1103467127	-0.2013687211	0.0066705511	-0.0673376979	-0.0558279387	-0.017893477	-0.0208256245	-0.0151336366	-0.147734002	0.104924876	-0.0415829536	-0.0249046183	-0.0582426739	0.0296428681	-0.0194791369	-0.0189357222	-0.0447160188	-0.0249692926	-0.1241796085	0.0794855729	0.0174861586	-0.0148638846	0.0136023221	-0.0749258934	-0.0590779235	-0.0599014725	0.0545500201	-0.1490815517	-0.0270320029	0.0087453425	-0.0693694911	-0.092330903	0.012930304	-0.0467617397	-0.0521537866	-0.0194859595	0.0286710842	-0.1294487456	0.0025626595	0.1045780764	-0.0136458117	0.043655686	0.1109989061	0.0728683288	-0.1055733584	-0.1396592486	-0.1329838647	-0.0265754539	-0.0137280222	0.0654622217	-0.008961431	0.1065036157	-0.0275276174	0.0935931196	-0.1425592507	-0.0542782916	0.0731304435	0.036511667	-0.0176583806	-0.009228933	0.0113095233	-0.0061261314	0.0398841587	-0.0075576685	-0.0097862633	-0.0370963747	0.1456838003	0.0003652301	-0.0741532286	-0.1162807446	-0.0072625356	-0.0207000196	-0.0438792721	0.0394276282	-0.0073342891	0.0164037646	-0.0554123701	0.0071362003	0.0001450175	0.2086015503	0.0370685681	-0.0158610014	0.0740285716	0.0737625283	-0.0114817599	-0.0497190376	-0.0987199488	-0.0320976796	-0.0279334443	0.0047034635	-0.0776416423	-0.1705327565	-0.0245211797	-0.0243856769	0.0898779279	0.0191891587	-0.063871062	0.0999107631	-0.0053504696	-0.0001384287	-0.0110883289	-0.0641416017	0.0077290849	-0.0880063298	0.0549022818	-0.0086286366	-0.0397147891	0.0785316931	0.1904139913654035	0.0295423161635852	0.0008727484443092	0.0362574881077039	0.4818127351458656	0.0394492190300042	0.0015562408820772	0.23214351174874	-0.2984082552313865	-0.0273424321925048	0.0890474867902403	0.0007476085982017	0.0106895833713	0.000308107919746	0.0001142671926519	9.49304902102076e-08	-0.0026469729205413	-0.0007199978336653	5.18396880482725e-07	7.006465642078939e-06	0.0025467279278301	0.0007016760739727	6.485823138389795e-06	4.923493127858822e-07	0.0	0.0	0.0	0.0	0.0	0.0	0.0	0.0	0.0	0.0	0.0	0.0	0.0	0.0
213.1245859829373	0.878560765290672	0.7718690183081311	45422.08915039844	376.1631696972298	1.008379176292692	1.0168285631807283	141498.73023666692	207.2063690476601	0.0083917316637496	42934.47937391512	7.042116031637803e-05	234.89525111373123	185.1996093364856	1.12965	33.166809	0.3362324002592858	0.2087861615805669	0.1286816566	0.1136089389	0.0786500084	0.0905658111	0.1063560364	-0.0964859441	0.0041243667	-0.0764250561	0.158282416	-0.0046291826	-0.0130458091	-0.0787661888	-0.1497042746	-0.0719317571	0.003417145	0.0018381826	0.0906724567	0.0664602469	-0.0382230177	-0.0310380243	0.0003058373	-0.0706393095	0.0688644641	0.0761284867	0.0241373099	-0.009884582	0.1129973935	0.0342355563	-0.0265176055	-0.0418224602	-0.1006643105	-0.0160165183	0.031151508	-0.0774160115	-0.0147363039	-0.0176451449	0.0734283351	-0.0608263733	0.0005964047	-0.0086703231	-0.0274463044	-0.0332067706	-0.0273022658	-0.0115900589	-0.0039299433	0.0794257637	0.0730938103	0.1014309242	-0.0189416934	0.0498744625	0.0358655923	-0.0582621803	0.0229959225	0.0076501468	-0.0399781275	0.0153821002	-0.1876972511	-0.0711517506	-0.0675840274	0.03345597	-0.0474253508	0.0563066638	0.0013393313	-0.0804035575	-0.0156818362	0.023772375	-0.0754790309	-0.0261489496	-0.0749730281	-0.0214160658	-0.0210146492	-0.0177165072	0.0310119281	0.0378252494	-0.071334961	-0.123761293	0.0583688578	0.018189026	-0.0939529854	0.0693789695	-0.1108232555	-0.0341366504	-0.0182246434	0.0061481654	-0.0286173241	0.0457015219	-0.0222450405	0.0799307359	-0.0496508749	-0.0334518385	0.1893352662	0.0004276479	-0.0610790062	-0.1468998847	-0.0881389618	0.0079428963	-0.0848696006	0.0080686348	-0.0800402321	0.016930408	-0.0449456952	-0.0432160779	-0.0532279483	0.0588401879	0.0405558416	0.0432774322	0.0096039254	-0.0361915438	0.0424551881	0.1384664992	0.0439233943	-0.0664949974	0.070091401	0.1167839489	-0.0887413447	0.0575005252	-0.0133121339	-0.033873792	0.0734322509	0.229257370327204	0.0388433789618005	0.00150880808917	0.0525589418493447	0.3128215394392555	-0.1689911957066101	0.0285580242263497	0.0978573155371456	-0.2288934929767663	0.0695147622546201	0.0523922311271049	0.0048323021713163	0.0096602570193546	-0.0010293263519454	9.33205656799898e-05	1.0595127388092265e-06	-0.0027113689403825	-6.439601984120028e-05	4.14684737138826e-09	7.351521530870922e-06	0.0026306668227686	8.393889493850002e-05	6.920407932415441e-06	7.045738083496545e-09	0.0	0.0	0.0	0.0	0.0	0.0	0.0	0.0	0.0	0.0	0.0	0.0	0.0	0.0
213.3249484221172	0.2003624391798837	0.0401451070341126	45507.53361929896	375.7034447715191	-0.4597249257107023	0.2113470073197108	141153.07841318593	207.20299195855887	-0.0033770891012352	42933.07987657861	1.1404730797681857e-05	235.494117004616	182.6563395505864	1.288068	37.81802	0.1454636274016013	0.0801324925893297	0.1616292377	-0.1341666262	0.1473594109	-0.0554659482	0.0823348786	-0.1739750076	-0.0238372731	-0.0606222289	0.115458983	-0.0726919126	-0.088709866	-0.1045995663	-0.1456683846	-0.0683800278	0.0004622142	0.0067454582	0.0590311722	0.0022882357	-0.0189125602	-0.0783027081	-0.0081375411	-0.0522889733	0.0241600598	0.0283298332	-0.0080434932	0.0266555518	0.0406429859	0.0228383348	-0.0305815485	-0.0097436684	-0.1047881136	-0.0500863562	-0.1594929939	-0.0539650401	0.0603073037	0.004456095	-0.0749602	0.030096851	-0.1757113482	0.03831124	0.0436745446	-0.0166840489	-0.034381766	-0.1220190198	0.0230653294	-0.0047965421	-0.0828601382	0.0095157894	0.0512149847	-0.0590308162	0.0428722006	-0.0007119055	0.0467149831	-0.0436683196	-0.1316587171	-0.0834208823	-0.1294912952	-0.0691290759	-0.0901707118	0.0607071363	0.0516331037	0.0562813152	0.0736488389	-0.0744675225	0.0640163759	0.0140547443	-0.0359317899	-0.0013743357	0.0293555827	-0.0789001991	-0.033059785	-0.0638766638	0.0803587446	-0.0099656378	-0.0505291847	-0.0122376128	0.0779986173	0.1797113344	0.0227666251	0.0550709813	-0.0586451142	0.0465177566	-0.0611947721	-0.0218349076	0.0285396125	0.0610560198	-0.0579478887	-0.0476658976	-0.0621022942	0.036686014	0.1967263054	-0.0273674471	0.0844883579	0.040971359	0.0560519466	0.0282196691	-0.078421154	0.0899709274	-0.0462401661	-0.073552227	-0.0594724392	-0.0620348042	-0.1085801561	-0.0047649476	-0.0712777452	0.0886318974	0.1190042992	0.0343742212	-0.0607025886	0.0781394705	0.0997534434	0.0074316416	-0.0832189466	-0.0222017539	-0.089454464	0.0600420225	-0.0179660749	-0.0278991106	0.0678800746	0.238414677950459	0.009157307623255	8.385628290692425e-05	0.056841558662221	0.3742138611040815	0.061392321664826	0.0037690171593974	0.1400360138424248	-0.2597076313603566	-0.0308141383835902	0.0674480537868068	0.000949511124323	0.0098667214704605	0.0002064644511059	9.735219257564622e-05	4.262756957046092e-08	-0.0028459391829718	-0.0001345702425892	1.810915019054301e-08	8.099369833174197e-06	0.003171629323672	0.0005409625009033	1.0059232566776107e-05	2.9264042738366084e-07	0.0	0.0	0.0	0.0	0.0	0.0	0.0	0.0	0.0	0.0	0.0	0.0	0.0	0.0
213.9854674988184	0.6605190767012061	0.4362854506862138	45789.78030068786	375.9488919432492	0.2454471717300634	0.0602443141102872	141337.56935335684	207.10769276297248	-0.0952991955863922	42893.59640160181	0.0090819366794134	235.1733759144047	187.5085253499868	1.309173	38.437672	0.2542296048776106	0.1416551278788967	0.090167486	0.009997875	-0.0356482733	-0.058025577	0.0646543146	-0.0305250354	0.1895836504	-0.1019180438	0.0910861911	0.0256751815	-0.0438527705	-0.0963449183	-0.1402308526	-0.0551910872	0.0624280023	-0.004250369	-0.0206325154	0.0035007522	-0.0562463171	0.1216833944	-0.0554397866	-0.0815403078	-0.0158466903	-0.0347076095	-0.0130769352	0.0061552853	0.0047137984	-0.1352511566	-0.0090603071	-0.0039241784	0.0509641646	0.1471010752	0.0122745453	-0.0584057793	0.0410390056	0.1157246841	-0.0601129006	0.041568673	-0.0090001226	-0.1224045776	-0.1791664987	-0.1899011002	-0.114894371	-0.0266482336	0.1142449888	-0.0242889209	-0.0112035706	-0.0864694264	0.045622941	0.0904261931	0.0277352362	-0.0419409912	0.0176982525	-0.0807514691	0.0248161741	-0.0858886511	-0.0926531033	-0.0831158521	-0.093764277	0.0917645513	-0.045522453	-0.0965760901	0.0805302276	-0.0133486586	0.0914519894	0.0420007443	0.0883302815	-0.0533321632	-0.0525590586	0.0605755288	-0.0584535809	-0.0237425158	-0.0607822488	-0.0003410983	-0.0208976243	-0.0494223898	0.064537047	0.0577006407	0.1649065948	-0.0484500506	-0.0266547323	-0.1536324729	0.0426944562	-0.0164994738	-0.0429109806	-0.1585352696	0.1251021015	0.0348299876	0.0178246938	-0.0606301339	0.1513447881	-0.0322566044	-0.0077380734	-0.1045581752	0.0523678697	0.1079585862	-0.0090006744	-0.0061637269	-0.0330046874	0.0060023314	0.0132679687	-0.06682799	0.0181517225	0.0265158582	-0.0383087825	0.0429615422	0.0319438459	-0.0925673382	0.1031335332	0.0176128713	-0.1136000489	-0.0211613668	0.1047493128	-0.0316322918	-0.0901455117	0.0625242656	-0.0225801267	-0.0218143241	0.0619093949	0.2997935300366947	0.0613788520862356	0.0037673634834239	0.0898761606518625	0.339062596183453	-0.0351512649206284	0.0012356114255202	0.1149634441306633	-0.2575351214662902	0.0021725098940663	0.0663243387886568	4.719799239816251e-06	0.0093585001891414	-0.0005082212813191	8.758152579015961e-05	2.582888707856292e-07	-0.0041637730629942	-0.0013178338800224	1.7366861353348934e-06	1.7337006120116102e-05	0.0044561137218641	0.0012844843981921	1.9856949502185523e-05	1.6499001691989218e-06	0.0	0.0	0.0	0.0	0.0	0.0	0.0	0.0	0.0	0.0	0.0	0.0	0.0	0.0
215.9547990479632	1.969331549144812	3.878266750457105	46636.47523184617	378.4941961835254	2.5453042402762094	6.478573675568051	143257.856544613	207.30601923358773	0.1983264706152567	42975.78561047665	0.0393333889467043	235.08069474083763	203.05935952065155	1.387761	40.745018	0.2650668895565405	0.1456061031810768	-0.0107101896	0.0256355296	0.1074183038	0.0675475297	-0.0494422616	-0.189684463	-0.0094700723	-0.0737734707	0.1563588872	-0.1340357682	0.0328952691	-0.0256237541	-0.0792870748	-0.02333229	0.0149292889	0.0473344794	0.1563296793	0.0207298969	0.0667556033	-0.0177181813	-0.082454769	-0.0817405129	0.0653777035	0.1020912477	-0.0461934457	-0.0640070526	0.0582890269	-0.0016410661	0.1044877509	-0.0117791537	-0.0205018174	0.1617114271	-0.0947712259	0.0323340016	0.0617444007	0.0914295118	0.0713055815	-0.0382548559	-0.0499995364	-0.0122473409	0.1090698992	-0.0652865141	-0.0874480005	0.0596577884	0.118418434	0.054383475	-0.0608718747	-0.0056087915	0.135340624	-0.0142130702	0.0104503152	-0.0038021069	0.0426725645	-0.070316293	-0.0576333866	0.057014446	-0.0963947022	-0.0183274608	-0.0109379663	0.1268349697	-0.0019585413	0.1433198903	0.0642977203	-0.0079876973	0.064443388	0.0987800877	-0.0883212118	-0.0875065676	-0.0180522374	-0.0653951011	-0.0070259293	0.0456693033	-0.0159748364	-0.0491543893	-0.0514600427	0.0068833554	0.0755294671	0.071447678	0.124877707	0.0124561937	0.0898721158	-0.1056313314	0.0244983238	-0.0706646835	-0.0610309193	-0.0011926395	-0.0258765732	-0.0709345699	-0.0315298062	-0.0316679813	0.0863053717	-0.0391292789	-0.0268980773	0.0201150368	-0.1591483927	0.0926063254	-0.0531891277	0.13766229	-0.0596763224	-0.0060506975	0.0161039788	-0.0015070258	-0.0478431978	0.1358673899	0.0064798623	0.0103952227	-0.0341176075	0.0376741874	0.0021398831	0.0254245265	0.0723381975	0.0289119147	0.0912215972	0.0311904993	-0.0908143174	0.0649448048	-0.027144045	-0.0156434465	0.0555570233	0.3241756216323495	0.0243820915956547	0.0005944863905789	0.1050898336607202	0.3683692004737509	0.0293066042902978	0.0008588770550281	0.1356958678576704	-0.3764835422736681	-0.1189484208073778	0.1417398576029288	0.014148726812569	0.0091789641755674	-0.0001795360135739	8.425338333634973e-05	3.223318017004308e-08	-0.0056799271612744	-0.0015161540982801	2.298723249731845e-06	3.226157255738266e-05	0.0043032083764541	-0.00015290534541	1.851760233118473e-05	2.3380044654951454e-08	0.0	0.0	0.0	0.0	0.0	0.0	0.0	0.0	0.0	0.0	0.0	0.0	0.0	0.0
215.9138139919986	-0.0409850559645974	0.0016797748124211	46618.77507257138	378.3518995539061	-0.1422966296192953	0.0202483308010109	143150.15989604904	207.43838721962203	0.1323679860342963	43030.68449227785	0.0175212837267756	235.424490833187	202.3672371642056	1.036497	30.431812	0.1560220601919066	0.1166664107945377	-0.0127418183	-0.0776338997	0.0323388119	-0.0738112758	-0.0577471503	-0.0814441498	0.1036686015	-0.0684748787	0.0687711321	0.0026876764	0.0701419106	-0.0599518793	-0.0308579727	-0.0520722764	0.0407622843	0.0171630892	0.1053029946	-0.0274306827	-0.0076852521	0.026357852	-0.122915649	-0.074074768	0.0992502243	0.0081092136	-0.0036789573	-0.0816175572	-0.0280521313	-0.0146007465	0.0250340455	0.0168283508	0.0624917591	-0.1932151741	0.048167873	0.0048955025	0.0518981531	0.0395979701	0.065442257	0.0072577011	0.0797937203	-0.0719372916	0.0561589311	-0.0131481634	0.0220801177	0.0654462939	0.0287096649	0.028787411	0.0511388077	-0.057100078	-0.0312845941	-0.0357349689	0.0301785954	0.0729287025	-0.0072342995	0.0555828781	-0.0614071158	-0.0170694858	-0.0412748668	0.0309982385	-0.0602128	0.117014909	-0.0125624869	0.0289799916	0.1341938575	-0.0004672932	0.0545435113	0.0185142085	0.0764963638	-0.1718283531	-0.0651815243	0.0611318094	0.0564408941	-0.0443623656	-0.1184952395	-0.0209226636	-0.0961472048	-0.0564665609	0.0299885845	-0.0801270634	-0.0331521641	0.0409831251	0.0798790116	0.1192722604	-0.0251532179	-0.0361236743	-0.0362957414	0.0266231823	0.0078290223	-0.0386782888	-0.0806781476	-0.0571686985	0.0997959161	-0.0409486595	0.0730914253	0.0451254089	-0.0439736444	0.0878718241	0.0459749122	0.0591998779	-0.0360160394	-0.0281452216	0.0526459956	-0.0553118427	0.1708656568	0.0540367891	-0.0223244644	-0.0493672942	-0.0233972241	-0.0302855129	0.0700799312	-0.0708296996	0.0093579457	0.0280771199	0.0118710961	0.0738823229	-0.091460716	0.0673012514	-0.0316476967	-0.0094108313	0.0488621241	0.3194088925769023	-0.0047667290554471	2.2721705888044287e-05	0.1020220406572031	0.3620416521073366	-0.0063275483664143	4.0037868329312326e-05	0.1310741578606097	-0.4630429398784983	-0.0865593976048302	0.2144087641713226	0.007492529313711	0.0101746978743747	0.0009957336988072	0.0001035244768348	9.914855989404645e-07	-0.005512284846699	0.0001676423145753	2.8103945636197222e-08	3.038528423114742e-05	0.0043072000663757	3.991689921599949e-06	1.8551972411786837e-05	1.5933588430202604e-11	0.0	0.0	0.0	0.0	0.0	0.0	0.0	0.0	0.0	0.0	0.0	0.0	0.0	0.0
215.83430746298623	-0.0795065290123773	0.0063212881555959	46584.44827802687	378.30800172276207	-0.0438978311440223	0.001927019579149	143116.94416746934	207.651557493193	0.2131702735709666	43119.16932934884	0.0454415655343207	235.2331860693129	204.58482011537984	1.016032	29.830954	0.778842167690569	0.4226493881421067	-0.0421965198	-0.0316742959	-0.0317397196	0.0298323692	-0.0616544295	0.0110916406	0.0766983767	-0.0164842992	0.1413650654	-0.09861372	-0.0248305838	0.0363805413	0.0002359857	-0.0393693739	0.0212102381	-0.0414372357	0.0290393228	-0.003011666	-0.0652532694	0.126939199	-0.0152850575	-0.098660479	0.0468973927	0.05353962	0.0009782186	0.0134550869	0.0655213519	0.0592414816	0.040938765	-0.075285492	-0.0065761465	-0.0163456109	-0.0122045721	0.0060424859	0.0074415695	0.0676298191	0.0697886145	-0.0263478785	0.0099811861	0.0124386576	0.0768135087	-0.2089617999	-0.0724390479	-0.037288786	-0.0065474758	-0.0262416881	0.0669048714	0.0576510954	0.0641423769	0.0362048726	-0.1618404938	-0.0381780326	0.0131595658	0.0297092453	0.0589598819	0.0701000434	-0.0023365493	0.0023655186	-0.046866711	0.0213000733	-0.0879978368	-0.0755047292	0.097108799	-0.0113215319	0.0576406437	0.0788270128	-0.0582357138	-0.1140359235	-0.0683429192	-0.0069581071	-0.0364823363	0.0731704727	0.0495784107	0.0478569649	-0.0403069522	0.0294675317	0.0648330612	0.0549062468	-0.0244941951	0.0588539269	0.0249080739	0.0001301892	-0.0033533462	-0.0201744805	-0.0920880476	0.0149021169	-0.0224088951	-0.096579939	0.0173939905	0.0320444622	-0.0190842898	-0.0626778827	0.0135514191	-0.1066443948	0.1033073348	0.110901478	0.0138655053	0.0660154869	-0.1240496234	-0.0195568596	0.0241600033	0.0488308123	-0.0929664875	-0.0742109804	0.0793502416	-0.0155246463	-0.0241945454	0.0510870956	0.0297735049	-0.0416338914	-0.0638456041	-0.0739537878	0.0761245636	-0.0007486102	-0.092084548	0.0695912797	-0.0360810826	-0.0031410759	0.0418659738	0.5102472189517613	0.1908383263748589	0.0364192668135572	0.2603522244480066	0.3132815574979162	-0.0487600946094203	0.0023775468263196	0.0981453342683201	-0.3687592058185487	0.0942837340599496	0.1359833518759267	0.0088894225082873	0.0084695837586559	-0.0017051141157187	7.17338490448878e-05	2.9074141476235044e-06	-0.008419008108498	-0.0029067232617989	8.449040120683412e-06	7.087969753095506e-05	0.0085945629417847	0.004287362875409	7.386651216029889e-05	1.838148042543533e-05	0.0	0.0	0.0	0.0	0.0	0.0	0.0	0.0	0.0	0.0	0.0	1.0	0.0	0.0
216.59769527034888	0.7633878073626477	0.5827609444299509	46914.56159642692	378.5299935179424	0.2219917951803154	0.0492803571273791	143284.95599269352	208.0298291835967	0.3782716904036931	43276.409830156415	0.1430894717608674	235.94482517242432	210.4897571131976	1.031537	30.2862	0.1933147741959687	0.1020922387593226	-0.0703257348	-0.0522619776	0.04513332	0.0287946954	-0.0752231395	-0.1167951566	0.0328775982	-0.0220763907	0.0357031684	-0.061171846	0.0276177774	0.0622997047	0.0724408477	-0.0701352368	0.0080113273	-0.0270387009	0.0203583926	0.1232301491	-0.0140419135	0.0043496812	-0.0905184196	-0.1280039719	-0.0194632099	0.1069155388	-0.1317375541	0.0948276089	0.0318283463	0.0064062073	-0.1115342426	0.0638870108	0.0777593294	0.0326017554	0.0886631129	-0.0821581818	-0.0400196257	-0.0110488691	-0.074951927	0.0355215143	0.0584078624	0.0594674247	-0.0798013467	-0.0133185271	0.0129553638	-0.0216964936	0.0496428905	-0.0185806218	0.057000261	-0.0619363332	-0.0030826476	0.0257844009	0.0245932208	-0.1098140887	-0.0945838814	0.0591604329	0.0413932465	0.0740891641	0.0241815551	0.0588599602	-0.0645550328	0.0180655452	-0.0276017951	0.0520327977	-0.0299947173	-0.1006434428	0.1168154151	0.0812899457	-0.0684280101	-0.1397684235	0.0085062521	0.0854218858	-0.2132631179	-0.0657588692	-0.0271390442	0.0743561723	0.027352088	-0.0018307038	-0.0262873924	-0.077282942	0.0219739458	-0.0461889151	-0.0328563032	-0.071438862	-0.0004820257	-0.0018093654	-1.33641e-05	-0.1088544004	0.0172672653	-0.0241867574	-0.0759306849	0.0299528247	-0.0418923825	-0.0686257634	0.0729193873	-0.0569922764	-0.0202012616	0.0162044073	-0.0246018875	0.2358717126	-0.1456905921	0.0441011943	-0.1029470174	-0.0253491773	0.0096513521	0.0021080192	-0.0890321453	-0.0782631663	-0.0483724862	-0.117749805	-0.0105473133	-0.1009246864	0.1060453832	0.0464974009	0.077736769	-0.0661070233	-0.0926856596	0.0718126298	-0.0404343596	0.0031410759	0.0346117057	0.5210128477138198	0.0107656287620585	0.0001158987626424	0.271454387482864	0.2246318561879121	-0.0886497013100041	0.0078587695423529	0.0504594708144268	-0.3949954610888397	-0.0262362552702909	0.1560214142807851	0.0006883410906078	0.0088616959445002	0.0003921121858443	7.852965501277128e-05	1.537519662875949e-07	-0.0086231800047424	-0.0002041718962444	4.16861632160345e-08	7.435923339418915e-05	0.0078375832468011	-0.0007569796949835	6.142771115053728e-05	5.730182586174638e-07	0.0	0.0	0.0	0.0	0.0	0.0	0.0	0.0	0.0	0.0	0.0	0.0	0.0	0.0
216.0698695396536	-0.5278257306952696	0.2786000019839952	46686.18852288293	379.72417594616894	1.1941824282265543	1.4260716718850694	144190.44979799708	207.76110140707164	-0.2687277765250542	43164.67525787951	0.0722146178760994	236.0228603165429	204.86933971001687	0.929847	27.300564	0.3493815381250249	0.1851367035791249	-0.035346214	-0.1571821947	0.0360310061	-0.0297909857	-0.0647296911	-0.0283630506	-0.0712963082	-0.0002511648	0.0888781085	-0.1105670887	-0.1257185148	0.0167822026	0.0128735116	-0.0581902636	0.0234877417	-0.0528715852	0.0432988826	0.0009964899	-0.0133099374	0.0454493524	-0.0972579416	-0.1165236452	0.0169535081	-0.0571451263	-0.0483743614	0.0435930889	-0.043528972	0.0717080461	-0.0296873896	0.0167473154	-0.0503163229	0.1014523752	-0.0360075835	-0.0939337383	-0.0503269465	0.0238593098	0.0170888386	0.0797238568	0.0090779476	-0.0458702546	0.1036749937	0.0177906698	-0.0018242795	0.0017054035	-0.0241769387	-0.0630941993	0.0289214332	-0.0468542486	-0.096027416	-0.004834917	-0.0025347025	-0.0029616882	0.0415715386	0.001708022	0.0885221475	-0.0065571639	0.0238071376	0.0178604551	-0.0768500323	-0.0041425359	-0.023704156	0.0125730435	0.0609943358	-0.0534654676	0.1226447028	0.1291839163	0.0041641501	-0.0917383795	0.0433919387	-0.0483384328	0.0126377067	-0.0289656248	0.0930203894	0.0324574451	0.0623166839	0.0632214861	0.0340325744	0.0121217898	0.0188210778	0.0347773152	0.0103644137	-0.1366594041	-0.0081117604	0.0042542626	-0.0306154763	-0.0361719479	-0.0097931287	0.0452403289	-0.0485639296	0.0806301434	0.0331341886	-0.0665336697	0.1086944152	0.0244179491	0.0788752724	0.1073842993	0.0403427891	0.1654064157	-0.0989701976	-0.0819429998	-0.0128273272	0.0253154551	0.0585016132	-0.0402059399	0.0380465936	-0.0034314807	-0.0544309081	0.0024047374	0.0296183069	-0.0633052466	0.0220026752	-0.0704479533	-0.0623902108	0.0093785341	-0.0932639023	0.0739631095	-0.0446978621	0.0094108313	0.027144045	0.4468832216712286	-0.0741296260425912	0.0054952014572144	0.1997046138112564	0.3390647995474438	0.1144329433595316	0.0130948985259257	0.1149649382921482	-0.4156413010577466	-0.0206458399689069	0.1727576911449763	0.0004262507080217	0.0090913989766087	0.0002297030321085	8.265353535188173e-05	5.2763482959839097e-08	-0.0072676986375654	0.001355481367177	1.8373297367640293e-06	5.281944348646998e-05	0.0066193050710067	-0.0012182781757944	4.381519962305502e-05	1.484201713616932e-06	0.0	0.0	0.0	0.0	0.0	0.0	0.0	0.0	0.0	0.0	0.0	0.0	0.0	0.0
216.01291225103373	-0.0569572886198841	0.0032441327269287	46661.5782591728	379.354640435419	-0.3695355107499267	0.1365564937052092	143909.94321988604	207.69485965932228	-0.066241747749359	43137.15472890557	0.0043879691448897	235.293211381834	213.08241858769955	1.103093	32.387104	0.1909075291824672	0.0957036713497949	-0.073352448	0.0327048547	0.0870506297	0.1272395528	-0.0500217343	-0.0087561611	0.0240870333	-0.0180830334	0.0771608239	-0.0442455001	0.0915212163	-0.0019173675	-0.0504254652	-0.0398993783	-0.0389329759	0.0010081391	0.1433638405	-0.0650609146	0.1052085276	0.1392691935	0.0458395563	-0.0306175094	0.0512948552	0.0691368603	0.016214441	0.1256241574	0.0536479588	-0.0582572776	-0.006718542	0.0547196214	0.0062417353	0.009680628	-0.0002368669	-0.1054311704	0.1285467144	-0.0957590632	0.0796088853	-0.0401306748	0.0278773037	0.0802414413	0.0741476368	-0.0532143218	0.0649821364	0.0513506659	-0.1106317921	0.0064832574	-0.0064013397	0.0201258702	-0.0712015599	0.0936032504	-0.0472799369	0.0866159306	0.0910768723	0.1115824852	0.0397349255	0.1130026447	-0.1015672287	0.0069522778	-0.0125602089	0.0109950033	-0.0704436743	0.0598908533	0.1012350679	0.1187388859	-0.0200779225	0.1052632742	0.0245875403	0.0109287055	-0.1733613848	-0.0185318133	-0.0753068095	-0.0426359137	0.0096826241	0.0299399188	-0.0419290598	0.0672441047	0.0048199939	-0.0449591758	0.0104968516	-0.0433502489	0.0226602685	-0.0364340403	-0.0824539999	0.070183351	0.0482775082	0.0864080125	0.0496318929	-0.029507692	0.0145019897	0.0185975956	0.0197284259	-0.0403329583	-0.0797091026	-0.0638344635	-0.0456942296	0.1335746978	0.0577683177	0.1222691758	-0.0232531932	-0.0896719148	0.0868289965	-0.0302670362	-0.0255874482	-0.0384462587	-0.0301360364	-0.1210949796	0.0498200421	-0.0681745735	-0.0729213952	-0.1148269498	-0.0989063534	0.0041110253	0.042004245	0.0201709019	-0.0938191336	0.0760405966	-0.0488621241	0.0156434465	0.0195090322	0.4384959990619279	-0.0083872226093007	7.034550309796565e-05	0.1922787411933182	0.4170854619921869	0.0780206624447431	0.0060872237683165	0.1739602826052359	-0.3807148598187382	0.0349264412390084	0.1449438044868014	0.0012198562976219	0.0084851726904539	-0.0006062262861548	7.199815558682467e-05	3.6751031002504253e-07	-0.0077062608225388	-0.0004385621849733	1.923367900886422e-07	5.9386455864996376e-05	0.0069659806576668	0.00034667558666	4.852488652298798e-05	1.20183962386124e-07	0.0	0.0	0.0	0.0	0.0	0.0	0.0	0.0	0.0	0.0	0.0	0.0	0.0	0.0
215.060266850662	-0.952645400371722	0.9075332588493984	46250.91837787795	378.29149235021447	-1.0631480852045456	1.1302838510740918	143104.45318455237	207.4918249043337	-0.2030347549885789	43052.85740213067	0.0412231117332722	235.91140980954404	202.5089604313127	1.312827	38.544945	0.370672703299684	0.2328706075610407	-0.0172318623	-0.0952988473	-0.0846528441	-0.1112108288	-0.0080983591	-0.0039881156	-0.0405178819	0.0606777055	-0.0579549157	0.0713711371	-0.0534873183	0.0094495669	-0.0131947318	0.0084716266	0.0152255793	-0.0386051337	0.0148062885	-0.0641622124	0.0878366234	0.0734191103	-0.03679566	-0.0523294666	0.0679261466	-0.0438109996	0.0074995709	0.0183605945	-0.1023416981	0.0486309232	0.0268371982	-0.0870780885	0.0511787861	0.1096276929	0.0160117434	0.0280750681	0.07574769	0.0624959511	0.117283079	0.0553142446	0.0459202848	0.0515340073	-0.0115794922	-0.0567222516	0.0054949174	0.0932991762	-0.0562773918	0.0565323901	0.05950738	0.1052160672	0.0912169595	0.0341341589	0.0168038374	-0.0543506906	0.0453829463	-0.0070076881	-0.0345786425	-0.0470828182	0.0562367193	-0.0203909897	-0.0195302615	-0.0146016246	0.0525704916	0.0176018747	0.0726496398	0.0761835613	0.066923106	-0.0085950908	0.1301295669	-0.1235231137	-0.0795617135	0.0105429336	0.0550825796	0.0370229933	0.1096342881	-0.0472026605	0.0050344599	-0.0457915109	0.0835937281	0.0232649118	-0.0711229114	-0.0614753497	0.0424054431	-0.1279823877	0.0285525228	0.0501049686	0.0474651341	0.0581295571	-0.0214620809	-0.0372156892	0.1540238677	-0.0253510584	-0.0184038502	-0.0276203058	0.0480035174	0.1460111502	0.062442218	0.0784215977	0.0115139175	-0.0260906758	-0.0722645484	0.0281208007	0.1681101155	-0.018435573	0.013160379	-0.005348158	0.1110309389	-0.0613574576	-0.1400552036	-0.0636538791	0.0926491076	0.0077503912	-0.0126939734	-0.1473148494	-0.0026747971	-0.0461190223	-0.0943512164	0.0780430407	-0.0529179001	0.0218143241	0.0117537397	0.4707222446427437	0.0322262455808158	0.001038530904235	0.221579431601503	0.419176712951085	0.0020912509588981	4.373330573092292e-06	0.1757091166804763	-0.5814722725898633	-0.2007574127711251	0.3381100037908203	0.0403035387825559	0.0089058752940377	0.0004207026035837	7.931461475295108e-05	1.7699068066218754e-07	-0.0087232414127567	-0.0010169805902179	1.0342495208799491e-06	7.609494074523351e-05	0.008240253343642	0.0012742726859752	6.790177516740315e-05	1.623770878222451e-06	0.0	0.0	0.0	0.0	0.0	0.0	0.0	0.0	0.0	0.0	0.0	0.0	0.0	0.0
214.19641777806228	-0.8638490725997201	0.7462352202313965	45880.105388954194	376.8128975379548	-1.4785948122596435	2.1862426188411312	141987.95975094923	207.1304825143063	-0.3613423900274028	42903.036786609344	0.1305683228307157	235.0271299708713	201.41356485385285	1.335553	39.212181	0.6559618881372518	0.354739339667484	0.0100622887	0.0108961199	-0.0416574144	0.0873021679	0.0508314823	0.0978833257	0.0197387611	0.0880426552	0.112824252	0.0260693284	0.072227208	0.0675851678	0.0230163847	-0.0410230043	0.080513686	-0.0192216496	-0.0421947724	0.1456205427	-0.1737248292	0.1118211352	0.0027463908	-0.038123959	-0.0459843312	0.1096104128	-0.0060279263	0.0467101753	0.023331483	0.020974008	-0.0493619778	0.1181185574	-0.0739727405	0.104110986	-0.0835934396	-0.032528146	-0.1236529165	-0.0960514386	0.0861913653	-0.1075353488	0.0030919712	-0.1038979534	-0.0918388402	0.0727114888	0.0683969002	0.072963494	0.1265627321	-0.1124737158	-0.0045810396	-0.0686129185	0.0045451141	-0.0215583456	-0.0276620742	-0.078693635	-0.0023785852	-0.0697118924	-0.0015367319	0.0827636679	0.009835149	-0.0152294182	-0.049339642	-0.0278140192	-0.1581065909	-0.118002332	-0.0999600615	-0.1243039172	-0.0625679743	0.1072965069	-0.0954806683	-0.0726948885	-0.0874953933	0.0405798668	-0.0347729923	0.0537927543	-0.0172183773	-0.0290833608	0.0550642894	0.0995386881	0.1073595531	-0.1672256834	0.0879218178	0.0452243861	-0.0608558825	0.0162444032	0.0576347049	-0.1364485889	0.0177560346	0.0978980791	0.0012398033	0.1489557503	-0.0232153623	0.1030441409	-0.0332308759	-0.0610499105	0.0250217007	-0.2149610906	0.0942918648	0.0129342121	-0.0342587364	0.093679616	-0.1043108226	0.0348383297	-0.1469820577	0.0912641952	4.2736e-05	-0.0630637808	0.0318187097	-0.1110522077	-0.0212702899	0.0025988668	-0.0056689694	-0.0253657719	-0.0954992861	-0.0004962642	0.0652543054	0.0291499643	-0.0948600195	0.0799684658	-0.0568561851	0.0278991106	0.0039259816	0.5355976744831423	0.0648754298403986	0.0042088213969764	0.2868648689117501	0.1775002403126393	-0.2416764726384457	0.0584075174269613	0.0315063353110447	-0.3795925863336009	0.2018796862562624	0.1440905315994322	0.0407554077229269	0.0083095205436676	-0.00059635475037	6.904813166563387e-05	3.55638988288984e-07	-0.0107610462302771	-0.0020378048175203	4.152648474309348e-06	0.0001158001159701	0.0085566997637944	0.0003164464201524	7.321711084771915e-05	1.0013833682726957e-07	0.0	0.0	0.0	0.0	0.0	0.0	0.0	0.0	0.0	0.0	0.0	0.0	1.0	0.0
214.6488589580377	0.4524411799754091	0.2047030213375405	46074.13265198756	376.1797450476791	-0.6331524902757337	0.4008820759423631	141511.20058413685	206.8123348509621	-0.3181476633442059	42771.34184650647	0.1012179356913782	235.26945946285795	200.3568573012249	1.314226	38.586018	0.5488791598847034	0.3376688678460241	0.0139451346	0.0076553442	0.0012700214	-0.0546257364	0.0460970511	-0.1165114065	-0.0393629897	0.0346526599	-0.1452722717	-0.0524894752	-0.0187287872	0.0231063178	-0.0371166396	0.0633606756	0.0233871908	0.0765963352	0.0040908341	-0.0818631247	0.0863607343	-0.0236585192	-0.0641249114	0.0303507002	-0.0117659736	-0.0413216051	-0.0933356181	0.0890226482	-0.0558897383	0.007900755	0.0040307636	0.0416975613	-0.0703563301	-0.0247771802	-0.0448083304	-0.033438994	0.0143589058	-0.0227417938	-0.0649992844	-0.0395588836	-0.013298627	0.0401547928	0.0227065032	-0.0298780482	0.0768597651	0.0100107177	0.0139491718	-0.0043017189	0.076418865	-0.0190264007	0.0832360234	-0.1555004311	-0.0223432148	-0.0148741313	-0.0358867269	0.0262189318	-0.0689737344	-0.0379167626	0.0466316943	-0.0630916793	0.0489130806	0.0602524251	0.1151263942	0.0880617416	-0.017018291	0.0565927673	-0.0190663677	0.0675034246	0.0698882404	0.0086843924	0.0862848024	-0.0364669371	-0.0248574276	-0.0933595613	0.0936533624	0.0112147098	0.0694507095	0.0510544456	-0.0587236978	-0.0256765045	0.0074959672	-0.002091085	0.0259321011	0.0024580139	0.0649984798	0.0041419736	0.0240859723	0.0405773217	-0.0932483009	-0.032635284	-0.0875071066	0.0446990947	-0.0511948905	-0.0002301197	-0.0334039016	0.1054818914	-0.0448671824	0.0279506735	-0.0618093791	0.0865011293	0.0920030962	0.0421598103	0.070144331	-0.0108701081	0.0139326096	0.0188506559	0.0050950051	0.0302868475	0.0005608066	0.0371484922	-0.052457442	0.0418409854	0.0870370813	-0.0038639497	-0.0284224304	-0.1933331589	-0.0953454172	0.0818149717	-0.0606682351	0.033873792	-0.0039259816	0.5395943266054957	0.0039966521223533	1.597322818711145e-05	0.2911620373048383	0.4506722755613737	0.2731720352487343	0.0746229608419357	0.2031054999596667	-0.5531659227894465	-0.1735733364558456	0.3059925381354999	0.0301277031284142	0.0087794898685695	0.0004699693249019	7.707944235231451e-05	2.2087116634874878e-07	-0.009690113298423	0.001070932931854	1.1468973445296168e-06	9.389829573627428e-05	0.0089785402281938	0.0004218404643994	8.06141846292944e-05	1.7794937740470198e-07	0.0	0.0	0.0	0.0	0.0	0.0	0.0	0.0	0.0	0.0	0.0	0.0	0.0	1.0
214.5038903110272	-0.1449686470105007	0.0210159086160551	46011.918958565184	374.896357198332	-1.2833878493470934	1.6470843718517576	140547.27864057934	206.69863604252853	-0.1136988084335541	42724.32614184167	0.01292741903921	234.5830841689735	196.18228957409835	1.139169	33.446304	0.3839519444496053	0.2414062177831609	0.031042906	-0.0614483001	-0.070980978	-0.0212631729	0.0655992509	0.0665946666	0.1410463657	0.0077376277	0.0624641111	0.0255408764	0.0001373675	0.0033390499	0.0230288786	0.022706897	0.1085123621	0.0739838541	-0.0889092288	0.0752078636	-0.1063513564	0.054100856	-0.035024509	-0.0844766961	-0.049898985	-0.0051118945	-0.024114427	0.0192225921	-0.0738049576	0.0014307135	-0.0856384051	-0.0368628723	-0.0417593388	0.0741398475	-0.0520585993	-0.0215618553	-0.0610472465	-0.0176058902	-0.0756636236	0.0133774281	-0.0117851615	0.0794234368	0.0293133683	0.0329246272	0.0189722469	-0.0157263904	0.0174385765	-0.0320111586	-0.0379960784	-0.0552184141	-0.035932082	0.0087580358	-0.0783189798	-0.031335277	-0.0086827158	0.0442524884	0.0424593124	-0.0241104129	0.0402551549	-0.0196736813	0.007206722	0.0964777615	-0.0664877329	-0.1451488016	-0.0737023954	-0.0586052375	0.035893326	0.0629764366	-0.0627566866	-0.0571315138	0.0280437062	0.037498682	0.0058850327	-0.0208729899	-0.0128655876	0.012791216	0.1412244971	0.0808839397	-0.0199444692	-0.0019899973	0.0749990807	0.014542505	-0.0426304811	-0.0315277062	0.0684902779	-0.0571076549	0.0710420366	-0.0014571352	0.0635359646	0.0211658126	-0.0148301456	0.0971689679	-0.0155364533	-0.0459991397	0.0702597154	-0.0682426639	0.1359293729	0.0633258343	-0.0144981747	0.0430636712	-0.1126423025	0.0668499935	-0.0745802421	0.0478749314	-0.0116744108	0.0144789651	-0.040205377	0.0307771629	0.0163433114	0.0230173297	0.0508951716	-0.0515036587	-0.0818720241	-0.0430306537	-0.0187216244	-0.1143732095	-0.0958072899	0.0835807361	-0.0643455865	0.0397147891	-0.0117537397	0.5454594541309064	0.0058651275254106	3.439972088933006e-05	0.2975260161007863	0.2569551524279774	-0.1937171231333962	0.0375263237950794	0.0660259503592851	-0.4218871911405983	0.1312787316488482	0.1779888020485037	0.0172341053833303	0.0084355896693503	-0.0003439001992192	7.11591730696495e-05	1.1826734702300637e-07	-0.0094862850928099	0.0002038282056131	4.154593740345651e-08	8.998960486206732e-05	0.0084644493901871	-0.0005140908380067	7.164690347903877e-05	2.642893897224316e-07	0.0	0.0	0.0	0.0	0.0	0.0	0.0	0.0	0.0	0.0	0.0	0.0	0.0	0.0
215.93359650999903	1.429706198971843	2.0440598153785148	46627.31810174307	377.0845384274864	2.188181229154395	4.78813709162364	142192.74912107046	207.08665052499504	0.3880144824665024	42884.88082566143	0.1505552386037477	234.5430911859354	211.0855285214206	1.366667	40.125698	0.482150900620812	0.2446751655333318	-0.0790431136	0.1413071563	-0.0221887754	0.0373297423	-0.0539992495	-0.0852470993	0.0631890308	-0.0231750436	-0.1078611272	-0.0950251632	0.0390416642	0.0360652195	-0.0111998027	0.0552178921	0.002716566	0.0731620531	0.0850089567	-0.0283415892	0.059735351	-0.0114511965	-0.037202794	0.0675125135	-0.0294300658	0.0286532585	0.0792689107	0.0476246673	0.0382605228	-0.0289730684	-0.0181572912	-0.036925383	-0.0336890562	-0.1160606786	-0.024766976	-0.0404065266	0.0653250213	0.1308096748	-0.092274372	-0.0562299629	0.0493849217	0.0657421048	0.0316082733	-0.0415363886	-0.0631816925	0.0562237136	-0.0251293846	-0.0858187578	0.0326503598	-0.0494785529	-0.0379403725	-0.0823438489	-0.0340202601	-0.0351233458	-0.0210512196	0.0851374002	0.024205878	0.0769686866	0.0032490101	-0.0196210982	0.0824010655	0.1022771871	0.0017684054	0.0836025341	0.0149990851	0.0590801837	-0.0464773814	0.0383884124	0.048113057	0.0663622306	-0.002404609	0.0582757229	-0.0415315881	-0.0480163588	-0.0359726414	0.0991938816	-0.0884142733	0.0558512296	-0.0052951368	0.094228662	0.0157445424	0.1357003117	0.1067467202	-0.0010784086	0.0925243129	-0.021836792	-0.0120160988	0.0084425325	0.0106423176	-0.1136965752	-0.0121032145	0.0469288388	-0.0829495029	0.0246654913	-0.1169724355	-0.0233324947	-0.1264006538	-0.0021288682	0.0011653781	0.0095555908	0.1393116622	-0.0033396261	0.0698690792	-0.0592037481	0.0111356204	0.0654634214	0.0280051368	0.0489372878	0.0594109128	-0.0531842588	-0.1001008366	0.0604674614	-0.0114472811	0.0082917739	0.0850592509	-0.0995272759	-0.0962455236	0.0852640164	-0.0678800746	0.04539905	-0.0195090322	0.5792036423409996	0.0337441882100932	0.0011386702379581	0.3354768593010806	0.4511671941670556	0.1942120417390782	0.0377183171564614	0.2035518370925736	-0.5594228275298789	-0.1375356363892806	0.3129538999615247	0.0189160512770044	0.0078333409780494	-0.0006022486913008	6.136123087838793e-05	3.627034861736466e-07	-0.0101040546787247	-0.0006177695859148	3.816392612813434e-07	0.0001020919209506	0.0095776117986186	0.0011131624084314	9.17306477650382e-05	1.2391305475450169e-06	0.0	0.0	0.0	0.0	0.0	0.0	0.0	0.0	0.0	0.0	0.0	0.0	0.0	0.0
215.46100082791287	-0.4725956820861654	0.2233466787264879	46423.44287776587	378.3084366413056	1.2238982138192114	1.497926837789856	143117.27323398873	207.3159739023719	0.2293233773768577	42979.91303508895	0.0525892114115286	235.6393941854452	206.4778822673761	1.084941	31.854151	0.20949981131308	0.122033724183866	-0.0395019151	-0.051924414	-0.0480702984	-0.0728627957	-0.0575902357	0.0145922069	-0.0057891438	0.0658039222	0.0098884784	0.0254509833	-0.0167003933	0.0441440151	0.0654345808	0.0353609801	-0.0001432576	0.0089365264	-0.0188133649	-0.0381145404	0.0171821918	-0.0481388873	-0.0379720541	0.0601895873	-0.0202520532	-0.0273685839	-0.0105516396	0.0053855361	-0.0796951882	0.0326641514	0.0099765759	-0.0468424304	0.0202525969	-0.0046849523	-0.0052607742	0.0107600019	0.0659725472	-0.0369266024	-0.0027293214	0.0365700448	-0.0587099327	0.0436618229	-0.0622117457	0.0733969765	-0.006212051	-0.1114995366	0.0476378452	0.0250295494	-0.0054336249	-0.0612150445	-0.0505426337	-0.0824011688	0.0470536552	0.069374423	-0.0012294452	0.0087315388	-0.0401699187	-0.0100280387	0.0997288359	0.020448281	0.0280490273	-0.0044005876	0.0483674248	0.009835475	0.0047400633	-0.0115504064	-0.0166373871	-0.0137179926	0.0670881067	0.0330060077	0.0006769974	-0.0101760373	0.0316091765	0.006454111	0.0010372836	0.0068539909	0.0459364245	-0.1124728968	-0.0126292896	0.0817140639	0.0563207819	-0.0526563293	0.0556152252	-0.0485846205	-0.0099848384	-0.0668753705	0.0240319392	0.0678727135	0.0270389822	0.0064150482	-0.0546785668	-0.0006903866	-0.078202507	0.0078598605	0.0272705322	0.0907289386	0.0017358293	-0.0298043224	0.0135929824	-0.0399473941	0.0019249449	0.015401301	0.0223457389	0.0054856665	-0.0533116261	0.0757294254	0.0121508531	0.0286029926	-0.0093048593	-0.0169755961	0.0361840852	0.0644196359	0.0018629815	-0.0661557102	-0.0612187403	-0.1108379424	-0.0966600102	0.0868631514	-0.0712638519	0.0509041416	-0.027144045	0.5770430913534597	-0.0021605509875399	4.6679805697599725e-06	0.3329787292787572	0.3858106445845521	-0.0653565495825034	0.0042714785733302	0.1488498534747475	-0.6519412167262004	-0.0925183891963215	0.4250273500664386	0.008559652339482	0.0081950626533402	0.0003617216752907	6.71590518921713e-05	1.3084257037518266e-07	-0.0102172630627079	-0.0001132083839832	1.2816138204087925e-08	0.0001043924644925	0.0100919681702789	0.0005143563716603	0.0001018478215499	2.64562477067549e-07	0.0	0.0	0.0	0.0	0.0	0.0	0.0	0.0	0.0	0.0	0.0	0.0	0.0	0.0
215.18718706990737	-0.2738137580055024	0.0749739740730958	46305.52547905931	376.7101644339464	-1.59827220735923	2.554474048816945	141910.5479878509	207.27832667998567	-0.0376472223862265	42964.30471125486	0.0014173133533979	235.36155982155933	205.82455168317168	0.957956	28.125849	0.324585385151181	0.1764372720644627	-0.0424539839	0.0042268638	-0.1103042167	-0.0304581113	-0.0088258402	0.1106396284	0.0787359217	0.0083378238	-0.0523839529	0.0421699936	-0.1198007976	-0.0081198073	0.003739155	0.0605896277	-0.0432857195	-0.0221570362	-0.0135041209	-0.1987969028	0.0512592661	0.1351911664	0.0349200627	0.0634808341	0.0056365246	-0.1321352417	0.0707347009	0.0814563972	-0.1097026479	-0.1171373403	-0.0224828225	0.0263968695	-0.0586950757	-0.1210940702	-0.0322748034	-0.0363790984	0.0004083026	-0.0440150446	-0.0994288316	-0.0550022886	-0.1625172955	0.0381475461	-0.053039481	-0.0110856052	0.0082176477	-0.0532182477	-0.0626361079	-0.1584513062	-0.0517106222	-0.0999090474	-0.035919753	-0.020623174	-0.0553870706	0.0471636976	-0.0154559215	-0.1717029737	-0.0607093689	-0.0412142044	0.0389089514	-0.01045121	0.0579883999	-0.0373944349	0.0094787357	-0.0916020402	0.1024680482	0.1544885525	-0.0182911602	0.0447645774	0.1822811118	0.1357113566	0.0385424506	-0.0431916993	0.0267730352	-0.1612973964	0.1158551929	0.0287177778	-0.0299115722	0.0057209244	-0.1559436538	0.1047135027	0.0535495385	0.0433346371	-0.1220940306	-0.0028067486	0.0605071077	0.0004785288	-0.0497150211	0.0580818782	-0.0517717773	0.0027546657	-0.0118048736	0.0630438987	-0.0525595903	0.026549324	-0.0705872845	0.0269958949	0.0700016786	0.0565410943	0.0623600039	-0.0700143127	0.1571359482	-0.0479422814	0.1013877015	-0.0658200706	0.0316345946	-0.0824040453	-0.0744587997	0.0684188727	0.1014859681	0.0598126123	-0.0654814117	0.0609266504	-0.0627484964	-0.1964098369	-0.0344094092	0.0123428237	-0.0970506473	0.088376563	-0.0744894057	0.0562083378	-0.0346117057	0.5859834032121967	0.008940311858737	7.992917613147351e-05	0.3433765488401478	0.5236870851293389	0.1378764405447868	0.0190099128573001	0.2742481631312635	-0.5564446176160232	0.0954965991101772	0.3096306124738422	0.0091196004416099	0.0079997717983882	-0.0001952908549519	6.399634882628718e-05	3.8138518027882644e-08	-0.0109939889560477	-0.0007767258933398	6.03303113384511e-07	0.0001208677931656	0.0094185442458211	-0.0006734239244577	8.870897571048976e-05	4.534997820321442e-07	0.0	0.0	0.0	0.0	0.0	0.0	0.0	0.0	0.0	0.0	0.0	0.0	0.0	0.0
216.1149641044404	0.9277770345330224	0.8607702258068892	46705.67770986356	379.27387575102176	2.563711317075388	6.57261571730042	143848.6728272015	207.22272539290384	-0.0556012870818278	42941.25791926283	0.0030915031251558	235.391724935881	210.7143352626423	1.048966	30.797932	0.2942107381653219	0.1648515654742097	-0.0782343888	0.0430188065	-0.0362127503	0.0190091432	-0.0404611308	0.0276016785	-0.0360687441	0.0024129899	-0.0695189203	-0.0671983725	-0.1081328791	0.0080917216	0.0693290668	0.0437878101	-0.0119707726	0.0258499057	-0.0234957637	-0.0230437375	0.0224826891	-0.031706099	0.0274252653	0.0480020212	-0.0111826653	-0.0007432708	0.0875949711	-0.0630676734	-0.1231119011	0.0712266017	0.0014556036	-0.0555448682	-0.016247936	-0.0047499015	-0.0716713792	0.0684083044	-7.36213e-05	0.0279146129	-0.0217540496	0.044737716	-0.0573585705	-0.0393495185	0.1047990246	-0.1124198362	0.005125601	0.0388768503	-0.0407707646	-0.0073406021	-0.0428660154	-0.0086384613	-0.055644426	-0.0110997318	0.021333	0.0764711891	-0.0543947892	0.0215874454	-0.0177090801	0.0024746494	0.0463445747	0.0479743478	0.0615438565	-0.0069891285	0.0255425211	-0.012362053	-0.0222310131	0.0479681176	-0.0218570367	-0.0527474757	-0.020624766	-0.0176139814	0.1061419018	0.0292419055	0.1062672636	0.0125870236	0.1039112238	-0.0382040959	0.0664047426	-0.0031219667	0.0067119423	0.1703063621	0.0522772057	0.0182931932	0.0568192956	-0.0086514515	0.0568897369	-0.0022857361	-0.0604345419	-0.0283724937	-0.0266152078	-0.0765664202	-0.0133145395	-0.0484107583	-0.0802428816	0.023758985	-0.0329013397	0.0428525656	-0.063149233	-0.0428530054	0.0424590186	-0.0893814505	-0.0063909004	0.0691682949	0.082808183	-0.0162982706	0.0410226257	0.1569227124	0.1130486167	0.1269359794	-0.0108042178	0.0364328558	-0.0787031895	0.1137916899	0.0128999708	0.0488860527	0.0095153195	-0.0012809864	-0.0974173387	0.0898027576	-0.0775495743	0.0612907054	-0.0418659738	0.5894373471267613	0.0034539439145646	1.1929728564958255e-05	0.3474363861878341	0.3915017113451711	-0.1321853737841678	0.0174729730424601	0.1532735899861976	-0.6411437950476326	-0.0846991774316094	0.4110653659280807	0.0071739506575912	0.0085577423658028	0.0005579705674145	7.32349543994561e-05	3.1133115410097e-07	-0.010501508016623	0.0004924809394247	2.425374756966362e-07	0.0001102816706231	0.0098455375996814	0.0004269933538602	9.693461062674018e-05	1.823233242408667e-07	0.0	0.0	0.0	0.0	0.0	0.0	0.0	0.0	0.0	0.0	0.0	0.0	0.0	0.0
216.59034330752868	0.4753792030882948	0.2259853867288623	46911.37681407313	378.5981651633372	-0.6757105876845344	0.4565847983089788	143336.57066504558	207.29350296661903	0.0707775737151905	42970.59637217169	0.0050094649410092	235.67458025900808	210.25080672254867	0.944845	27.74091	0.1744432586841779	0.1423233238928412	-0.0781408923	-0.0683003372	-0.0415256061	-0.0437299609	-0.0454984572	0.0768274993	0.0181914083	0.0091578569	0.0063928796	0.0285247308	0.0096649594	0.0114729282	0.136095013	0.003300474	0.0196958998	0.0427628462	-0.0671568876	0.0794828479	-0.1643687406	-0.1080471527	0.0382998757	-0.0322829977	0.0050818752	-0.013020717	0.0166395253	-0.1596860463	-0.1168481712	-0.0614095958	-0.0106034776	-0.0549779232	0.0135886666	-0.0036899592	-0.089714822	0.013611228	-0.0526817325	-0.1160158462	0.0015142359	0.0644590858	-0.0533997527	-0.035888179	-0.0216555745	0.0319046651	0.0445400365	0.0061874602	-0.0322455501	-0.0388580548	0.1065025158	-0.0374479136	0.0344850181	-0.0244299447	-0.051499673	-0.0241359759	0.0717236583	0.0282987405	0.0172489382	-0.0304326543	0.1006005011	0.0908361358	0.011382041	0.0141734769	0.0037266816	-0.0976324468	-0.0641678274	-0.1613748806	-0.0083565416	-0.1137706432	-0.0644054274	0.0128711132	0.072623009	0.0190286644	0.0503031058	-0.0432669672	-0.0591599311	-0.11479996	0.0608092171	-0.0927477505	-0.0632651484	0.1000889775	0.0961520975	-0.0352517989	-0.0584870266	0.0207677665	0.0686022464	0.0849728611	0.0509113997	0.0937199749	0.0058544925	0.0808954046	0.0133260722	0.0656586311	-0.0734865662	-0.0085546385	0.1129058909	0.001081976	0.0198113871	-0.0836222468	0.0804611645	-0.0418831494	-0.0548607486	0.0020056163	-0.1769384314	0.0274204901	0.0538215402	0.1223125278	-0.0204270833	0.0523765826	0.0225968432	0.0091110593	0.0448481332	-0.0391729383	-0.0249850053	-0.0114539855	-0.1394418248	0.0227271681	-0.0977599938	0.0911403277	-0.0804375635	0.0661311865	-0.0488621241	0.5919131090107186	0.0024757618839572	6.129396906055609e-06	0.3503611286187348	0.2542567324667573	-0.1372449788784138	0.0188361842273362	0.0646464860046721	-0.6509935483218996	-0.0098497532742669	0.4237925999567374	9.701763956393268e-05	0.0081138490685712	-0.0004438932972315	6.583454670755373e-05	1.970412593271411e-07	-0.010488049275962	1.3458740660998725e-05	1.8113770018002037e-10	0.000109999177615	0.0098856408547396	4.010325505819992e-05	9.772589510889668e-05	1.6082710662630375e-09	0.0	0.0	0.0	0.0	0.0	0.0	0.0	0.0	0.0	0.0	0.0	0.0	0.0	0.0
217.63279435898136	1.042451051452673	1.0867041946747835	47364.03318049867	382.2522696157072	3.6541044523699497	13.35247934882989	146116.7976263593	207.7370748826448	0.4435719160257747	43154.69228079757	0.1967560446867769	235.40157540161928	220.17333476563843	1.118794	32.848087	0.1736048642292587	0.1095895115909738	-0.1375953479	0.087969126	0.0217914914	0.1145580294	-0.1614756554	3.08881e-05	0.0080179682	-0.1140366806	-0.0408523021	0.046828983	0.0241981289	0.0500804024	0.1279537313	-0.0351098307	-0.0068344919	0.0489138599	0.0621611221	0.1483697406	-0.0737771665	-0.0725495785	0.0638277277	-0.0252842381	0.006257511	0.1482068742	0.0683341025	-0.0879886822	0.0095166119	-0.1219142385	-0.0142439976	-0.0506188298	0.0572999227	0.0501783021	-0.0401628849	0.0097461093	0.0024465096	-0.0711669804	-0.0041293134	-0.0260976836	0.0240515266	0.0081437087	-0.0640024575	0.0393356658	0.0078634096	0.0540854072	0.1036271905	-0.050325052	-0.0281006705	0.0152861615	-0.0094759888	-0.0280123305	-0.0888971747	0.0901038552	0.0568453683	0.045641066	0.0527429382	0.1276817525	0.0142764236	0.1264236661	0.0252874448	0.0407193347	-0.0816095812	0.015507911	-0.0597237274	-0.1064357249	-0.0238226447	-0.0539903371	-0.1625218418	0.0013102436	-0.0392551171	0.0787889073	-0.0532166235	0.0129742507	-0.1185007617	-0.0636944099	-0.1027518884	0.0019196875	-0.0182753881	0.0822344482	0.0786555916	-0.0259653795	-0.0449637746	-0.0266650854	0.046056727	-0.0636046364	0.0532308253	0.0653016709	0.022895988	0.0073498718	-0.0213700733	0.0708879892	-0.0903423531	1.27211e-05	-0.0089290741	-0.1541688974	-0.1093640714	-0.1027264883	0.0865790246	-0.0131814195	-0.0663207165	-0.0458236268	-0.132644756	-0.0494480054	-0.0481531756	0.1115797079	-0.0485588473	-0.0019197983	0.0581696524	-0.1626697164	-0.0713989379	-0.041915569	-0.0865378904	0.1097436057	0.051446565	0.204941087	-0.098078528	0.0923879533	-0.0831469612	0.0707106781	-0.0555570233	0.6088350749189715	0.0169219659082529	0.0002863529302	0.3706801484515896	0.2453366351340236	-0.0089200973327336	7.956813642544269e-05	0.060190064538885	-0.5759661983894375	0.075027349932462	0.3317370616871809	0.0056291032378881	0.0071352195314957	-0.0009786295370755	5.091135776263771e-05	9.57715770836608e-07	-0.0107802190520851	-0.000292169776123	8.536317807982234e-08	0.0001162131228109	0.0100695505626572	0.0001839097079176	0.0001013958485339	3.3822780666337216e-08	0.0	0.0	0.0	0.0	0.0	0.0	0.0	0.0	0.0	0.0	0.0	0.0	0.0	0.0
217.64883788123376	0.0160435222524029	0.0002573946062633	47371.01663105158	379.8912647927588	-2.36100482294836	5.574343773985414	144317.373065842	207.62155418369048	-0.1155206989543273	43106.70976165112	0.0133450318868963	235.7468835188224	216.0360276803807	1.109247	32.567795	0.4763565383753991	0.2813751750909419	-0.1243913304	-0.0551218296	-0.03880149	-0.1131131301	-0.1682077979	-0.0269387518	0.0263853598	-0.0131476849	-0.0827293833	0.122522572	0.0523637172	0.0086401462	0.1277299423	0.026920788	-0.0352342099	0.0363521689	0.0482313847	-0.0387554684	-0.0188707099	-0.0905399089	0.0561015501	0.0159951303	0.0191102926	-0.0948507361	0.0735029787	-0.0693569979	-0.1650400356	-0.0739068176	0.0499632809	-0.0845922695	0.0419761279	0.0339008591	-0.1396835678	0.0961523951	0.0379927538	-0.010250508	0.0037032506	0.0211894472	0.043505212	0.0012945242	-0.0409621259	-0.0999734605	-0.0685915421	-0.0199062261	-0.0783258803	0.0520518071	0.0485111884	0.0074815276	-0.0498742337	-0.0812010967	0.0135959266	0.0185924471	-0.0328493977	-0.0753971482	-0.002856512	-0.0028873228	0.0939151835	0.1240613223	0.0435648427	0.0472585236	0.0664015012	-0.0045763122	0.089831591	-0.0315631819	0.0278726459	-0.1893158073	0.117743316	0.0099194337	-0.0185200145	0.0662056765	0.0539305721	-0.0350044594	-0.0196854003	-0.0975764836	-0.0332728979	-0.0222763306	0.0481244183	0.1265805854	0.0515502666	-0.016497792	-0.0374183697	0.0606762896	0.1024421086	0.0267428111	-0.0251575349	0.0632430209	-0.0407940229	0.0219729935	0.0431466908	-0.0262355463	-0.090088272	0.0271417868	0.0666521065	0.086389297	-0.0239127098	-0.1188996357	0.1290765361	-0.0876677753	0.0567122651	-0.0361769852	-0.0145142972	-0.0862715407	0.1072828112	0.0674555275	-0.0861310879	0.0724933283	0.0214072767	-0.0437313173	-0.0327179681	0.1155518495	0.0315830844	-0.1126729082	-0.1245069311	0.1038480824	-0.0983728629	0.0935444031	-0.0856717519	0.075011107	-0.0619093949	0.6191711110493401	0.0103360361303685	0.0001068336428882	0.3833728647580742	0.3887562132329663	0.1434195780989426	0.0205691753820787	0.1511313933272355	-0.7728261237071905	-0.1968599253177529	0.5972602174842817	0.0387538301961112	0.0085144360883964	0.0013792165569007	7.249562190338699e-05	1.9022383108290217e-06	-0.0114458831834329	-0.0006656641313477	4.431087357630196e-07	0.0001310082418487	0.0105394898509754	0.0004699392883182	0.0001110808463188	2.208429347050163e-07	0.0	0.0	0.0	0.0	0.0	0.0	0.0	0.0	0.0	0.0	0.0	0.0	0.0	0.0
217.76210139440343	0.1132635131696702	0.012828623415536	47420.33280370644	381.7158175311293	1.8245527383704712	3.328992695095185	145706.9653534584	208.1683387096085	0.5467845259180422	43334.057241118295	0.2989733177834181	236.04825056685104	220.1730224424037	1.029541	30.227591	0.4708596687015144	0.2835683695064747	-0.1412137161	0.023761284	-0.0006560571	0.0947454069	-0.139260749	0.0778285236	-0.0294941725	-0.0133428928	0.0932171092	-0.0867541948	0.0468279001	0.0733961305	0.089230929	-0.0433050529	-0.0323314188	-0.0418498583	0.0219677783	0.1000351994	-0.058495861	-0.0286209736	0.0961465771	-0.044251523	-0.0611508285	0.1090633263	0.032388557	-0.1554908641	0.0584286395	-0.0271284415	0.0723223599	-0.0480610016	0.0404701408	0.0224116024	-0.0982675315	0.0265978031	-0.0004796411	-0.0577732702	-0.085493602	-0.0532164916	0.0091409873	0.0311090928	0.0319401544	0.0160662572	-0.0306560374	-0.0161774203	-0.0263852772	0.0482920824	0.0254521253	0.0541711708	0.0589141734	0.0679608153	0.0772519106	0.0368659267	0.055649885	0.018689633	0.1089594822	0.1154306425	0.0306112316	0.0861763753	-0.0102245233	-0.0443436071	-0.0858569031	-0.0205820144	-0.0079233161	-0.0510149545	0.0500696253	-0.0365577154	-0.1857180395	0.0036802108	0.0481391159	0.0142665941	-0.0137863894	0.0864299945	-0.0639613512	-0.1109709317	-0.0888797503	0.0403231852	0.0110728669	0.0735469696	0.017143156	-0.0501236677	0.00957838	0.0749654786	0.0300787342	0.003574206	0.0079719349	0.025605378	0.0174853087	0.0119400281	0.0073371333	-0.0421765612	-0.0855201794	0.0049572165	0.0148769861	-0.1138754671	0.0134981702	-0.0811852863	0.0909978626	-0.0457055277	-0.1047708989	-0.0772661701	-0.0802606831	-0.0108632819	-0.0987638972	-0.0320485631	0.0707910633	0.0975504763	0.0193792628	-0.0514319208	-0.074041552	-0.0559956606	-0.0439345802	0.0380981727	-0.0538648425	0.2300126309	-0.0986429257	0.0946085359	-0.0880063298	0.0790155012	-0.0678800746	0.6466513416086599	0.0274802305593198	0.0007551630715933	0.4181579576042797	0.2837658964771918	-0.1049903167557744	0.0110229666124778	0.0805230840035043	-0.5449222705333554	0.2279038531738351	0.2969402809232274	0.0519401662914809	0.0074075384588771	-0.0011068976295192	5.487162601974333e-05	1.2252223622354444e-06	-0.0120881133724335	-0.0006422301890006	4.12459615663747e-07	0.0001461224849048	0.0110000673967072	0.0004605775457318	0.0001210014827321	2.1213167563232854e-07	0.0	0.0	0.0	0.0	0.0	0.0	0.0	0.0	0.0	0.0	0.0	0.0	0.0	0.0
217.44868733024177	-0.3134140641616625	0.0982283756143307	47283.93162164525	379.9598965440324	-1.7559209870968857	3.0832585129273014	144369.5229817518	207.772007946579	-0.3963307630295105	43169.207286153294	0.157078073723554	235.89437571612444	219.60273633461253	1.058757	31.085386	0.4726176978583267	0.2771822375259251	-0.1249172306	-0.0220935605	0.0191454911	-0.079640501	-0.1240610627	-0.0121968582	-0.0323241906	0.022808471	-0.0541966066	0.099624226	0.0779444109	0.0443593491	0.0929958236	0.0149606221	-0.0330281271	-0.0183615542	0.0197650781	-0.0112742121	0.0086638327	-0.1059532404	0.0145119076	0.0609657845	0.0414842073	-0.0231118433	0.1141946543	-0.0761187257	-0.0356151741	-0.0423333384	-0.0352385439	-0.030246069	0.127028943	0.0388323693	-0.0461427692	0.0859082726	0.016751075	0.0382519587	0.0025176462	0.0016193445	0.0005348391	-0.0347120653	0.0004974875	-0.0315006003	-0.0436832776	-0.0175235841	0.0748579326	0.0779982684	-0.0453378754	0.0171370743	-0.0495068626	-0.1000988585	0.0922888127	-0.0246233302	-0.0211133853	0.0706100704	0.0564197001	0.0249467468	0.0849640525	0.077638887	0.0298149387	-0.0181297051	0.0500191422	0.0484596716	0.0432287213	-0.0141850976	0.001109256	-0.1647975556	0.0381667012	-0.0227400338	-0.0126038895	0.0364953514	0.0861353511	-0.0070523398	-0.1092747732	0.0178083032	-0.0051066306	-0.0229323849	0.0662512905	0.1268812487	0.0265335857	-0.055657431	0.050694304	-0.0005075926	-0.0220820973	-0.0577881571	-0.0604139859	-0.0613619684	-0.0172381094	-0.0003610472	0.0096729985	0.0439105583	-0.092723634	0.0385747703	0.0218631742	0.0752698095	-0.078431879	-0.1300764369	0.1324619452	-0.0778048762	0.0602047193	-0.0328343661	-0.0084469252	-0.0522266988	0.0083038601	0.1258086952	-0.1370950907	-0.0366662843	0.0225258316	-0.0654720695	-0.0526219529	0.0897716481	-0.0470816088	-0.0418223842	-0.0880085056	0.0831813365	-0.0988886499	0.0955793015	-0.0901455117	0.0827080574	-0.0734322509	0.6106314398732735	-0.0360199017353863	0.0012974333210268	0.3728707553617072	0.3981835610712778	0.1144176645940859	0.0130914019711647	0.158550148307404	-0.7578164292769998	-0.2128941587436443	0.574285740482142	0.045323922827164	0.0085207004633535	0.0011131620044764	7.260233638619256e-05	1.239129648209917e-06	-0.0110821582977003	0.0010059550747331	1.0119456123814777e-06	0.0001228142325352	0.0109334650202126	-6.660237649460006e-05	0.0001195406573482	4.435876554728454e-09	0.0	0.0	0.0	0.0	0.0	0.0	0.0	0.0	0.0	0.0	0.0	0.0	0.0	0.0
216.9186362568213	-0.5300510734204806	0.2809541404342037	47053.69475551914	380.8589430264372	0.899046482404799	0.8082845775244426	145053.53448321493	208.19025473559293	0.4182467890139207	43343.18216687108	0.1749303765204551	236.4600422470658	217.671029392677	1.077553	31.637232	0.4576577245411761	0.2523233123291796	-0.0990792514	0.0065329962	0.0125962984	0.0296909321	-0.0961960212	0.1319486397	-0.0734366931	0.0317819593	-0.0544594902	-0.0209315031	-0.0974155466	0.0507190726	0.0753714231	-0.049289142	-0.0080864087	-0.0940358921	-0.0552494456	0.1591132926	-0.0574709559	-0.0799046666	0.0063454695	-0.0311541483	-0.1001156612	0.0585225542	-0.003557802	-0.1408198712	0.040711147	-0.018283642	0.0922642747	0.0754826457	0.1394884718	-0.0324798565	0.1191135954	-0.0433827732	-0.0861682398	0.0769148505	-0.0459102885	0.0280790412	0.1119146779	0.0394186352	0.0340542694	0.0007169641	0.0263628502	-0.0662944187	0.0171956793	0.0247108528	-0.0735117001	-0.0088420438	-0.0782937096	0.0031984866	-0.0049801021	0.0063220563	-0.0987815277	-0.0212254534	-0.0377946626	0.0349202373	0.0584638839	0.0598281595	-0.0397380231	-0.0962581935	-0.0717280248	-0.0253831005	-0.0789658816	-0.078375448	0.1048813489	-0.0436508613	-0.1100743773	0.0350718464	0.1510578032	0.0935201433	0.0524834533	0.0325466286	-0.065443635	-0.1207781112	-0.1176579971	0.0204353266	-0.0370345694	-0.0580553278	-0.1118319985	-0.1206818961	0.0813530145	0.0484252504	-0.0120644153	0.0107772213	-0.0376861584	-0.1402959466	0.0510072495	0.0403771191	0.0056404465	-0.0980636765	-0.0550865013	-0.0016662113	0.0811865819	-0.0365324103	0.0019127655	-0.0628027452	0.0650204276	-0.0721837706	-0.1563773433	-0.0494432555	-0.0638331153	-0.0084506499	0.072562034	-0.039889554	0.1338231322	0.0080712564	-0.0422591964	-0.0671909837	-0.0357484291	0.0066535129	0.0154701178	0.0233060326	0.0174407841	0.0854246732	-0.0991099747	0.0964557418	-0.092084548	0.0860742027	-0.0785316931	0.5905806370796256	-0.0200508027936479	0.0004020346926697	0.3487854888933764	0.2369249794395784	-0.1612585816316993	0.0260043301498674	0.0561334458824446	-0.598163588121686	0.1596528411553137	0.35779967815461	0.0254890296889638	0.0077194068021541	-0.0008012936611994	5.9589241377142986e-05	6.420715314783398e-07	-0.010088986626211	0.0009931716714893	9.86389969048852e-07	0.0001017876511438	0.010394020373691	-0.0005394446465216	0.0001080356595287	2.910005266608142e-07	0.0	0.0	0.0	0.0	0.0	0.0	0.0	0.0	0.0	0.0	0.0	0.0	0.0	0.0
216.16668259497155	-0.7519536618497398	0.5654343095692328	46728.03466411518	378.6522146358447	-2.2067283905925024	4.869650189846976	143377.4996486298	208.1746084138472	-0.0156463217457201	43336.66758825863	0.0002448073841705	236.5959629840679	213.72285612252605	1.028748	30.204306	0.3788144725573913	0.1973343768258	-0.0481950807	-0.0175641482	0.0865738873	0.0292698241	-0.0025915002	0.0647372939	-0.1324909706	0.0875732499	-0.0278514678	0.0074274924	0.1123234974	0.0397682246	0.0709973451	-0.0221823731	-0.0396274822	-0.0736445743	-0.005590495	0.0310061502	0.0367021407	-0.0775533446	0.0212193372	0.0301889781	0.0418226597	-0.0522344529	-0.0664605346	-0.0378478319	0.0635982293	-0.0185397287	-0.0440341233	0.0653626479	0.0712663651	-0.0232112684	0.0047390589	0.1046124393	0.0387033828	0.034136881	0.0865499409	-0.0129941192	0.0147490341	0.0644741456	-0.0257737821	0.1259582859	0.0096395031	-0.0063364845	-0.050991159	-0.0611179202	0.0083744424	0.0302354716	-0.0360303997	0.0656066915	-0.0620938686	0.0251096952	-0.0879323118	0.1288929927	-0.0298218238	0.0340527582	0.0467351143	0.0603976829	-0.0078251933	-0.1049682815	-0.0014306955	0.0751266941	-0.0472689053	-0.0075193801	-0.0240232503	-0.056637047	-0.0194606953	0.0451687697	-0.0161061579	-0.1023523673	0.0551375983	0.0053043854	-0.1449644761	0.0057776722	0.0954719555	-0.04273836	0.0115661027	-0.1190703128	0.0097616056	-0.0449396078	0.1311019126	0.0840311115	-0.034542955	-0.0064644993	0.0293908906	0.030119434	0.073044767	-0.0530109257	0.1279043881	0.0342155749	-0.0421992455	0.0142825725	0.043539882	0.0546611848	-0.0830443905	-0.0706501525	0.0313327989	-0.0014855047	0.0527052243	-0.0962598058	-0.0763201568	0.0893831269	0.0468183573	0.0470111304	0.0153153906	-0.1895239541	-0.014391497	-0.0076661069	0.0563042452	-0.0388193515	-0.0074825074	0.0601264643	-0.0878534334	-0.0172255571	-0.0993068457	0.097236992	-0.0938191336	0.0891006524	-0.0831469612	0.5486980070663492	-0.0418826300132764	0.001754154696829	0.3010695029585833	0.3655502407927855	0.128625261353207	0.0165444578581808	0.1336269785436634	-0.6848394691770139	-0.0866758810553278	0.4690050985426541	0.0075127083567173	0.0087981944420265	0.0010787876398723	7.740822543970598e-05	1.1637827719414615e-06	-0.0092320031203432	0.0008569835058677	7.344207293294646e-07	8.522988161402658e-05	0.0098971775167196	-0.0004968428569714	9.795412279745994e-05	2.46852824523504e-07	0.0	0.0	0.0	0.0	0.0	0.0	0.0	0.0	0.0	0.0	0.0	0.0	0.0	0.0
214.2863276048093	-1.8803549901622605	3.535734889028114	45918.63019835565	378.2144150141938	-0.4377996216509245	0.1916685087176927	143046.1437245288	207.85990571857803	-0.314702695269176	43205.74040533615	0.0990377864096838	236.26834152935743	204.573872915596	1.168371	34.30368	0.3758867235326405	0.2179093323325919	0.0215876385	0.009413051	-0.0336337375	0.0309330855	0.0371860556	0.1268385743	-0.0150874392	0.0489620989	-0.1327273204	0.0614768469	0.0458243549	0.0404768997	-0.0781024278	0.0077028143	0.0066349497	-0.1457474798	-0.004978404	-0.1032409024	0.0954430694	0.104223879	0.0335850852	0.0802350101	0.032978964	-0.0804200069	0.0649936466	-0.0040684259	-0.0046749993	0.0545799085	0.0707728316	0.0135274054	-0.030936399	-0.0933560891	0.1000170482	-0.0495742446	-0.0797208595	0.0046139285	-0.0007406453	-0.0514195443	-0.0086089803	0.0104317233	0.0195177889	0.078574153	0.0220226183	0.0619506382	-0.0054632635	0.0894663509	-0.0179013899	0.0163388956	-0.0226353512	0.0244797155	0.0047602816	0.0113285124	-0.1206560546	0.0046526017	0.0499415125	0.0008274612	-0.0002589439	-0.0882488543	-0.0200327824	-0.1399464083	-0.067462123	0.0123343409	0.0338245279	0.1585901438	-0.0221077142	-0.0233208967	0.1003182751	0.0186320343	0.0109849509	-0.0280170246	0.0766491824	0.0451469355	0.0656705135	-0.0052123736	-0.0843274424	0.0547808803	-0.0628171839	-0.122247136	-0.1189304815	0.0600479707	-0.0374745417	0.0767912932	-0.1091716243	0.0915745751	0.0523564457	-0.008508138	-0.0005235339	0.0321859933	0.0238011263	-0.0093029767	-0.0004177963	0.0204518006	-0.0490726892	0.0355207529	0.0721069762	0.0742017553	-0.0267769547	-0.0763698157	0.014145113	-0.0658669859	0.1296257703	-0.0262855273	0.030936792	-0.1736155922	0.0215645389	-0.1072044046	0.0139001149	0.0703787534	-0.0196264934	0.0191111526	0.0063804719	-0.0253258553	0.0186539743	0.1032699875	-0.0994792142	0.0979222811	-0.0953454172	0.0917754626	-0.0872496007	0.562552817946667	0.0138548108803178	0.0001919557845293	0.3164656729797359	0.4517155858987678	0.0861653451059823	0.007424466697233	0.204046970543867	-0.5058527230398084	0.1789867461372054	0.2558869774067891	0.0320362552927844	0.0079755455222623	-0.0008226489197641	6.360932637767823e-05	6.767512451892041e-07	-0.0100333217314585	-0.0008013186111152	6.421115165197526e-07	0.0001006675449669	0.0095835486194164	-0.0003136288973032	9.184440414071796e-05	9.836308522362137e-08	0.0	0.0	0.0	0.0	0.0	0.0	0.0	0.0	0.0	0.0	0.0	0.0	0.0	0.0
213.77499843565224	-0.511329169157051	0.26145751923084	45699.74995616312	376.6930915798075	-1.521323434386261	2.314424992012808	141897.68524395325	207.63814394569195	-0.221761772886083	43113.59882121189	0.0491782839135786	236.2545882054158	201.36647132396345	1.14379	33.581989	0.1906034441366491	0.1113390418108521	0.0634592952	0.0987778108	0.0576525181	0.0516474063	0.105579886	-0.0327532724	-0.1171592154	0.0720352559	-0.0274424677	-0.0518008969	0.1572820053	0.0419559753	-0.0294059845	0.020671604	0.0102647337	-0.0486317697	-0.0074276164	0.0204406989	0.0832319527	-0.0319892215	-0.0660737558	0.0602398444	0.0323475738	0.0790388029	-0.1000244088	0.0313751163	0.1365018878	0.0193563538	0.0009058866	0.0332627356	0.0030880267	-0.0504550185	0.1162690189	0.1003638026	0.0629513282	-0.0854052509	0.0581544792	-0.0297354819	0.0697451661	0.040759202	0.1077196498	0.0359014288	-0.0036352034	-0.0883401868	0.0881348661	0.0235022185	-0.0024722565	-0.0157350408	0.0274301015	0.1197946468	0.0295206984	-0.0254023155	-0.0035852119	-0.0930292903	-0.0821973415	0.0092720634	-0.0058306482	-0.0650080479	0.0020195635	-0.0988205295	0.0179241298	0.1386258317	-0.1003647068	0.0105307431	-0.0923495683	0.0740799478	-0.0223467336	-0.0343483253	-0.0592531977	-0.0626841031	-0.0663089078	0.0557857071	-0.067576816	0.0255776827	0.0338107621	-0.0139701975	-0.0604351798	-0.1591603538	-0.0838317793	-0.0520291029	0.0604539999	0.0421670954	-0.082211093	0.0382407683	-0.0308895058	0.0211967087	-0.0789462149	-0.0995089905	-0.0773724445	-0.1008493019	-0.0237762877	0.0222105155	-0.0528686021	0.0088846119	-0.1057566382	-0.0149784917	-0.1395464493	0.0494878957	0.0388350104	0.0157869707	0.0019508077	0.0758652372	-0.0514205574	0.0204326205	0.0806241707	-0.0990297887	-0.0551576411	-0.0143369365	0.0148292066	0.0073121545	0.1006178691	0.185924383	0.0473907503	-0.0692591797	-0.0996270376	0.0985109326	-0.0966600102	0.0940880769	-0.0908143174	0.5724891845853364	0.0099363666386693	9.873138197806162e-05	0.3277438664671833	0.3577018661498812	-0.0940137197488866	0.0088385795010221	0.1279506250471075	-0.5083339446390767	-0.0024812215992682	0.2584033992723238	6.156460624675164e-06	0.0078842487103655	-9.129681189679918e-05	6.216137772690007e-05	8.335107862519533e-09	-0.0091713615924273	0.0008619601390311	7.429752812786855e-07	8.411387345905061e-05	0.0103137343914849	0.0007301857720685	0.000106373117098	5.331712617312724e-07	0.0	0.0	0.0	0.0	0.0	0.0	0.0	0.0	0.0	0.0	0.0	0.0	0.0	0.0
212.59834426401616	-1.1766541716360734	1.384515039628574	45198.05598380113	374.4971436356314	-2.195947944176112	4.822187373531292	140248.11059124675	207.16957687733665	-0.4685670683552985	42919.233583534704	0.2195550975470789	235.67112291658725	185.4856878243004	1.257163	36.910648	0.2341549905721828	0.1266367901469716	0.1484001563	-0.059380619	-0.077031407	-0.0789401531	0.1246186225	0.0020629726	0.059016668	0.0737241465	-0.0830624147	-0.0042884874	0.0242107156	0.0121794654	-0.0656768218	0.084484197	0.012773956	-0.0359559474	-0.0732222809	-0.0803561636	0.0540439204	0.0537688304	0.0130839864	0.105100728	0.0471314867	-0.0936161947	-0.0931137305	0.0483781249	0.0643250026	0.0788949984	-0.0646720337	-0.0103168828	-0.0710285648	0.0678380413	0.0379059157	0.0080786636	-0.0110224519	-0.0315107013	0.0628523644	0.0414951694	-0.1005000662	-0.0929146083	-0.0174778658	0.1224552725	0.0161571428	-0.0136241515	0.0008945819	0.098496585	0.0781464379	0.0193391921	-0.0227570917	-0.0701187693	0.0014854993	0.0098742081	0.0566511978	-0.0747474923	0.0335220401	-0.0806112558	0.0384703455	-0.1127209602	0.0407923665	-0.06176253	0.0453718955	-0.0121839934	-0.0096385222	0.0718076658	-0.0601355256	-0.0400841503	0.1267952606	-0.0057073678	-0.0108535876	-0.1137261432	-0.0302332473	0.0042590004	0.0101615229	0.0802352204	0.1429390997	-0.0341734168	0.0126668418	-0.0420792297	-0.0253048022	0.0540808315	-0.0331001071	-0.0042477158	-0.1527478888	0.0038440644	0.014573576	-0.034582249	-0.1019566535	0.1208346723	0.0493170341	0.0011632664	0.0116894464	0.0210145925	0.0024019194	0.0972024589	0.1302473303	0.0540295047	-0.116919755	0.0099611296	0.0924505049	0.0268251618	0.0499223959	0.0010462582	0.0049495376	-0.1527086849	-0.1339695428	-0.0742349707	-0.001747943	0.1045060028	0.0755825531	-0.0265447537	0.0760131805	-0.0304712763	-0.0448543371	-0.0715817746	-0.0997502796	0.0990023658	-0.0977599938	0.0960293686	-0.0938191336	0.586663195851088	0.0141740112657515	0.0002009025953616	0.344173705366212	0.4487360191501182	0.0910341530002369	0.0082872170124705	0.2013640148826952	-0.510366295436441	-0.0020323507973643	0.2604737555175165	4.130449763547313e-06	0.0087060027067017	0.0008217539963361	7.579448312909733e-05	6.752796304945139e-07	-0.0104351952412797	-0.0012638336488524	1.5972754919715748e-06	0.0001088932997236	0.0098610325264969	-0.0004527018649879	9.723996248862983e-05	2.049389785636129e-07	0.0	0.0	0.0	0.0	0.0	0.0	0.0	0.0	0.0	0.0	0.0	0.0	0.0	0.0
212.8230747056138	0.224730441597643	0.0505037713806716	45293.66112715128	376.6901038451873	2.192960209555906	4.809074480695484	141895.434334898	206.8259334341876	-0.3436434431490625	42776.966740923	0.1180908160193429	235.1178517499128	188.83330769229983	1.099746	32.288818	0.181381762918521	0.1207539977703408	0.1116502966	0.1119515486	-0.0948638153	0.0316160368	0.0981560488	0.0312125524	0.0178296184	0.0211441311	-0.0209821877	-0.0689107282	-0.0981261974	0.0069510986	-0.1060865991	0.0765992911	0.0351888552	-0.006010981	-0.0414621083	-0.0773335098	0.038944583	0.14289892	0.0603020216	0.0805571008	-0.0574871576	0.0167684644	-0.0586002808	0.0709873182	0.0070323939	0.0853757371	0.0629460399	0.0538609627	-0.0766716696	0.0429105051	0.0613167953	-0.0058264399	-0.0798429216	0.0210998932	-0.011142052	-0.0393674276	0.0793079883	-0.031189956	0.0593621681	-0.0136551381	-0.0741323594	-0.0424953619	-0.0326578768	-0.0266269728	-0.0043266089	0.0362726345	0.0526466676	0.0569276425	0.0301565622	0.0215600604	-0.0150630306	0.0072359739	0.0203103535	-0.026944727	-0.0220028681	-0.1317574373	0.0481394753	-0.0219477914	-0.0264698852	-0.0464794076	-0.0204060458	0.11728006	-0.0492538372	0.0704817804	0.0241699154	0.0410305164	0.0561795021	-0.042673032	-0.0644517958	0.0780747093	0.1904580062	-0.0320110507	0.0279428015	0.1032546623	0.014340992	-0.0544524411	-0.0643575298	0.0054799324	-0.0193333346	-0.0026962773	-0.0229302205	0.0064986207	-0.0614974996	-0.0857676659	-0.0374212718	-0.0182462319	-0.0170215339	-0.1330534446	0.0086028609	0.0330837042	-0.1278445314	-0.0529339272	0.0722637639	0.0816279584	-0.125009657	-0.0471436749	0.0611059321	0.0406842669	0.1367765376	0.0080792352	-0.0317024474	-0.1221350512	0.0771304662	0.0772766812	-0.0232739567	0.1371657474	-0.0095446963	-0.0041669238	-0.021885115	0.0818977907	0.1101983588	-0.0580993729	-0.0998489097	0.0993960955	-0.0986429257	0.0975916762	-0.0962455236	0.5994031270584799	0.0127399312073919	0.000162305847169	0.3592841087274842	0.4429846005119913	-0.0057514186381268	3.30788163509934e-05	0.1962353562907685	-0.4070252284075337	0.1033410670289072	0.1656695365602049	0.0106793761346731	0.0081487099347604	-0.0005572927719413	6.640147360086284e-05	3.105752336580178e-07	-0.0108530726718512	-0.0004178774305714	1.746215469810381e-07	0.0001177891864204	0.010076849244866	0.000215816718369	0.0001015428907037	4.6576855927607086e-08	0.0	0.0	0.0	0.0	0.0	0.0	0.0	0.0	0.0	0.0	0.0	0.0	0.0	0.0
213.96991814291164	1.1468434372978322	1.3152498696731068	45783.12587008431	375.8860197906839	-0.8040840545033916	0.6465511667066133	141290.2998740824	206.8151195193297	-0.0108139148578914	42772.49366179463	0.0001169407545537	234.9693488282365	192.7876562585781	1.101037	32.326729	0.2614352258278788	0.1593057997927389	0.0867182457	0.0523411975	-0.0085336732	0.0181590683	0.0814204994	-0.1034056158	-0.0037417526	0.0292338165	-0.0063410171	-0.0405147651	0.1238877543	0.0269816452	-0.0286541509	0.0463890628	0.0500292671	0.0928168154	-0.052747229	0.0516846104	-0.0050619117	-0.0688217596	0.0150761406	0.0238163036	0.0026260719	0.1106680785	-0.0792228234	0.0252802545	0.1129018942	0.0629613016	-0.0831738722	-0.0288185628	0.0160480403	0.0130654071	0.0534568817	-0.0046971644	0.0180735242	0.0013547603	-0.0157794111	0.0250763402	-0.0756348129	0.020599764	0.0059313235	0.0734423728	-0.0326936896	0.0485943585	0.0344034458	0.0481389116	-0.075177158	0.0508813981	0.0164501499	0.0056191215	0.0474657223	0.0084314708	0.1273375628	-0.0837361029	-0.0953676983	0.0052604878	0.0066422702	-0.0650253805	0.0355409504	0.065314308	0.0415297576	0.0500192575	-0.1276937044	-0.044730913	-0.0697812402	-0.0080855019	-0.1135901237	-0.045238949	-0.0280104277	-0.0169424631	-0.1274429718	0.0365414093	-0.0598102627	0.0671904544	0.049888572	0.0019502997	-0.0129590798	-0.028953867	-0.0252518734	-0.0097862861	-0.0120042224	-0.0352889692	-0.0227648297	0.0217625581	0.0633062094	-0.0120254986	-0.0250933732	-0.0178226288	0.024452945	0.0057403292	-0.0148783143	0.0152212934	-0.0191698058	0.0127208908	-0.0452849947	-0.01604438	-0.1781504625	0.0645213701	-0.0191678268	0.1119203606	-0.0333940815	0.0590866543	-0.0763585978	0.0595049202	-0.0235737291	-0.0212220781	-0.0673826558	0.0745069238	0.0612067499	-0.0198580758	0.0994894063	0.1839287801	0.0999247053	-0.1647334449	-0.0999229036	0.0996917334	-0.0993068457	0.0987688341	-0.098078528	0.5863205211881137	-0.0130826058703661	0.0001711545763593	0.3437717535663013	0.3098434921188016	-0.1331411083931897	0.017726554744167	0.0960029896083738	-0.4895128877224266	-0.0824876593148929	0.239622867246349	0.0068042139392498	0.0081714894728712	2.2779538110799524e-05	6.677324020524483e-05	5.18907356541368e-10	-0.0103334107811736	0.0005196618906776	2.700484806226184e-07	0.0001067793783724	0.0099648136286658	-0.0001120356162002	9.929751065404366e-05	1.2551979297358551e-08	0.0	0.0	0.0	0.0	0.0	0.0	0.0	0.0	0.0	0.0	0.0	0.0	0.0	0.0
214.224373192457	0.2544550495453563	0.0647473722391297	45892.082069701086	377.21210137016345	1.3260815794795349	1.758492355434938	142288.96942009448	207.3572738806463	0.5421543613165909	42997.03903121335	0.2939313514946006	235.92051651432467	193.19197438709432	1.03284	30.324451	0.2617916274138969	0.1397609741456806	0.0778100131	-0.0177810741	-0.0916151329	-0.1108115327	0.025360061	-0.0211574878	0.0341394075	0.0397523318	-0.0610996182	0.0321638666	-0.1446171499	0.019097054	-0.0060803582	0.0381791243	0.0548028096	-0.0161107797	-0.0678996041	-0.0323719877	0.0175853364	-9.41635e-05	0.0067855902	0.0216129345	0.0058255823	-0.1288751327	-0.0967097796	-0.0077664822	0.0301514251	-0.0040790184	0.005224926	0.1062919107	-0.0275282241	-0.1070291502	-0.033826262	0.0037052332	-0.0430406663	0.0070079515	0.0246686028	-0.0116798276	0.0517637146	-0.0999090706	-0.139151554	-0.0157236177	0.0241509706	0.0192734851	-0.0361906534	0.0001863216	-0.0048470148	-0.0302054645	-0.0054172848	0.0634590455	0.0053298365	-0.0473585086	0.028612415	-0.0718259504	-0.0589756474	-0.0790266305	0.0787303869	-0.0489555265	0.0032628826	0.0093757157	0.0256389163	-0.0157184284	-0.0301852687	0.0108701873	0.025389712	-0.0256644776	0.1251294553	0.0370566808	0.0293486655	-0.0676782531	-0.0443811876	-0.0510626018	-0.0190313223	0.02851733	-0.0674068622	-0.1364727235	0.0550119139	-0.1621907595	-0.0173480654	0.061107892	-0.0656867426	0.074012417	0.0628761713	-0.0488267742	0.0036438082	-0.0015192343	0.0636756143	0.0654260475	-0.0228847681	0.0052852522	-0.0103638094	0.0209232534	0.0194693492	0.0482946998	0.0628276114	0.0110798654	-0.0864378362	0.0042021144	0.1174490548	0.0220845369	0.0015378287	-0.0114738391	0.1255061514	-0.0467692413	-0.0981670078	0.0095808063	-0.0342244056	0.0842351686	0.0505939044	-0.0658157309	0.0995923907	0.0285715194	-0.0433574759	-0.0076107961	-0.099972243	0.0998889875	-0.0997502796	0.0995561965	-0.0993068457	0.587663492374972	0.0013429711868582	1.8035716087313809e-06	0.3453483802703487	0.3993223376798056	0.089478845561004	0.00800646380293	0.1594583293700646	-0.5678177965444462	-0.0783049088220195	0.3224170500725901	0.0061316587456247	0.0087327269220563	0.0005612374491851	7.626051949520691e-05	3.149874743677993e-07	-0.0111253513556086	-0.000791940574435	6.271698734364393e-07	0.0001237734427857	0.0094646936154056	-0.0005001200132602	8.958042523349951e-05	2.501200276633826e-07	0.0	0.0	0.0	0.0	0.0	0.0	0.0	0.0	0.0	0.0	0.0	0.0	0.0	0.0
214.2460232071848	0.0216500147278111	0.0004687231377144	45901.35846009357	378.71906520766	1.506963837496528	2.270940007522262	143428.1303517638	207.51976015002683	0.1624862693805369	43064.450852724665	0.0264017877372044	235.2854517243646	195.76225653923188	0.959029	28.157356	0.1880136743125282	0.1127706567328017	0.0501106716	0.0732429218	-0.0806126374	0.0609880231	0.0197787477	0.056905966	0.0208945792	-0.0233911228	0.0479708685	-0.0674424147	-0.0900669596	0.0096271551	-0.0419040165	0.0368516447	0.0009422401	-0.0130343576	0.0075117436	-0.0609572989	0.0284549424	0.0998438853	0.0540963547	-0.0170573877	0.0385937103	-0.0453992853	0.0002294438	0.0841006461	0.0655566753	0.0310918679	0.0930992276	0.0206929314	-0.0742899688	-0.0868192219	0.0235207079	-0.0200398945	-0.0243872775	0.0405627994	-0.0494275657	0.0158478832	0.0335506865	-0.0535512253	-0.019515762	-0.010018246	0.0802730661	0.0366992554	-0.0371840996	0.0330293702	-0.0626686562	0.0329577602	0.0565366654	0.0794708159	0.0134223516	0.010150217	-0.0682387507	0.0261633056	0.0346035264	0.0214579893	-0.0218529003	-0.0439966604	0.0397254196	-0.0046467482	-0.0524487899	-0.0532266232	0.0287538241	0.0929813759	0.0017167637	0.0473073508	-0.0070041063	0.0303933365	-0.0409506745	-0.0976568743	0.0054106659	0.0705540876	0.1030001238	0.0516417088	-0.0679719858	0.0099174896	-0.0133731649	-0.061760502	-0.0630064754	0.0863820207	-0.0200246504	0.0720214007	0.0030993629	0.0083750362	0.0210739366	-0.0879537793	0.0699343595	0.0224150774	-0.0204469445	-0.0221566875	-0.0056969685	0.0277000082	-0.0894540903	-0.0470502329	0.083812433	0.0747076281	-0.0579501833	-0.0585269263	0.0627204864	-0.0031433725	0.0949837524	0.0465834876	-0.0176584741	-0.0762102847	0.0231379347	0.0547800721	-0.0252704621	0.1663489133	0.0045956753	-0.0823094869	-0.0489176805	0.0322685399	0.02566496	0.1129121312	-0.0999969158	0.0999876632	-0.099972243	0.099950656	-0.0999229036	0.597526726949738	0.009863234574766	9.728339627685966e-05	0.3570381894192667	0.4454992456841609	0.0461769080043553	0.0021323068328426	0.1984695779051563	-0.4736457006309393	0.0941720959135068	0.2243402497261733	0.0088683836487427	0.0083596226538802	-0.0003731042681761	6.988329091526705e-05	1.3920679493122334e-07	-0.0114011910889937	-0.000275839733385	7.608755851396257e-08	0.0001299871582477	0.0095717783302424	0.0001070847148368	9.1618940403298e-05	1.1467136151679032e-08	0.0	0.0	0.0	0.0	0.0	0.0	0.0	0.0	0.0	0.0	0.0	0.0	0.0	0.0
