
Sun Mar  8 19:06:05 CET 2026
cd /out/sourcedata/freesurfer/sub-v1s14x0051558_ses-1
setenv SUBJECTS_DIR /out/sourcedata/freesurfer
/opt/freesurfer/bin/recon-all -autorecon-hemi lh -noparcstats -noparcstats2 -noparcstats3 -nohyporelabel -nobalabels -lh-only -openmp 16 -subjid sub-v1s14x0051558_ses-1 -sd /out/sourcedata/freesurfer

subjid sub-v1s14x0051558_ses-1
setenv SUBJECTS_DIR /out/sourcedata/freesurfer
FREESURFER_HOME /opt/freesurfer
Actual FREESURFER_HOME /opt/freesurfer
build-stamp.txt: freesurfer-linux-ubuntu22_x86_64-7.3.2-20220804-6354275
Linux dna003 5.14.0-427.37.1.el9_4.x86_64 #1 SMP PREEMPT_DYNAMIC Fri Sep 13 12:41:50 EDT 2024 x86_64 x86_64 x86_64 GNU/Linux
cputime      unlimited
filesize     unlimited
datasize     unlimited
stacksize    8192 kbytes
coredumpsize 0 kbytes
memoryuse    67108864 kbytes
vmemoryuse   unlimited
descriptors  1024 
memorylocked unlimited
maxproc      2061970 
maxlocks     unlimited
maxsignal    2061970 
maxmessage   819200 
maxnice      0 
maxrtprio    0 
maxrttime    unlimited

               total        used        free      shared  buff/cache   available
Mem:           503Gi        38Gi       440Gi        15Gi        24Gi       446Gi
Swap:             0B          0B          0B

########################################
program versions used
7.3.2 (freesurfer-linux-ubuntu22_x86_64-7.3.2-20220804-6354275)
7.3.2

ProgramName: lta_convert  ProgramArguments: lta_convert -all-info  ProgramVersion: 7.3.2  TimeStamp: 2026/03/08-18:06:05-GMT  BuildTime: Aug  4 2022 06:17:15  BuildStamp: freesurfer-linux-ubuntu22_x86_64-7.3.2-20220804-6354275  User: oesteban  Machine: dna003  Platform: Linux  PlatformVersion: 5.14.0-427.37.1.el9_4.x86_64  CompilerName: GCC  CompilerVersion: 8.4.0
ProgramName: mri_and  ProgramArguments: mri_and -all-info  ProgramVersion: 7.3.2  TimeStamp: 2026/03/08-18:06:05-GMT  BuildTime: Aug  4 2022 06:17:15  BuildStamp: freesurfer-linux-ubuntu22_x86_64-7.3.2-20220804-6354275  User: oesteban  Machine: dna003  Platform: Linux  PlatformVersion: 5.14.0-427.37.1.el9_4.x86_64  CompilerName: GCC  CompilerVersion: 8.4.0
ProgramName: mri_annotation2label  ProgramArguments: mri_annotation2label -all-info  ProgramVersion: 7.3.2  TimeStamp: 2026/03/08-18:06:05-GMT  BuildTime: Aug  4 2022 06:17:15  BuildStamp: freesurfer-linux-ubuntu22_x86_64-7.3.2-20220804-6354275  User: oesteban  Machine: dna003  Platform: Linux  PlatformVersion: 5.14.0-427.37.1.el9_4.x86_64  CompilerName: GCC  CompilerVersion: 8.4.0
ProgramName: mri_aparc2aseg  ProgramArguments: mri_aparc2aseg -all-info  ProgramVersion: 7.3.2  TimeStamp: 2026/03/08-18:06:05-GMT  BuildTime: Aug  4 2022 06:17:15  BuildStamp: freesurfer-linux-ubuntu22_x86_64-7.3.2-20220804-6354275  User: oesteban  Machine: dna003  Platform: Linux  PlatformVersion: 5.14.0-427.37.1.el9_4.x86_64  CompilerName: GCC  CompilerVersion: 8.4.0
ProgramName: mri_surf2volseg  ProgramArguments: mri_surf2volseg -all-info  ProgramVersion: 7.3.2  TimeStamp: 2026/03/08-18:06:05-GMT  BuildTime: Aug  4 2022 06:17:15  BuildStamp: freesurfer-linux-ubuntu22_x86_64-7.3.2-20220804-6354275  User: oesteban  Machine: dna003  Platform: Linux  PlatformVersion: 5.14.0-427.37.1.el9_4.x86_64  CompilerName: GCC  CompilerVersion: 8.4.0
ProgramName: mri_binarize  ProgramArguments: mri_binarize -all-info  ProgramVersion: 7.3.2  TimeStamp: 2026/03/08-18:06:05-GMT  BuildTime: Aug  4 2022 06:17:15  BuildStamp: freesurfer-linux-ubuntu22_x86_64-7.3.2-20220804-6354275  User: oesteban  Machine: dna003  Platform: Linux  PlatformVersion: 5.14.0-427.37.1.el9_4.x86_64  CompilerName: GCC  CompilerVersion: 8.4.0
ProgramName: mri_ca_label  ProgramArguments: mri_ca_label -all-info  ProgramVersion: 7.3.2  TimeStamp: 2026/03/08-18:06:05-GMT  BuildTime: Aug  4 2022 06:17:15  BuildStamp: freesurfer-linux-ubuntu22_x86_64-7.3.2-20220804-6354275  User: oesteban  Machine: dna003  Platform: Linux  PlatformVersion: 5.14.0-427.37.1.el9_4.x86_64  CompilerName: GCC  CompilerVersion: 8.4.0
ProgramName: mri_ca_normalize  ProgramArguments: mri_ca_normalize -all-info  ProgramVersion: 7.3.2  TimeStamp: 2026/03/08-18:06:05-GMT  BuildTime: Aug  4 2022 06:17:15  BuildStamp: freesurfer-linux-ubuntu22_x86_64-7.3.2-20220804-6354275  User: oesteban  Machine: dna003  Platform: Linux  PlatformVersion: 5.14.0-427.37.1.el9_4.x86_64  CompilerName: GCC  CompilerVersion: 8.4.0
ProgramName: mri_ca_register  ProgramArguments: mri_ca_register -all-info  ProgramVersion: 7.3.2  TimeStamp: 2026/03/08-18:06:05-GMT  BuildTime: Aug  4 2022 06:17:15  BuildStamp: freesurfer-linux-ubuntu22_x86_64-7.3.2-20220804-6354275  User: oesteban  Machine: dna003  Platform: Linux  PlatformVersion: 5.14.0-427.37.1.el9_4.x86_64  CompilerName: GCC  CompilerVersion: 8.4.0
ProgramName: mri_cc  ProgramArguments: mri_cc -all-info  ProgramVersion: 7.3.2  TimeStamp: 2026/03/08-18:06:05-GMT  BuildTime: Aug  4 2022 06:17:15  BuildStamp: freesurfer-linux-ubuntu22_x86_64-7.3.2-20220804-6354275  User: oesteban  Machine: dna003  Platform: Linux  PlatformVersion: 5.14.0-427.37.1.el9_4.x86_64  CompilerName: GCC  CompilerVersion: 8.4.0
ProgramName: mri_compute_overlap  ProgramArguments: mri_compute_overlap -all-info  ProgramVersion: 7.3.2  TimeStamp: 2026/03/08-18:06:05-GMT  BuildTime: Aug  4 2022 06:17:15  BuildStamp: freesurfer-linux-ubuntu22_x86_64-7.3.2-20220804-6354275  User: oesteban  Machine: dna003  Platform: Linux  PlatformVersion: 5.14.0-427.37.1.el9_4.x86_64  CompilerName: GCC  CompilerVersion: 8.4.0
ProgramName: mri_compute_seg_overlap  ProgramArguments: mri_compute_seg_overlap -all-info  ProgramVersion: 7.3.2  TimeStamp: 2026/03/08-18:06:05-GMT  BuildTime: Aug  4 2022 06:17:15  BuildStamp: freesurfer-linux-ubuntu22_x86_64-7.3.2-20220804-6354275  User: oesteban  Machine: dna003  Platform: Linux  PlatformVersion: 5.14.0-427.37.1.el9_4.x86_64  CompilerName: GCC  CompilerVersion: 8.4.0
ProgramName: mri_concat  ProgramArguments: mri_concat -all-info  ProgramVersion: 7.3.2  TimeStamp: 2026/03/08-18:06:05-GMT  BuildTime: Aug  4 2022 06:17:15  BuildStamp: freesurfer-linux-ubuntu22_x86_64-7.3.2-20220804-6354275  User: oesteban  Machine: dna003  Platform: Linux  PlatformVersion: 5.14.0-427.37.1.el9_4.x86_64  CompilerName: GCC  CompilerVersion: 8.4.0
ProgramName: mri_concatenate_lta  ProgramArguments: mri_concatenate_lta -all-info  ProgramVersion: 7.3.2  TimeStamp: 2026/03/08-18:06:05-GMT  BuildTime: Aug  4 2022 06:17:15  BuildStamp: freesurfer-linux-ubuntu22_x86_64-7.3.2-20220804-6354275  User: oesteban  Machine: dna003  Platform: Linux  PlatformVersion: 5.14.0-427.37.1.el9_4.x86_64  CompilerName: GCC  CompilerVersion: 8.4.0
mri_convert -all-info 
ProgramName: mri_convert  ProgramArguments: mri_convert -all-info  ProgramVersion: 7.3.2  TimeStamp: 2026/03/08-18:06:05-GMT  BuildTime: Aug  4 2022 06:17:15  BuildStamp: freesurfer-linux-ubuntu22_x86_64-7.3.2-20220804-6354275  User: oesteban  Machine: dna003  Platform: Linux  PlatformVersion: 5.14.0-427.37.1.el9_4.x86_64  CompilerName: GCC  CompilerVersion: 8.4.0
ProgramName: mri_diff  ProgramArguments: mri_diff -all-info  ProgramVersion: 7.3.2  TimeStamp: 2026/03/08-18:06:05-GMT  BuildTime: Aug  4 2022 06:17:15  BuildStamp: freesurfer-linux-ubuntu22_x86_64-7.3.2-20220804-6354275  User: oesteban  Machine: dna003  Platform: Linux  PlatformVersion: 5.14.0-427.37.1.el9_4.x86_64  CompilerName: GCC  CompilerVersion: 8.4.0
ProgramName: mri_edit_wm_with_aseg  ProgramArguments: mri_edit_wm_with_aseg -all-info  ProgramVersion: 7.3.2  TimeStamp: 2026/03/08-18:06:05-GMT  BuildTime: Aug  4 2022 06:17:15  BuildStamp: freesurfer-linux-ubuntu22_x86_64-7.3.2-20220804-6354275  User: oesteban  Machine: dna003  Platform: Linux  PlatformVersion: 5.14.0-427.37.1.el9_4.x86_64  CompilerName: GCC  CompilerVersion: 8.4.0
ProgramName: mri_em_register  ProgramArguments: mri_em_register -all-info  ProgramVersion: 7.3.2  TimeStamp: 2026/03/08-18:06:05-GMT  BuildTime: Aug  4 2022 06:17:15  BuildStamp: freesurfer-linux-ubuntu22_x86_64-7.3.2-20220804-6354275  User: oesteban  Machine: dna003  Platform: Linux  PlatformVersion: 5.14.0-427.37.1.el9_4.x86_64  CompilerName: GCC  CompilerVersion: 8.4.0
ProgramName: mri_fill  ProgramArguments: mri_fill -all-info  ProgramVersion: 7.3.2  TimeStamp: 2026/03/08-18:06:05-GMT  BuildTime: Aug  4 2022 06:17:15  BuildStamp: freesurfer-linux-ubuntu22_x86_64-7.3.2-20220804-6354275  User: oesteban  Machine: dna003  Platform: Linux  PlatformVersion: 5.14.0-427.37.1.el9_4.x86_64  CompilerName: GCC  CompilerVersion: 8.4.0
ProgramName: mri_fuse_segmentations  ProgramArguments: mri_fuse_segmentations -all-info  ProgramVersion: 7.3.2  TimeStamp: 2026/03/08-18:06:05-GMT  BuildTime: Aug  4 2022 06:17:15  BuildStamp: freesurfer-linux-ubuntu22_x86_64-7.3.2-20220804-6354275  User: oesteban  Machine: dna003  Platform: Linux  PlatformVersion: 5.14.0-427.37.1.el9_4.x86_64  CompilerName: GCC  CompilerVersion: 8.4.0
ProgramName: mri_fwhm  ProgramArguments: mri_fwhm -all-info  ProgramVersion: 7.3.2  TimeStamp: 2026/03/08-18:06:05-GMT  BuildTime: Aug  4 2022 06:17:15  BuildStamp: freesurfer-linux-ubuntu22_x86_64-7.3.2-20220804-6354275  User: oesteban  Machine: dna003  Platform: Linux  PlatformVersion: 5.14.0-427.37.1.el9_4.x86_64  CompilerName: GCC  CompilerVersion: 8.4.0
ProgramName: mri_gcut  ProgramArguments: mri_gcut -all-info  ProgramVersion: 7.3.2  TimeStamp: 2026/03/08-18:06:05-GMT  BuildTime: Aug  4 2022 06:17:15  BuildStamp: freesurfer-linux-ubuntu22_x86_64-7.3.2-20220804-6354275  User: oesteban  Machine: dna003  Platform: Linux  PlatformVersion: 5.14.0-427.37.1.el9_4.x86_64  CompilerName: GCC  CompilerVersion: 8.4.0
ProgramName: mri_info  ProgramArguments: mri_info -all-info  ProgramVersion: 7.3.2  TimeStamp: 2026/03/08-18:06:05-GMT  BuildTime: Aug  4 2022 06:17:15  BuildStamp: freesurfer-linux-ubuntu22_x86_64-7.3.2-20220804-6354275  User: oesteban  Machine: dna003  Platform: Linux  PlatformVersion: 5.14.0-427.37.1.el9_4.x86_64  CompilerName: GCC  CompilerVersion: 8.4.0
ProgramName: mri_label2label  ProgramArguments: mri_label2label -all-info  ProgramVersion: 7.3.2  TimeStamp: 2026/03/08-18:06:05-GMT  BuildTime: Aug  4 2022 06:17:15  BuildStamp: freesurfer-linux-ubuntu22_x86_64-7.3.2-20220804-6354275  User: oesteban  Machine: dna003  Platform: Linux  PlatformVersion: 5.14.0-427.37.1.el9_4.x86_64  CompilerName: GCC  CompilerVersion: 8.4.0
ProgramName: mri_label2vol  ProgramArguments: mri_label2vol -all-info  ProgramVersion: 7.3.2  TimeStamp: 2026/03/08-18:06:05-GMT  BuildTime: Aug  4 2022 06:17:15  BuildStamp: freesurfer-linux-ubuntu22_x86_64-7.3.2-20220804-6354275  User: oesteban  Machine: dna003  Platform: Linux  PlatformVersion: 5.14.0-427.37.1.el9_4.x86_64  CompilerName: GCC  CompilerVersion: 8.4.0
ProgramName: mri_log_likelihood  ProgramArguments: mri_log_likelihood -all-info  ProgramVersion: 7.3.2  TimeStamp: 2026/03/08-18:06:05-GMT  BuildTime: Aug  4 2022 06:17:15  BuildStamp: freesurfer-linux-ubuntu22_x86_64-7.3.2-20220804-6354275  User: oesteban  Machine: dna003  Platform: Linux  PlatformVersion: 5.14.0-427.37.1.el9_4.x86_64  CompilerName: GCC  CompilerVersion: 8.4.0
ProgramName: mri_mask  ProgramArguments: mri_mask -all-info  ProgramVersion: 7.3.2  TimeStamp: 2026/03/08-18:06:05-GMT  BuildTime: Aug  4 2022 06:17:15  BuildStamp: freesurfer-linux-ubuntu22_x86_64-7.3.2-20220804-6354275  User: oesteban  Machine: dna003  Platform: Linux  PlatformVersion: 5.14.0-427.37.1.el9_4.x86_64  CompilerName: GCC  CompilerVersion: 8.4.0
ProgramName: mri_matrix_multiply  ProgramArguments: mri_matrix_multiply -all-info  ProgramVersion: 7.3.2  TimeStamp: 2026/03/08-18:06:05-GMT  BuildTime: Aug  4 2022 06:17:15  BuildStamp: freesurfer-linux-ubuntu22_x86_64-7.3.2-20220804-6354275  User: oesteban  Machine: dna003  Platform: Linux  PlatformVersion: 5.14.0-427.37.1.el9_4.x86_64  CompilerName: GCC  CompilerVersion: 8.4.0
ProgramName: mri_normalize  ProgramArguments: mri_normalize -all-info  ProgramVersion: 7.3.2  TimeStamp: 2026/03/08-18:06:05-GMT  BuildTime: Aug  4 2022 06:17:15  BuildStamp: freesurfer-linux-ubuntu22_x86_64-7.3.2-20220804-6354275  User: oesteban  Machine: dna003  Platform: Linux  PlatformVersion: 5.14.0-427.37.1.el9_4.x86_64  CompilerName: GCC  CompilerVersion: 8.4.0
ProgramName: mri_normalize_tp2  ProgramArguments: mri_normalize_tp2 -all-info  ProgramVersion: 7.3.2  TimeStamp: 2026/03/08-18:06:05-GMT  BuildTime: Aug  4 2022 06:17:15  BuildStamp: freesurfer-linux-ubuntu22_x86_64-7.3.2-20220804-6354275  User: oesteban  Machine: dna003  Platform: Linux  PlatformVersion: 5.14.0-427.37.1.el9_4.x86_64  CompilerName: GCC  CompilerVersion: 8.4.0
ProgramName: mri_or  ProgramArguments: mri_or -all-info  ProgramVersion: 7.3.2  TimeStamp: 2026/03/08-18:06:05-GMT  BuildTime: Aug  4 2022 06:17:15  BuildStamp: freesurfer-linux-ubuntu22_x86_64-7.3.2-20220804-6354275  User: oesteban  Machine: dna003  Platform: Linux  PlatformVersion: 5.14.0-427.37.1.el9_4.x86_64  CompilerName: GCC  CompilerVersion: 8.4.0
ProgramName: mri_relabel_hypointensities  ProgramArguments: mri_relabel_hypointensities -all-info  ProgramVersion: 7.3.2  TimeStamp: 2026/03/08-18:06:05-GMT  BuildTime: Aug  4 2022 06:17:15  BuildStamp: freesurfer-linux-ubuntu22_x86_64-7.3.2-20220804-6354275  User: oesteban  Machine: dna003  Platform: Linux  PlatformVersion: 5.14.0-427.37.1.el9_4.x86_64  CompilerName: GCC  CompilerVersion: 8.4.0
ProgramName: mri_relabel_nonwm_hypos  ProgramArguments: mri_relabel_nonwm_hypos -all-info  ProgramVersion: 7.3.2  TimeStamp: 2026/03/08-18:06:05-GMT  BuildTime: Aug  4 2022 06:17:15  BuildStamp: freesurfer-linux-ubuntu22_x86_64-7.3.2-20220804-6354275  User: oesteban  Machine: dna003  Platform: Linux  PlatformVersion: 5.14.0-427.37.1.el9_4.x86_64  CompilerName: GCC  CompilerVersion: 8.4.0
ProgramName: mri_remove_neck  ProgramArguments: mri_remove_neck -all-info  ProgramVersion: 7.3.2  TimeStamp: 2026/03/08-18:06:05-GMT  BuildTime: Aug  4 2022 06:17:15  BuildStamp: freesurfer-linux-ubuntu22_x86_64-7.3.2-20220804-6354275  User: oesteban  Machine: dna003  Platform: Linux  PlatformVersion: 5.14.0-427.37.1.el9_4.x86_64  CompilerName: GCC  CompilerVersion: 8.4.0
7.3.2

ProgramName: mri_robust_register  ProgramArguments: mri_robust_register -all-info  ProgramVersion: 7.3.2  TimeStamp: 2026/03/08-18:06:05-GMT  BuildTime: Aug  4 2022 06:17:15  BuildStamp: freesurfer-linux-ubuntu22_x86_64-7.3.2-20220804-6354275  User: oesteban  Machine: dna003  Platform: Linux  PlatformVersion: 5.14.0-427.37.1.el9_4.x86_64  CompilerName: GCC  CompilerVersion: 8.4.0
7.3.2

ProgramName: mri_robust_template  ProgramArguments: mri_robust_template -all-info  ProgramVersion: 7.3.2  TimeStamp: 2026/03/08-18:06:05-GMT  BuildTime: Aug  4 2022 06:17:15  BuildStamp: freesurfer-linux-ubuntu22_x86_64-7.3.2-20220804-6354275  User: oesteban  Machine: dna003  Platform: Linux  PlatformVersion: 5.14.0-427.37.1.el9_4.x86_64  CompilerName: GCC  CompilerVersion: 8.4.0
ProgramName: mris_anatomical_stats  ProgramArguments: mris_anatomical_stats -all-info  ProgramVersion: 7.3.2  TimeStamp: 2026/03/08-18:06:05-GMT  BuildTime: Aug  4 2022 06:17:15  BuildStamp: freesurfer-linux-ubuntu22_x86_64-7.3.2-20220804-6354275  User: oesteban  Machine: dna003  Platform: Linux  PlatformVersion: 5.14.0-427.37.1.el9_4.x86_64  CompilerName: GCC  CompilerVersion: 8.4.0
ProgramName: mris_ca_label  ProgramArguments: mris_ca_label -all-info  ProgramVersion: 7.3.2  TimeStamp: 2026/03/08-18:06:05-GMT  BuildTime: Aug  4 2022 06:17:15  BuildStamp: freesurfer-linux-ubuntu22_x86_64-7.3.2-20220804-6354275  User: oesteban  Machine: dna003  Platform: Linux  PlatformVersion: 5.14.0-427.37.1.el9_4.x86_64  CompilerName: GCC  CompilerVersion: 8.4.0
ProgramName: mris_calc  ProgramArguments: mris_calc -all-info  ProgramVersion: 7.3.2  TimeStamp: 2026/03/08-18:06:05-GMT  BuildTime: Aug  4 2022 06:17:15  BuildStamp: freesurfer-linux-ubuntu22_x86_64-7.3.2-20220804-6354275  User: oesteban  Machine: dna003  Platform: Linux  PlatformVersion: 5.14.0-427.37.1.el9_4.x86_64  CompilerName: GCC  CompilerVersion: 8.4.0
ProgramName: mris_convert  ProgramArguments: mris_convert -all-info  ProgramVersion: 7.3.2  TimeStamp: 2026/03/08-18:06:05-GMT  BuildTime: Aug  4 2022 06:17:15  BuildStamp: freesurfer-linux-ubuntu22_x86_64-7.3.2-20220804-6354275  User: oesteban  Machine: dna003  Platform: Linux  PlatformVersion: 5.14.0-427.37.1.el9_4.x86_64  CompilerName: GCC  CompilerVersion: 8.4.0
ProgramName: mris_curvature  ProgramArguments: mris_curvature -all-info  ProgramVersion: 7.3.2  TimeStamp: 2026/03/08-18:06:05-GMT  BuildTime: Aug  4 2022 06:17:15  BuildStamp: freesurfer-linux-ubuntu22_x86_64-7.3.2-20220804-6354275  User: oesteban  Machine: dna003  Platform: Linux  PlatformVersion: 5.14.0-427.37.1.el9_4.x86_64  CompilerName: GCC  CompilerVersion: 8.4.0
ProgramName: mris_curvature_stats  ProgramArguments: mris_curvature_stats -all-info  ProgramVersion: 7.3.2  TimeStamp: 2026/03/08-18:06:05-GMT  BuildTime: Aug  4 2022 06:17:15  BuildStamp: freesurfer-linux-ubuntu22_x86_64-7.3.2-20220804-6354275  User: oesteban  Machine: dna003  Platform: Linux  PlatformVersion: 5.14.0-427.37.1.el9_4.x86_64  CompilerName: GCC  CompilerVersion: 8.4.0
ProgramName: mris_diff  ProgramArguments: mris_diff -all-info  ProgramVersion: 7.3.2  TimeStamp: 2026/03/08-18:06:05-GMT  BuildTime: Aug  4 2022 06:17:15  BuildStamp: freesurfer-linux-ubuntu22_x86_64-7.3.2-20220804-6354275  User: oesteban  Machine: dna003  Platform: Linux  PlatformVersion: 5.14.0-427.37.1.el9_4.x86_64  CompilerName: GCC  CompilerVersion: 8.4.0
ProgramName: mris_divide_parcellation  ProgramArguments: mris_divide_parcellation -all-info  ProgramVersion: 7.3.2  TimeStamp: 2026/03/08-18:06:05-GMT  BuildTime: Aug  4 2022 06:17:15  BuildStamp: freesurfer-linux-ubuntu22_x86_64-7.3.2-20220804-6354275  User: oesteban  Machine: dna003  Platform: Linux  PlatformVersion: 5.14.0-427.37.1.el9_4.x86_64  CompilerName: GCC  CompilerVersion: 8.4.0
ProgramName: mri_segment  ProgramArguments: mri_segment -all-info  ProgramVersion: 7.3.2  TimeStamp: 2026/03/08-18:06:05-GMT  BuildTime: Aug  4 2022 06:17:15  BuildStamp: freesurfer-linux-ubuntu22_x86_64-7.3.2-20220804-6354275  User: oesteban  Machine: dna003  Platform: Linux  PlatformVersion: 5.14.0-427.37.1.el9_4.x86_64  CompilerName: GCC  CompilerVersion: 8.4.0
ProgramName: mri_segstats  ProgramArguments: mri_segstats -all-info  ProgramVersion: 7.3.2  TimeStamp: 2026/03/08-18:06:05-GMT  BuildTime: Aug  4 2022 06:17:15  BuildStamp: freesurfer-linux-ubuntu22_x86_64-7.3.2-20220804-6354275  User: oesteban  Machine: dna003  Platform: Linux  PlatformVersion: 5.14.0-427.37.1.el9_4.x86_64  CompilerName: GCC  CompilerVersion: 8.4.0
ProgramName: mris_euler_number  ProgramArguments: mris_euler_number -all-info  ProgramVersion: 7.3.2  TimeStamp: 2026/03/08-18:06:05-GMT  BuildTime: Aug  4 2022 06:17:15  BuildStamp: freesurfer-linux-ubuntu22_x86_64-7.3.2-20220804-6354275  User: oesteban  Machine: dna003  Platform: Linux  PlatformVersion: 5.14.0-427.37.1.el9_4.x86_64  CompilerName: GCC  CompilerVersion: 8.4.0
ProgramName: mris_fix_topology  ProgramArguments: mris_fix_topology -all-info  ProgramVersion: 7.3.2  TimeStamp: 2026/03/08-18:06:05-GMT  BuildTime: Aug  4 2022 06:17:15  BuildStamp: freesurfer-linux-ubuntu22_x86_64-7.3.2-20220804-6354275  User: oesteban  Machine: dna003  Platform: Linux  PlatformVersion: 5.14.0-427.37.1.el9_4.x86_64  CompilerName: GCC  CompilerVersion: 8.4.0
ProgramName: mris_topo_fixer  ProgramArguments: mris_topo_fixer -all-info  ProgramVersion: 7.3.2  TimeStamp: 2026/03/08-18:06:05-GMT  BuildTime: Aug  4 2022 06:17:15  BuildStamp: freesurfer-linux-ubuntu22_x86_64-7.3.2-20220804-6354275  User: oesteban  Machine: dna003  Platform: Linux  PlatformVersion: 5.14.0-427.37.1.el9_4.x86_64  CompilerName: GCC  CompilerVersion: 8.4.0
ProgramName: mris_jacobian  ProgramArguments: mris_jacobian -all-info  ProgramVersion: 7.3.2  TimeStamp: 2026/03/08-18:06:05-GMT  BuildTime: Aug  4 2022 06:17:15  BuildStamp: freesurfer-linux-ubuntu22_x86_64-7.3.2-20220804-6354275  User: oesteban  Machine: dna003  Platform: Linux  PlatformVersion: 5.14.0-427.37.1.el9_4.x86_64  CompilerName: GCC  CompilerVersion: 8.4.0
ProgramName: mris_label2annot  ProgramArguments: mris_label2annot -all-info  ProgramVersion: 7.3.2  TimeStamp: 2026/03/08-18:06:05-GMT  BuildTime: Aug  4 2022 06:17:15  BuildStamp: freesurfer-linux-ubuntu22_x86_64-7.3.2-20220804-6354275  User: oesteban  Machine: dna003  Platform: Linux  PlatformVersion: 5.14.0-427.37.1.el9_4.x86_64  CompilerName: GCC  CompilerVersion: 8.4.0
ProgramName: mris_left_right_register  ProgramArguments: mris_left_right_register -all-info  ProgramVersion: 7.3.2  TimeStamp: 2026/03/08-18:06:05-GMT  BuildTime: Aug  4 2022 06:17:15  BuildStamp: freesurfer-linux-ubuntu22_x86_64-7.3.2-20220804-6354275  User: oesteban  Machine: dna003  Platform: Linux  PlatformVersion: 5.14.0-427.37.1.el9_4.x86_64  CompilerName: GCC  CompilerVersion: 8.4.0
ProgramName: mris_place_surface  ProgramArguments: mris_place_surface -all-info  ProgramVersion: 7.3.2  TimeStamp: 2026/03/08-18:06:05-GMT  BuildTime: Aug  4 2022 06:17:15  BuildStamp: freesurfer-linux-ubuntu22_x86_64-7.3.2-20220804-6354275  User: oesteban  Machine: dna003  Platform: Linux  PlatformVersion: 5.14.0-427.37.1.el9_4.x86_64  CompilerName: GCC  CompilerVersion: 8.4.0
ProgramName: mrisp_paint  ProgramArguments: mrisp_paint -all-info  ProgramVersion: 7.3.2  TimeStamp: 2026/03/08-18:06:05-GMT  BuildTime: Aug  4 2022 06:17:15  BuildStamp: freesurfer-linux-ubuntu22_x86_64-7.3.2-20220804-6354275  User: oesteban  Machine: dna003  Platform: Linux  PlatformVersion: 5.14.0-427.37.1.el9_4.x86_64  CompilerName: GCC  CompilerVersion: 8.4.0
ProgramName: mris_register  ProgramArguments: mris_register -all-info  ProgramVersion: 7.3.2  TimeStamp: 2026/03/08-18:06:05-GMT  BuildTime: Aug  4 2022 06:17:15  BuildStamp: freesurfer-linux-ubuntu22_x86_64-7.3.2-20220804-6354275  User: oesteban  Machine: dna003  Platform: Linux  PlatformVersion: 5.14.0-427.37.1.el9_4.x86_64  CompilerName: GCC  CompilerVersion: 8.4.0
ProgramName: mris_smooth  ProgramArguments: mris_smooth -all-info  ProgramVersion: 7.3.2  TimeStamp: 2026/03/08-18:06:05-GMT  BuildTime: Aug  4 2022 06:17:15  BuildStamp: freesurfer-linux-ubuntu22_x86_64-7.3.2-20220804-6354275  User: oesteban  Machine: dna003  Platform: Linux  PlatformVersion: 5.14.0-427.37.1.el9_4.x86_64  CompilerName: GCC  CompilerVersion: 8.4.0
ProgramName: mris_sphere  ProgramArguments: mris_sphere -all-info  ProgramVersion: 7.3.2  TimeStamp: 2026/03/08-18:06:05-GMT  BuildTime: Aug  4 2022 06:17:15  BuildStamp: freesurfer-linux-ubuntu22_x86_64-7.3.2-20220804-6354275  User: oesteban  Machine: dna003  Platform: Linux  PlatformVersion: 5.14.0-427.37.1.el9_4.x86_64  CompilerName: GCC  CompilerVersion: 8.4.0
ProgramName: mris_surface_stats  ProgramArguments: mris_surface_stats -all-info  ProgramVersion: 7.3.2  TimeStamp: 2026/03/08-18:06:05-GMT  BuildTime: Aug  4 2022 06:17:15  BuildStamp: freesurfer-linux-ubuntu22_x86_64-7.3.2-20220804-6354275  User: oesteban  Machine: dna003  Platform: Linux  PlatformVersion: 5.14.0-427.37.1.el9_4.x86_64  CompilerName: GCC  CompilerVersion: 8.4.0
ProgramName: mri_stats2seg  ProgramArguments: mri_stats2seg -all-info  ProgramVersion: 7.3.2  TimeStamp: 2026/03/08-18:06:05-GMT  BuildTime: Aug  4 2022 06:17:15  BuildStamp: freesurfer-linux-ubuntu22_x86_64-7.3.2-20220804-6354275  User: oesteban  Machine: dna003  Platform: Linux  PlatformVersion: 5.14.0-427.37.1.el9_4.x86_64  CompilerName: GCC  CompilerVersion: 8.4.0
ProgramName: mris_thickness  ProgramArguments: mris_thickness -all-info  ProgramVersion: 7.3.2  TimeStamp: 2026/03/08-18:06:05-GMT  BuildTime: Aug  4 2022 06:17:15  BuildStamp: freesurfer-linux-ubuntu22_x86_64-7.3.2-20220804-6354275  User: oesteban  Machine: dna003  Platform: Linux  PlatformVersion: 5.14.0-427.37.1.el9_4.x86_64  CompilerName: GCC  CompilerVersion: 8.4.0
ProgramName: mris_thickness_diff  ProgramArguments: mris_thickness_diff -all-info  ProgramVersion: 7.3.2  TimeStamp: 2026/03/08-18:06:05-GMT  BuildTime: Aug  4 2022 06:17:15  BuildStamp: freesurfer-linux-ubuntu22_x86_64-7.3.2-20220804-6354275  User: oesteban  Machine: dna003  Platform: Linux  PlatformVersion: 5.14.0-427.37.1.el9_4.x86_64  CompilerName: GCC  CompilerVersion: 8.4.0
ProgramName: mris_topo_fixer  ProgramArguments: mris_topo_fixer -all-info  ProgramVersion: 7.3.2  TimeStamp: 2026/03/08-18:06:05-GMT  BuildTime: Aug  4 2022 06:17:15  BuildStamp: freesurfer-linux-ubuntu22_x86_64-7.3.2-20220804-6354275  User: oesteban  Machine: dna003  Platform: Linux  PlatformVersion: 5.14.0-427.37.1.el9_4.x86_64  CompilerName: GCC  CompilerVersion: 8.4.0
ProgramName: mri_surf2surf  ProgramArguments: mri_surf2surf -all-info  ProgramVersion: 7.3.2  TimeStamp: 2026/03/08-18:06:05-GMT  BuildTime: Aug  4 2022 06:17:15  BuildStamp: freesurfer-linux-ubuntu22_x86_64-7.3.2-20220804-6354275  User: oesteban  Machine: dna003  Platform: Linux  PlatformVersion: 5.14.0-427.37.1.el9_4.x86_64  CompilerName: GCC  CompilerVersion: 8.4.0
ProgramName: mri_surf2vol  ProgramArguments: mri_surf2vol -all-info  ProgramVersion: 7.3.2  TimeStamp: 2026/03/08-18:06:05-GMT  BuildTime: Aug  4 2022 06:17:15  BuildStamp: freesurfer-linux-ubuntu22_x86_64-7.3.2-20220804-6354275  User: oesteban  Machine: dna003  Platform: Linux  PlatformVersion: 5.14.0-427.37.1.el9_4.x86_64  CompilerName: GCC  CompilerVersion: 8.4.0
ProgramName: mri_surfcluster  ProgramArguments: mri_surfcluster -all-info  ProgramVersion: 7.3.2  TimeStamp: 2026/03/08-18:06:05-GMT  BuildTime: Aug  4 2022 06:17:15  BuildStamp: freesurfer-linux-ubuntu22_x86_64-7.3.2-20220804-6354275  User: oesteban  Machine: dna003  Platform: Linux  PlatformVersion: 5.14.0-427.37.1.el9_4.x86_64  CompilerName: GCC  CompilerVersion: 8.4.0
ProgramName: mris_volmask  ProgramArguments: mris_volmask -all-info  ProgramVersion: 7.3.2  TimeStamp: 2026/03/08-18:06:05-GMT  BuildTime: Aug  4 2022 06:17:15  BuildStamp: freesurfer-linux-ubuntu22_x86_64-7.3.2-20220804-6354275  User: oesteban  Machine: dna003  Platform: Linux  PlatformVersion: 5.14.0-427.37.1.el9_4.x86_64  CompilerName: GCC  CompilerVersion: 8.4.0
ProgramName: mri_tessellate  ProgramArguments: mri_tessellate -all-info  ProgramVersion: 7.3.2  TimeStamp: 2026/03/08-18:06:05-GMT  BuildTime: Aug  4 2022 06:17:15  BuildStamp: freesurfer-linux-ubuntu22_x86_64-7.3.2-20220804-6354275  User: oesteban  Machine: dna003  Platform: Linux  PlatformVersion: 5.14.0-427.37.1.el9_4.x86_64  CompilerName: GCC  CompilerVersion: 8.4.0
ProgramName: mri_vol2surf  ProgramArguments: mri_vol2surf -all-info  ProgramVersion: 7.3.2  TimeStamp: 2026/03/08-18:06:05-GMT  BuildTime: Aug  4 2022 06:17:15  BuildStamp: freesurfer-linux-ubuntu22_x86_64-7.3.2-20220804-6354275  User: oesteban  Machine: dna003  Platform: Linux  PlatformVersion: 5.14.0-427.37.1.el9_4.x86_64  CompilerName: GCC  CompilerVersion: 8.4.0
ProgramName: mri_vol2vol  ProgramArguments: mri_vol2vol -all-info  ProgramVersion: 7.3.2  TimeStamp: 2026/03/08-18:06:05-GMT  BuildTime: Aug  4 2022 06:17:15  BuildStamp: freesurfer-linux-ubuntu22_x86_64-7.3.2-20220804-6354275  User: oesteban  Machine: dna003  Platform: Linux  PlatformVersion: 5.14.0-427.37.1.el9_4.x86_64  CompilerName: GCC  CompilerVersion: 8.4.0
ProgramName: mri_voldiff  ProgramArguments: mri_voldiff -all-info  ProgramVersion: 7.3.2  TimeStamp: 2026/03/08-18:06:05-GMT  BuildTime: Aug  4 2022 06:17:15  BuildStamp: freesurfer-linux-ubuntu22_x86_64-7.3.2-20220804-6354275  User: oesteban  Machine: dna003  Platform: Linux  PlatformVersion: 5.14.0-427.37.1.el9_4.x86_64  CompilerName: GCC  CompilerVersion: 8.4.0
ProgramName: mri_watershed  ProgramArguments: mri_watershed -all-info  ProgramVersion: 7.3.2  TimeStamp: 2026/03/08-18:06:05-GMT  BuildTime: Aug  4 2022 06:17:15  BuildStamp: freesurfer-linux-ubuntu22_x86_64-7.3.2-20220804-6354275  User: oesteban  Machine: dna003  Platform: Linux  PlatformVersion: 5.14.0-427.37.1.el9_4.x86_64  CompilerName: GCC  CompilerVersion: 8.4.0
ProgramName: tkregister2  ProgramArguments: tkregister2_cmdl -all-info  ProgramVersion: 7.3.2  TimeStamp: 2026/03/08-18:06:05-GMT  BuildTime: Aug  4 2022 06:17:15  BuildStamp: freesurfer-linux-ubuntu22_x86_64-7.3.2-20220804-6354275  User: oesteban  Machine: dna003  Platform: Linux  PlatformVersion: 5.14.0-427.37.1.el9_4.x86_64  CompilerName: GCC  CompilerVersion: 8.4.0
mri_motion_correct.fsl 7.3.2
mri_convert -all-info 
ProgramName: mri_convert  ProgramArguments: mri_convert -all-info  ProgramVersion: 7.3.2  TimeStamp: 2026/03/08-18:06:05-GMT  BuildTime: Aug  4 2022 06:17:15  BuildStamp: freesurfer-linux-ubuntu22_x86_64-7.3.2-20220804-6354275  User: oesteban  Machine: dna003  Platform: Linux  PlatformVersion: 5.14.0-427.37.1.el9_4.x86_64  CompilerName: GCC  CompilerVersion: 8.4.0
Program nu_correct, built from:
Package MNI N3, version 1.12.0, compiled by nicks@terrier (x86_64-unknown-linux-gnu) on 2015-06-19 at 01:25:34
#######################################
GCADIR /opt/freesurfer/average
GCA RB_all_2020-01-02.gca
GCASkull RB_all_withskull_2020_01_02.gca
AvgCurvTif folding.atlas.acfb40.noaparc.i12.2016-08-02.tif
GCSDIR /opt/freesurfer/average
GCS DKaparc.atlas.acfb40.noaparc.i12.2016-08-02.gcs
#######################################
#--------------------------------------------
#@# Tessellate lh Sun Mar  8 19:06:05 CET 2026
/out/sourcedata/freesurfer/sub-v1s14x0051558_ses-1/scripts

 mri_pretess ../mri/filled.mgz 255 ../mri/norm.mgz ../mri/filled-pretess255.mgz 


Iteration Number : 1
pass   1 (xy+):   0 found -   0 modified     |    TOTAL:   0
pass   1 (xy-):   1 found -   1 modified     |    TOTAL:   1
pass   2 (xy-):   0 found -   1 modified     |    TOTAL:   1
pass   1 (yz+):   8 found -   8 modified     |    TOTAL:   9
pass   2 (yz+):   0 found -   8 modified     |    TOTAL:   9
pass   1 (yz-):   6 found -   6 modified     |    TOTAL:  15
pass   2 (yz-):   0 found -   6 modified     |    TOTAL:  15
pass   1 (xz+):   2 found -   2 modified     |    TOTAL:  17
pass   2 (xz+):   0 found -   2 modified     |    TOTAL:  17
pass   1 (xz-):   1 found -   1 modified     |    TOTAL:  18
pass   2 (xz-):   0 found -   1 modified     |    TOTAL:  18
Iteration Number : 1
pass   1 (+++):   0 found -   0 modified     |    TOTAL:   0
pass   1 (+++):   0 found -   0 modified     |    TOTAL:   0
pass   1 (+++):   0 found -   0 modified     |    TOTAL:   0
pass   1 (+++):   0 found -   0 modified     |    TOTAL:   0
Iteration Number : 1
pass   1 (++):   0 found -   0 modified     |    TOTAL:   0
pass   1 (+-):   1 found -   1 modified     |    TOTAL:   1
pass   2 (+-):   0 found -   1 modified     |    TOTAL:   1
pass   1 (--):   1 found -   1 modified     |    TOTAL:   2
pass   2 (--):   0 found -   1 modified     |    TOTAL:   2
pass   1 (-+):   0 found -   0 modified     |    TOTAL:   2
Iteration Number : 2
pass   1 (xy+):   0 found -   0 modified     |    TOTAL:   0
pass   1 (xy-):   0 found -   0 modified     |    TOTAL:   0
pass   1 (yz+):   1 found -   1 modified     |    TOTAL:   1
pass   2 (yz+):   0 found -   1 modified     |    TOTAL:   1
pass   1 (yz-):   0 found -   0 modified     |    TOTAL:   1
pass   1 (xz+):   0 found -   0 modified     |    TOTAL:   1
pass   1 (xz-):   0 found -   0 modified     |    TOTAL:   1
Iteration Number : 2
pass   1 (+++):   0 found -   0 modified     |    TOTAL:   0
pass   1 (+++):   0 found -   0 modified     |    TOTAL:   0
pass   1 (+++):   0 found -   0 modified     |    TOTAL:   0
pass   1 (+++):   0 found -   0 modified     |    TOTAL:   0
Iteration Number : 2
pass   1 (++):   0 found -   0 modified     |    TOTAL:   0
pass   1 (+-):   0 found -   0 modified     |    TOTAL:   0
pass   1 (--):   0 found -   0 modified     |    TOTAL:   0
pass   1 (-+):   0 found -   0 modified     |    TOTAL:   0
Iteration Number : 3
pass   1 (xy+):   0 found -   0 modified     |    TOTAL:   0
pass   1 (xy-):   0 found -   0 modified     |    TOTAL:   0
pass   1 (yz+):   0 found -   0 modified     |    TOTAL:   0
pass   1 (yz-):   0 found -   0 modified     |    TOTAL:   0
pass   1 (xz+):   0 found -   0 modified     |    TOTAL:   0
pass   1 (xz-):   0 found -   0 modified     |    TOTAL:   0
Iteration Number : 3
pass   1 (+++):   0 found -   0 modified     |    TOTAL:   0
pass   1 (+++):   0 found -   0 modified     |    TOTAL:   0
pass   1 (+++):   0 found -   0 modified     |    TOTAL:   0
pass   1 (+++):   0 found -   0 modified     |    TOTAL:   0
Iteration Number : 3
pass   1 (++):   0 found -   0 modified     |    TOTAL:   0
pass   1 (+-):   0 found -   0 modified     |    TOTAL:   0
pass   1 (--):   0 found -   0 modified     |    TOTAL:   0
pass   1 (-+):   0 found -   0 modified     |    TOTAL:   0

Total Number of Modified Voxels = 21 (out of 306205: 0.006858)
Ambiguous edge configurations... 

mri_pretess done


 mri_tessellate ../mri/filled-pretess255.mgz 255 ../surf/lh.orig.nofix 

7.3.2
  7.3.2
slice 40: 132 vertices, 157 faces
slice 50: 3819 vertices, 4008 faces
slice 60: 11481 vertices, 11763 faces
slice 70: 21366 vertices, 21754 faces
slice 80: 32683 vertices, 33085 faces
slice 90: 44589 vertices, 44974 faces
slice 100: 55659 vertices, 56061 faces
slice 110: 68549 vertices, 68972 faces
slice 120: 81102 vertices, 81529 faces
slice 130: 93425 vertices, 93881 faces
slice 140: 105718 vertices, 106148 faces
slice 150: 116548 vertices, 116953 faces
slice 160: 126671 vertices, 127055 faces
slice 170: 135642 vertices, 135951 faces
slice 180: 142922 vertices, 143220 faces
slice 190: 149186 vertices, 149419 faces
slice 200: 153467 vertices, 153648 faces
slice 210: 154424 vertices, 154478 faces
slice 220: 154424 vertices, 154478 faces
slice 230: 154424 vertices, 154478 faces
slice 240: 154424 vertices, 154478 faces
slice 250: 154424 vertices, 154478 faces
using the conformed surface RAS to save vertex points...
writing ../surf/lh.orig.nofix
using vox2ras matrix:
-1.00000   0.00000   0.00000   128.00000;
 0.00000   0.00000   1.00000  -128.00000;
 0.00000  -1.00000   0.00000   128.00000;
 0.00000   0.00000   0.00000   1.00000;

 rm -f ../mri/filled-pretess255.mgz 


 mris_extract_main_component ../surf/lh.orig.nofix ../surf/lh.orig.nofix 


counting number of connected components...
   154424 voxel in cpt #1: X=-54 [v=154424,e=463434,f=308956] located at (-26.577236, -10.993654, -23.847919)
For the whole surface: X=-54 [v=154424,e=463434,f=308956]
One single component has been found
nothing to do
done

#--------------------------------------------
#@# Smooth1 lh Sun Mar  8 19:06:09 CET 2026
/out/sourcedata/freesurfer/sub-v1s14x0051558_ses-1/scripts

 mris_smooth -nw -seed 1234 ../surf/lh.orig.nofix ../surf/lh.smoothwm.nofix 

setting seed for random number generator to 1234
smoothing surface tessellation for 10 iterations...
smoothing complete - recomputing first and second fundamental forms...
#--------------------------------------------
#@# Inflation1 lh Sun Mar  8 19:06:13 CET 2026
/out/sourcedata/freesurfer/sub-v1s14x0051558_ses-1/scripts

 mris_inflate -no-save-sulc ../surf/lh.smoothwm.nofix ../surf/lh.inflated.nofix 

Not saving sulc
Reading ../surf/lh.smoothwm.nofix
avg radius = 48.3 mm, total surface area = 81627 mm^2
step 000: RMS=0.156 (target=0.015)   step 005: RMS=0.119 (target=0.015)   step 010: RMS=0.088 (target=0.015)   step 015: RMS=0.075 (target=0.015)   step 020: RMS=0.066 (target=0.015)   step 025: RMS=0.060 (target=0.015)   step 030: RMS=0.054 (target=0.015)   step 035: RMS=0.050 (target=0.015)   step 040: RMS=0.048 (target=0.015)   step 045: RMS=0.046 (target=0.015)   step 050: RMS=0.045 (target=0.015)   step 055: RMS=0.045 (target=0.015)   step 060: RMS=0.046 (target=0.015)   writing inflated surface to ../surf/lh.inflated.nofix
inflation took 0.3 minutes

inflation complete.
Not saving sulc
mris_inflate utimesec    60.340118
mris_inflate stimesec    2.453782
mris_inflate ru_maxrss   245168
mris_inflate ru_ixrss    0
mris_inflate ru_idrss    0
mris_inflate ru_isrss    0
mris_inflate ru_minflt   619813
mris_inflate ru_majflt   42
mris_inflate ru_nswap    0
mris_inflate ru_inblock  1672
mris_inflate ru_oublock  10864
mris_inflate ru_msgsnd   0
mris_inflate ru_msgrcv   0
mris_inflate ru_nsignals 0
mris_inflate ru_nvcsw    11056
mris_inflate ru_nivcsw   283
#--------------------------------------------
#@# QSphere lh Sun Mar  8 19:06:29 CET 2026
/out/sourcedata/freesurfer/sub-v1s14x0051558_ses-1/scripts

 mris_sphere -q -p 6 -a 128 -seed 1234 ../surf/lh.inflated.nofix ../surf/lh.qsphere.nofix 

doing quick spherical unfolding.
limitting unfolding to 6 passes
using n_averages = 128
setting seed for random number genererator to 1234
version: 7.3.2
available threads: 16
scaling brain by 0.300...
inflating...
projecting onto sphere...
surface projected - minimizing metric distortion...
vertex spacing 0.93 +- 0.54 (0.00-->7.50) (max @ vno 55269 --> 56443)
face area 0.02 +- 0.03 (-0.11-->1.20)
Entering MRISinflateToSphere()
inflating to sphere (rms error < 2.00)
000: dt: 0.0000, rms radial error=176.452, avgs=0
005/300: dt: 0.9000, rms radial error=176.194, avgs=0
010/300: dt: 0.9000, rms radial error=175.639, avgs=0
015/300: dt: 0.9000, rms radial error=174.911, avgs=0
020/300: dt: 0.9000, rms radial error=174.082, avgs=0
025/300: dt: 0.9000, rms radial error=173.194, avgs=0
030/300: dt: 0.9000, rms radial error=172.276, avgs=0
035/300: dt: 0.9000, rms radial error=171.340, avgs=0
040/300: dt: 0.9000, rms radial error=170.397, avgs=0
045/300: dt: 0.9000, rms radial error=169.451, avgs=0
050/300: dt: 0.9000, rms radial error=168.506, avgs=0
055/300: dt: 0.9000, rms radial error=167.563, avgs=0
060/300: dt: 0.9000, rms radial error=166.623, avgs=0
065/300: dt: 0.9000, rms radial error=165.688, avgs=0
070/300: dt: 0.9000, rms radial error=164.758, avgs=0
075/300: dt: 0.9000, rms radial error=163.832, avgs=0
080/300: dt: 0.9000, rms radial error=162.912, avgs=0
085/300: dt: 0.9000, rms radial error=161.996, avgs=0
090/300: dt: 0.9000, rms radial error=161.085, avgs=0
095/300: dt: 0.9000, rms radial error=160.179, avgs=0
100/300: dt: 0.9000, rms radial error=159.278, avgs=0
105/300: dt: 0.9000, rms radial error=158.382, avgs=0
110/300: dt: 0.9000, rms radial error=157.491, avgs=0
115/300: dt: 0.9000, rms radial error=156.605, avgs=0
120/300: dt: 0.9000, rms radial error=155.723, avgs=0
125/300: dt: 0.9000, rms radial error=154.847, avgs=0
130/300: dt: 0.9000, rms radial error=153.976, avgs=0
135/300: dt: 0.9000, rms radial error=153.111, avgs=0
140/300: dt: 0.9000, rms radial error=152.249, avgs=0
145/300: dt: 0.9000, rms radial error=151.393, avgs=0
150/300: dt: 0.9000, rms radial error=150.541, avgs=0
155/300: dt: 0.9000, rms radial error=149.693, avgs=0
160/300: dt: 0.9000, rms radial error=148.851, avgs=0
165/300: dt: 0.9000, rms radial error=148.012, avgs=0
170/300: dt: 0.9000, rms radial error=147.179, avgs=0
175/300: dt: 0.9000, rms radial error=146.350, avgs=0
180/300: dt: 0.9000, rms radial error=145.526, avgs=0
185/300: dt: 0.9000, rms radial error=144.707, avgs=0
190/300: dt: 0.9000, rms radial error=143.893, avgs=0
195/300: dt: 0.9000, rms radial error=143.084, avgs=0
200/300: dt: 0.9000, rms radial error=142.279, avgs=0
205/300: dt: 0.9000, rms radial error=141.479, avgs=0
210/300: dt: 0.9000, rms radial error=140.683, avgs=0
215/300: dt: 0.9000, rms radial error=139.892, avgs=0
220/300: dt: 0.9000, rms radial error=139.104, avgs=0
225/300: dt: 0.9000, rms radial error=138.322, avgs=0
230/300: dt: 0.9000, rms radial error=137.543, avgs=0
235/300: dt: 0.9000, rms radial error=136.769, avgs=0
240/300: dt: 0.9000, rms radial error=135.999, avgs=0
245/300: dt: 0.9000, rms radial error=135.234, avgs=0
250/300: dt: 0.9000, rms radial error=134.473, avgs=0
255/300: dt: 0.9000, rms radial error=133.716, avgs=0
260/300: dt: 0.9000, rms radial error=132.963, avgs=0
265/300: dt: 0.9000, rms radial error=132.214, avgs=0
270/300: dt: 0.9000, rms radial error=131.470, avgs=0
275/300: dt: 0.9000, rms radial error=130.729, avgs=0
280/300: dt: 0.9000, rms radial error=129.993, avgs=0
285/300: dt: 0.9000, rms radial error=129.261, avgs=0
290/300: dt: 0.9000, rms radial error=128.533, avgs=0
295/300: dt: 0.9000, rms radial error=127.809, avgs=0
300/300: dt: 0.9000, rms radial error=127.089, avgs=0

spherical inflation complete.
epoch 1 (K=10.0), pass 1, starting sse = 18264.03
taking momentum steps...
taking momentum steps...
taking momentum steps...
taking momentum steps...
pass 1 complete, delta sse/iter = 0.00/13 = 0.00019
epoch 2 (K=40.0), pass 1, starting sse = 3070.86
taking momentum steps...
taking momentum steps...
taking momentum steps...
taking momentum steps...
pass 1 complete, delta sse/iter = 0.00/13 = 0.00008
epoch 3 (K=160.0), pass 1, starting sse = 310.97
taking momentum steps...
taking momentum steps...
taking momentum steps...
taking momentum steps...
pass 1 complete, delta sse/iter = 0.11/15 = 0.00749
epoch 4 (K=640.0), pass 1, starting sse = 20.03
taking momentum steps...
taking momentum steps...
taking momentum steps...
taking momentum steps...
pass 1 complete, delta sse/iter = 0.10/21 = 0.00473
final distance error %100000.00
writing spherical brain to ../surf/lh.qsphere.nofix
spherical transformation took 0.0241 hours
FSRUNTIME@ mris_sphere  0.0241 hours 16 threads
#VMPC# mris_sphere VmPeak  1734408
mris_sphere done
#@# Fix Topology lh Sun Mar  8 19:07:55 CET 2026

 mris_fix_topology -mgz -sphere qsphere.nofix -inflated inflated.nofix -orig orig.nofix -out orig.premesh -ga -seed 1234 sub-v1s14x0051558_ses-1 lh 

reading spherical homeomorphism from 'qsphere.nofix'
reading inflated coordinates from 'inflated.nofix'
reading original coordinates from 'orig.nofix'
using genetic algorithm with optimized parameters
setting seed for random number genererator to 1234

*************************************************************
Topology Correction Parameters
retessellation mode:           genetic search
number of patches/generation : 10
number of generations :        10
surface mri loglikelihood coefficient :         1.0
volume mri loglikelihood coefficient :          10.0
normal dot loglikelihood coefficient :          1.0
quadratic curvature loglikelihood coefficient : 1.0
volume resolution :                             2
eliminate vertices during search :              1
initial patch selection :                       1
select all defect vertices :                    0
ordering dependant retessellation:              0
use precomputed edge table :                    0
smooth retessellated patch :                    2
match retessellated patch :                     1
verbose mode :                                  0

*************************************************************
INFO: assuming .mgz format
writing corrected surface to 'orig.premesh'
7.3.2
  7.3.2
before topology correction, eno=-54 (nv=154424, nf=308956, ne=463434, g=28)
using quasi-homeomorphic spherical map to tessellate cortical surface...

Correction of the Topology
Finding true center and radius of Spherical Surface...done
Surface centered at (0,0,0) with radius 100.0 in 11 iterations
marking ambiguous vertices...
8449 ambiguous faces found in tessellation
segmenting defects...
38 defects found, arbitrating ambiguous regions...
analyzing neighboring defects...
      -merging segment 27 into 26
37 defects to be corrected 
0 vertices coincident
reading input surface /out/sourcedata/freesurfer/sub-v1s14x0051558_ses-1/surf/lh.qsphere.nofix...
reading brain volume from brain...
reading wm segmentation from wm...
Reading original properties of orig.nofix
Reading vertex positions of inflated.nofix
Computing Initial Surface Statistics
      -face       loglikelihood: -9.5990  (-4.7995)
      -vertex     loglikelihood: -6.5039  (-3.2520)
      -normal dot loglikelihood: -3.6118  (-3.6118)
      -quad curv  loglikelihood: -6.2086  (-3.1043)
      Total Loglikelihood : -25.9233
CORRECTING DEFECT 0 (vertices=149, convex hull=120, v0=33)
After retessellation of defect 0 (v0=33), euler #=-31 (149453,446828,297344) : difference with theory (-34) = -3 
CORRECTING DEFECT 1 (vertices=213, convex hull=150, v0=216)
After retessellation of defect 1 (v0=216), euler #=-30 (149478,446977,297469) : difference with theory (-33) = -3 
CORRECTING DEFECT 2 (vertices=35, convex hull=35, v0=811)
After retessellation of defect 2 (v0=811), euler #=-29 (149484,447004,297491) : difference with theory (-32) = -3 
CORRECTING DEFECT 3 (vertices=244, convex hull=188, v0=1756)
After retessellation of defect 3 (v0=1756), euler #=-28 (149548,447286,297710) : difference with theory (-31) = -3 
CORRECTING DEFECT 4 (vertices=73, convex hull=43, v0=1781)
After retessellation of defect 4 (v0=1781), euler #=-27 (149552,447314,297735) : difference with theory (-30) = -3 
CORRECTING DEFECT 5 (vertices=169, convex hull=59, v0=7275)
After retessellation of defect 5 (v0=7275), euler #=-26 (149562,447369,297781) : difference with theory (-29) = -3 
CORRECTING DEFECT 6 (vertices=29, convex hull=65, v0=11582)
After retessellation of defect 6 (v0=11582), euler #=-25 (149571,447421,297825) : difference with theory (-28) = -3 
CORRECTING DEFECT 7 (vertices=44, convex hull=58, v0=27697)
After retessellation of defect 7 (v0=27697), euler #=-24 (149580,447472,297868) : difference with theory (-27) = -3 
CORRECTING DEFECT 8 (vertices=29, convex hull=73, v0=43132)
After retessellation of defect 8 (v0=43132), euler #=-23 (149589,447528,297916) : difference with theory (-26) = -3 
CORRECTING DEFECT 9 (vertices=40, convex hull=78, v0=51631)
After retessellation of defect 9 (v0=51631), euler #=-22 (149616,447640,298002) : difference with theory (-25) = -3 
CORRECTING DEFECT 10 (vertices=12, convex hull=22, v0=59039)
After retessellation of defect 10 (v0=59039), euler #=-21 (149618,447652,298013) : difference with theory (-24) = -3 
CORRECTING DEFECT 11 (vertices=60, convex hull=40, v0=60355)
After retessellation of defect 11 (v0=60355), euler #=-20 (149628,447696,298048) : difference with theory (-23) = -3 
CORRECTING DEFECT 12 (vertices=29, convex hull=57, v0=63200)
After retessellation of defect 12 (v0=63200), euler #=-19 (149640,447758,298099) : difference with theory (-22) = -3 
CORRECTING DEFECT 13 (vertices=283, convex hull=209, v0=68459)
After retessellation of defect 13 (v0=68459), euler #=-19 (149747,448185,298419) : difference with theory (-21) = -2 
CORRECTING DEFECT 14 (vertices=28, convex hull=19, v0=76001)
After retessellation of defect 14 (v0=76001), euler #=-18 (149749,448197,298430) : difference with theory (-20) = -2 
CORRECTING DEFECT 15 (vertices=131, convex hull=140, v0=77315)
After retessellation of defect 15 (v0=77315), euler #=-17 (149790,448384,298577) : difference with theory (-19) = -2 
CORRECTING DEFECT 16 (vertices=50, convex hull=65, v0=81060)
After retessellation of defect 16 (v0=81060), euler #=-16 (149816,448488,298656) : difference with theory (-18) = -2 
CORRECTING DEFECT 17 (vertices=791, convex hull=369, v0=83221)
After retessellation of defect 17 (v0=83221), euler #=-16 (149835,448739,298888) : difference with theory (-17) = -1 
CORRECTING DEFECT 18 (vertices=42, convex hull=30, v0=94769)
After retessellation of defect 18 (v0=94769), euler #=-15 (149839,448763,298909) : difference with theory (-16) = -1 
CORRECTING DEFECT 19 (vertices=75, convex hull=38, v0=96802)
After retessellation of defect 19 (v0=96802), euler #=-14 (149850,448811,298947) : difference with theory (-15) = -1 
CORRECTING DEFECT 20 (vertices=17, convex hull=30, v0=98621)
After retessellation of defect 20 (v0=98621), euler #=-13 (149851,448824,298960) : difference with theory (-14) = -1 
CORRECTING DEFECT 21 (vertices=26, convex hull=63, v0=100972)
After retessellation of defect 21 (v0=100972), euler #=-12 (149863,448882,299007) : difference with theory (-13) = -1 
CORRECTING DEFECT 22 (vertices=100, convex hull=76, v0=102805)
After retessellation of defect 22 (v0=102805), euler #=-11 (149881,448978,299086) : difference with theory (-12) = -1 
CORRECTING DEFECT 23 (vertices=81, convex hull=86, v0=102890)
After retessellation of defect 23 (v0=102890), euler #=-10 (149913,449114,299191) : difference with theory (-11) = -1 
CORRECTING DEFECT 24 (vertices=5, convex hull=13, v0=104077)
After retessellation of defect 24 (v0=104077), euler #=-9 (149914,449119,299196) : difference with theory (-10) = -1 
CORRECTING DEFECT 25 (vertices=10, convex hull=18, v0=104244)
After retessellation of defect 25 (v0=104244), euler #=-8 (149916,449132,299208) : difference with theory (-9) = -1 
CORRECTING DEFECT 26 (vertices=340, convex hull=77, v0=105365)
After retessellation of defect 26 (v0=105365), euler #=-7 (149939,449244,299298) : difference with theory (-8) = -1 
CORRECTING DEFECT 27 (vertices=940, convex hull=492, v0=110010)
A large defect has been detected...
This often happens because cerebellum or dura has not been removed from wm.mgz.
This may cause recon-all to run very slowly or crash.
if so, see https://surfer.nmr.mgh.harvard.edu/fswiki/FsTutorial/TopologicalDefect_freeview
After retessellation of defect 27 (v0=110010), euler #=-6 (150174,450197,300017) : difference with theory (-7) = -1 
CORRECTING DEFECT 28 (vertices=50, convex hull=83, v0=112099)
After retessellation of defect 28 (v0=112099), euler #=-5 (150206,450327,300116) : difference with theory (-6) = -1 
CORRECTING DEFECT 29 (vertices=31, convex hull=71, v0=114123)
After retessellation of defect 29 (v0=114123), euler #=-4 (150225,450413,300184) : difference with theory (-5) = -1 
CORRECTING DEFECT 30 (vertices=598, convex hull=270, v0=125548)
After retessellation of defect 30 (v0=125548), euler #=-4 (150302,450791,300485) : difference with theory (-4) = 0 
CORRECTING DEFECT 31 (vertices=28, convex hull=43, v0=135546)
After retessellation of defect 31 (v0=135546), euler #=-3 (150303,450813,300507) : difference with theory (-3) = 0 
CORRECTING DEFECT 32 (vertices=19, convex hull=34, v0=139880)
After retessellation of defect 32 (v0=139880), euler #=-2 (150309,450844,300533) : difference with theory (-2) = 0 
CORRECTING DEFECT 33 (vertices=83, convex hull=25, v0=144150)
After retessellation of defect 33 (v0=144150), euler #=-1 (150310,450853,300542) : difference with theory (-1) = 0 
CORRECTING DEFECT 34 (vertices=83, convex hull=75, v0=148098)
After retessellation of defect 34 (v0=148098), euler #=0 (150327,450941,300614) : difference with theory (0) = 0 
CORRECTING DEFECT 35 (vertices=21, convex hull=27, v0=149590)
After retessellation of defect 35 (v0=149590), euler #=1 (150329,450956,300628) : difference with theory (1) = 0 
CORRECTING DEFECT 36 (vertices=35, convex hull=65, v0=151520)
After retessellation of defect 36 (v0=151520), euler #=2 (150348,451038,300692) : difference with theory (2) = 0 
computing original vertex metric properties...
storing new metric properties...
computing tessellation statistics...
vertex spacing 0.89 +- 0.25 (0.03-->15.51) (max @ vno 102727 --> 116310)
face area -nan +- -nan (1000.00-->-1.00)
performing soap bubble on retessellated vertices for 0 iterations...
vertex spacing 0.89 +- 0.25 (0.03-->15.51) (max @ vno 102727 --> 116310)
face area -nan +- -nan (1000.00-->-1.00)
tessellation finished, orienting corrected surface...
163 mutations (38.2%), 264 crossovers (61.8%), 487 vertices were eliminated
building final representation...
4076 vertices and 0 faces have been removed from triangulation
after topology correction, eno=2 (nv=150348, nf=300692, ne=451038, g=0)
writing corrected surface to /out/sourcedata/freesurfer/sub-v1s14x0051558_ses-1/surf/lh.orig.premesh...

0.000 % of the vertices (0 vertices) exhibit an orientation change
removing intersecting faces
000: 434 intersecting
001: 30 intersecting
002: 1 intersecting
terminating search with 0 intersecting
topology fixing took 3.0 minutes
FSRUNTIME@ mris_fix_topology lh  0.0498 hours 16 threads
#VMPC# mris_fix_topology VmPeak  1870672

 mris_euler_number ../surf/lh.orig.premesh 

euler # = v-e+f = 2g-2: 150348 - 451038 + 300692 = 2 --> 0 holes
      F =2V-4:          300692 = 300696-4 (0)
      2E=3F:            902076 = 902076 (0)

total defect index = 0
Sun Mar  8 19:10:56 CET 2026

setenv SUBJECTS_DIR /out/sourcedata/freesurfer
cd /out/sourcedata/freesurfer/sub-v1s14x0051558_ses-1/scripts
/opt/freesurfer/bin/defect2seg --s sub-v1s14x0051558_ses-1 --lh-only --cortex

freesurfer-linux-ubuntu22_x86_64-7.3.2-20220804-6354275
defect2seg 7.3.2
Linux dna003 5.14.0-427.37.1.el9_4.x86_64 #1 SMP PREEMPT_DYNAMIC Fri Sep 13 12:41:50 EDT 2024 x86_64 x86_64 x86_64 GNU/Linux
pid 465256
mri_label2label --label-cortex /out/sourcedata/freesurfer/sub-v1s14x0051558_ses-1/surf/lh.orig.nofix /out/sourcedata/freesurfer/sub-v1s14x0051558_ses-1/mri/aseg.presurf.mgz 0 /out/sourcedata/freesurfer/sub-v1s14x0051558_ses-1/label/lh.nofix.cortex.label

 Generating cortex label... RemoveHipAmgy=0
 NucAccIsMedialWall=0
 mris->useRealRAS=0
9 non-cortical segments detected
only using segment with 8549 vertices
erasing segment 0 (vno[0] = 34816)
erasing segment 1 (vno[0] = 34848)
erasing segment 2 (vno[0] = 34872)
erasing segment 4 (vno[0] = 102916)
erasing segment 5 (vno[0] = 102931)
erasing segment 6 (vno[0] = 103930)
erasing segment 7 (vno[0] = 108683)
erasing segment 8 (vno[0] = 110975)
mri_label2vol --defects /out/sourcedata/freesurfer/sub-v1s14x0051558_ses-1/surf/lh.orig.nofix /out/sourcedata/freesurfer/sub-v1s14x0051558_ses-1/surf/lh.defect_labels /out/sourcedata/freesurfer/sub-v1s14x0051558_ses-1/mri/orig.mgz 1000 0 /out/sourcedata/freesurfer/sub-v1s14x0051558_ses-1/mri/lh.surface.defects.mgz /out/sourcedata/freesurfer/sub-v1s14x0051558_ses-1/label/lh.nofix.cortex.label
mri_label2vol supposed to be reproducible but seed not set
Contraining to label /out/sourcedata/freesurfer/sub-v1s14x0051558_ses-1/label/lh.nofix.cortex.label
Changing input type 0 to MRI_INT
Converting defects to volume: offset=1000, merge=0
Writing to /out/sourcedata/freesurfer/sub-v1s14x0051558_ses-1/mri/lh.surface.defects.mgz
mris_defects_pointset -s /out/sourcedata/freesurfer/sub-v1s14x0051558_ses-1/surf/lh.orig.nofix -d /out/sourcedata/freesurfer/sub-v1s14x0051558_ses-1/surf/lh.defect_labels -o /out/sourcedata/freesurfer/sub-v1s14x0051558_ses-1/surf/lh.defects.pointset --label /out/sourcedata/freesurfer/sub-v1s14x0051558_ses-1/label/lh.nofix.cortex.label
Reading in surface /out/sourcedata/freesurfer/sub-v1s14x0051558_ses-1/surf/lh.orig.nofix
Reading in defect segmentation /out/sourcedata/freesurfer/sub-v1s14x0051558_ses-1/surf/lh.defect_labels
Reading in label /out/sourcedata/freesurfer/sub-v1s14x0051558_ses-1/label/lh.nofix.cortex.label
#VMPC# mris_defects_pointset 1315324
mris_defects_pointset done
 
Started at Sun Mar 8 19:10:56 CET 2026 
Ended   at Sun Mar  8 19:11:14 CET 2026
Defect2seg-Run-Time-Sec 18
Defect2seg-Run-Time-Min 0.36
Defect2seg-Run-Time-Hours 0.00
 
tkmeditfv sub-v1s14x0051558_ses-1 brain.finalsurfs.mgz -defect
defect2seg Done

 mris_remesh --remesh --iters 3 --input /out/sourcedata/freesurfer/sub-v1s14x0051558_ses-1/surf/lh.orig.premesh --output /out/sourcedata/freesurfer/sub-v1s14x0051558_ses-1/surf/lh.orig 

iters = 3
standard remeshing without target
   adjusted l: 0.711357
remeshing to edge length 0.711357 with 3 iterations

avg qual before   : 0.890114  after: 0.971257

Removing intersections
removing intersecting faces
000: 2 intersecting
terminating search with 0 intersecting
Remeshed surface quality stats nv0 = 150348  nv = 156473  1.04074
Area    312942  0.30299  0.03378 0.006094   0.4675
Corner  938826 60.00000  8.79595 1.596058 165.4634
Edge    469413  0.84444  0.08236 0.047746   1.3009
Hinge   469413  9.85061 10.26892 0.000000 162.7891
mris_remesh done
/out/sourcedata/freesurfer/sub-v1s14x0051558_ses-1/scripts

 mris_remove_intersection ../surf/lh.orig ../surf/lh.orig 

intersection removal took 0.00 hours
writing corrected surface to ../surf/lh.orig

 rm -f ../surf/lh.inflated 

#--------------------------------------------
#@# AutoDetGWStats lh Sun Mar  8 19:11:58 CET 2026
cd /out/sourcedata/freesurfer/sub-v1s14x0051558_ses-1/mri
mris_autodet_gwstats --o ../surf/autodet.gw.stats.lh.dat --i brain.finalsurfs.mgz --wm wm.mgz --surf ../surf/lh.orig.premesh
7.3.2

cd /out/sourcedata/freesurfer/sub-v1s14x0051558_ses-1/mri
setenv SUBJECTS_DIR /out/sourcedata/freesurfer
mris_autodet_gwstats --o ../surf/autodet.gw.stats.lh.dat --i brain.finalsurfs.mgz --wm wm.mgz --surf ../surf/lh.orig.premesh 

border white:    286351 voxels (1.71%)
border gray      319415 voxels (1.90%)
Reading in intensity volume brain.finalsurfs.mgz
Reading in wm volume wm.mgz
Reading in surf ../surf/lh.orig.premesh
Auto detecting stats
MRIclipBrightWM(): nthresh=18603, wmmin=5, clip=110 
Binarizing thresholding at 5
computing class statistics... low=30, hi=110.000000
CCS WM (98.0): 98.1 +- 8.3 [70.0 --> 110.0]
CCS GM (72.0) : 70.3 +- 12.1 [30.0 --> 110.0]
white_mean = 98.1051 +/- 8.27023, gray_mean = 70.3442 +/- 12.1007
using class modes intead of means, discounting robust sigmas....
MRIScomputeClassModes(): min=0 max=190 nbins=191
intensity peaks found at WM=103+-7.0,    GM=65+-13.0
white_mode = 103, gray_mode = 65
std_scale = 1
Applying sanity checks, max_scale_down = 0.2
setting MIN_GRAY_AT_WHITE_BORDER to 52.9 (was 70.000000)
setting MAX_BORDER_WHITE to 111.3 (was 105.000000)
setting MIN_BORDER_WHITE to 65.0 (was 85.000000)
setting MAX_CSF to 40.8 (was 40.000000)
setting MAX_GRAY to 94.7 (was 95.000000)
setting MAX_GRAY_AT_CSF_BORDER to 52.9 (was 75.000000)
setting MIN_GRAY_AT_CSF_BORDER to 28.7 (was 40.000000)
When placing the white surface
  white_border_hi   = 111.27;
  white_border_low  = 65;
  white_outside_low = 52.8993;
  white_inside_hi   = 120;
  white_outside_hi  = 111.27;
When placing the pial surface
  pial_border_hi   = 52.8993;
  pial_border_low  = 28.698;
  pial_outside_low = 10;
  pial_inside_hi   = 94.7298;
  pial_outside_hi  = 46.849;
#VMPC# mris_autodet_gwstats VmPeak  1355280
mris_autodet_gwstats done
#--------------------------------------------
#@# WhitePreAparc lh Sun Mar  8 19:12:02 CET 2026
cd /out/sourcedata/freesurfer/sub-v1s14x0051558_ses-1/mri
mris_place_surface --adgws-in ../surf/autodet.gw.stats.lh.dat --wm wm.mgz --threads 16 --invol brain.finalsurfs.mgz --lh --i ../surf/lh.orig --o ../surf/lh.white.preaparc --white --seg aseg.presurf.mgz --nsmooth 5
7.3.2
7.3.2

cd /out/sourcedata/freesurfer/sub-v1s14x0051558_ses-1/mri
setenv SUBJECTS_DIR /out/sourcedata/freesurfer
mris_place_surface --adgws-in ../surf/autodet.gw.stats.lh.dat --wm wm.mgz --threads 16 --invol brain.finalsurfs.mgz --lh --i ../surf/lh.orig --o ../surf/lh.white.preaparc --white --seg aseg.presurf.mgz --nsmooth 5 

Reading in input surface ../surf/lh.orig
Smoothing surface before ripping with 5 iterations
removing intersecting faces
000: 4 intersecting
step 1 with no progress (num=5, old_num=4)
001: 5 intersecting
step 2 with no progress (num=11, old_num=5)
002: 11 intersecting
step 3 with no progress (num=14, old_num=11)
003: 14 intersecting
004: 11 intersecting
step 1 with no progress (num=12, old_num=11)
005: 12 intersecting
step 2 with no progress (num=13, old_num=12)
006: 13 intersecting
step 3 with no progress (num=15, old_num=13)
007: 15 intersecting
008: 11 intersecting
step 1 with no progress (num=20, old_num=11)
009: 20 intersecting
010: 16 intersecting
step 1 with no progress (num=18, old_num=16)
011: 18 intersecting
012: 12 intersecting
step 1 with no progress (num=20, old_num=12)
013: 20 intersecting
step 2 with no progress (num=27, old_num=20)
014: 27 intersecting
015: 21 intersecting
step 1 with no progress (num=23, old_num=21)
016: 23 intersecting
017: 16 intersecting
step 1 with no progress (num=19, old_num=16)
018: 19 intersecting
step 2 with no progress (num=21, old_num=19)
019: 21 intersecting
020: 12 intersecting
step 1 with no progress (num=19, old_num=12)
021: 19 intersecting
step 2 with no progress (num=21, old_num=19)
022: 21 intersecting
023: 18 intersecting
step 1 with no progress (num=25, old_num=18)
024: 25 intersecting
step 2 with no progress (num=25, old_num=25)
025: 25 intersecting
026: 15 intersecting
step 1 with no progress (num=17, old_num=15)
027: 17 intersecting
step 2 with no progress (num=17, old_num=17)
028: 17 intersecting
029: 15 intersecting
step 1 with no progress (num=15, old_num=15)
030: 15 intersecting
step 2 with no progress (num=15, old_num=15)
031: 15 intersecting
step 3 with no progress (num=15, old_num=15)
032: 15 intersecting
step 4 with no progress (num=15, old_num=15)
033: 15 intersecting
step 5 with no progress (num=15, old_num=15)
034: 15 intersecting
step 6 with no progress (num=15, old_num=15)
035: 15 intersecting
step 7 with no progress (num=15, old_num=15)
036: 15 intersecting
step 8 with no progress (num=15, old_num=15)
037: 15 intersecting
step 9 with no progress (num=15, old_num=15)
038: 15 intersecting
step 10 with no progress (num=15, old_num=15)
039: 15 intersecting
step 11 with no progress (num=15, old_num=15)
040: 15 intersecting
step 12 with no progress (num=15, old_num=15)
041: 15 intersecting
step 13 with no progress (num=15, old_num=15)
042: 15 intersecting
step 14 with no progress (num=15, old_num=15)
043: 15 intersecting
step 15 with no progress (num=15, old_num=15)
044: 15 intersecting
step 16 with no progress (num=15, old_num=15)
terminating search with 4 intersecting
Area    312942  0.26599  0.06302 0.000009   0.5927
Corner  938826 60.00000  9.63179 0.008848 179.9749
Edge    469413  0.78762  0.11484 0.011962   1.3499
Hinge   469413  6.66904  6.76913 0.000026 179.3843
Not reading in aparc
Reading in input volume brain.finalsurfs.mgz
Reading in wm volume wm.mgz
MRIclipBrightWM(): nthresh=18603, wmmin=5, clip=110 
MRIfindBrightNonWM(): 1031 bright non-wm voxels segmented.
Masking bright non-wm for white surface
MRImask(): AllowDiffGeom = 1
MRImask(): AllowDiffGeom = 1
Reading in seg volume aseg.presurf.mgz
Ripping frozen voxels
INFO: rip surface needed but not specified, so using input surface
Freezing midline and others
Entering: MRISripMidline(): inhibiting deformation at non-cortical midline structures...
  which=1, fix_mtl=0, using annot = 0
#FML0# MRISripMidline(): nripped=0
removing 2 vertices from ripped group in thread:0
#FML# MRISripMidline(): nmarked=6487, nmarked2=16, nripped=6487
Ripping segs (eg, WMSA, BG, frozen)
Starting MRISripSegs() d = (-2 2 0.5) segnos: 247 
MRISripSegs(): -2 2 0.5 ripped 0
vertex 78237: xyz = (-4.5182,0.181587,-49.3529) oxyz = (-4.5182,0.181587,-49.3529) wxzy = (-4.5182,0.181587,-49.3529) pxyz = (0,0,0) 
CBVO Creating mask 156473
n_averages 4
Iteration 0 =========================================
n_averages=4, current_sigma=2
Freezing midline and others
Ripping frozen voxels
INFO: rip surface needed but not specified, so using input surface
Freezing midline and others
Entering: MRISripMidline(): inhibiting deformation at non-cortical midline structures...
  which=1, fix_mtl=0, using annot = 0
#FML0# MRISripMidline(): nripped=6487
removing 2 vertices from ripped group in thread:0
#FML# MRISripMidline(): nmarked=6487, nmarked2=16, nripped=6487
Ripping segs (eg, WMSA, BG, frozen)
Starting MRISripSegs() d = (-2 2 0.5) segnos: 247 247 
MRISripSegs(): -2 2 0.5 ripped 0
Computing target border values 
Entering MRIScomputeBorderValues_new(): 
  inside_hi   = 120.0000000;
  border_hi   = 111.2702260;
  border_low  =  65.0000000;
  outside_low =  52.8993150;
  outside_hi  = 111.2702260;
  sigma = 2;
  max_thickness = 10;
  step_size=0.5;
  STEP_SIZE=0.1;
  which = 1
  thresh = 0
  flags = 0
  CBVfindFirstPeakD1=0
  CBVfindFirstPeakD2=0
  nvertices=156473
  Gdiag_no=-1
  vno start=0, stop=156473
Replacing 255s with 0s
#SI# sigma=2 had to be increased for 141 vertices, nripped=6487
mean border=80.4, 74 (74) missing vertices, mean dist 0.2 [0.7 (%41.2)->0.9 (%58.8))]
%63 local maxima, %33 large gradients and % 0 min vals, 0 gradients ignored
nFirstPeakD1 0
MRIScomputeBorderValues_new() finished in 0.0175 min


Finding expansion regions
mean absolute distance = 0.79 +- 1.05
5445 vertices more than 2 sigmas from mean.
Averaging target values for 5 iterations...
Positioning Surface: tspring = 0.3, nspring = 0.3, spring = 0, niters = 100 l_repulse = 5, l_surf_repulse = 0, checktol = 0
Positioning pial surface
Entering MRISpositionSurface()
  max_mm = 0.3
  MAX_REDUCTIONS = 2, REDUCTION_PCT = 0.5
  parms->check_tol = 0, niterations = 100
tol=1.0e-04, sigma=2.0, host=dna00, nav=4, nbrs=2, l_repulse=5.000, l_tspring=0.300, l_nspring=0.300, l_intensity=0.200, l_curv=1.000
mom=0.00, dt=0.50
complete_dist_mat 0
rms 0
smooth_averages 0
remove_neg 0
ico_order 0
which_surface 0
target_radius 0.000000
nfields 0
scale 0.000000
desired_rms_height 0.000000
momentum 0.000000
nbhd_size 0
max_nbrs 0
niterations 100
nsurfaces 0
SURFACES 3
flags 0 (0)
use curv 0
no sulc 0
no rigid align 0
mris->nsize 2
mris->hemisphere 0
randomSeed 0

000: dt: 0.0000, sse=3835337.0, rms=11.054
001: dt: 0.5000, sse=1964887.4, rms=7.731 (30.057%)
002: dt: 0.5000, sse=1172443.1, rms=5.792 (25.084%)
003: dt: 0.5000, sse=834204.2, rms=4.715 (18.600%)
004: dt: 0.5000, sse=670212.1, rms=4.092 (13.199%)
005: dt: 0.5000, sse=589479.4, rms=3.741 (8.596%)
006: dt: 0.5000, sse=544757.9, rms=3.534 (5.530%)
007: dt: 0.5000, sse=525636.5, rms=3.434 (2.824%)
008: dt: 0.5000, sse=512757.1, rms=3.366 (1.994%)
rms = 3.3368/3.3655, sse=508043.1/512757.1, time step reduction 1 of 3 to 0.250  0 0 1
009: dt: 0.5000, sse=508043.1, rms=3.337 (0.853%)
010: dt: 0.2500, sse=284346.5, rms=1.891 (43.332%)
011: dt: 0.2500, sse=247829.3, rms=1.529 (19.144%)
012: dt: 0.2500, sse=238247.9, rms=1.418 (7.238%)
013: dt: 0.2500, sse=233427.0, rms=1.359 (4.152%)
rms = 1.3291/1.3594, sse=231312.5/233427.0, time step reduction 2 of 3 to 0.125  0 0 1
014: dt: 0.2500, sse=231312.5, rms=1.329 (2.228%)
015: dt: 0.1250, sse=226987.7, rms=1.271 (4.390%)
rms = 1.2585/1.2707, sse=225979.5/226987.7, time step reduction 3 of 3 to 0.062  0 0 1
016: dt: 0.1250, sse=225979.5, rms=1.258 (0.964%)
  maximum number of reductions reached, breaking from loop
positioning took 1.7 minutes
Iteration 1 =========================================
n_averages=2, current_sigma=1
Freezing midline and others
Ripping frozen voxels
INFO: rip surface needed but not specified, so using input surface
Freezing midline and others
Entering: MRISripMidline(): inhibiting deformation at non-cortical midline structures...
  which=1, fix_mtl=0, using annot = 0
#FML0# MRISripMidline(): nripped=6487
removing 4 vertices from ripped group in thread:0
#FML# MRISripMidline(): nmarked=6867, nmarked2=42, nripped=6867
Ripping segs (eg, WMSA, BG, frozen)
Starting MRISripSegs() d = (-2 2 0.5) segnos: 247 247 247 
MRISripSegs(): -2 2 0.5 ripped 0
Computing target border values 
Entering MRIScomputeBorderValues_new(): 
  inside_hi   = 120.0000000;
  border_hi   = 111.2702260;
  border_low  =  65.0000000;
  outside_low =  52.8993150;
  outside_hi  = 111.2702260;
  sigma = 1;
  max_thickness = 10;
  step_size=0.5;
  STEP_SIZE=0.1;
  which = 1
  thresh = 0
  flags = 0
  CBVfindFirstPeakD1=0
  CBVfindFirstPeakD2=0
  nvertices=156473
  Gdiag_no=-1
  vno start=0, stop=156473
Replacing 255s with 0s
#SI# sigma=1 had to be increased for 123 vertices, nripped=6867
mean border=82.3, 51 (8) missing vertices, mean dist -0.2 [0.5 (%62.3)->0.2 (%37.7))]
%66 local maxima, %30 large gradients and % 0 min vals, 0 gradients ignored
nFirstPeakD1 0
MRIScomputeBorderValues_new() finished in 0.0117 min


Finding expansion regions
mean absolute distance = 0.38 +- 0.72
4505 vertices more than 2 sigmas from mean.
Averaging target values for 5 iterations...
Positioning Surface: tspring = 0.3, nspring = 0.3, spring = 0, niters = 100 l_repulse = 5, l_surf_repulse = 0, checktol = 0
Positioning pial surface
Entering MRISpositionSurface()
  max_mm = 0.3
  MAX_REDUCTIONS = 2, REDUCTION_PCT = 0.5
  parms->check_tol = 0, niterations = 100
tol=1.0e-04, sigma=1.0, host=dna00, nav=2, nbrs=2, l_repulse=5.000, l_tspring=0.300, l_nspring=0.300, l_intensity=0.200, l_curv=1.000
mom=0.00, dt=0.50
000: dt: 0.0000, sse=759368.3, rms=4.182
017: dt: 0.5000, sse=485093.7, rms=2.892 (30.852%)
rms = 2.9480/2.8920, sse=496262.5/485093.6, time step reduction 1 of 3 to 0.250  0 1 1
   RMS increased, rejecting step
018: dt: 0.2500, sse=378625.6, rms=2.193 (24.172%)
019: dt: 0.2500, sse=315209.8, rms=1.636 (25.379%)
020: dt: 0.2500, sse=292233.9, rms=1.372 (16.127%)
021: dt: 0.2500, sse=282090.4, rms=1.228 (10.519%)
022: dt: 0.2500, sse=276673.4, rms=1.149 (6.470%)
023: dt: 0.2500, sse=273504.8, rms=1.095 (4.639%)
rms = 1.0722/1.0954, sse=272462.1/273504.9, time step reduction 2 of 3 to 0.125  0 0 1
024: dt: 0.2500, sse=272462.1, rms=1.072 (2.119%)
025: dt: 0.1250, sse=270100.9, rms=1.020 (4.859%)
rms = 1.0110/1.0201, sse=268438.3/270100.9, time step reduction 3 of 3 to 0.062  0 0 1
026: dt: 0.1250, sse=268438.3, rms=1.011 (0.884%)
  maximum number of reductions reached, breaking from loop
positioning took 1.1 minutes
Iteration 2 =========================================
n_averages=1, current_sigma=0.5
Freezing midline and others
Ripping frozen voxels
INFO: rip surface needed but not specified, so using input surface
Freezing midline and others
Entering: MRISripMidline(): inhibiting deformation at non-cortical midline structures...
  which=1, fix_mtl=0, using annot = 0
#FML0# MRISripMidline(): nripped=6867
removing 2 vertices from ripped group in thread:0
removing 4 vertices from ripped group in thread:0
removing 3 vertices from ripped group in thread:0
removing 4 vertices from ripped group in thread:0
removing 4 vertices from ripped group in thread:0
removing 2 vertices from ripped group in thread:0
#FML# MRISripMidline(): nmarked=6881, nmarked2=43, nripped=6881
Ripping segs (eg, WMSA, BG, frozen)
Starting MRISripSegs() d = (-2 2 0.5) segnos: 247 247 247 247 
MRISripSegs(): -2 2 0.5 ripped 0
Computing target border values 
Entering MRIScomputeBorderValues_new(): 
  inside_hi   = 120.0000000;
  border_hi   = 111.2702260;
  border_low  =  65.0000000;
  outside_low =  52.8993150;
  outside_hi  = 111.2702260;
  sigma = 0.5;
  max_thickness = 10;
  step_size=0.5;
  STEP_SIZE=0.1;
  which = 1
  thresh = 0
  flags = 0
  CBVfindFirstPeakD1=0
  CBVfindFirstPeakD2=0
  nvertices=156473
  Gdiag_no=-1
  vno start=0, stop=156473
Replacing 255s with 0s
#SI# sigma=0.5 had to be increased for 189 vertices, nripped=6881
mean border=84.3, 68 (6) missing vertices, mean dist -0.2 [0.4 (%66.8)->0.2 (%33.2))]
%76 local maxima, %20 large gradients and % 0 min vals, 0 gradients ignored
nFirstPeakD1 0
MRIScomputeBorderValues_new() finished in 0.0068 min


Finding expansion regions
mean absolute distance = 0.31 +- 0.53
4590 vertices more than 2 sigmas from mean.
Averaging target values for 5 iterations...
Positioning Surface: tspring = 0.3, nspring = 0.3, spring = 0, niters = 100 l_repulse = 5, l_surf_repulse = 0, checktol = 0
Positioning pial surface
Entering MRISpositionSurface()
  max_mm = 0.3
  MAX_REDUCTIONS = 2, REDUCTION_PCT = 0.5
  parms->check_tol = 0, niterations = 100
tol=1.0e-04, sigma=0.5, host=dna00, nav=1, nbrs=2, l_repulse=5.000, l_tspring=0.300, l_nspring=0.300, l_intensity=0.200, l_curv=1.000
mom=0.00, dt=0.50
000: dt: 0.0000, sse=571129.8, rms=3.366
027: dt: 0.5000, sse=424333.0, rms=2.486 (26.150%)
rms = 2.7036/2.4857, sse=454397.6/424333.0, time step reduction 1 of 3 to 0.250  0 1 1
   RMS increased, rejecting step
028: dt: 0.2500, sse=322776.8, rms=1.706 (31.365%)
029: dt: 0.2500, sse=279475.9, rms=1.201 (29.595%)
030: dt: 0.2500, sse=266223.6, rms=1.035 (13.794%)
rms = 0.9869/1.0355, sse=262938.5/266223.6, time step reduction 2 of 3 to 0.125  0 0 1
031: dt: 0.2500, sse=262938.6, rms=0.987 (4.688%)
032: dt: 0.1250, sse=259563.7, rms=0.921 (6.646%)
rms = 0.9120/0.9213, sse=259763.6/259563.7, time step reduction 3 of 3 to 0.062  0 1 1
033: dt: 0.1250, sse=259763.6, rms=0.912 (1.015%)
  maximum number of reductions reached, breaking from loop
positioning took 0.8 minutes
Iteration 3 =========================================
n_averages=0, current_sigma=0.25
Freezing midline and others
Ripping frozen voxels
INFO: rip surface needed but not specified, so using input surface
Freezing midline and others
Entering: MRISripMidline(): inhibiting deformation at non-cortical midline structures...
  which=1, fix_mtl=0, using annot = 0
#FML0# MRISripMidline(): nripped=6881
removing 2 vertices from ripped group in thread:0
removing 2 vertices from ripped group in thread:0
removing 2 vertices from ripped group in thread:0
removing 4 vertices from ripped group in thread:0
removing 2 vertices from ripped group in thread:0
#FML# MRISripMidline(): nmarked=6887, nmarked2=43, nripped=6887
Ripping segs (eg, WMSA, BG, frozen)
Starting MRISripSegs() d = (-2 2 0.5) segnos: 247 247 247 247 247 
MRISripSegs(): -2 2 0.5 ripped 0
Computing target border values 
Entering MRIScomputeBorderValues_new(): 
  inside_hi   = 120.0000000;
  border_hi   = 111.2702260;
  border_low  =  65.0000000;
  outside_low =  52.8993150;
  outside_hi  = 111.2702260;
  sigma = 0.25;
  max_thickness = 10;
  step_size=0.5;
  STEP_SIZE=0.1;
  which = 1
  thresh = 0
  flags = 0
  CBVfindFirstPeakD1=0
  CBVfindFirstPeakD2=0
  nvertices=156473
  Gdiag_no=-1
  vno start=0, stop=156473
Replacing 255s with 0s
#SI# sigma=0.25 had to be increased for 192 vertices, nripped=6887
mean border=85.2, 106 (5) missing vertices, mean dist -0.1 [0.3 (%57.4)->0.2 (%42.6))]
%80 local maxima, %15 large gradients and % 0 min vals, 0 gradients ignored
nFirstPeakD1 0
MRIScomputeBorderValues_new() finished in 0.0063 min


Finding expansion regions
mean absolute distance = 0.26 +- 0.42
4331 vertices more than 2 sigmas from mean.
Averaging target values for 5 iterations...
Positioning Surface: tspring = 0.3, nspring = 0.3, spring = 0, niters = 100 l_repulse = 5, l_surf_repulse = 0, checktol = 0
Positioning pial surface
Entering MRISpositionSurface()
  max_mm = 0.3
  MAX_REDUCTIONS = 2, REDUCTION_PCT = 0.5
  parms->check_tol = 0, niterations = 100
tol=1.0e-04, sigma=0.2, host=dna00, nav=0, nbrs=2, l_repulse=5.000, l_tspring=0.300, l_nspring=0.300, l_intensity=0.200, l_curv=1.000
mom=0.00, dt=0.50
000: dt: 0.0000, sse=327161.4, rms=1.798
034: dt: 0.5000, sse=318791.0, rms=1.697 (5.589%)
rms = 2.1771/1.6974, sse=372603.8/318791.0, time step reduction 1 of 3 to 0.250  0 1 1
   RMS increased, rejecting step
035: dt: 0.2500, sse=263651.1, rms=1.046 (38.359%)
036: dt: 0.2500, sse=257118.6, rms=0.878 (16.107%)
037: dt: 0.2500, sse=251430.4, rms=0.810 (7.722%)
rms = 0.8498/0.8100, sse=251285.9/251430.4, time step reduction 2 of 3 to 0.125  0 0 1
   RMS increased, rejecting step
rms = 0.7700/0.8100, sse=247207.8/251430.4, time step reduction 3 of 3 to 0.062  0 0 1
038: dt: 0.1250, sse=247207.8, rms=0.770 (4.940%)
  maximum number of reductions reached, breaking from loop
positioning took 0.7 minutes


Writing output to ../surf/lh.white.preaparc
#ET# mris_place_surface  4.40 minutes
#VMPC# mris_place_surfaces VmPeak  3545268
mris_place_surface done
#--------------------------------------------
#@# CortexLabel lh Sun Mar  8 19:18:09 CET 2026
cd /out/sourcedata/freesurfer/sub-v1s14x0051558_ses-1/mri
mri_label2label --label-cortex ../surf/lh.white.preaparc aseg.presurf.mgz 0 ../label/lh.cortex.label

 Generating cortex label... RemoveHipAmgy=0
 NucAccIsMedialWall=0
 mris->useRealRAS=0
8 non-cortical segments detected
only using segment with 8490 vertices
erasing segment 0 (vno[0] = 27877)
erasing segment 1 (vno[0] = 34971)
erasing segment 3 (vno[0] = 50980)
erasing segment 4 (vno[0] = 85230)
erasing segment 5 (vno[0] = 88110)
erasing segment 6 (vno[0] = 89085)
erasing segment 7 (vno[0] = 89102)
#--------------------------------------------
#@# CortexLabel+HipAmyg lh Sun Mar  8 19:18:27 CET 2026
cd /out/sourcedata/freesurfer/sub-v1s14x0051558_ses-1/mri
mri_label2label --label-cortex ../surf/lh.white.preaparc aseg.presurf.mgz 1 ../label/lh.cortex+hipamyg.label

 Generating cortex label... RemoveHipAmgy=1
 NucAccIsMedialWall=0
 mris->useRealRAS=0
11 non-cortical segments detected
only using segment with 6115 vertices
erasing segment 0 (vno[0] = 27877)
erasing segment 1 (vno[0] = 34971)
erasing segment 3 (vno[0] = 48614)
erasing segment 4 (vno[0] = 49800)
erasing segment 5 (vno[0] = 50980)
erasing segment 6 (vno[0] = 53437)
erasing segment 7 (vno[0] = 54496)
erasing segment 8 (vno[0] = 85230)
erasing segment 9 (vno[0] = 89085)
erasing segment 10 (vno[0] = 89102)
#--------------------------------------------
#@# Smooth2 lh Sun Mar  8 19:18:46 CET 2026
/out/sourcedata/freesurfer/sub-v1s14x0051558_ses-1/scripts

 mris_smooth -n 3 -nw -seed 1234 ../surf/lh.white.preaparc ../surf/lh.smoothwm 

smoothing for 3 iterations
setting seed for random number generator to 1234
smoothing surface tessellation for 3 iterations...
smoothing complete - recomputing first and second fundamental forms...
#--------------------------------------------
#@# Inflation2 lh Sun Mar  8 19:18:50 CET 2026
/out/sourcedata/freesurfer/sub-v1s14x0051558_ses-1/scripts

 mris_inflate ../surf/lh.smoothwm ../surf/lh.inflated 

Reading ../surf/lh.smoothwm
avg radius = 48.2 mm, total surface area = 95395 mm^2
step 000: RMS=0.172 (target=0.015)   step 005: RMS=0.117 (target=0.015)   step 010: RMS=0.086 (target=0.015)   step 015: RMS=0.072 (target=0.015)   step 020: RMS=0.059 (target=0.015)   step 025: RMS=0.049 (target=0.015)   step 030: RMS=0.042 (target=0.015)   step 035: RMS=0.035 (target=0.015)   step 040: RMS=0.030 (target=0.015)   step 045: RMS=0.026 (target=0.015)   step 050: RMS=0.024 (target=0.015)   step 055: RMS=0.022 (target=0.015)   step 060: RMS=0.021 (target=0.015)   writing inflated surface to ../surf/lh.inflated
writing sulcal depths to ../surf/lh.sulc

inflation complete.
inflation took 0.3 minutes
mris_inflate utimesec    82.107057
mris_inflate stimesec    2.119241
mris_inflate ru_maxrss   239328
mris_inflate ru_ixrss    0
mris_inflate ru_idrss    0
mris_inflate ru_isrss    0
mris_inflate ru_minflt   542941
mris_inflate ru_majflt   7
mris_inflate ru_nswap    0
mris_inflate ru_inblock  130
mris_inflate ru_oublock  12232
mris_inflate ru_msgsnd   0
mris_inflate ru_msgrcv   0
mris_inflate ru_nsignals 0
mris_inflate ru_nvcsw    6557
mris_inflate ru_nivcsw   452
#--------------------------------------------
#@# Curv .H and .K lh Sun Mar  8 19:19:08 CET 2026
/out/sourcedata/freesurfer/sub-v1s14x0051558_ses-1/surf

 mris_curvature -w -seed 1234 lh.white.preaparc 

setting seed for random number generator to 1234
total integrated curvature = 21.970*4pi (276.078) --> -21 handles
ICI = 173.4, FI = 1733.4, variation=27263.252
writing Gaussian curvature to ./lh.white.preaparc.K...done.
writing mean curvature to ./lh.white.preaparc.H...done.
rm -f lh.white.H
ln -s lh.white.preaparc.H lh.white.H
rm -f lh.white.K
ln -s lh.white.preaparc.K lh.white.K

 mris_curvature -seed 1234 -thresh .999 -n -a 5 -w -distances 10 10 lh.inflated 

setting seed for random number generator to 1234
normalizing curvature values.
averaging curvature patterns 5 times.
sampling 10 neighbors out to a distance of 10 mm
201 vertices thresholded to be in k1 ~ [-0.26 1.11], k2 ~ [-0.15 0.17]
total integrated curvature = 0.620*4pi (7.797) --> 0 handles
ICI = 1.6, FI = 10.6, variation=179.884
164 vertices thresholded to be in [-0.04 0.03]
writing Gaussian curvature to ./lh.inflated.K...thresholding curvature at 99.90% level
curvature mean = 0.000, std = 0.001
143 vertices thresholded to be in [-0.12 0.48]
done.
writing mean curvature to ./lh.inflated.H...curvature mean = -0.014, std = 0.024
done.
#--------------------------------------------
#@# Sphere lh Sun Mar  8 19:20:01 CET 2026
/out/sourcedata/freesurfer/sub-v1s14x0051558_ses-1/scripts

 mris_sphere -seed 1234 ../surf/lh.inflated ../surf/lh.sphere 

setting seed for random number genererator to 1234
version: 7.3.2
available threads: 16
reading original vertex positions...
projecting onto sphere...
surface projected - minimizing metric distortion...
scaling brain by 0.275...
MRISunfold() max_passes = 1 -------
tol=5.0e-01, sigma=0.0, host=dna00, nav=1024, nbrs=2, l_area=1.000, l_dist=1.000
using quadratic fit line minimization
complete_dist_mat 0
rms 0
smooth_averages 0
remove_neg 0
ico_order 0
which_surface 0
target_radius 0.000000
nfields 0
scale 1.000000
desired_rms_height -1.000000
momentum 0.900000
nbhd_size 7
max_nbrs 8
niterations 25
nsurfaces 0
SURFACES 3
flags 0 (0)
use curv 0
no sulc 0
no rigid align 0
mris->nsize 2
mris->hemisphere 0
randomSeed 1234

singular matrix in quadratic form
singular matrix in quadratic form
--------------------
  mrisRemoveNegativeArea()
pass 1: epoch 1 of 3 starting distance error %19.54
pass 1: epoch 2 of 3 starting distance error %19.51
unfolding complete - removing small folds...
starting distance error %19.45
removing remaining folds...
final distance error %19.47
MRISunfold() return, current seed 1234
-01: dt=0.0000, 116 negative triangles  VmPeak 1630800
205: dt=0.9900, 116 negative triangles
206: dt=0.9900,  93 negative triangles
207: dt=0.9900,  80 negative triangles
208: dt=0.9900,  78 negative triangles
209: dt=0.9900,  80 negative triangles
210: dt=0.9900,  77 negative triangles
211: dt=0.9900,  79 negative triangles
212: dt=0.9900,  76 negative triangles
213: dt=0.9900,  75 negative triangles
214: dt=0.9900,  76 negative triangles
215: dt=0.9900,  75 negative triangles
216: dt=0.9900,  74 negative triangles
217: dt=0.9900,  74 negative triangles
218: dt=0.9900,  75 negative triangles
219: dt=0.9900,  74 negative triangles
220: dt=0.9900,  66 negative triangles
221: dt=0.9900,  67 negative triangles
222: dt=0.9900,  64 negative triangles
223: dt=0.9900,  62 negative triangles
224: dt=0.9900,  62 negative triangles
225: dt=0.9900,  60 negative triangles
226: dt=0.9900,  68 negative triangles
227: dt=0.9900,  64 negative triangles
228: dt=0.9900,  60 negative triangles
229: dt=0.9900,  56 negative triangles
230: dt=0.9900,  61 negative triangles
231: dt=0.9900,  50 negative triangles
232: dt=0.9900,  58 negative triangles
233: dt=0.9900,  52 negative triangles
234: dt=0.9900,  58 negative triangles
235: dt=0.9900,  52 negative triangles
236: dt=0.9900,  47 negative triangles
237: dt=0.9900,  49 negative triangles
238: dt=0.9900,  50 negative triangles
239: dt=0.9900,  48 negative triangles
240: dt=0.9900,  49 negative triangles
241: dt=0.9900,  47 negative triangles
242: dt=0.9900,  50 negative triangles
243: dt=0.9900,  44 negative triangles
244: dt=0.9900,  48 negative triangles
245: dt=0.9900,  47 negative triangles
246: dt=0.9900,  44 negative triangles
247: dt=0.9900,  43 negative triangles
248: dt=0.9900,  45 negative triangles
249: dt=0.9900,  44 negative triangles
250: dt=0.9900,  43 negative triangles
251: dt=0.9900,  46 negative triangles
252: dt=0.9900,  44 negative triangles
253: dt=0.9900,  42 negative triangles
254: dt=0.9900,  48 negative triangles
255: dt=0.9900,  43 negative triangles
256: dt=0.9900,  44 negative triangles
257: dt=0.9900,  47 negative triangles
258: dt=0.9900,  46 negative triangles
259: dt=0.9900,  44 negative triangles
260: dt=0.9900,  46 negative triangles
261: dt=0.9900,  45 negative triangles
262: dt=0.9900,  46 negative triangles
263: dt=0.9405,  47 negative triangles
264: dt=0.9405,  46 negative triangles
265: dt=0.9405,  44 negative triangles
266: dt=0.9405,  45 negative triangles
267: dt=0.9405,  45 negative triangles
268: dt=0.9405,  47 negative triangles
269: dt=0.9405,  44 negative triangles
270: dt=0.9405,  43 negative triangles
271: dt=0.9405,  46 negative triangles
272: dt=0.9405,  44 negative triangles
273: dt=0.8935,  43 negative triangles
274: dt=0.8935,  48 negative triangles
275: dt=0.8935,  43 negative triangles
276: dt=0.8935,  48 negative triangles
277: dt=0.8935,  45 negative triangles
278: dt=0.8935,  45 negative triangles
279: dt=0.8935,  48 negative triangles
280: dt=0.8935,  46 negative triangles
281: dt=0.8935,  45 negative triangles
282: dt=0.8935,  44 negative triangles
283: dt=0.8488,  45 negative triangles
284: dt=0.8488,  48 negative triangles
285: dt=0.8488,  46 negative triangles
286: dt=0.8488,  43 negative triangles
287: dt=0.8488,  48 negative triangles
288: dt=0.8488,  46 negative triangles
289: dt=0.8488,  46 negative triangles
290: dt=0.8488,  46 negative triangles
291: dt=0.8488,  43 negative triangles
292: dt=0.8488,  47 negative triangles
293: dt=0.8064,  44 negative triangles
294: dt=0.8064,  46 negative triangles
295: dt=0.8064,  48 negative triangles
296: dt=0.8064,  44 negative triangles
297: dt=0.8064,  47 negative triangles
298: dt=0.8064,  46 negative triangles
299: dt=0.8064,  46 negative triangles
300: dt=0.8064,  44 negative triangles
301: dt=0.8064,  45 negative triangles
302: dt=0.8064,  44 negative triangles
303: dt=0.7660,  45 negative triangles
expanding nbhd size to 1
304: dt=0.9900,  45 negative triangles
305: dt=0.9900,  46 negative triangles
306: dt=0.9900,  47 negative triangles
307: dt=0.9900,  41 negative triangles
308: dt=0.9900,  43 negative triangles
309: dt=0.9900,  45 negative triangles
310: dt=0.9900,  45 negative triangles
311: dt=0.9900,  46 negative triangles
312: dt=0.9900,  46 negative triangles
313: dt=0.9900,  47 negative triangles
314: dt=0.9900,  44 negative triangles
315: dt=0.9900,  47 negative triangles
316: dt=0.9900,  48 negative triangles
317: dt=0.9405,  47 negative triangles
318: dt=0.9405,  47 negative triangles
319: dt=0.9405,  51 negative triangles
320: dt=0.9405,  47 negative triangles
321: dt=0.9405,  46 negative triangles
322: dt=0.9405,  49 negative triangles
323: dt=0.9405,  48 negative triangles
324: dt=0.9405,  46 negative triangles
325: dt=0.9405,  47 negative triangles
326: dt=0.9405,  46 negative triangles
327: dt=0.8935,  47 negative triangles
328: dt=0.8935,  46 negative triangles
329: dt=0.8935,  47 negative triangles
330: dt=0.8935,  46 negative triangles
331: dt=0.8935,  47 negative triangles
332: dt=0.8935,  45 negative triangles
333: dt=0.8935,  45 negative triangles
334: dt=0.8935,  45 negative triangles
335: dt=0.8935,  46 negative triangles
336: dt=0.8935,  45 negative triangles
337: dt=0.8488,  44 negative triangles
338: dt=0.8488,  45 negative triangles
339: dt=0.8488,  45 negative triangles
340: dt=0.8488,  44 negative triangles
341: dt=0.8488,  47 negative triangles
342: dt=0.8488,  46 negative triangles
343: dt=0.8488,  45 negative triangles
344: dt=0.8488,  45 negative triangles
345: dt=0.8488,  44 negative triangles
346: dt=0.8488,  44 negative triangles
347: dt=0.8064,  45 negative triangles
348: dt=0.8064,  44 negative triangles
349: dt=0.8064,  43 negative triangles
350: dt=0.8064,  42 negative triangles
351: dt=0.8064,  44 negative triangles
352: dt=0.8064,  45 negative triangles
353: dt=0.8064,  44 negative triangles
354: dt=0.8064,  44 negative triangles
355: dt=0.8064,  43 negative triangles
356: dt=0.8064,  45 negative triangles
357: dt=0.7660,  43 negative triangles
358: dt=0.7660,  42 negative triangles
359: dt=0.7660,  42 negative triangles
360: dt=0.7660,  43 negative triangles
361: dt=0.7660,  44 negative triangles
362: dt=0.7660,  43 negative triangles
363: dt=0.7660,  44 negative triangles
364: dt=0.7660,  44 negative triangles
365: dt=0.7660,  42 negative triangles
366: dt=0.7660,  43 negative triangles
367: dt=0.7277,  43 negative triangles
368: dt=0.7277,  44 negative triangles
369: dt=0.7277,  43 negative triangles
370: dt=0.7277,  43 negative triangles
371: dt=0.7277,  45 negative triangles
372: dt=0.7277,  44 negative triangles
373: dt=0.7277,  44 negative triangles
374: dt=0.7277,  42 negative triangles
375: dt=0.7277,  45 negative triangles
376: dt=0.7277,  43 negative triangles
377: dt=0.6914,  43 negative triangles
378: dt=0.6914,  43 negative triangles
379: dt=0.6914,  44 negative triangles
380: dt=0.6914,  42 negative triangles
381: dt=0.6914,  42 negative triangles
382: dt=0.6914,  43 negative triangles
383: dt=0.6914,  44 negative triangles
384: dt=0.6914,  43 negative triangles
385: dt=0.6914,  42 negative triangles
386: dt=0.6914,  43 negative triangles
387: dt=0.6568,  41 negative triangles
388: dt=0.6568,  43 negative triangles
389: dt=0.6568,  42 negative triangles
390: dt=0.6568,  41 negative triangles
391: dt=0.6568,  41 negative triangles
392: dt=0.6568,  43 negative triangles
393: dt=0.6568,  42 negative triangles
394: dt=0.6568,  42 negative triangles
395: dt=0.6568,  41 negative triangles
396: dt=0.6568,  42 negative triangles
397: dt=0.6239,  42 negative triangles
398: dt=0.6239,  42 negative triangles
399: dt=0.6239,  42 negative triangles
400: dt=0.6239,  43 negative triangles
401: dt=0.6239,  43 negative triangles
402: dt=0.6239,  41 negative triangles
403: dt=0.6239,  42 negative triangles
404: dt=0.6239,  41 negative triangles
405: dt=0.6239,  44 negative triangles
406: dt=0.6239,  43 negative triangles
407: dt=0.5927,  42 negative triangles
408: dt=0.5927,  41 negative triangles
409: dt=0.5927,  42 negative triangles
410: dt=0.5927,  41 negative triangles
411: dt=0.5927,  41 negative triangles
412: dt=0.5927,  41 negative triangles
413: dt=0.5927,  41 negative triangles
414: dt=0.5927,  41 negative triangles
415: dt=0.5927,  39 negative triangles
416: dt=0.5927,  42 negative triangles
417: dt=0.5927,  41 negative triangles
418: dt=0.5927,  41 negative triangles
419: dt=0.5927,  42 negative triangles
420: dt=0.5927,  41 negative triangles
421: dt=0.5927,  41 negative triangles
422: dt=0.5927,  42 negative triangles
423: dt=0.5927,  42 negative triangles
424: dt=0.5927,  44 negative triangles
425: dt=0.5631,  44 negative triangles
426: dt=0.5631,  41 negative triangles
427: dt=0.5631,  43 negative triangles
428: dt=0.5631,  41 negative triangles
429: dt=0.5631,  40 negative triangles
430: dt=0.5631,  40 negative triangles
431: dt=0.5631,  41 negative triangles
432: dt=0.5631,  41 negative triangles
433: dt=0.5631,  41 negative triangles
434: dt=0.5631,  41 negative triangles
435: dt=0.5350,  41 negative triangles
436: dt=0.5350,  42 negative triangles
437: dt=0.5350,  44 negative triangles
438: dt=0.5350,  44 negative triangles
439: dt=0.5350,  43 negative triangles
440: dt=0.5350,  43 negative triangles
441: dt=0.5350,  42 negative triangles
442: dt=0.5350,  45 negative triangles
443: dt=0.5350,  45 negative triangles
444: dt=0.5350,  43 negative triangles
445: dt=0.5082,  45 negative triangles
446: dt=0.5082,  44 negative triangles
447: dt=0.5082,  45 negative triangles
448: dt=0.5082,  40 negative triangles
449: dt=0.5082,  41 negative triangles
450: dt=0.5082,  42 negative triangles
451: dt=0.5082,  41 negative triangles
452: dt=0.5082,  42 negative triangles
453: dt=0.5082,  40 negative triangles
454: dt=0.5082,  42 negative triangles
455: dt=0.4828,  44 negative triangles
456: dt=0.4828,  43 negative triangles
457: dt=0.4828,  42 negative triangles
458: dt=0.4828,  43 negative triangles
459: dt=0.4828,  42 negative triangles
460: dt=0.4828,  42 negative triangles
461: dt=0.4828,  42 negative triangles
462: dt=0.4828,  41 negative triangles
463: dt=0.4828,  43 negative triangles
464: dt=0.4828,  42 negative triangles
465: dt=0.4587,  42 negative triangles
466: dt=0.4587,  43 negative triangles
467: dt=0.4587,  41 negative triangles
468: dt=0.4587,  42 negative triangles
469: dt=0.4587,  42 negative triangles
470: dt=0.4587,  43 negative triangles
471: dt=0.4587,  42 negative triangles
472: dt=0.4587,  41 negative triangles
473: dt=0.4587,  42 negative triangles
474: dt=0.4587,  44 negative triangles
475: dt=0.4357,  42 negative triangles
476: dt=0.4357,  41 negative triangles
477: dt=0.4357,  41 negative triangles
478: dt=0.4357,  41 negative triangles
479: dt=0.4357,  40 negative triangles
480: dt=0.4357,  40 negative triangles
481: dt=0.4357,  41 negative triangles
482: dt=0.4357,  40 negative triangles
483: dt=0.4357,  41 negative triangles
484: dt=0.4357,  42 negative triangles
485: dt=0.4139,  42 negative triangles
486: dt=0.4139,  44 negative triangles
487: dt=0.4139,  41 negative triangles
488: dt=0.4139,  41 negative triangles
489: dt=0.4139,  42 negative triangles
490: dt=0.4139,  41 negative triangles
491: dt=0.4139,  44 negative triangles
492: dt=0.4139,  44 negative triangles
493: dt=0.4139,  41 negative triangles
494: dt=0.4139,  44 negative triangles
495: dt=0.3932,  40 negative triangles
496: dt=0.3932,  40 negative triangles
497: dt=0.3932,  42 negative triangles
498: dt=0.3932,  44 negative triangles
499: dt=0.3932,  44 negative triangles
500: dt=0.3932,  41 negative triangles
501: dt=0.3932,  41 negative triangles
502: dt=0.3932,  42 negative triangles
503: dt=0.3932,  42 negative triangles
504: dt=0.3932,  41 negative triangles
505: dt=0.3736,  43 negative triangles
506: dt=0.3736,  43 negative triangles
507: dt=0.3736,  41 negative triangles
508: dt=0.3736,  42 negative triangles
509: dt=0.3736,  42 negative triangles
510: dt=0.3736,  42 negative triangles
511: dt=0.3736,  41 negative triangles
512: dt=0.3736,  43 negative triangles
513: dt=0.3736,  40 negative triangles
514: dt=0.3736,  43 negative triangles
515: dt=0.3549,  43 negative triangles
516: dt=0.3549,  43 negative triangles
517: dt=0.3549,  42 negative triangles
518: dt=0.3549,  42 negative triangles
519: dt=0.3549,  41 negative triangles
520: dt=0.3549,  42 negative triangles
521: dt=0.3549,  41 negative triangles
522: dt=0.3549,  41 negative triangles
523: dt=0.3549,  40 negative triangles
524: dt=0.3549,  42 negative triangles
525: dt=0.3372,  40 negative triangles
526: dt=0.3372,  42 negative triangles
527: dt=0.3372,  43 negative triangles
528: dt=0.3372,  40 negative triangles
529: dt=0.3372,  40 negative triangles
530: dt=0.3372,  44 negative triangles
531: dt=0.3372,  42 negative triangles
532: dt=0.3372,  42 negative triangles
533: dt=0.3372,  42 negative triangles
534: dt=0.3372,  44 negative triangles
535: dt=0.3203,  44 negative triangles
536: dt=0.3203,  42 negative triangles
537: dt=0.3203,  44 negative triangles
538: dt=0.3203,  44 negative triangles
539: dt=0.3203,  44 negative triangles
540: dt=0.3203,  42 negative triangles
541: dt=0.3203,  43 negative triangles
542: dt=0.3203,  44 negative triangles
543: dt=0.3203,  44 negative triangles
544: dt=0.3203,  43 negative triangles
545: dt=0.3043,  42 negative triangles
546: dt=0.3043,  44 negative triangles
547: dt=0.3043,  45 negative triangles
548: dt=0.3043,  44 negative triangles
549: dt=0.3043,  40 negative triangles
550: dt=0.3043,  42 negative triangles
551: dt=0.3043,  41 negative triangles
552: dt=0.3043,  42 negative triangles
553: dt=0.3043,  43 negative triangles
554: dt=0.3043,  44 negative triangles
555: dt=0.2891,  42 negative triangles
556: dt=0.2891,  40 negative triangles
557: dt=0.2891,  40 negative triangles
558: dt=0.2891,  43 negative triangles
559: dt=0.2891,  42 negative triangles
560: dt=0.2891,  42 negative triangles
561: dt=0.2891,  45 negative triangles
562: dt=0.2891,  41 negative triangles
563: dt=0.2891,  43 negative triangles
564: dt=0.2891,  43 negative triangles
565: dt=0.2746,  43 negative triangles
566: dt=0.2746,  45 negative triangles
567: dt=0.2746,  41 negative triangles
568: dt=0.2746,  41 negative triangles
569: dt=0.2746,  41 negative triangles
570: dt=0.2746,  43 negative triangles
571: dt=0.2746,  44 negative triangles
572: dt=0.2746,  42 negative triangles
573: dt=0.2746,  41 negative triangles
574: dt=0.2746,  40 negative triangles
575: dt=0.2609,  41 negative triangles
576: dt=0.2609,  42 negative triangles
577: dt=0.2609,  42 negative triangles
578: dt=0.2609,  43 negative triangles
579: dt=0.2609,  43 negative triangles
580: dt=0.2609,  44 negative triangles
581: dt=0.2609,  42 negative triangles
582: dt=0.2609,  46 negative triangles
583: dt=0.2609,  41 negative triangles
584: dt=0.2609,  41 negative triangles
585: dt=0.2478,  41 negative triangles
586: dt=0.2478,  40 negative triangles
587: dt=0.2478,  40 negative triangles
588: dt=0.2478,  41 negative triangles
589: dt=0.2478,  43 negative triangles
590: dt=0.2478,  44 negative triangles
591: dt=0.2478,  43 negative triangles
592: dt=0.2478,  41 negative triangles
593: dt=0.2478,  40 negative triangles
594: dt=0.2478,  39 negative triangles
595: dt=0.2354,  41 negative triangles
596: dt=0.2354,  40 negative triangles
597: dt=0.2354,  41 negative triangles
598: dt=0.2354,  42 negative triangles
599: dt=0.2354,  44 negative triangles
600: dt=0.2354,  42 negative triangles
601: dt=0.2354,  42 negative triangles
602: dt=0.2354,  40 negative triangles
603: dt=0.2354,  44 negative triangles
604: dt=0.2354,  42 negative triangles
605: dt=0.2237,  41 negative triangles
606: dt=0.2237,  41 negative triangles
607: dt=0.2237,  41 negative triangles
608: dt=0.2237,  41 negative triangles
609: dt=0.2237,  44 negative triangles
610: dt=0.2237,  39 negative triangles
611: dt=0.2237,  41 negative triangles
612: dt=0.2237,  41 negative triangles
613: dt=0.2237,  42 negative triangles
614: dt=0.2237,  44 negative triangles
615: dt=0.2125,  42 negative triangles
616: dt=0.2125,  41 negative triangles
617: dt=0.2125,  41 negative triangles
618: dt=0.2125,  42 negative triangles
619: dt=0.2125,  42 negative triangles
620: dt=0.2125,  40 negative triangles
621: dt=0.2125,  43 negative triangles
622: dt=0.2125,  43 negative triangles
623: dt=0.2125,  42 negative triangles
624: dt=0.2125,  42 negative triangles
625: dt=0.2019,  42 negative triangles
626: dt=0.2019,  42 negative triangles
627: dt=0.2019,  43 negative triangles
628: dt=0.2019,  44 negative triangles
629: dt=0.2019,  44 negative triangles
630: dt=0.2019,  44 negative triangles
631: dt=0.2019,  42 negative triangles
632: dt=0.2019,  43 negative triangles
633: dt=0.2019,  43 negative triangles
634: dt=0.2019,  44 negative triangles
635: dt=0.1918,  44 negative triangles
636: dt=0.1918,  44 negative triangles
637: dt=0.1918,  44 negative triangles
638: dt=0.1918,  43 negative triangles
639: dt=0.1918,  47 negative triangles
640: dt=0.1918,  46 negative triangles
641: dt=0.1918,  43 negative triangles
642: dt=0.1918,  43 negative triangles
643: dt=0.1918,  42 negative triangles
644: dt=0.1918,  42 negative triangles
645: dt=0.1822,  47 negative triangles
646: dt=0.1822,  46 negative triangles
647: dt=0.1822,  43 negative triangles
648: dt=0.1822,  44 negative triangles
649: dt=0.1822,  45 negative triangles
650: dt=0.1822,  44 negative triangles
651: dt=0.1822,  46 negative triangles
652: dt=0.1822,  46 negative triangles
653: dt=0.1822,  45 negative triangles
654: dt=0.1822,  45 negative triangles
655: dt=0.1731,  45 negative triangles
656: dt=0.1731,  42 negative triangles
657: dt=0.1731,  42 negative triangles
658: dt=0.1731,  44 negative triangles
659: dt=0.1731,  43 negative triangles
660: dt=0.1731,  41 negative triangles
661: dt=0.1731,  43 negative triangles
662: dt=0.1731,  43 negative triangles
663: dt=0.1731,  43 negative triangles
664: dt=0.1731,  43 negative triangles
665: dt=0.1644,  43 negative triangles
666: dt=0.1644,  39 negative triangles
667: dt=0.1644,  42 negative triangles
668: dt=0.1644,  44 negative triangles
669: dt=0.1644,  42 negative triangles
670: dt=0.1644,  44 negative triangles
671: dt=0.1644,  43 negative triangles
672: dt=0.1644,  43 negative triangles
673: dt=0.1644,  42 negative triangles
674: dt=0.1644,  43 negative triangles
675: dt=0.1562,  42 negative triangles
676: dt=0.1562,  42 negative triangles
677: dt=0.1562,  43 negative triangles
678: dt=0.1562,  42 negative triangles
679: dt=0.1562,  43 negative triangles
680: dt=0.1562,  42 negative triangles
681: dt=0.1562,  40 negative triangles
682: dt=0.1562,  42 negative triangles
683: dt=0.1562,  42 negative triangles
684: dt=0.1562,  44 negative triangles
685: dt=0.1484,  43 negative triangles
686: dt=0.1484,  44 negative triangles
687: dt=0.1484,  44 negative triangles
688: dt=0.1484,  43 negative triangles
689: dt=0.1484,  44 negative triangles
690: dt=0.1484,  44 negative triangles
691: dt=0.1484,  45 negative triangles
692: dt=0.1484,  44 negative triangles
693: dt=0.1484,  44 negative triangles
694: dt=0.1484,  44 negative triangles
695: dt=0.1410,  44 negative triangles
696: dt=0.1410,  43 negative triangles
697: dt=0.1410,  43 negative triangles
698: dt=0.1410,  44 negative triangles
699: dt=0.1410,  44 negative triangles
700: dt=0.1410,  44 negative triangles
701: dt=0.1410,  45 negative triangles
702: dt=0.1410,  44 negative triangles
703: dt=0.1410,  41 negative triangles
704: dt=0.1410,  41 negative triangles
705: dt=0.1339,  42 negative triangles
706: dt=0.1339,  41 negative triangles
707: dt=0.1339,  39 negative triangles
708: dt=0.1339,  40 negative triangles
709: dt=0.1339,  41 negative triangles
710: dt=0.1339,  42 negative triangles
711: dt=0.1339,  43 negative triangles
712: dt=0.1339,  42 negative triangles
713: dt=0.1339,  42 negative triangles
714: dt=0.1339,  42 negative triangles
715: dt=0.1272,  45 negative triangles
716: dt=0.1272,  44 negative triangles
717: dt=0.1272,  43 negative triangles
718: dt=0.1272,  41 negative triangles
719: dt=0.1272,  44 negative triangles
720: dt=0.1272,  42 negative triangles
721: dt=0.1272,  43 negative triangles
722: dt=0.1272,  43 negative triangles
723: dt=0.1272,  43 negative triangles
724: dt=0.1272,  43 negative triangles
725: dt=0.1209,  44 negative triangles
726: dt=0.1209,  45 negative triangles
727: dt=0.1209,  42 negative triangles
728: dt=0.1209,  42 negative triangles
729: dt=0.1209,  43 negative triangles
730: dt=0.1209,  43 negative triangles
731: dt=0.1209,  44 negative triangles
732: dt=0.1209,  42 negative triangles
733: dt=0.1209,  44 negative triangles
734: dt=0.1209,  43 negative triangles
735: dt=0.1209,  38 negative triangles
736: dt=0.1209,  40 negative triangles
737: dt=0.1209,  42 negative triangles
738: dt=0.1209,  41 negative triangles
739: dt=0.1209,  42 negative triangles
740: dt=0.1209,  42 negative triangles
741: dt=0.1209,  44 negative triangles
742: dt=0.1209,  46 negative triangles
743: dt=0.1209,  45 negative triangles
744: dt=0.1209,  44 negative triangles
745: dt=0.1148,  45 negative triangles
746: dt=0.1148,  46 negative triangles
747: dt=0.1148,  45 negative triangles
748: dt=0.1148,  45 negative triangles
749: dt=0.1148,  45 negative triangles
750: dt=0.1148,  47 negative triangles
751: dt=0.1148,  47 negative triangles
752: dt=0.1148,  46 negative triangles
753: dt=0.1148,  44 negative triangles
754: dt=0.1148,  46 negative triangles
755: dt=0.1091,  48 negative triangles
756: dt=0.1091,  47 negative triangles
757: dt=0.1091,  46 negative triangles
758: dt=0.1091,  47 negative triangles
759: dt=0.1091,  46 negative triangles
760: dt=0.1091,  47 negative triangles
761: dt=0.1091,  46 negative triangles
762: dt=0.1091,  46 negative triangles
763: dt=0.1091,  44 negative triangles
764: dt=0.1091,  42 negative triangles
765: dt=0.1036,  43 negative triangles
766: dt=0.1036,  44 negative triangles
767: dt=0.1036,  42 negative triangles
768: dt=0.1036,  42 negative triangles
769: dt=0.1036,  42 negative triangles
770: dt=0.1036,  43 negative triangles
771: dt=0.1036,  42 negative triangles
772: dt=0.1036,  42 negative triangles
773: dt=0.1036,  44 negative triangles
774: dt=0.1036,  44 negative triangles
775: dt=0.0984,  45 negative triangles
776: dt=0.0984,  44 negative triangles
777: dt=0.0984,  43 negative triangles
778: dt=0.0984,  42 negative triangles
779: dt=0.0984,  42 negative triangles
780: dt=0.0984,  41 negative triangles
781: dt=0.0984,  44 negative triangles
782: dt=0.0984,  42 negative triangles
783: dt=0.0984,  42 negative triangles
784: dt=0.0984,  44 negative triangles
785: dt=0.0935,  43 negative triangles
786: dt=0.0935,  45 negative triangles
787: dt=0.0935,  46 negative triangles
788: dt=0.0935,  44 negative triangles
789: dt=0.0935,  44 negative triangles
790: dt=0.0935,  42 negative triangles
791: dt=0.0935,  43 negative triangles
792: dt=0.0935,  45 negative triangles
793: dt=0.0935,  44 negative triangles
794: dt=0.0935,  45 negative triangles
795: dt=0.0888,  44 negative triangles
796: dt=0.0888,  44 negative triangles
797: dt=0.0888,  45 negative triangles
798: dt=0.0888,  42 negative triangles
799: dt=0.0888,  44 negative triangles
800: dt=0.0888,  43 negative triangles
801: dt=0.0888,  40 negative triangles
802: dt=0.0888,  42 negative triangles
803: dt=0.0888,  42 negative triangles
804: dt=0.0888,  43 negative triangles
805: dt=0.0844,  42 negative triangles
806: dt=0.0844,  43 negative triangles
807: dt=0.0844,  43 negative triangles
808: dt=0.0844,  43 negative triangles
809: dt=0.0844,  43 negative triangles
810: dt=0.0844,  44 negative triangles
811: dt=0.0844,  44 negative triangles
812: dt=0.0844,  41 negative triangles
813: dt=0.0844,  41 negative triangles
814: dt=0.0844,  41 negative triangles
815: dt=0.0802,  39 negative triangles
816: dt=0.0802,  43 negative triangles
817: dt=0.0802,  45 negative triangles
818: dt=0.0802,  44 negative triangles
819: dt=0.0802,  45 negative triangles
820: dt=0.0802,  46 negative triangles
821: dt=0.0802,  45 negative triangles
822: dt=0.0802,  45 negative triangles
823: dt=0.0802,  44 negative triangles
824: dt=0.0802,  44 negative triangles
825: dt=0.0762,  43 negative triangles
826: dt=0.0762,  46 negative triangles
827: dt=0.0762,  46 negative triangles
828: dt=0.0762,  45 negative triangles
829: dt=0.0762,  44 negative triangles
830: dt=0.0762,  41 negative triangles
831: dt=0.0762,  41 negative triangles
832: dt=0.0762,  40 negative triangles
833: dt=0.0762,  39 negative triangles
834: dt=0.0762,  43 negative triangles
835: dt=0.0724,  44 negative triangles
836: dt=0.0724,  46 negative triangles
837: dt=0.0724,  43 negative triangles
838: dt=0.0724,  43 negative triangles
839: dt=0.0724,  41 negative triangles
840: dt=0.0724,  42 negative triangles
841: dt=0.0724,  43 negative triangles
842: dt=0.0724,  43 negative triangles
843: dt=0.0724,  43 negative triangles
844: dt=0.0724,  43 negative triangles
845: dt=0.0687,  42 negative triangles
846: dt=0.0687,  42 negative triangles
847: dt=0.0687,  42 negative triangles
848: dt=0.0687,  43 negative triangles
849: dt=0.0687,  39 negative triangles
850: dt=0.0687,  38 negative triangles
851: dt=0.0687,  41 negative triangles
852: dt=0.0687,  40 negative triangles
853: dt=0.0687,  37 negative triangles
854: dt=0.0687,  40 negative triangles
855: dt=0.0687,  39 negative triangles
856: dt=0.0687,  40 negative triangles
857: dt=0.0687,  42 negative triangles
858: dt=0.0687,  42 negative triangles
859: dt=0.0687,  41 negative triangles
860: dt=0.0687,  41 negative triangles
861: dt=0.0687,  42 negative triangles
862: dt=0.0687,  42 negative triangles
863: dt=0.0653,  42 negative triangles
864: dt=0.0653,  45 negative triangles
865: dt=0.0653,  42 negative triangles
866: dt=0.0653,  45 negative triangles
867: dt=0.0653,  44 negative triangles
868: dt=0.0653,  44 negative triangles
869: dt=0.0653,  45 negative triangles
870: dt=0.0653,  45 negative triangles
871: dt=0.0653,  42 negative triangles
872: dt=0.0653,  43 negative triangles
873: dt=0.0620,  44 negative triangles
874: dt=0.0620,  45 negative triangles
875: dt=0.0620,  45 negative triangles
876: dt=0.0620,  44 negative triangles
877: dt=0.0620,  44 negative triangles
878: dt=0.0620,  43 negative triangles
879: dt=0.0620,  44 negative triangles
880: dt=0.0620,  43 negative triangles
881: dt=0.0620,  41 negative triangles
882: dt=0.0620,  39 negative triangles
883: dt=0.0589,  39 negative triangles
884: dt=0.0589,  39 negative triangles
885: dt=0.0589,  40 negative triangles
886: dt=0.0589,  41 negative triangles
887: dt=0.0589,  42 negative triangles
888: dt=0.0589,  42 negative triangles
889: dt=0.0589,  43 negative triangles
890: dt=0.0589,  45 negative triangles
891: dt=0.0589,  43 negative triangles
892: dt=0.0589,  42 negative triangles
893: dt=0.0560,  40 negative triangles
894: dt=0.0560,  42 negative triangles
895: dt=0.0560,  42 negative triangles
896: dt=0.0560,  40 negative triangles
897: dt=0.0560,  42 negative triangles
898: dt=0.0560,  41 negative triangles
899: dt=0.0560,  41 negative triangles
900: dt=0.0560,  42 negative triangles
901: dt=0.0560,  43 negative triangles
902: dt=0.0560,  42 negative triangles
903: dt=0.0532,  43 negative triangles
904: dt=0.0532,  41 negative triangles
905: dt=0.0532,  39 negative triangles
906: dt=0.0532,  41 negative triangles
907: dt=0.0532,  42 negative triangles
908: dt=0.0532,  40 negative triangles
909: dt=0.0532,  42 negative triangles
910: dt=0.0532,  43 negative triangles
911: dt=0.0532,  42 negative triangles
912: dt=0.0532,  42 negative triangles
913: dt=0.0505,  42 negative triangles
914: dt=0.0505,  45 negative triangles
915: dt=0.0505,  44 negative triangles
916: dt=0.0505,  44 negative triangles
917: dt=0.0505,  43 negative triangles
918: dt=0.0505,  43 negative triangles
919: dt=0.0505,  40 negative triangles
920: dt=0.0505,  43 negative triangles
921: dt=0.0505,  45 negative triangles
922: dt=0.0505,  42 negative triangles
923: dt=0.0480,  42 negative triangles
924: dt=0.0480,  40 negative triangles
925: dt=0.0480,  41 negative triangles
926: dt=0.0480,  41 negative triangles
927: dt=0.0480,  41 negative triangles
928: dt=0.0480,  41 negative triangles
929: dt=0.0480,  41 negative triangles
930: dt=0.0480,  41 negative triangles
931: dt=0.0480,  40 negative triangles
932: dt=0.0480,  39 negative triangles
933: dt=0.0456,  42 negative triangles
934: dt=0.0456,  41 negative triangles
935: dt=0.0456,  41 negative triangles
936: dt=0.0456,  42 negative triangles
937: dt=0.0456,  41 negative triangles
938: dt=0.0456,  41 negative triangles
939: dt=0.0456,  41 negative triangles
940: dt=0.0456,  41 negative triangles
941: dt=0.0456,  41 negative triangles
942: dt=0.0456,  41 negative triangles
943: dt=0.0433,  42 negative triangles
944: dt=0.0433,  42 negative triangles
945: dt=0.0433,  42 negative triangles
946: dt=0.0433,  42 negative triangles
947: dt=0.0433,  42 negative triangles
948: dt=0.0433,  42 negative triangles
949: dt=0.0433,  43 negative triangles
950: dt=0.0433,  43 negative triangles
951: dt=0.0433,  44 negative triangles
952: dt=0.0433,  44 negative triangles
953: dt=0.0412,  45 negative triangles
954: dt=0.0412,  44 negative triangles
955: dt=0.0412,  43 negative triangles
956: dt=0.0412,  44 negative triangles
957: dt=0.0412,  43 negative triangles
958: dt=0.0412,  44 negative triangles
959: dt=0.0412,  43 negative triangles
960: dt=0.0412,  43 negative triangles
961: dt=0.0412,  41 negative triangles
962: dt=0.0412,  41 negative triangles
963: dt=0.0391,  42 negative triangles
964: dt=0.0391,  41 negative triangles
965: dt=0.0391,  40 negative triangles
966: dt=0.0391,  40 negative triangles
967: dt=0.0391,  40 negative triangles
968: dt=0.0391,  40 negative triangles
969: dt=0.0391,  39 negative triangles
970: dt=0.0391,  40 negative triangles
971: dt=0.0391,  39 negative triangles
972: dt=0.0391,  40 negative triangles
973: dt=0.0371,  40 negative triangles
974: dt=0.0371,  39 negative triangles
975: dt=0.0371,  39 negative triangles
976: dt=0.0371,  39 negative triangles
977: dt=0.0371,  38 negative triangles
978: dt=0.0371,  37 negative triangles
979: dt=0.0371,  37 negative triangles
980: dt=0.0371,  39 negative triangles
981: dt=0.0371,  37 negative triangles
982: dt=0.0371,  37 negative triangles
983: dt=0.0353,  38 negative triangles
984: dt=0.0353,  38 negative triangles
985: dt=0.0353,  38 negative triangles
986: dt=0.0353,  39 negative triangles
987: dt=0.0353,  39 negative triangles
988: dt=0.0353,  39 negative triangles
989: dt=0.0353,  38 negative triangles
990: dt=0.0353,  37 negative triangles
991: dt=0.0353,  38 negative triangles
992: dt=0.0353,  38 negative triangles
993: dt=0.0335,  38 negative triangles
994: dt=0.0335,  39 negative triangles
995: dt=0.0335,  38 negative triangles
996: dt=0.0335,  38 negative triangles
997: dt=0.0335,  40 negative triangles
998: dt=0.0335,  40 negative triangles
999: dt=0.0335,  40 negative triangles
1000: dt=0.0335,  39 negative triangles
1001: dt=0.0335,  38 negative triangles
1002: dt=0.0335,  38 negative triangles
1003: dt=0.0319,  38 negative triangles
1004: dt=0.0319,  39 negative triangles
1005: dt=0.0319,  40 negative triangles
1006: dt=0.0319,  39 negative triangles
1007: dt=0.0319,  41 negative triangles
1008: dt=0.0319,  40 negative triangles
1009: dt=0.0319,  41 negative triangles
1010: dt=0.0319,  40 negative triangles
1011: dt=0.0319,  41 negative triangles
1012: dt=0.0319,  40 negative triangles
1013: dt=0.0303,  41 negative triangles
1014: dt=0.0303,  40 negative triangles
1015: dt=0.0303,  42 negative triangles
1016: dt=0.0303,  42 negative triangles
1017: dt=0.0303,  42 negative triangles
1018: dt=0.0303,  43 negative triangles
1019: dt=0.0303,  42 negative triangles
1020: dt=0.0303,  42 negative triangles
1021: dt=0.0303,  42 negative triangles
1022: dt=0.0303,  42 negative triangles
1023: dt=0.0287,  41 negative triangles
1024: dt=0.0287,  42 negative triangles
1025: dt=0.0287,  42 negative triangles
1026: dt=0.0287,  41 negative triangles
1027: dt=0.0287,  42 negative triangles
1028: dt=0.0287,  42 negative triangles
1029: dt=0.0287,  42 negative triangles
1030: dt=0.0287,  41 negative triangles
1031: dt=0.0287,  41 negative triangles
1032: dt=0.0287,  43 negative triangles
1033: dt=0.0273,  43 negative triangles
1034: dt=0.0273,  43 negative triangles
1035: dt=0.0273,  44 negative triangles
1036: dt=0.0273,  42 negative triangles
1037: dt=0.0273,  41 negative triangles
1038: dt=0.0273,  43 negative triangles
1039: dt=0.0273,  40 negative triangles
1040: dt=0.0273,  40 negative triangles
1041: dt=0.0273,  42 negative triangles
1042: dt=0.0273,  42 negative triangles
1043: dt=0.0259,  42 negative triangles
1044: dt=0.0259,  42 negative triangles
1045: dt=0.0259,  43 negative triangles
1046: dt=0.0259,  42 negative triangles
1047: dt=0.0259,  42 negative triangles
1048: dt=0.0259,  42 negative triangles
1049: dt=0.0259,  40 negative triangles
1050: dt=0.0259,  41 negative triangles
1051: dt=0.0259,  40 negative triangles
1052: dt=0.0259,  40 negative triangles
1053: dt=0.0246,  40 negative triangles
1054: dt=0.0246,  38 negative triangles
1055: dt=0.0246,  40 negative triangles
1056: dt=0.0246,  38 negative triangles
1057: dt=0.0246,  40 negative triangles
1058: dt=0.0246,  41 negative triangles
1059: dt=0.0246,  39 negative triangles
1060: dt=0.0246,  38 negative triangles
1061: dt=0.0246,  38 negative triangles
1062: dt=0.0246,  38 negative triangles
1063: dt=0.0234,  38 negative triangles
1064: dt=0.0234,  38 negative triangles
1065: dt=0.0234,  39 negative triangles
1066: dt=0.0234,  38 negative triangles
1067: dt=0.0234,  38 negative triangles
1068: dt=0.0234,  37 negative triangles
1069: dt=0.0234,  38 negative triangles
1070: dt=0.0234,  38 negative triangles
1071: dt=0.0234,  40 negative triangles
1072: dt=0.0234,  39 negative triangles
1073: dt=0.0222,  40 negative triangles
1074: dt=0.0222,  39 negative triangles
1075: dt=0.0222,  39 negative triangles
1076: dt=0.0222,  39 negative triangles
1077: dt=0.0222,  40 negative triangles
1078: dt=0.0222,  40 negative triangles
1079: dt=0.0222,  40 negative triangles
1080: dt=0.0222,  40 negative triangles
1081: dt=0.0222,  40 negative triangles
1082: dt=0.0222,  40 negative triangles
1083: dt=0.0211,  41 negative triangles
1084: dt=0.0211,  41 negative triangles
1085: dt=0.0211,  41 negative triangles
1086: dt=0.0211,  40 negative triangles
1087: dt=0.0211,  40 negative triangles
1088: dt=0.0211,  40 negative triangles
1089: dt=0.0211,  43 negative triangles
1090: dt=0.0211,  42 negative triangles
1091: dt=0.0211,  41 negative triangles
1092: dt=0.0211,  41 negative triangles
1093: dt=0.0201,  40 negative triangles
1094: dt=0.0201,  40 negative triangles
1095: dt=0.0201,  40 negative triangles
1096: dt=0.0201,  40 negative triangles
1097: dt=0.0201,  40 negative triangles
1098: dt=0.0201,  40 negative triangles
1099: dt=0.0201,  40 negative triangles
1100: dt=0.0201,  41 negative triangles
1101: dt=0.0201,  40 negative triangles
1102: dt=0.0201,  39 negative triangles
1103: dt=0.0191,  39 negative triangles
1104: dt=0.0191,  40 negative triangles
1105: dt=0.0191,  42 negative triangles
1106: dt=0.0191,  42 negative triangles
1107: dt=0.0191,  41 negative triangles
1108: dt=0.0191,  41 negative triangles
1109: dt=0.0191,  40 negative triangles
1110: dt=0.0191,  40 negative triangles
1111: dt=0.0191,  40 negative triangles
1112: dt=0.0191,  40 negative triangles
1113: dt=0.0181,  39 negative triangles
1114: dt=0.0181,  40 negative triangles
1115: dt=0.0181,  39 negative triangles
1116: dt=0.0181,  39 negative triangles
1117: dt=0.0181,  39 negative triangles
1118: dt=0.0181,  39 negative triangles
1119: dt=0.0181,  40 negative triangles
1120: dt=0.0181,  41 negative triangles
1121: dt=0.0181,  41 negative triangles
1122: dt=0.0181,  41 negative triangles
1123: dt=0.0172,  40 negative triangles
1124: dt=0.0172,  40 negative triangles
1125: dt=0.0172,  40 negative triangles
1126: dt=0.0172,  39 negative triangles
1127: dt=0.0172,  40 negative triangles
1128: dt=0.0172,  42 negative triangles
1129: dt=0.0172,  43 negative triangles
1130: dt=0.0172,  42 negative triangles
1131: dt=0.0172,  42 negative triangles
1132: dt=0.0172,  42 negative triangles
1133: dt=0.0164,  43 negative triangles
1134: dt=0.0164,  43 negative triangles
1135: dt=0.0164,  43 negative triangles
1136: dt=0.0164,  41 negative triangles
1137: dt=0.0164,  41 negative triangles
1138: dt=0.0164,  42 negative triangles
1139: dt=0.0164,  41 negative triangles
1140: dt=0.0164,  40 negative triangles
1141: dt=0.0164,  39 negative triangles
1142: dt=0.0164,  39 negative triangles
1143: dt=0.0155,  39 negative triangles
1144: dt=0.0155,  39 negative triangles
1145: dt=0.0155,  39 negative triangles
1146: dt=0.0155,  39 negative triangles
1147: dt=0.0155,  41 negative triangles
1148: dt=0.0155,  41 negative triangles
1149: dt=0.0155,  41 negative triangles
1150: dt=0.0155,  42 negative triangles
1151: dt=0.0155,  41 negative triangles
1152: dt=0.0155,  41 negative triangles
1153: dt=0.0148,  42 negative triangles
1154: dt=0.0148,  42 negative triangles
1155: dt=0.0148,  42 negative triangles
1156: dt=0.0148,  42 negative triangles
1157: dt=0.0148,  42 negative triangles
1158: dt=0.0148,  41 negative triangles
1159: dt=0.0148,  41 negative triangles
1160: dt=0.0148,  40 negative triangles
1161: dt=0.0148,  40 negative triangles
1162: dt=0.0148,  39 negative triangles
1163: dt=0.0140,  41 negative triangles
1164: dt=0.0140,  41 negative triangles
1165: dt=0.0140,  40 negative triangles
1166: dt=0.0140,  40 negative triangles
1167: dt=0.0140,  40 negative triangles
1168: dt=0.0140,  40 negative triangles
1169: dt=0.0140,  40 negative triangles
1170: dt=0.0140,  40 negative triangles
1171: dt=0.0140,  40 negative triangles
1172: dt=0.0140,  40 negative triangles
1173: dt=0.0133,  40 negative triangles
1174: dt=0.0133,  40 negative triangles
1175: dt=0.0133,  41 negative triangles
1176: dt=0.0133,  39 negative triangles
1177: dt=0.0133,  36 negative triangles
1178: dt=0.0133,  38 negative triangles
1179: dt=0.0133,  36 negative triangles
1180: dt=0.0133,  38 negative triangles
1181: dt=0.0133,  37 negative triangles
1182: dt=0.0133,  38 negative triangles
1183: dt=0.0133,  39 negative triangles
1184: dt=0.0133,  38 negative triangles
1185: dt=0.0133,  39 negative triangles
1186: dt=0.0133,  37 negative triangles
1187: dt=0.0127,  38 negative triangles
1188: dt=0.0127,  37 negative triangles
1189: dt=0.0127,  38 negative triangles
1190: dt=0.0127,  38 negative triangles
1191: dt=0.0127,  38 negative triangles
1192: dt=0.0127,  40 negative triangles
1193: dt=0.0127,  39 negative triangles
1194: dt=0.0127,  40 negative triangles
1195: dt=0.0127,  40 negative triangles
1196: dt=0.0127,  38 negative triangles
1197: dt=0.0120,  37 negative triangles
1198: dt=0.0120,  36 negative triangles
1199: dt=0.0120,  37 negative triangles
1200: dt=0.0120,  39 negative triangles
1201: dt=0.0120,  38 negative triangles
1202: dt=0.0120,  39 negative triangles
1203: dt=0.0120,  38 negative triangles
1204: dt=0.0120,  38 negative triangles
1205: dt=0.0120,  38 negative triangles
1206: 40 negative triangles
writing spherical brain to ../surf/lh.sphere
spherical transformation took 0.1491 hours
FSRUNTIME@ mris_sphere  0.1491 hours 16 threads
#VMPC# mris_sphere VmPeak  1630800
mris_sphere done
#--------------------------------------------
#@# Surf Reg lh Sun Mar  8 19:28:58 CET 2026
/out/sourcedata/freesurfer/sub-v1s14x0051558_ses-1/scripts

 mris_register -curv ../surf/lh.sphere /opt/freesurfer/average/lh.folding.atlas.acfb40.noaparc.i12.2016-08-02.tif ../surf/lh.sphere.reg 

using smoothwm curvature for final alignment

cwd /out/sourcedata/freesurfer/sub-v1s14x0051558_ses-1/scripts
cmdline mris_register -curv ../surf/lh.sphere /opt/freesurfer/average/lh.folding.atlas.acfb40.noaparc.i12.2016-08-02.tif ../surf/lh.sphere.reg 

0 inflated.H
1 sulc
2 smoothwm (computed)
7.3.2
  7.3.2
reading surface from ../surf/lh.sphere...
reading template parameterization from /opt/freesurfer/average/lh.folding.atlas.acfb40.noaparc.i12.2016-08-02.tif...
MRISregister() -------
max_passes = 4 
min_degrees = 0.500000 
max_degrees = 64.000000 
nangles = 8 
tol=5.0e-01, sigma=0.0, host=dna00, nav=1024, nbrs=1, l_extern=10000.000, l_parea=0.200, l_nlarea=1.000, l_corr=1.000, l_dist=5.000
using quadratic fit line minimization
complete_dist_mat 0
rms 0
smooth_averages 0
remove_neg 0
ico_order 0
which_surface 0
target_radius 0.000000
nfields 0
scale 0.000000
desired_rms_height -1.000000
momentum 0.950000
nbhd_size -10
max_nbrs 10
niterations 25
nsurfaces 0
SURFACES 3
flags 16 (10)
use curv 16
no sulc 0
no rigid align 0
mris->nsize 1
mris->hemisphere 0
randomSeed 0

tol=5.0e-01, sigma=0.0, host=dna00, nav=1024, nbrs=1, l_extern=10000.000, l_parea=0.200, l_nlarea=1.000, l_corr=1.000, l_dist=5.000
using quadratic fit line minimization
--------------------
1 Reading lh.sulc
tol=1.0e+00, sigma=0.5, host=dna00, nav=1024, nbrs=1, l_extern=10000.000, l_parea=0.200, l_nlarea=1.000, l_corr=0.050, l_spring=0.500, l_dist=5.000
using quadratic fit line minimization
curvature mean = 0.000, std = 5.436
curvature mean = 0.032, std = 0.815
curvature mean = 0.008, std = 0.848
Starting MRISrigidBodyAlignGlobal()
Starting new MRISrigidBodyAlignGlobal_findMinSSE()
  new MRISrigidBodyAlignGlobal_findMinSSE min @ (-2.50, -7.50, 1.50) sse = 235978.2, elapsed since starting=0.1121 min
MRISrigidBodyAlignGlobal() done   0.11 min
curvature mean = 0.024, std = 0.836
curvature mean = 0.002, std = 0.943
curvature mean = 0.022, std = 0.846
curvature mean = 0.001, std = 0.977
curvature mean = 0.020, std = 0.847
curvature mean = 0.000, std = 0.991
2 Reading smoothwm
curvature mean = -0.165, std = 59.086
curvature mean = 0.046, std = 0.249
curvature mean = 0.002, std = 0.009
curvature mean = 0.046, std = 0.294
curvature mean = 0.002, std = 0.014
curvature mean = 0.046, std = 0.320
curvature mean = 0.002, std = 0.035
curvature mean = 0.046, std = 0.331
curvature mean = 0.001, std = 0.086
MRISregister() return, current seed 0
-01: dt=0.0000, 106 negative triangles  VmPeak 1784368
120: dt=0.9900, 106 negative triangles
121: dt=0.9900, 104 negative triangles
122: dt=0.9900, 105 negative triangles
123: dt=0.9900, 106 negative triangles
124: dt=0.9900, 100 negative triangles
125: dt=0.9900,  97 negative triangles
126: dt=0.9900,  99 negative triangles
127: dt=0.9900, 108 negative triangles
128: dt=0.9900, 104 negative triangles
129: dt=0.9900,  98 negative triangles
130: dt=0.9900, 101 negative triangles
131: dt=0.9900, 100 negative triangles
132: dt=0.9900,  93 negative triangles
133: dt=0.9900,  94 negative triangles
134: dt=0.9900,  95 negative triangles
135: dt=0.9900,  90 negative triangles
136: dt=0.9900,  92 negative triangles
137: dt=0.9900,  91 negative triangles
138: dt=0.9900,  92 negative triangles
139: dt=0.9900,  86 negative triangles
140: dt=0.9900, 103 negative triangles
141: dt=0.9900,  89 negative triangles
142: dt=0.9900,  85 negative triangles
143: dt=0.9900,  86 negative triangles
144: dt=0.9900,  84 negative triangles
145: dt=0.9900,  87 negative triangles
146: dt=0.9900,  87 negative triangles
147: dt=0.9900,  82 negative triangles
148: dt=0.9900,  83 negative triangles
149: dt=0.9900,  80 negative triangles
150: dt=0.9900,  77 negative triangles
151: dt=0.9900,  79 negative triangles
152: dt=0.9900,  80 negative triangles
153: dt=0.9900,  81 negative triangles
154: dt=0.9900,  78 negative triangles
155: dt=0.9900,  76 negative triangles
156: dt=0.9900,  80 negative triangles
157: dt=0.9900,  79 negative triangles
158: dt=0.9900,  79 negative triangles
159: dt=0.9900,  79 negative triangles
160: dt=0.9900,  76 negative triangles
161: dt=0.9900,  84 negative triangles
162: dt=0.9900,  74 negative triangles
163: dt=0.9900,  73 negative triangles
164: dt=0.9900,  72 negative triangles
165: dt=0.9900,  75 negative triangles
166: dt=0.9900,  74 negative triangles
167: dt=0.9900,  72 negative triangles
168: dt=0.9900,  75 negative triangles
169: dt=0.9900,  74 negative triangles
170: dt=0.9900,  74 negative triangles
171: dt=0.9900,  78 negative triangles
172: dt=0.9900,  75 negative triangles
173: dt=0.9900,  79 negative triangles
174: dt=0.9405,  76 negative triangles
175: dt=0.9405,  76 negative triangles
176: dt=0.9405,  76 negative triangles
177: dt=0.9405,  78 negative triangles
178: dt=0.9405,  81 negative triangles
179: dt=0.9405,  75 negative triangles
180: dt=0.9405,  79 negative triangles
181: dt=0.9405,  78 negative triangles
182: dt=0.9405,  75 negative triangles
183: dt=0.9405,  78 negative triangles
184: dt=0.8935,  77 negative triangles
185: dt=0.8935,  77 negative triangles
186: dt=0.8935,  77 negative triangles
187: dt=0.8935,  78 negative triangles
188: dt=0.8935,  78 negative triangles
189: dt=0.8935,  77 negative triangles
190: dt=0.8935,  76 negative triangles
191: dt=0.8935,  79 negative triangles
192: dt=0.8935,  80 negative triangles
193: dt=0.8935,  79 negative triangles
194: dt=0.8488,  79 negative triangles
195: dt=0.8488,  75 negative triangles
196: dt=0.8488,  77 negative triangles
197: dt=0.8488,  77 negative triangles
198: dt=0.8488,  75 negative triangles
199: dt=0.8488,  74 negative triangles
200: dt=0.8488,  74 negative triangles
201: dt=0.8488,  74 negative triangles
202: dt=0.8488,  73 negative triangles
203: dt=0.8488,  81 negative triangles
204: dt=0.8064,  76 negative triangles
205: dt=0.8064,  75 negative triangles
206: dt=0.8064,  76 negative triangles
207: dt=0.8064,  77 negative triangles
208: dt=0.8064,  79 negative triangles
209: dt=0.8064,  74 negative triangles
210: dt=0.8064,  76 negative triangles
211: dt=0.8064,  74 negative triangles
212: dt=0.8064,  73 negative triangles
213: dt=0.8064,  75 negative triangles
214: dt=0.7660,  76 negative triangles
expanding nbhd size to 1
215: dt=0.9900,  75 negative triangles
216: dt=0.9900,  76 negative triangles
217: dt=0.9900,  68 negative triangles
218: dt=0.9900,  72 negative triangles
219: dt=0.9900,  67 negative triangles
220: dt=0.9900,  69 negative triangles
221: dt=0.9900,  66 negative triangles
222: dt=0.9900,  67 negative triangles
223: dt=0.9900,  65 negative triangles
224: dt=0.9900,  65 negative triangles
225: dt=0.9900,  63 negative triangles
226: dt=0.9900,  64 negative triangles
227: dt=0.9900,  64 negative triangles
228: dt=0.9900,  64 negative triangles
229: dt=0.9900,  64 negative triangles
230: dt=0.9900,  64 negative triangles
231: dt=0.9900,  62 negative triangles
232: dt=0.9900,  64 negative triangles
233: dt=0.9900,  65 negative triangles
234: dt=0.9900,  64 negative triangles
235: dt=0.9900,  67 negative triangles
236: dt=0.9900,  64 negative triangles
237: dt=0.9900,  66 negative triangles
238: dt=0.9900,  65 negative triangles
239: dt=0.9900,  65 negative triangles
240: dt=0.9900,  67 negative triangles
241: dt=0.9405,  64 negative triangles
242: dt=0.9405,  63 negative triangles
243: dt=0.9405,  65 negative triangles
244: dt=0.9405,  62 negative triangles
245: dt=0.9405,  62 negative triangles
246: dt=0.9405,  63 negative triangles
247: dt=0.9405,  63 negative triangles
248: dt=0.9405,  62 negative triangles
249: dt=0.9405,  63 negative triangles
250: dt=0.9405,  65 negative triangles
251: dt=0.8935,  66 negative triangles
252: dt=0.8935,  61 negative triangles
253: dt=0.8935,  62 negative triangles
254: dt=0.8935,  62 negative triangles
255: dt=0.8935,  60 negative triangles
256: dt=0.8935,  61 negative triangles
257: dt=0.8935,  60 negative triangles
258: dt=0.8935,  59 negative triangles
259: dt=0.8935,  60 negative triangles
260: dt=0.8935,  60 negative triangles
261: dt=0.8935,  59 negative triangles
262: dt=0.8935,  60 negative triangles
263: dt=0.8935,  59 negative triangles
264: dt=0.8935,  60 negative triangles
265: dt=0.8935,  59 negative triangles
266: dt=0.8935,  59 negative triangles
267: dt=0.8935,  60 negative triangles
268: dt=0.8488,  63 negative triangles
269: dt=0.8488,  61 negative triangles
270: dt=0.8488,  61 negative triangles
271: dt=0.8488,  61 negative triangles
272: dt=0.8488,  58 negative triangles
273: dt=0.8488,  60 negative triangles
274: dt=0.8488,  62 negative triangles
275: dt=0.8488,  62 negative triangles
276: dt=0.8488,  61 negative triangles
277: dt=0.8488,  62 negative triangles
278: dt=0.8488,  60 negative triangles
279: dt=0.8488,  62 negative triangles
280: dt=0.8488,  56 negative triangles
281: dt=0.8488,  60 negative triangles
282: dt=0.8488,  61 negative triangles
283: dt=0.8488,  60 negative triangles
284: dt=0.8488,  61 negative triangles
285: dt=0.8488,  59 negative triangles
286: dt=0.8488,  59 negative triangles
287: dt=0.8488,  59 negative triangles
288: dt=0.8488,  58 negative triangles
289: dt=0.8488,  56 negative triangles
290: dt=0.8064,  57 negative triangles
291: dt=0.8064,  57 negative triangles
292: dt=0.8064,  59 negative triangles
293: dt=0.8064,  59 negative triangles
294: dt=0.8064,  59 negative triangles
295: dt=0.8064,  59 negative triangles
296: dt=0.8064,  57 negative triangles
297: dt=0.8064,  58 negative triangles
298: dt=0.8064,  57 negative triangles
299: dt=0.8064,  54 negative triangles
300: dt=0.8064,  57 negative triangles
301: dt=0.8064,  54 negative triangles
302: dt=0.8064,  54 negative triangles
303: dt=0.8064,  53 negative triangles
304: dt=0.8064,  54 negative triangles
305: dt=0.8064,  56 negative triangles
306: dt=0.8064,  53 negative triangles
307: dt=0.8064,  53 negative triangles
308: dt=0.8064,  53 negative triangles
309: dt=0.8064,  54 negative triangles
310: dt=0.8064,  55 negative triangles
311: dt=0.8064,  54 negative triangles
312: dt=0.8064,  54 negative triangles
313: dt=0.7660,  55 negative triangles
314: dt=0.7660,  55 negative triangles
315: dt=0.7660,  55 negative triangles
316: dt=0.7660,  53 negative triangles
317: dt=0.7660,  53 negative triangles
318: dt=0.7660,  54 negative triangles
319: dt=0.7660,  51 negative triangles
320: dt=0.7660,  52 negative triangles
321: dt=0.7660,  52 negative triangles
322: dt=0.7660,  50 negative triangles
323: dt=0.7660,  49 negative triangles
324: dt=0.7660,  52 negative triangles
325: dt=0.7660,  52 negative triangles
326: dt=0.7660,  49 negative triangles
327: dt=0.7660,  50 negative triangles
328: dt=0.7660,  49 negative triangles
329: dt=0.7660,  49 negative triangles
330: dt=0.7660,  51 negative triangles
331: dt=0.7660,  50 negative triangles
332: dt=0.7660,  50 negative triangles
333: dt=0.7277,  49 negative triangles
334: dt=0.7277,  50 negative triangles
335: dt=0.7277,  48 negative triangles
336: dt=0.7277,  49 negative triangles
337: dt=0.7277,  50 negative triangles
338: dt=0.7277,  49 negative triangles
339: dt=0.7277,  48 negative triangles
340: dt=0.7277,  47 negative triangles
341: dt=0.7277,  49 negative triangles
342: dt=0.7277,  47 negative triangles
343: dt=0.7277,  49 negative triangles
344: dt=0.7277,  49 negative triangles
345: dt=0.7277,  50 negative triangles
346: dt=0.7277,  49 negative triangles
347: dt=0.7277,  49 negative triangles
348: dt=0.7277,  48 negative triangles
349: dt=0.7277,  50 negative triangles
350: dt=0.6914,  49 negative triangles
351: dt=0.6914,  48 negative triangles
352: dt=0.6914,  51 negative triangles
353: dt=0.6914,  49 negative triangles
354: dt=0.6914,  49 negative triangles
355: dt=0.6914,  50 negative triangles
356: dt=0.6914,  49 negative triangles
357: dt=0.6914,  50 negative triangles
358: dt=0.6914,  48 negative triangles
359: dt=0.6914,  49 negative triangles
360: dt=0.6568,  48 negative triangles
361: dt=0.6568,  49 negative triangles
362: dt=0.6568,  49 negative triangles
363: dt=0.6568,  48 negative triangles
364: dt=0.6568,  45 negative triangles
365: dt=0.6568,  50 negative triangles
366: dt=0.6568,  50 negative triangles
367: dt=0.6568,  51 negative triangles
368: dt=0.6568,  50 negative triangles
369: dt=0.6568,  51 negative triangles
370: dt=0.6568,  52 negative triangles
371: dt=0.6568,  51 negative triangles
372: dt=0.6568,  50 negative triangles
373: dt=0.6568,  51 negative triangles
374: dt=0.6239,  53 negative triangles
375: dt=0.6239,  49 negative triangles
376: dt=0.6239,  50 negative triangles
377: dt=0.6239,  49 negative triangles
378: dt=0.6239,  47 negative triangles
379: dt=0.6239,  51 negative triangles
380: dt=0.6239,  48 negative triangles
381: dt=0.6239,  51 negative triangles
382: dt=0.6239,  50 negative triangles
383: dt=0.6239,  50 negative triangles
384: dt=0.5927,  50 negative triangles
385: dt=0.5927,  51 negative triangles
386: dt=0.5927,  52 negative triangles
387: dt=0.5927,  51 negative triangles
388: dt=0.5927,  51 negative triangles
389: dt=0.5927,  47 negative triangles
390: dt=0.5927,  49 negative triangles
391: dt=0.5927,  48 negative triangles
392: dt=0.5927,  49 negative triangles
393: dt=0.5927,  49 negative triangles
394: dt=0.5631,  50 negative triangles
395: dt=0.5631,  51 negative triangles
396: dt=0.5631,  51 negative triangles
397: dt=0.5631,  51 negative triangles
398: dt=0.5631,  47 negative triangles
399: dt=0.5631,  47 negative triangles
400: dt=0.5631,  47 negative triangles
401: dt=0.5631,  49 negative triangles
402: dt=0.5631,  47 negative triangles
403: dt=0.5631,  48 negative triangles
404: dt=0.5350,  45 negative triangles
405: dt=0.5350,  48 negative triangles
406: dt=0.5350,  48 negative triangles
407: dt=0.5350,  44 negative triangles
408: dt=0.5350,  48 negative triangles
409: dt=0.5350,  48 negative triangles
410: dt=0.5350,  45 negative triangles
411: dt=0.5350,  44 negative triangles
412: dt=0.5350,  46 negative triangles
413: dt=0.5350,  48 negative triangles
414: dt=0.5350,  48 negative triangles
415: dt=0.5350,  48 negative triangles
416: dt=0.5350,  48 negative triangles
417: dt=0.5082,  45 negative triangles
418: dt=0.5082,  48 negative triangles
419: dt=0.5082,  48 negative triangles
420: dt=0.5082,  48 negative triangles
421: dt=0.5082,  46 negative triangles
422: dt=0.5082,  45 negative triangles
423: dt=0.5082,  46 negative triangles
424: dt=0.5082,  47 negative triangles
425: dt=0.5082,  46 negative triangles
426: dt=0.5082,  44 negative triangles
427: dt=0.4828,  46 negative triangles
428: dt=0.4828,  44 negative triangles
429: dt=0.4828,  48 negative triangles
430: dt=0.4828,  45 negative triangles
431: dt=0.4828,  48 negative triangles
432: dt=0.4828,  46 negative triangles
433: dt=0.4828,  47 negative triangles
434: dt=0.4828,  45 negative triangles
435: dt=0.4828,  43 negative triangles
436: dt=0.4828,  46 negative triangles
437: dt=0.4828,  47 negative triangles
438: dt=0.4828,  46 negative triangles
439: dt=0.4828,  46 negative triangles
440: dt=0.4828,  46 negative triangles
441: dt=0.4828,  45 negative triangles
442: dt=0.4828,  46 negative triangles
443: dt=0.4828,  45 negative triangles
444: dt=0.4828,  43 negative triangles
445: dt=0.4587,  46 negative triangles
446: dt=0.4587,  45 negative triangles
447: dt=0.4587,  47 negative triangles
448: dt=0.4587,  47 negative triangles
449: dt=0.4587,  48 negative triangles
450: dt=0.4587,  49 negative triangles
451: dt=0.4587,  46 negative triangles
452: dt=0.4587,  48 negative triangles
453: dt=0.4587,  47 negative triangles
454: dt=0.4587,  46 negative triangles
455: dt=0.4357,  50 negative triangles
456: dt=0.4357,  47 negative triangles
457: dt=0.4357,  46 negative triangles
458: dt=0.4357,  49 negative triangles
459: dt=0.4357,  48 negative triangles
460: dt=0.4357,  45 negative triangles
461: dt=0.4357,  47 negative triangles
462: dt=0.4357,  47 negative triangles
463: dt=0.4357,  42 negative triangles
464: dt=0.4357,  48 negative triangles
465: dt=0.4357,  47 negative triangles
466: dt=0.4357,  48 negative triangles
467: dt=0.4357,  46 negative triangles
468: dt=0.4357,  45 negative triangles
469: dt=0.4357,  45 negative triangles
470: dt=0.4357,  46 negative triangles
471: dt=0.4357,  47 negative triangles
472: dt=0.4357,  46 negative triangles
473: dt=0.4139,  48 negative triangles
474: dt=0.4139,  45 negative triangles
475: dt=0.4139,  47 negative triangles
476: dt=0.4139,  45 negative triangles
477: dt=0.4139,  49 negative triangles
478: dt=0.4139,  45 negative triangles
479: dt=0.4139,  47 negative triangles
480: dt=0.4139,  47 negative triangles
481: dt=0.4139,  47 negative triangles
482: dt=0.4139,  45 negative triangles
483: dt=0.3932,  47 negative triangles
484: dt=0.3932,  44 negative triangles
485: dt=0.3932,  45 negative triangles
486: dt=0.3932,  46 negative triangles
487: dt=0.3932,  47 negative triangles
488: dt=0.3932,  46 negative triangles
489: dt=0.3932,  46 negative triangles
490: dt=0.3932,  48 negative triangles
491: dt=0.3932,  49 negative triangles
492: dt=0.3932,  48 negative triangles
493: dt=0.3736,  46 negative triangles
494: dt=0.3736,  47 negative triangles
495: dt=0.3736,  46 negative triangles
496: dt=0.3736,  45 negative triangles
497: dt=0.3736,  45 negative triangles
498: dt=0.3736,  46 negative triangles
499: dt=0.3736,  45 negative triangles
500: dt=0.3736,  44 negative triangles
501: dt=0.3736,  46 negative triangles
502: dt=0.3736,  47 negative triangles
503: dt=0.3549,  47 negative triangles
504: dt=0.3549,  46 negative triangles
505: dt=0.3549,  45 negative triangles
506: dt=0.3549,  42 negative triangles
507: dt=0.3549,  44 negative triangles
508: dt=0.3549,  45 negative triangles
509: dt=0.3549,  43 negative triangles
510: dt=0.3549,  43 negative triangles
511: dt=0.3549,  44 negative triangles
512: dt=0.3549,  45 negative triangles
513: dt=0.3372,  46 negative triangles
514: dt=0.3372,  45 negative triangles
515: dt=0.3372,  47 negative triangles
516: dt=0.3372,  47 negative triangles
517: dt=0.3372,  46 negative triangles
518: dt=0.3372,  46 negative triangles
519: dt=0.3372,  45 negative triangles
520: dt=0.3372,  47 negative triangles
521: dt=0.3372,  45 negative triangles
522: dt=0.3372,  44 negative triangles
523: dt=0.3203,  44 negative triangles
524: dt=0.3203,  44 negative triangles
525: dt=0.3203,  45 negative triangles
526: dt=0.3203,  47 negative triangles
527: dt=0.3203,  46 negative triangles
528: dt=0.3203,  44 negative triangles
529: dt=0.3203,  45 negative triangles
530: dt=0.3203,  47 negative triangles
531: dt=0.3203,  46 negative triangles
532: dt=0.3203,  47 negative triangles
533: dt=0.3043,  47 negative triangles
534: dt=0.3043,  46 negative triangles
535: dt=0.3043,  46 negative triangles
536: dt=0.3043,  46 negative triangles
537: dt=0.3043,  45 negative triangles
538: dt=0.3043,  44 negative triangles
539: dt=0.3043,  43 negative triangles
540: dt=0.3043,  44 negative triangles
541: dt=0.3043,  44 negative triangles
542: dt=0.3043,  43 negative triangles
543: dt=0.2891,  44 negative triangles
544: dt=0.2891,  45 negative triangles
545: dt=0.2891,  43 negative triangles
546: dt=0.2891,  43 negative triangles
547: dt=0.2891,  46 negative triangles
548: dt=0.2891,  44 negative triangles
549: dt=0.2891,  44 negative triangles
550: dt=0.2891,  43 negative triangles
551: dt=0.2891,  47 negative triangles
552: dt=0.2891,  46 negative triangles
553: dt=0.2746,  45 negative triangles
554: dt=0.2746,  46 negative triangles
555: dt=0.2746,  44 negative triangles
556: dt=0.2746,  47 negative triangles
557: dt=0.2746,  46 negative triangles
558: dt=0.2746,  47 negative triangles
559: dt=0.2746,  43 negative triangles
560: dt=0.2746,  44 negative triangles
561: dt=0.2746,  44 negative triangles
562: dt=0.2746,  43 negative triangles
563: dt=0.2609,  47 negative triangles
564: dt=0.2609,  47 negative triangles
565: dt=0.2609,  47 negative triangles
566: dt=0.2609,  46 negative triangles
567: dt=0.2609,  48 negative triangles
568: dt=0.2609,  46 negative triangles
569: dt=0.2609,  43 negative triangles
570: dt=0.2609,  45 negative triangles
571: dt=0.2609,  44 negative triangles
572: dt=0.2609,  46 negative triangles
573: dt=0.2478,  45 negative triangles
574: dt=0.2478,  46 negative triangles
575: dt=0.2478,  45 negative triangles
576: dt=0.2478,  45 negative triangles
577: dt=0.2478,  46 negative triangles
578: dt=0.2478,  43 negative triangles
579: dt=0.2478,  39 negative triangles
580: dt=0.2478,  40 negative triangles
581: dt=0.2478,  42 negative triangles
582: dt=0.2478,  42 negative triangles
583: dt=0.2478,  41 negative triangles
584: dt=0.2478,  45 negative triangles
585: dt=0.2478,  43 negative triangles
586: dt=0.2478,  42 negative triangles
587: dt=0.2478,  41 negative triangles
588: dt=0.2478,  43 negative triangles
589: dt=0.2354,  40 negative triangles
590: dt=0.2354,  44 negative triangles
591: dt=0.2354,  41 negative triangles
592: dt=0.2354,  44 negative triangles
593: dt=0.2354,  45 negative triangles
594: dt=0.2354,  44 negative triangles
595: dt=0.2354,  43 negative triangles
596: dt=0.2354,  45 negative triangles
597: dt=0.2354,  42 negative triangles
598: dt=0.2354,  42 negative triangles
599: dt=0.2237,  43 negative triangles
600: dt=0.2237,  44 negative triangles
601: dt=0.2237,  41 negative triangles
602: dt=0.2237,  45 negative triangles
603: dt=0.2237,  43 negative triangles
604: dt=0.2237,  45 negative triangles
605: dt=0.2237,  45 negative triangles
606: dt=0.2237,  43 negative triangles
607: dt=0.2237,  43 negative triangles
608: dt=0.2237,  43 negative triangles
609: dt=0.2125,  42 negative triangles
610: dt=0.2125,  43 negative triangles
611: dt=0.2125,  44 negative triangles
612: dt=0.2125,  44 negative triangles
613: dt=0.2125,  45 negative triangles
614: dt=0.2125,  43 negative triangles
615: dt=0.2125,  44 negative triangles
616: dt=0.2125,  42 negative triangles
617: dt=0.2125,  43 negative triangles
618: dt=0.2125,  43 negative triangles
619: dt=0.2019,  40 negative triangles
620: dt=0.2019,  41 negative triangles
621: dt=0.2019,  40 negative triangles
622: dt=0.2019,  38 negative triangles
623: dt=0.2019,  38 negative triangles
624: dt=0.2019,  42 negative triangles
625: dt=0.2019,  40 negative triangles
626: dt=0.2019,  41 negative triangles
627: dt=0.2019,  43 negative triangles
628: dt=0.2019,  42 negative triangles
629: dt=0.2019,  41 negative triangles
630: dt=0.2019,  40 negative triangles
631: dt=0.2019,  42 negative triangles
632: dt=0.1918,  40 negative triangles
633: dt=0.1918,  41 negative triangles
634: dt=0.1918,  41 negative triangles
635: dt=0.1918,  39 negative triangles
636: dt=0.1918,  42 negative triangles
637: dt=0.1918,  41 negative triangles
638: dt=0.1918,  41 negative triangles
639: dt=0.1918,  41 negative triangles
640: dt=0.1918,  43 negative triangles
641: dt=0.1918,  42 negative triangles
642: dt=0.1822,  41 negative triangles
643: dt=0.1822,  40 negative triangles
644: dt=0.1822,  40 negative triangles
645: dt=0.1822,  42 negative triangles
646: dt=0.1822,  41 negative triangles
647: dt=0.1822,  40 negative triangles
648: dt=0.1822,  40 negative triangles
649: dt=0.1822,  40 negative triangles
650: dt=0.1822,  43 negative triangles
651: dt=0.1822,  42 negative triangles
652: dt=0.1731,  44 negative triangles
653: dt=0.1731,  42 negative triangles
654: dt=0.1731,  41 negative triangles
655: dt=0.1731,  41 negative triangles
656: dt=0.1731,  41 negative triangles
657: dt=0.1731,  40 negative triangles
658: dt=0.1731,  43 negative triangles
659: dt=0.1731,  42 negative triangles
660: dt=0.1731,  40 negative triangles
661: dt=0.1731,  42 negative triangles
662: dt=0.1644,  42 negative triangles
663: dt=0.1644,  44 negative triangles
664: dt=0.1644,  43 negative triangles
665: dt=0.1644,  44 negative triangles
666: dt=0.1644,  41 negative triangles
667: dt=0.1644,  40 negative triangles
668: dt=0.1644,  43 negative triangles
669: dt=0.1644,  40 negative triangles
670: dt=0.1644,  40 negative triangles
671: dt=0.1644,  42 negative triangles
672: dt=0.1562,  42 negative triangles
673: dt=0.1562,  42 negative triangles
674: dt=0.1562,  42 negative triangles
675: dt=0.1562,  40 negative triangles
676: dt=0.1562,  43 negative triangles
677: dt=0.1562,  44 negative triangles
678: dt=0.1562,  45 negative triangles
679: dt=0.1562,  45 negative triangles
680: dt=0.1562,  43 negative triangles
681: dt=0.1562,  41 negative triangles
682: dt=0.1484,  42 negative triangles
683: dt=0.1484,  43 negative triangles
684: dt=0.1484,  41 negative triangles
685: dt=0.1484,  41 negative triangles
686: dt=0.1484,  41 negative triangles
687: dt=0.1484,  40 negative triangles
688: dt=0.1484,  41 negative triangles
689: dt=0.1484,  39 negative triangles
690: dt=0.1484,  41 negative triangles
691: dt=0.1484,  43 negative triangles
692: dt=0.1410,  43 negative triangles
693: dt=0.1410,  42 negative triangles
694: dt=0.1410,  43 negative triangles
695: dt=0.1410,  41 negative triangles
696: dt=0.1410,  42 negative triangles
697: dt=0.1410,  40 negative triangles
698: dt=0.1410,  44 negative triangles
699: dt=0.1410,  41 negative triangles
700: dt=0.1410,  39 negative triangles
701: dt=0.1410,  41 negative triangles
702: dt=0.1339,  44 negative triangles
703: dt=0.1339,  41 negative triangles
704: dt=0.1339,  40 negative triangles
705: dt=0.1339,  44 negative triangles
706: dt=0.1339,  41 negative triangles
707: dt=0.1339,  41 negative triangles
708: dt=0.1339,  42 negative triangles
709: dt=0.1339,  42 negative triangles
710: dt=0.1339,  45 negative triangles
711: dt=0.1339,  43 negative triangles
712: dt=0.1272,  44 negative triangles
713: dt=0.1272,  45 negative triangles
714: dt=0.1272,  40 negative triangles
715: dt=0.1272,  44 negative triangles
716: dt=0.1272,  42 negative triangles
717: dt=0.1272,  44 negative triangles
718: dt=0.1272,  45 negative triangles
719: dt=0.1272,  44 negative triangles
720: dt=0.1272,  46 negative triangles
721: dt=0.1272,  45 negative triangles
722: dt=0.1209,  44 negative triangles
723: dt=0.1209,  42 negative triangles
724: dt=0.1209,  40 negative triangles
725: dt=0.1209,  39 negative triangles
726: dt=0.1209,  38 negative triangles
727: dt=0.1209,  40 negative triangles
728: dt=0.1209,  41 negative triangles
729: dt=0.1209,  42 negative triangles
730: dt=0.1209,  43 negative triangles
731: dt=0.1209,  42 negative triangles
732: dt=0.1148,  40 negative triangles
733: dt=0.1148,  40 negative triangles
734: dt=0.1148,  41 negative triangles
735: dt=0.1148,  40 negative triangles
736: dt=0.1148,  41 negative triangles
737: dt=0.1148,  42 negative triangles
738: dt=0.1148,  42 negative triangles
739: dt=0.1148,  44 negative triangles
740: dt=0.1148,  41 negative triangles
741: dt=0.1148,  41 negative triangles
742: dt=0.1091,  40 negative triangles
743: dt=0.1091,  41 negative triangles
744: dt=0.1091,  41 negative triangles
745: dt=0.1091,  41 negative triangles
746: dt=0.1091,  39 negative triangles
747: dt=0.1091,  40 negative triangles
748: dt=0.1091,  41 negative triangles
749: dt=0.1091,  42 negative triangles
750: dt=0.1091,  43 negative triangles
751: dt=0.1091,  42 negative triangles
752: dt=0.1036,  44 negative triangles
753: dt=0.1036,  45 negative triangles
754: dt=0.1036,  45 negative triangles
755: dt=0.1036,  47 negative triangles
756: dt=0.1036,  45 negative triangles
757: dt=0.1036,  46 negative triangles
758: dt=0.1036,  45 negative triangles
759: dt=0.1036,  45 negative triangles
760: dt=0.1036,  43 negative triangles
761: dt=0.1036,  44 negative triangles
762: dt=0.0984,  43 negative triangles
763: dt=0.0984,  41 negative triangles
764: dt=0.0984,  40 negative triangles
765: dt=0.0984,  41 negative triangles
766: dt=0.0984,  44 negative triangles
767: dt=0.0984,  43 negative triangles
768: dt=0.0984,  43 negative triangles
769: dt=0.0984,  43 negative triangles
770: dt=0.0984,  44 negative triangles
771: dt=0.0984,  44 negative triangles
772: dt=0.0935,  44 negative triangles
773: dt=0.0935,  40 negative triangles
774: dt=0.0935,  41 negative triangles
775: dt=0.0935,  44 negative triangles
776: dt=0.0935,  45 negative triangles
777: dt=0.0935,  46 negative triangles
778: dt=0.0935,  43 negative triangles
779: dt=0.0935,  43 negative triangles
780: dt=0.0935,  43 negative triangles
781: dt=0.0935,  42 negative triangles
782: dt=0.0888,  38 negative triangles
783: dt=0.0888,  40 negative triangles
784: dt=0.0888,  41 negative triangles
785: dt=0.0888,  41 negative triangles
786: dt=0.0888,  41 negative triangles
787: dt=0.0888,  42 negative triangles
788: dt=0.0888,  42 negative triangles
789: dt=0.0888,  43 negative triangles
790: dt=0.0888,  43 negative triangles
791: dt=0.0888,  40 negative triangles
792: dt=0.0844,  39 negative triangles
793: dt=0.0844,  40 negative triangles
794: dt=0.0844,  42 negative triangles
795: dt=0.0844,  38 negative triangles
796: dt=0.0844,  38 negative triangles
797: dt=0.0844,  42 negative triangles
798: dt=0.0844,  43 negative triangles
799: dt=0.0844,  40 negative triangles
800: dt=0.0844,  43 negative triangles
801: dt=0.0844,  43 negative triangles
802: dt=0.0802,  44 negative triangles
803: dt=0.0802,  43 negative triangles
804: dt=0.0802,  37 negative triangles
805: dt=0.0802,  39 negative triangles
806: dt=0.0802,  38 negative triangles
807: dt=0.0802,  37 negative triangles
808: dt=0.0802,  40 negative triangles
809: dt=0.0802,  38 negative triangles
810: dt=0.0802,  42 negative triangles
811: dt=0.0802,  42 negative triangles
812: dt=0.0802,  40 negative triangles
813: dt=0.0802,  43 negative triangles
814: dt=0.0762,  40 negative triangles
815: dt=0.0762,  39 negative triangles
816: dt=0.0762,  38 negative triangles
817: dt=0.0762,  41 negative triangles
818: dt=0.0762,  40 negative triangles
819: dt=0.0762,  41 negative triangles
820: dt=0.0762,  41 negative triangles
821: dt=0.0762,  42 negative triangles
822: dt=0.0762,  45 negative triangles
823: dt=0.0762,  43 negative triangles
824: dt=0.0724,  48 negative triangles
825: dt=0.0724,  46 negative triangles
826: dt=0.0724,  43 negative triangles
827: dt=0.0724,  40 negative triangles
828: dt=0.0724,  45 negative triangles
829: dt=0.0724,  41 negative triangles
830: dt=0.0724,  44 negative triangles
831: dt=0.0724,  41 negative triangles
832: dt=0.0724,  43 negative triangles
833: dt=0.0724,  42 negative triangles
834: dt=0.0687,  44 negative triangles
835: dt=0.0687,  44 negative triangles
836: dt=0.0687,  44 negative triangles
837: dt=0.0687,  45 negative triangles
838: dt=0.0687,  43 negative triangles
839: dt=0.0687,  43 negative triangles
840: dt=0.0687,  45 negative triangles
841: dt=0.0687,  45 negative triangles
842: dt=0.0687,  43 negative triangles
843: dt=0.0687,  44 negative triangles
844: dt=0.0653,  44 negative triangles
845: dt=0.0653,  44 negative triangles
846: dt=0.0653,  43 negative triangles
847: dt=0.0653,  44 negative triangles
848: dt=0.0653,  43 negative triangles
849: dt=0.0653,  43 negative triangles
850: dt=0.0653,  43 negative triangles
851: dt=0.0653,  42 negative triangles
852: dt=0.0653,  42 negative triangles
853: dt=0.0653,  42 negative triangles
854: dt=0.0620,  42 negative triangles
855: dt=0.0620,  42 negative triangles
856: dt=0.0620,  42 negative triangles
857: dt=0.0620,  41 negative triangles
858: dt=0.0620,  40 negative triangles
859: dt=0.0620,  43 negative triangles
860: dt=0.0620,  43 negative triangles
861: dt=0.0620,  43 negative triangles
862: dt=0.0620,  43 negative triangles
863: dt=0.0620,  44 negative triangles
864: dt=0.0589,  44 negative triangles
865: dt=0.0589,  43 negative triangles
866: dt=0.0589,  43 negative triangles
867: dt=0.0589,  44 negative triangles
868: dt=0.0589,  42 negative triangles
869: dt=0.0589,  43 negative triangles
870: dt=0.0589,  44 negative triangles
871: dt=0.0589,  44 negative triangles
872: dt=0.0589,  43 negative triangles
873: dt=0.0589,  43 negative triangles
874: dt=0.0560,  45 negative triangles
875: dt=0.0560,  44 negative triangles
876: dt=0.0560,  43 negative triangles
877: dt=0.0560,  43 negative triangles
878: dt=0.0560,  43 negative triangles
879: dt=0.0560,  43 negative triangles
880: dt=0.0560,  42 negative triangles
881: dt=0.0560,  45 negative triangles
882: dt=0.0560,  43 negative triangles
883: dt=0.0560,  43 negative triangles
884: dt=0.0532,  43 negative triangles
885: dt=0.0532,  41 negative triangles
886: dt=0.0532,  41 negative triangles
887: dt=0.0532,  43 negative triangles
888: dt=0.0532,  42 negative triangles
889: dt=0.0532,  43 negative triangles
890: dt=0.0532,  44 negative triangles
891: dt=0.0532,  43 negative triangles
892: dt=0.0532,  42 negative triangles
893: dt=0.0532,  42 negative triangles
894: dt=0.0505,  41 negative triangles
895: dt=0.0505,  41 negative triangles
896: dt=0.0505,  42 negative triangles
897: dt=0.0505,  43 negative triangles
898: dt=0.0505,  42 negative triangles
899: dt=0.0505,  42 negative triangles
900: dt=0.0505,  44 negative triangles
901: dt=0.0505,  42 negative triangles
902: dt=0.0505,  42 negative triangles
903: dt=0.0505,  41 negative triangles
904: dt=0.0480,  43 negative triangles
905: dt=0.0480,  42 negative triangles
906: dt=0.0480,  44 negative triangles
907: dt=0.0480,  44 negative triangles
908: dt=0.0480,  44 negative triangles
909: dt=0.0480,  45 negative triangles
910: dt=0.0480,  44 negative triangles
911: dt=0.0480,  45 negative triangles
912: dt=0.0480,  44 negative triangles
913: dt=0.0480,  44 negative triangles
914: dt=0.0456,  43 negative triangles
915: dt=0.0456,  44 negative triangles
916: dt=0.0456,  43 negative triangles
917: dt=0.0456,  45 negative triangles
918: dt=0.0456,  44 negative triangles
919: dt=0.0456,  44 negative triangles
920: dt=0.0456,  45 negative triangles
921: dt=0.0456,  42 negative triangles
922: dt=0.0456,  43 negative triangles
923: dt=0.0456,  43 negative triangles
924: dt=0.0433,  44 negative triangles
925: dt=0.0433,  45 negative triangles
926: dt=0.0433,  43 negative triangles
927: dt=0.0433,  42 negative triangles
928: dt=0.0433,  40 negative triangles
929: dt=0.0433,  42 negative triangles
930: dt=0.0433,  44 negative triangles
931: dt=0.0433,  43 negative triangles
932: dt=0.0433,  41 negative triangles
933: dt=0.0433,  41 negative triangles
934: dt=0.0412,  42 negative triangles
935: dt=0.0412,  42 negative triangles
936: dt=0.0412,  42 negative triangles
937: dt=0.0412,  42 negative triangles
938: dt=0.0412,  42 negative triangles
939: dt=0.0412,  43 negative triangles
940: dt=0.0412,  43 negative triangles
941: dt=0.0412,  42 negative triangles
942: dt=0.0412,  40 negative triangles
943: dt=0.0412,  40 negative triangles
944: dt=0.0391,  40 negative triangles
945: dt=0.0391,  39 negative triangles
946: dt=0.0391,  39 negative triangles
947: dt=0.0391,  39 negative triangles
948: dt=0.0391,  39 negative triangles
949: dt=0.0391,  42 negative triangles
950: dt=0.0391,  41 negative triangles
951: dt=0.0391,  41 negative triangles
952: dt=0.0391,  41 negative triangles
953: dt=0.0391,  41 negative triangles
954: dt=0.0371,  43 negative triangles
955: dt=0.0371,  44 negative triangles
956: dt=0.0371,  44 negative triangles
957: dt=0.0371,  44 negative triangles
958: dt=0.0371,  44 negative triangles
959: dt=0.0371,  44 negative triangles
960: dt=0.0371,  43 negative triangles
961: dt=0.0371,  42 negative triangles
962: dt=0.0371,  43 negative triangles
963: dt=0.0371,  40 negative triangles
964: dt=0.0353,  39 negative triangles
965: dt=0.0353,  40 negative triangles
966: dt=0.0353,  40 negative triangles
967: dt=0.0353,  40 negative triangles
968: dt=0.0353,  39 negative triangles
969: dt=0.0353,  42 negative triangles
970: dt=0.0353,  44 negative triangles
971: dt=0.0353,  43 negative triangles
972: dt=0.0353,  42 negative triangles
973: dt=0.0353,  43 negative triangles
974: dt=0.0335,  44 negative triangles
975: dt=0.0335,  43 negative triangles
976: dt=0.0335,  42 negative triangles
977: dt=0.0335,  42 negative triangles
978: dt=0.0335,  43 negative triangles
979: dt=0.0335,  42 negative triangles
980: dt=0.0335,  42 negative triangles
981: dt=0.0335,  41 negative triangles
982: dt=0.0335,  42 negative triangles
983: dt=0.0335,  41 negative triangles
984: dt=0.0319,  42 negative triangles
985: dt=0.0319,  43 negative triangles
986: dt=0.0319,  42 negative triangles
987: dt=0.0319,  44 negative triangles
988: dt=0.0319,  46 negative triangles
989: dt=0.0319,  44 negative triangles
990: dt=0.0319,  45 negative triangles
991: dt=0.0319,  40 negative triangles
992: dt=0.0319,  42 negative triangles
993: dt=0.0319,  42 negative triangles
994: dt=0.0303,  40 negative triangles
995: dt=0.0303,  41 negative triangles
996: dt=0.0303,  41 negative triangles
997: dt=0.0303,  42 negative triangles
998: dt=0.0303,  42 negative triangles
999: dt=0.0303,  41 negative triangles
1000: dt=0.0303,  41 negative triangles
1001: dt=0.0303,  44 negative triangles
1002: dt=0.0303,  43 negative triangles
1003: dt=0.0303,  42 negative triangles
1004: dt=0.0287,  42 negative triangles
1005: dt=0.0287,  43 negative triangles
1006: dt=0.0287,  42 negative triangles
1007: dt=0.0287,  43 negative triangles
1008: dt=0.0287,  43 negative triangles
1009: dt=0.0287,  44 negative triangles
1010: dt=0.0287,  42 negative triangles
1011: dt=0.0287,  43 negative triangles
1012: dt=0.0287,  43 negative triangles
1013: dt=0.0287,  42 negative triangles
1014: dt=0.0273,  42 negative triangles
1015: dt=0.0273,  44 negative triangles
1016: dt=0.0273,  44 negative triangles
1017: dt=0.0273,  44 negative triangles
1018: dt=0.0273,  44 negative triangles
1019: dt=0.0273,  42 negative triangles
1020: dt=0.0273,  40 negative triangles
1021: dt=0.0273,  41 negative triangles
1022: dt=0.0273,  41 negative triangles
1023: dt=0.0273,  42 negative triangles
1024: dt=0.0259,  42 negative triangles
1025: dt=0.0259,  42 negative triangles
1026: dt=0.0259,  40 negative triangles
1027: dt=0.0259,  42 negative triangles
1028: dt=0.0259,  41 negative triangles
1029: dt=0.0259,  41 negative triangles
1030: dt=0.0259,  41 negative triangles
1031: dt=0.0259,  42 negative triangles
1032: dt=0.0259,  43 negative triangles
1033: dt=0.0259,  43 negative triangles
1034: dt=0.0246,  41 negative triangles
1035: dt=0.0246,  41 negative triangles
1036: dt=0.0246,  41 negative triangles
1037: dt=0.0246,  40 negative triangles
1038: dt=0.0246,  41 negative triangles
1039: dt=0.0246,  41 negative triangles
1040: dt=0.0246,  43 negative triangles
1041: dt=0.0246,  41 negative triangles
1042: dt=0.0246,  41 negative triangles
1043: dt=0.0246,  40 negative triangles
1044: dt=0.0234,  39 negative triangles
1045: dt=0.0234,  39 negative triangles
1046: dt=0.0234,  40 negative triangles
1047: dt=0.0234,  40 negative triangles
1048: dt=0.0234,  40 negative triangles
1049: dt=0.0234,  39 negative triangles
1050: dt=0.0234,  39 negative triangles
1051: dt=0.0234,  39 negative triangles
1052: dt=0.0234,  40 negative triangles
1053: dt=0.0234,  41 negative triangles
1054: dt=0.0222,  41 negative triangles
1055: dt=0.0222,  42 negative triangles
1056: dt=0.0222,  41 negative triangles
1057: dt=0.0222,  42 negative triangles
1058: dt=0.0222,  42 negative triangles
1059: dt=0.0222,  42 negative triangles
1060: dt=0.0222,  41 negative triangles
1061: dt=0.0222,  42 negative triangles
1062: dt=0.0222,  39 negative triangles
1063: dt=0.0222,  39 negative triangles
1064: dt=0.0211,  40 negative triangles
1065: dt=0.0211,  41 negative triangles
1066: dt=0.0211,  42 negative triangles
1067: dt=0.0211,  41 negative triangles
1068: dt=0.0211,  44 negative triangles
1069: dt=0.0211,  43 negative triangles
1070: dt=0.0211,  43 negative triangles
1071: dt=0.0211,  41 negative triangles
1072: dt=0.0211,  42 negative triangles
1073: dt=0.0211,  43 negative triangles
1074: dt=0.0201,  42 negative triangles
1075: dt=0.0201,  42 negative triangles
1076: dt=0.0201,  40 negative triangles
1077: dt=0.0201,  40 negative triangles
1078: dt=0.0201,  40 negative triangles
1079: dt=0.0201,  39 negative triangles
1080: dt=0.0201,  41 negative triangles
1081: dt=0.0201,  39 negative triangles
1082: dt=0.0201,  38 negative triangles
1083: dt=0.0201,  41 negative triangles
1084: dt=0.0191,  42 negative triangles
1085: dt=0.0191,  42 negative triangles
1086: dt=0.0191,  41 negative triangles
1087: dt=0.0191,  42 negative triangles
1088: dt=0.0191,  42 negative triangles
1089: dt=0.0191,  42 negative triangles
1090: dt=0.0191,  41 negative triangles
1091: dt=0.0191,  41 negative triangles
1092: dt=0.0191,  41 negative triangles
1093: dt=0.0191,  41 negative triangles
1094: dt=0.0181,  41 negative triangles
1095: dt=0.0181,  41 negative triangles
1096: dt=0.0181,  42 negative triangles
1097: dt=0.0181,  41 negative triangles
1098: dt=0.0181,  41 negative triangles
1099: dt=0.0181,  41 negative triangles
1100: dt=0.0181,  41 negative triangles
1101: dt=0.0181,  40 negative triangles
1102: dt=0.0181,  39 negative triangles
1103: dt=0.0181,  39 negative triangles
1104: dt=0.0172,  40 negative triangles
1105: dt=0.0172,  40 negative triangles
1106: dt=0.0172,  41 negative triangles
1107: dt=0.0172,  40 negative triangles
1108: dt=0.0172,  40 negative triangles
1109: dt=0.0172,  42 negative triangles
1110: dt=0.0172,  42 negative triangles
1111: dt=0.0172,  42 negative triangles
1112: dt=0.0172,  43 negative triangles
1113: dt=0.0172,  41 negative triangles
1114: dt=0.0164,  41 negative triangles
1115: dt=0.0164,  40 negative triangles
1116: dt=0.0164,  39 negative triangles
1117: dt=0.0164,  38 negative triangles
1118: dt=0.0164,  39 negative triangles
1119: dt=0.0164,  39 negative triangles
writing registered surface to ../surf/lh.sphere.reg...
1120: dt=0.0164,  39 negative triangles
1121: 39 negative triangles
registration took 0.13 hours
#VMPC# mris_register VmPeak  1784368
FSRUNTIME@ mris_register  0.1312 hours 16 threads

 ln -sf lh.sphere.reg lh.fsaverage.sphere.reg 

#--------------------------------------------
#@# Jacobian white lh Sun Mar  8 19:36:50 CET 2026
/out/sourcedata/freesurfer/sub-v1s14x0051558_ses-1/scripts

 mris_jacobian ../surf/lh.white.preaparc ../surf/lh.sphere.reg ../surf/lh.jacobian_white 

reading surface from ../surf/lh.white.preaparc...
writing curvature file ../surf/lh.jacobian_white
#--------------------------------------------
#@# AvgCurv lh Sun Mar  8 19:36:52 CET 2026
/out/sourcedata/freesurfer/sub-v1s14x0051558_ses-1/scripts

 mrisp_paint -a 5 /opt/freesurfer/average/lh.folding.atlas.acfb40.noaparc.i12.2016-08-02.tif#6 ../surf/lh.sphere.reg ../surf/lh.avg_curv 

averaging curvature patterns 5 times...
reading surface from ../surf/lh.sphere.reg...
reading template parameterization from /opt/freesurfer/average/lh.folding.atlas.acfb40.noaparc.i12.2016-08-02.tif...
writing curvature file to ../surf/lh.avg_curv...
#-----------------------------------------
#@# Cortical Parc lh Sun Mar  8 19:36:53 CET 2026
/out/sourcedata/freesurfer/sub-v1s14x0051558_ses-1/scripts

 mris_ca_label -l ../label/lh.cortex.label -aseg ../mri/aseg.presurf.mgz -seed 1234 sub-v1s14x0051558_ses-1 lh ../surf/lh.sphere.reg /opt/freesurfer/average/lh.DKaparc.atlas.acfb40.noaparc.i12.2016-08-02.gcs ../label/lh.aparc.annot 

setting seed for random number generator to 1234
using ../mri/aseg.presurf.mgz aseg volume to correct midline
7.3.2
  7.3.2
reading atlas from /opt/freesurfer/average/lh.DKaparc.atlas.acfb40.noaparc.i12.2016-08-02.gcs...
reading color table from GCSA file....
average std = 0.8   using min determinant for regularization = 0.006
0 singular and 342 ill-conditioned covariance matrices regularized
input 0: MEAN CURVATURE, flags 0, avgs 5, name mean_curvature
labeling surface...
1575 labels changed using aseg
relabeling using gibbs priors...
000:   3414 changed, 156473 examined...
001:    790 changed, 14392 examined...
002:    204 changed, 4462 examined...
003:     72 changed, 1197 examined...
004:     20 changed, 421 examined...
005:      8 changed, 124 examined...
006:      1 changed, 53 examined...
007:      1 changed, 8 examined...
008:      2 changed, 7 examined...
009:      3 changed, 12 examined...
010:      2 changed, 14 examined...
011:      0 changed, 13 examined...
307 labels changed using aseg
000: 127 total segments, 82 labels (260 vertices) changed
001: 45 total segments, 7 labels (21 vertices) changed
002: 38 total segments, 0 labels (0 vertices) changed
10 filter iterations complete (10 requested, 8 changed)
rationalizing unknown annotations with cortex label
relabeling unknown label...
relabeling corpuscallosum label...
2553 vertices marked for relabeling...
2553 labels changed in reclassification.
writing output to ../label/lh.aparc.annot...
classification took 0 minutes and 11 seconds.
#--------------------------------------------
#@# WhiteSurfs lh Sun Mar  8 19:37:04 CET 2026
cd /out/sourcedata/freesurfer/sub-v1s14x0051558_ses-1/mri
mris_place_surface --adgws-in ../surf/autodet.gw.stats.lh.dat --seg aseg.presurf.mgz --threads 16 --wm wm.mgz --invol brain.finalsurfs.mgz --lh --i ../surf/lh.white.preaparc --o ../surf/lh.white --white --nsmooth 0 --rip-label ../label/lh.cortex.label --rip-bg --rip-surf ../surf/lh.white.preaparc --aparc ../label/lh.aparc.annot
7.3.2
7.3.2

cd /out/sourcedata/freesurfer/sub-v1s14x0051558_ses-1/mri
setenv SUBJECTS_DIR /out/sourcedata/freesurfer
mris_place_surface --adgws-in ../surf/autodet.gw.stats.lh.dat --seg aseg.presurf.mgz --threads 16 --wm wm.mgz --invol brain.finalsurfs.mgz --lh --i ../surf/lh.white.preaparc --o ../surf/lh.white --white --nsmooth 0 --rip-label ../label/lh.cortex.label --rip-bg --rip-surf ../surf/lh.white.preaparc --aparc ../label/lh.aparc.annot 

Reading in input surface ../surf/lh.white.preaparc
Not smoothing input surface
Area    312942  0.33499  0.11749 0.001459   1.9306
Corner  938826 60.00000 13.78073 0.452453 178.9352
Edge    469413  0.88999  0.19552 0.036412   2.8807
Hinge   469413  9.80036 11.00766 0.000015 179.8824
Reading in aparc ../label/lh.aparc.annot
Reading in input volume brain.finalsurfs.mgz
Reading in wm volume wm.mgz
MRIclipBrightWM(): nthresh=18603, wmmin=5, clip=110 
MRIfindBrightNonWM(): 1031 bright non-wm voxels segmented.
Masking bright non-wm for white surface
MRImask(): AllowDiffGeom = 1
MRImask(): AllowDiffGeom = 1
Reading in seg volume aseg.presurf.mgz
Ripping frozen voxels
Ripping vertices not in label ../label/lh.cortex.label
MRISripNotLabel() ripped 8796/156473 vertices (147677 unripped)
Reading in ripping surface ../surf/lh.white.preaparc
Reading in aparc ../label/lh.aparc.annot for ripsurf
Ripping BG
MRISripBasalGanglia(): 1 -2 2 0.5 ripped 415
Ripping segs (eg, WMSA, BG, frozen)
Starting MRISripSegs() d = (-2 2 0.5) segnos: 247 
MRISripSegs(): -2 2 0.5 ripped 0
vertex 78237: xyz = (-4.5182,0.181587,-49.3529) oxyz = (-4.5182,0.181587,-49.3529) wxzy = (-4.5182,0.181587,-49.3529) pxyz = (0,0,0) 
CBVO Creating mask 156473
n_averages 4
Iteration 0 =========================================
n_averages=4, current_sigma=2
Computing target border values 
Entering MRIScomputeBorderValues_new(): 
  inside_hi   = 120.0000000;
  border_hi   = 111.2702260;
  border_low  =  65.0000000;
  outside_low =  52.8993150;
  outside_hi  = 111.2702260;
  sigma = 2;
  max_thickness = 10;
  step_size=0.5;
  STEP_SIZE=0.1;
  which = 1
  thresh = 0
  flags = 0
  CBVfindFirstPeakD1=0
  CBVfindFirstPeakD2=0
  nvertices=156473
  Gdiag_no=-1
  vno start=0, stop=156473
Replacing 255s with 0s
#SI# sigma=2 had to be increased for 145 vertices, nripped=9211
mean border=80.1, 128 (128) missing vertices, mean dist 0.3 [0.8 (%23.3)->0.6 (%76.7))]
%57 local maxima, %37 large gradients and % 0 min vals, 0 gradients ignored
nFirstPeakD1 0
MRIScomputeBorderValues_new() finished in 0.0161 min


Finding expansion regions
mean absolute distance = 0.67 +- 1.03
3346 vertices more than 2 sigmas from mean.
Averaging target values for 5 iterations...
Positioning Surface: tspring = 0.3, nspring = 0.3, spring = 0, niters = 100 l_repulse = 5, l_surf_repulse = 0, checktol = 0
Positioning pial surface
Entering MRISpositionSurface()
  max_mm = 0.3
  MAX_REDUCTIONS = 2, REDUCTION_PCT = 0.5
  parms->check_tol = 0, niterations = 100
tol=1.0e-04, sigma=2.0, host=dna00, nav=4, nbrs=2, l_repulse=5.000, l_tspring=0.300, l_nspring=0.300, l_intensity=0.200, l_curv=1.000
mom=0.00, dt=0.50
complete_dist_mat 0
rms 0
smooth_averages 0
remove_neg 0
ico_order 0
which_surface 0
target_radius 0.000000
nfields 0
scale 0.000000
desired_rms_height 0.000000
momentum 0.000000
nbhd_size 0
max_nbrs 0
niterations 100
nsurfaces 0
SURFACES 3
flags 0 (0)
use curv 0
no sulc 0
no rigid align 0
mris->nsize 2
mris->hemisphere 0
randomSeed 0

000: dt: 0.0000, sse=1943983.9, rms=7.639
001: dt: 0.5000, sse=910337.8, rms=4.840 (36.643%)
002: dt: 0.5000, sse=618220.6, rms=3.681 (23.934%)
003: dt: 0.5000, sse=550704.7, rms=3.355 (8.866%)
004: dt: 0.5000, sse=512336.8, rms=3.146 (6.219%)
rms = 3.1646/3.1464, sse=516542.6/512336.8, time step reduction 1 of 3 to 0.250  0 1 1
   RMS increased, rejecting step
005: dt: 0.2500, sse=359781.6, rms=2.163 (31.270%)
006: dt: 0.2500, sse=303465.1, rms=1.621 (25.023%)
007: dt: 0.2500, sse=286722.0, rms=1.464 (9.686%)
008: dt: 0.2500, sse=282505.1, rms=1.406 (3.979%)
rms = 1.3739/1.4061, sse=280339.7/282505.1, time step reduction 2 of 3 to 0.125  0 0 1
009: dt: 0.2500, sse=280339.7, rms=1.374 (2.288%)
rms = 1.3277/1.3739, sse=277339.7/280339.7, time step reduction 3 of 3 to 0.062  0 0 1
010: dt: 0.1250, sse=277339.7, rms=1.328 (3.361%)
  maximum number of reductions reached, breaking from loop
positioning took 1.2 minutes
Iteration 1 =========================================
n_averages=2, current_sigma=1
Computing target border values 
Entering MRIScomputeBorderValues_new(): 
  inside_hi   = 120.0000000;
  border_hi   = 111.2702260;
  border_low  =  65.0000000;
  outside_low =  52.8993150;
  outside_hi  = 111.2702260;
  sigma = 1;
  max_thickness = 10;
  step_size=0.5;
  STEP_SIZE=0.1;
  which = 1
  thresh = 0
  flags = 0
  CBVfindFirstPeakD1=0
  CBVfindFirstPeakD2=0
  nvertices=156473
  Gdiag_no=-1
  vno start=0, stop=156473
Replacing 255s with 0s
#SI# sigma=1 had to be increased for 135 vertices, nripped=9211
mean border=82.1, 118 (48) missing vertices, mean dist -0.2 [0.5 (%61.4)->0.2 (%38.6))]
%64 local maxima, %30 large gradients and % 0 min vals, 0 gradients ignored
nFirstPeakD1 0
MRIScomputeBorderValues_new() finished in 0.0119 min


Finding expansion regions
mean absolute distance = 0.39 +- 0.74
3699 vertices more than 2 sigmas from mean.
Averaging target values for 5 iterations...
Positioning Surface: tspring = 0.3, nspring = 0.3, spring = 0, niters = 100 l_repulse = 5, l_surf_repulse = 0, checktol = 0
Positioning pial surface
Entering MRISpositionSurface()
  max_mm = 0.3
  MAX_REDUCTIONS = 2, REDUCTION_PCT = 0.5
  parms->check_tol = 0, niterations = 100
tol=1.0e-04, sigma=1.0, host=dna00, nav=2, nbrs=2, l_repulse=5.000, l_tspring=0.300, l_nspring=0.300, l_intensity=0.200, l_curv=1.000
mom=0.00, dt=0.50
000: dt: 0.0000, sse=759589.5, rms=4.190
011: dt: 0.5000, sse=502474.9, rms=2.970 (29.110%)
012: dt: 0.5000, sse=496862.6, rms=2.915 (1.849%)
rms = 2.9975/2.9151, sse=504732.2/496862.6, time step reduction 1 of 3 to 0.250  0 1 1
   RMS increased, rejecting step
013: dt: 0.2500, sse=363487.7, rms=2.029 (30.384%)
014: dt: 0.2500, sse=310805.7, rms=1.482 (26.953%)
015: dt: 0.2500, sse=302768.0, rms=1.328 (10.429%)
016: dt: 0.2500, sse=294535.8, rms=1.252 (5.686%)
rms = 1.2330/1.2523, sse=293803.5/294535.8, time step reduction 2 of 3 to 0.125  0 0 1
017: dt: 0.2500, sse=293803.5, rms=1.233 (1.545%)
018: dt: 0.1250, sse=287920.1, rms=1.182 (4.165%)
rms = 1.1703/1.1816, sse=289908.2/287920.1, time step reduction 3 of 3 to 0.062  0 1 1
019: dt: 0.1250, sse=289908.2, rms=1.170 (0.961%)
  maximum number of reductions reached, breaking from loop
positioning took 0.9 minutes
Iteration 2 =========================================
n_averages=1, current_sigma=0.5
Computing target border values 
Entering MRIScomputeBorderValues_new(): 
  inside_hi   = 120.0000000;
  border_hi   = 111.2702260;
  border_low  =  65.0000000;
  outside_low =  52.8993150;
  outside_hi  = 111.2702260;
  sigma = 0.5;
  max_thickness = 10;
  step_size=0.5;
  STEP_SIZE=0.1;
  which = 1
  thresh = 0
  flags = 0
  CBVfindFirstPeakD1=0
  CBVfindFirstPeakD2=0
  nvertices=156473
  Gdiag_no=-1
  vno start=0, stop=156473
Replacing 255s with 0s
#SI# sigma=0.5 had to be increased for 195 vertices, nripped=9211
mean border=84.3, 158 (40) missing vertices, mean dist -0.2 [0.4 (%67.6)->0.2 (%32.4))]
%75 local maxima, %19 large gradients and % 0 min vals, 0 gradients ignored
nFirstPeakD1 0
MRIScomputeBorderValues_new() finished in 0.0069 min


Finding expansion regions
mean absolute distance = 0.32 +- 0.54
4840 vertices more than 2 sigmas from mean.
Averaging target values for 5 iterations...
Positioning Surface: tspring = 0.3, nspring = 0.3, spring = 0, niters = 100 l_repulse = 5, l_surf_repulse = 0, checktol = 0
Positioning pial surface
Entering MRISpositionSurface()
  max_mm = 0.3
  MAX_REDUCTIONS = 2, REDUCTION_PCT = 0.5
  parms->check_tol = 0, niterations = 100
tol=1.0e-04, sigma=0.5, host=dna00, nav=1, nbrs=2, l_repulse=5.000, l_tspring=0.300, l_nspring=0.300, l_intensity=0.200, l_curv=1.000
mom=0.00, dt=0.50
000: dt: 0.0000, sse=602093.9, rms=3.502
020: dt: 0.5000, sse=441493.5, rms=2.606 (25.577%)
rms = 2.7737/2.6063, sse=468955.9/441493.5, time step reduction 1 of 3 to 0.250  0 1 1
   RMS increased, rejecting step
021: dt: 0.2500, sse=346476.9, rms=1.865 (28.424%)
022: dt: 0.2500, sse=297939.2, rms=1.398 (25.084%)
023: dt: 0.2500, sse=290014.9, rms=1.243 (11.047%)
rms = 1.2015/1.2432, sse=286434.3/290014.9, time step reduction 2 of 3 to 0.125  0 0 1
024: dt: 0.2500, sse=286434.3, rms=1.202 (3.351%)
rms = 1.1509/1.2015, sse=298577.4/286434.3, time step reduction 3 of 3 to 0.062  0 1 0
025: dt: 0.1250, sse=298577.4, rms=1.151 (4.210%)
  maximum number of reductions reached, breaking from loop
positioning took 0.6 minutes
Iteration 3 =========================================
n_averages=0, current_sigma=0.25
Computing target border values 
Entering MRIScomputeBorderValues_new(): 
  inside_hi   = 120.0000000;
  border_hi   = 111.2702260;
  border_low  =  65.0000000;
  outside_low =  52.8993150;
  outside_hi  = 111.2702260;
  sigma = 0.25;
  max_thickness = 10;
  step_size=0.5;
  STEP_SIZE=0.1;
  which = 1
  thresh = 0
  flags = 0
  CBVfindFirstPeakD1=0
  CBVfindFirstPeakD2=0
  nvertices=156473
  Gdiag_no=-1
  vno start=0, stop=156473
Replacing 255s with 0s
#SI# sigma=0.25 had to be increased for 205 vertices, nripped=9211
mean border=85.1, 197 (38) missing vertices, mean dist -0.1 [0.3 (%57.7)->0.2 (%42.3))]
%79 local maxima, %15 large gradients and % 0 min vals, 0 gradients ignored
nFirstPeakD1 0
MRIScomputeBorderValues_new() finished in 0.0045 min


Finding expansion regions
mean absolute distance = 0.26 +- 0.43
4487 vertices more than 2 sigmas from mean.
Averaging target values for 5 iterations...
Positioning Surface: tspring = 0.3, nspring = 0.3, spring = 0, niters = 100 l_repulse = 5, l_surf_repulse = 0, checktol = 0
Positioning pial surface
Entering MRISpositionSurface()
  max_mm = 0.3
  MAX_REDUCTIONS = 2, REDUCTION_PCT = 0.5
  parms->check_tol = 0, niterations = 100
tol=1.0e-04, sigma=0.2, host=dna00, nav=0, nbrs=2, l_repulse=5.000, l_tspring=0.300, l_nspring=0.300, l_intensity=0.200, l_curv=1.000
mom=0.00, dt=0.50
000: dt: 0.0000, sse=369792.8, rms=1.976
026: dt: 0.5000, sse=345848.7, rms=1.874 (5.181%)
rms = 2.2913/1.8736, sse=403727.5/345848.7, time step reduction 1 of 3 to 0.250  0 1 1
   RMS increased, rejecting step
027: dt: 0.2500, sse=293875.5, rms=1.283 (31.545%)
028: dt: 0.2500, sse=283700.2, rms=1.138 (11.286%)
029: dt: 0.2500, sse=276383.0, rms=1.074 (5.565%)
rms = 1.1036/1.0745, sse=281307.3/276383.0, time step reduction 2 of 3 to 0.125  0 1 1
   RMS increased, rejecting step
rms = 1.0352/1.0745, sse=273099.6/276383.0, time step reduction 3 of 3 to 0.062  0 0 1
030: dt: 0.1250, sse=273099.7, rms=1.035 (3.653%)
  maximum number of reductions reached, breaking from loop
positioning took 0.6 minutes


Writing output to ../surf/lh.white
#ET# mris_place_surface  3.46 minutes
#VMPC# mris_place_surfaces VmPeak  3233256
mris_place_surface done
#--------------------------------------------
#@# T1PialSurf lh Sun Mar  8 19:40:39 CET 2026
cd /out/sourcedata/freesurfer/sub-v1s14x0051558_ses-1/mri
mris_place_surface --adgws-in ../surf/autodet.gw.stats.lh.dat --seg aseg.presurf.mgz --threads 16 --wm wm.mgz --invol brain.finalsurfs.mgz --lh --i ../surf/lh.white --o ../surf/lh.pial.T1 --pial --nsmooth 0 --rip-label ../label/lh.cortex+hipamyg.label --pin-medial-wall ../label/lh.cortex.label --aparc ../label/lh.aparc.annot --repulse-surf ../surf/lh.white --white-surf ../surf/lh.white
7.3.2
7.3.2

cd /out/sourcedata/freesurfer/sub-v1s14x0051558_ses-1/mri
setenv SUBJECTS_DIR /out/sourcedata/freesurfer
mris_place_surface --adgws-in ../surf/autodet.gw.stats.lh.dat --seg aseg.presurf.mgz --threads 16 --wm wm.mgz --invol brain.finalsurfs.mgz --lh --i ../surf/lh.white --o ../surf/lh.pial.T1 --pial --nsmooth 0 --rip-label ../label/lh.cortex+hipamyg.label --pin-medial-wall ../label/lh.cortex.label --aparc ../label/lh.aparc.annot --repulse-surf ../surf/lh.white --white-surf ../surf/lh.white 

Reading in input surface ../surf/lh.white
Not smoothing input surface
Area    312942  0.33721  0.13231 0.000051   3.9087
Corner  938826 60.00000 15.20583 0.011296 179.9262
Edge    469413  0.89444  0.21504 0.009050   3.5685
Hinge   469413  9.94715 11.36703 0.000012 179.7477
Reading white surface coordinates from ../surf/lh.white
Reading repulsion surface coordinates from ../surf/lh.white
Reading in aparc ../label/lh.aparc.annot
Reading in input volume brain.finalsurfs.mgz
Reading in wm volume wm.mgz
MRIclipBrightWM(): nthresh=18603, wmmin=5, clip=110 
MRIfindBrightNonWM(): 1031 bright non-wm voxels segmented.
Masking bright non-wm for pial surface mid_gray = 61.7139
MRImask(): AllowDiffGeom = 1
MRImask(): AllowDiffGeom = 1
MRImask(): AllowDiffGeom = 1
Reading in seg volume aseg.presurf.mgz
Ripping frozen voxels
Ripping vertices not in label ../label/lh.cortex+hipamyg.label
MRISripNotLabel() ripped 6520/156473 vertices (149953 unripped)
INFO: rip surface needed but not specified, so using input surface
Ripping segs (eg, WMSA, BG, frozen)
Starting MRISripSegs() d = (-2 2 0.5) segnos: 247 
MRISripSegs(): -2 2 0.5 ripped 0
vertex 78237: xyz = (-4.5182,0.181587,-49.3529) oxyz = (-4.5182,0.181587,-49.3529) wxzy = (-4.5182,0.181587,-49.3529) pxyz = (-4.5182,0.181587,-49.3529) 
CBVO Creating mask 156473
n_averages 16
Iteration 0 =========================================
n_averages=16, current_sigma=2
Computing target border values 
Entering MRIScomputeBorderValues_new(): 
  inside_hi   =  94.7297740;
  border_hi   =  52.8993150;
  border_low  =  28.6979520;
  outside_low =  10.0000000;
  outside_hi  =  46.8489760;
  sigma = 2;
  max_thickness = 10;
  step_size=0.5;
  STEP_SIZE=0.1;
  which = 2
  thresh = 0
  flags = 0
  CBVfindFirstPeakD1=0
  CBVfindFirstPeakD2=0
  nvertices=156473
  Gdiag_no=-1
  vno start=0, stop=156473
Replacing 255s with 0s
#SI# sigma=2 had to be increased for 192 vertices, nripped=6520
mean border=52.0, 168 (168) missing vertices, mean dist 1.5 [1.2 (%0.0)->2.5 (%100.0))]
%10 local maxima, %45 large gradients and %40 min vals, 0 gradients ignored
nFirstPeakD1 0
MRIScomputeBorderValues_new() finished in 0.0131 min


Averaging target values for 5 iterations...
Positioning Surface: tspring = 0.3, nspring = 0.3, spring = 0, niters = 100 l_repulse = 0, l_surf_repulse = 5, checktol = 0
Positioning pial surface
Entering MRISpositionSurface()
  max_mm = 0.3
  MAX_REDUCTIONS = 2, REDUCTION_PCT = 0.5
  parms->check_tol = 0, niterations = 100
tol=1.0e-04, sigma=2.0, host=dna00, nav=16, nbrs=2, l_surf_repulse=5.000, l_tspring=0.300, l_nspring=0.300, l_intensity=0.200, l_curv=1.000
mom=0.00, dt=0.50
complete_dist_mat 0
rms 0
smooth_averages 0
remove_neg 0
ico_order 0
which_surface 0
target_radius 0.000000
nfields 0
scale 0.000000
desired_rms_height 0.000000
momentum 0.000000
nbhd_size 0
max_nbrs 0
niterations 100
nsurfaces 0
SURFACES 3
flags 0 (0)
use curv 0
no sulc 0
no rigid align 0
mris->nsize 2
mris->hemisphere 0
randomSeed 0

000: dt: 0.0000, sse=34740792.0, rms=33.944
001: dt: 0.5000, sse=25018456.0, rms=28.768 (15.247%)
002: dt: 0.5000, sse=17673676.0, rms=24.132 (16.114%)
003: dt: 0.5000, sse=12666921.0, rms=20.375 (15.569%)
004: dt: 0.5000, sse=9566037.0, rms=17.650 (13.374%)
005: dt: 0.5000, sse=7623163.0, rms=15.703 (11.033%)
006: dt: 0.5000, sse=6128072.5, rms=14.021 (10.713%)
007: dt: 0.5000, sse=4922118.5, rms=12.499 (10.855%)
008: dt: 0.5000, sse=3868451.0, rms=10.997 (12.015%)
009: dt: 0.5000, sse=3053470.2, rms=9.676 (12.010%)
010: dt: 0.5000, sse=2371730.5, rms=8.413 (13.057%)
011: dt: 0.5000, sse=1926659.1, rms=7.472 (11.180%)
012: dt: 0.5000, sse=1609583.4, rms=6.721 (10.050%)
013: dt: 0.5000, sse=1452874.0, rms=6.316 (6.038%)
014: dt: 0.5000, sse=1318442.4, rms=5.945 (5.864%)
015: dt: 0.5000, sse=1266863.1, rms=5.795 (2.532%)
016: dt: 0.5000, sse=1187523.1, rms=5.558 (4.090%)
017: dt: 0.5000, sse=1170324.8, rms=5.503 (0.990%)
018: dt: 0.5000, sse=1118695.6, rms=5.341 (2.942%)
rms = 5.3454/5.3407, sse=1121077.9/1118695.6, time step reduction 1 of 3 to 0.250  0 1 1
   RMS increased, rejecting step
019: dt: 0.2500, sse=866502.6, rms=4.470 (16.307%)
020: dt: 0.2500, sse=790877.7, rms=4.171 (6.687%)
021: dt: 0.2500, sse=775658.2, rms=4.107 (1.531%)
rms = 4.0745/4.1071, sse=767956.3/775658.2, time step reduction 2 of 3 to 0.125  0 0 1
022: dt: 0.2500, sse=767956.3, rms=4.074 (0.794%)
023: dt: 0.1250, sse=695481.2, rms=3.761 (7.696%)
024: dt: 0.1250, sse=684462.8, rms=3.711 (1.335%)
rms = 3.7020/3.7107, sse=682654.7/684462.7, time step reduction 3 of 3 to 0.062  0 0 1
025: dt: 0.1250, sse=682654.6, rms=3.702 (0.235%)
  maximum number of reductions reached, breaking from loop
positioning took 2.2 minutes
Iteration 1 =========================================
n_averages=8, current_sigma=1
Computing target border values 
Entering MRIScomputeBorderValues_new(): 
  inside_hi   =  94.7297740;
  border_hi   =  52.8993150;
  border_low  =  28.6979520;
  outside_low =  10.0000000;
  outside_hi  =  46.8489760;
  sigma = 1;
  max_thickness = 10;
  step_size=0.5;
  STEP_SIZE=0.1;
  which = 2
  thresh = 0
  flags = 0
  CBVfindFirstPeakD1=0
  CBVfindFirstPeakD2=0
  nvertices=156473
  Gdiag_no=-1
  vno start=0, stop=156473
Replacing 255s with 0s
#SI# sigma=1 had to be increased for 12844 vertices, nripped=6520
mean border=51.1, 2348 (36) missing vertices, mean dist 0.1 [0.1 (%55.0)->0.5 (%45.0))]
%17 local maxima, %41 large gradients and %37 min vals, 0 gradients ignored
nFirstPeakD1 0
MRIScomputeBorderValues_new() finished in 0.0042 min


Averaging target values for 5 iterations...
Positioning Surface: tspring = 0.3, nspring = 0.3, spring = 0, niters = 100 l_repulse = 0, l_surf_repulse = 5, checktol = 0
Positioning pial surface
Entering MRISpositionSurface()
  max_mm = 0.3
  MAX_REDUCTIONS = 2, REDUCTION_PCT = 0.5
  parms->check_tol = 0, niterations = 100
tol=1.0e-04, sigma=1.0, host=dna00, nav=8, nbrs=2, l_surf_repulse=5.000, l_tspring=0.300, l_nspring=0.300, l_intensity=0.200, l_curv=1.000
mom=0.00, dt=0.50
000: dt: 0.0000, sse=842022.6, rms=4.138
rms = 4.6110/4.1381, sse=965650.0/842022.6, time step reduction 1 of 3 to 0.250  0 1 1
   RMS increased, rejecting step
026: dt: 0.2500, sse=767641.4, rms=3.824 (7.588%)
027: dt: 0.2500, sse=745819.3, rms=3.727 (2.544%)
rms = 3.7443/3.7268, sse=749512.2/745819.3, time step reduction 2 of 3 to 0.125  0 1 1
   RMS increased, rejecting step
028: dt: 0.1250, sse=734234.5, rms=3.674 (1.428%)
029: dt: 0.1250, sse=717849.4, rms=3.597 (2.091%)
rms = 3.5693/3.5967, sse=712050.4/717849.4, time step reduction 3 of 3 to 0.062  0 0 1
030: dt: 0.1250, sse=712050.4, rms=3.569 (0.762%)
  maximum number of reductions reached, breaking from loop
positioning took 0.5 minutes
Iteration 2 =========================================
n_averages=4, current_sigma=0.5
Computing target border values 
Entering MRIScomputeBorderValues_new(): 
  inside_hi   =  94.7297740;
  border_hi   =  52.8993150;
  border_low  =  28.6979520;
  outside_low =  10.0000000;
  outside_hi  =  46.8489760;
  sigma = 0.5;
  max_thickness = 10;
  step_size=0.5;
  STEP_SIZE=0.1;
  which = 2
  thresh = 0
  flags = 0
  CBVfindFirstPeakD1=0
  CBVfindFirstPeakD2=0
  nvertices=156473
  Gdiag_no=-1
  vno start=0, stop=156473
Replacing 255s with 0s
#SI# sigma=0.5 had to be increased for 13541 vertices, nripped=6520
mean border=50.5, 2767 (32) missing vertices, mean dist 0.1 [0.1 (%53.1)->0.4 (%46.9))]
%27 local maxima, %30 large gradients and %37 min vals, 0 gradients ignored
nFirstPeakD1 0
MRIScomputeBorderValues_new() finished in 0.0031 min


Averaging target values for 5 iterations...
Positioning Surface: tspring = 0.3, nspring = 0.3, spring = 0, niters = 100 l_repulse = 0, l_surf_repulse = 5, checktol = 0
Positioning pial surface
Entering MRISpositionSurface()
  max_mm = 0.3
  MAX_REDUCTIONS = 2, REDUCTION_PCT = 0.5
  parms->check_tol = 0, niterations = 100
tol=1.0e-04, sigma=0.5, host=dna00, nav=4, nbrs=2, l_surf_repulse=5.000, l_tspring=0.300, l_nspring=0.300, l_intensity=0.200, l_curv=1.000
mom=0.00, dt=0.50
000: dt: 0.0000, sse=769040.8, rms=3.820
rms = 4.5386/3.8203, sse=947238.3/769040.8, time step reduction 1 of 3 to 0.250  0 1 1
   RMS increased, rejecting step
031: dt: 0.2500, sse=724366.6, rms=3.619 (5.264%)
rms = 3.6058/3.6192, sse=720926.9/724366.6, time step reduction 2 of 3 to 0.125  0 0 1
032: dt: 0.2500, sse=720926.9, rms=3.606 (0.372%)
033: dt: 0.1250, sse=707632.1, rms=3.542 (1.769%)
rms = 3.5208/3.5420, sse=702965.6/707632.1, time step reduction 3 of 3 to 0.062  0 0 1
034: dt: 0.1250, sse=702965.6, rms=3.521 (0.599%)
  maximum number of reductions reached, breaking from loop
positioning took 0.4 minutes
Iteration 3 =========================================
n_averages=2, current_sigma=0.25
Computing target border values 
Entering MRIScomputeBorderValues_new(): 
  inside_hi   =  94.7297740;
  border_hi   =  52.8993150;
  border_low  =  28.6979520;
  outside_low =  10.0000000;
  outside_hi  =  46.8489760;
  sigma = 0.25;
  max_thickness = 10;
  step_size=0.5;
  STEP_SIZE=0.1;
  which = 2
  thresh = 0
  flags = 0
  CBVfindFirstPeakD1=0
  CBVfindFirstPeakD2=0
  nvertices=156473
  Gdiag_no=-1
  vno start=0, stop=156473
Replacing 255s with 0s
#SI# sigma=0.25 had to be increased for 11335 vertices, nripped=6520
mean border=49.7, 5775 (29) missing vertices, mean dist 0.1 [0.1 (%52.6)->0.3 (%47.4))]
%33 local maxima, %24 large gradients and %35 min vals, 0 gradients ignored
nFirstPeakD1 0
MRIScomputeBorderValues_new() finished in 0.0023 min


Averaging target values for 5 iterations...
Positioning Surface: tspring = 0.3, nspring = 0.3, spring = 0, niters = 100 l_repulse = 0, l_surf_repulse = 5, checktol = 0
Positioning pial surface
Entering MRISpositionSurface()
  max_mm = 0.3
  MAX_REDUCTIONS = 2, REDUCTION_PCT = 0.5
  parms->check_tol = 0, niterations = 100
tol=1.0e-04, sigma=0.2, host=dna00, nav=2, nbrs=2, l_surf_repulse=5.000, l_tspring=0.300, l_nspring=0.300, l_intensity=0.200, l_curv=1.000
mom=0.00, dt=0.50
000: dt: 0.0000, sse=747622.5, rms=3.725
rms = 4.2781/3.7252, sse=878099.5/747622.5, time step reduction 1 of 3 to 0.250  0 1 1
   RMS increased, rejecting step
035: dt: 0.2500, sse=714052.6, rms=3.571 (4.138%)
036: dt: 0.2500, sse=696872.7, rms=3.495 (2.134%)
rms = 3.4984/3.4948, sse=696891.7/696872.7, time step reduction 2 of 3 to 0.125  0 1 1
   RMS increased, rejecting step
rms = 3.4553/3.4948, sse=688770.2/696872.7, time step reduction 3 of 3 to 0.062  0 0 1
037: dt: 0.1250, sse=688770.2, rms=3.455 (1.130%)
  maximum number of reductions reached, breaking from loop
positioning took 0.4 minutes
Pinning medial wall to white surface


Writing output to ../surf/lh.pial.T1
#ET# mris_place_surface  3.62 minutes
#VMPC# mris_place_surfaces VmPeak  2476836
mris_place_surface done
#@# white curv lh Sun Mar  8 19:44:23 CET 2026
cd /out/sourcedata/freesurfer/sub-v1s14x0051558_ses-1/mri
mris_place_surface --curv-map ../surf/lh.white 2 10 ../surf/lh.curv
insurf  ../surf/lh.white, nbrs 2, curvature_avgs 10
writing curvature file ../surf/lh.curv
#@# white area lh Sun Mar  8 19:44:25 CET 2026
cd /out/sourcedata/freesurfer/sub-v1s14x0051558_ses-1/mri
mris_place_surface --area-map ../surf/lh.white ../surf/lh.area
writing curvature file ../surf/lh.area
#@# pial curv lh Sun Mar  8 19:44:26 CET 2026
cd /out/sourcedata/freesurfer/sub-v1s14x0051558_ses-1/mri
mris_place_surface --curv-map ../surf/lh.pial 2 10 ../surf/lh.curv.pial
insurf  ../surf/lh.pial, nbrs 2, curvature_avgs 10
writing curvature file ../surf/lh.curv.pial
#@# pial area lh Sun Mar  8 19:44:29 CET 2026
cd /out/sourcedata/freesurfer/sub-v1s14x0051558_ses-1/mri
mris_place_surface --area-map ../surf/lh.pial ../surf/lh.area.pial
writing curvature file ../surf/lh.area.pial
#@# thickness lh Sun Mar  8 19:44:30 CET 2026
cd /out/sourcedata/freesurfer/sub-v1s14x0051558_ses-1/mri
mris_place_surface --thickness ../surf/lh.white ../surf/lh.pial 20 5 ../surf/lh.thickness
0 of 156473 vertices processed
25000 of 156473 vertices processed
50000 of 156473 vertices processed
75000 of 156473 vertices processed
100000 of 156473 vertices processed
125000 of 156473 vertices processed
150000 of 156473 vertices processed
0 of 156473 vertices processed
25000 of 156473 vertices processed
50000 of 156473 vertices processed
75000 of 156473 vertices processed
100000 of 156473 vertices processed
125000 of 156473 vertices processed
150000 of 156473 vertices processed
thickness calculation complete, 227:1224 truncations.
80378 vertices at 0 distance
137179 vertices at 1 distance
62309 vertices at 2 distance
21795 vertices at 3 distance
7167 vertices at 4 distance
2415 vertices at 5 distance
820 vertices at 6 distance
345 vertices at 7 distance
147 vertices at 8 distance
67 vertices at 9 distance
41 vertices at 10 distance
33 vertices at 11 distance
29 vertices at 12 distance
40 vertices at 13 distance
23 vertices at 14 distance
22 vertices at 15 distance
23 vertices at 16 distance
34 vertices at 17 distance
35 vertices at 18 distance
22 vertices at 19 distance
22 vertices at 20 distance
writing curvature file ../surf/lh.thickness
#@# area and vertex vol lh Sun Mar  8 19:45:03 CET 2026
cd /out/sourcedata/freesurfer/sub-v1s14x0051558_ses-1/mri
mris_place_surface --thickness ../surf/lh.white ../surf/lh.pial 20 5 ../surf/lh.thickness
/out/sourcedata/freesurfer/sub-v1s14x0051558_ses-1/surf
mris_calc -o lh.area.mid lh.area add lh.area.pial
Saving result to 'lh.area.mid' (type = MRI_CURV_FILE)                       [ ok ]
mris_calc -o lh.area.mid lh.area.mid div 2
Saving result to 'lh.area.mid' (type = MRI_CURV_FILE)                       [ ok ]
mris_convert --volume sub-v1s14x0051558_ses-1 lh /out/sourcedata/freesurfer/sub-v1s14x0051558_ses-1/surf/lh.volume
masking with /out/sourcedata/freesurfer/sub-v1s14x0051558_ses-1/label/lh.cortex.label
Total face volume 254439
Total vertex volume 254225 (mask=0)
#@# sub-v1s14x0051558_ses-1 lh 254225
 
vertexvol Done

#-----------------------------------------
#@# Curvature Stats lh Sun Mar  8 19:45:05 CET 2026
/out/sourcedata/freesurfer/sub-v1s14x0051558_ses-1/surf

 mris_curvature_stats -m --writeCurvatureFiles -G -o ../stats/lh.curv.stats -F smoothwm sub-v1s14x0051558_ses-1 lh curv sulc 

             Toggling save flag on curvature files                       [ ok ]
                 Outputting results using filestem   [ ../stats/lh.curv.stats ]
             Toggling save flag on curvature files                       [ ok ]
                                   Setting surface [ sub-v1s14x0051558_ses-1/lh.smoothwm ]
                                Reading surface...                       [ ok ]
                                   Setting texture                     [ curv ]
                                Reading texture...                       [ ok ]
                                   Setting texture                     [ sulc ]
                                Reading texture...Gb_filter = 0
                       [ ok ]
      Calculating Discrete Principal Curvatures...
      Determining geometric order for vno faces... [####################] [ ok ]
                      Determining KH curvatures... [####################] [ ok ]
                    Determining k1k2 curvatures... [####################] [ ok ]
                                   deltaViolations                      [ 273 ]
Gb_filter = 0
#-----------------------------------------
#@# Cortical Parc 2 lh Sun Mar  8 19:45:08 CET 2026
/out/sourcedata/freesurfer/sub-v1s14x0051558_ses-1/scripts

 mris_ca_label -l ../label/lh.cortex.label -aseg ../mri/aseg.presurf.mgz -seed 1234 sub-v1s14x0051558_ses-1 lh ../surf/lh.sphere.reg /opt/freesurfer/average/lh.CDaparc.atlas.acfb40.noaparc.i12.2016-08-02.gcs ../label/lh.aparc.a2009s.annot 

setting seed for random number generator to 1234
using ../mri/aseg.presurf.mgz aseg volume to correct midline
7.3.2
  7.3.2
reading atlas from /opt/freesurfer/average/lh.CDaparc.atlas.acfb40.noaparc.i12.2016-08-02.gcs...
reading color table from GCSA file....
average std = 3.0   using min determinant for regularization = 0.088
0 singular and 0 ill-conditioned covariance matrices regularized
input 0: MEAN CURVATURE, flags 0, avgs 5, name mean_curvature
labeling surface...
39 labels changed using aseg
relabeling using gibbs priors...
000:  10588 changed, 156473 examined...
001:   2446 changed, 40754 examined...
002:    693 changed, 13116 examined...
003:    296 changed, 4019 examined...
004:    160 changed, 1725 examined...
005:     71 changed, 886 examined...
006:     45 changed, 434 examined...
007:     33 changed, 271 examined...
008:     12 changed, 164 examined...
009:      7 changed, 66 examined...
010:      1 changed, 39 examined...
011:      1 changed, 7 examined...
012:      0 changed, 8 examined...
10 labels changed using aseg
000: 273 total segments, 185 labels (2050 vertices) changed
001: 94 total segments, 7 labels (12 vertices) changed
002: 87 total segments, 0 labels (0 vertices) changed
10 filter iterations complete (10 requested, 52 changed)
rationalizing unknown annotations with cortex label
relabeling Medial_wall label...
1666 vertices marked for relabeling...
1666 labels changed in reclassification.
writing output to ../label/lh.aparc.a2009s.annot...
classification took 0 minutes and 15 seconds.
#-----------------------------------------
#@# Cortical Parc 3 lh Sun Mar  8 19:45:23 CET 2026
/out/sourcedata/freesurfer/sub-v1s14x0051558_ses-1/scripts

 mris_ca_label -l ../label/lh.cortex.label -aseg ../mri/aseg.presurf.mgz -seed 1234 sub-v1s14x0051558_ses-1 lh ../surf/lh.sphere.reg /opt/freesurfer/average/lh.DKTaparc.atlas.acfb40.noaparc.i12.2016-08-02.gcs ../label/lh.aparc.DKTatlas.annot 

setting seed for random number generator to 1234
using ../mri/aseg.presurf.mgz aseg volume to correct midline
7.3.2
  7.3.2
reading atlas from /opt/freesurfer/average/lh.DKTaparc.atlas.acfb40.noaparc.i12.2016-08-02.gcs...
reading color table from GCSA file....
average std = 1.4   using min determinant for regularization = 0.020
0 singular and 383 ill-conditioned covariance matrices regularized
input 0: MEAN CURVATURE, flags 0, avgs 5, name mean_curvature
labeling surface...
1561 labels changed using aseg
relabeling using gibbs priors...
000:   2333 changed, 156473 examined...
001:    552 changed, 10670 examined...
002:    142 changed, 3196 examined...
003:     48 changed, 840 examined...
004:     21 changed, 269 examined...
005:     16 changed, 123 examined...
006:      7 changed, 83 examined...
007:      7 changed, 40 examined...
008:      3 changed, 41 examined...
009:      2 changed, 22 examined...
010:      0 changed, 15 examined...
230 labels changed using aseg
000: 53 total segments, 20 labels (261 vertices) changed
001: 33 total segments, 0 labels (0 vertices) changed
10 filter iterations complete (10 requested, 14 changed)
rationalizing unknown annotations with cortex label
relabeling unknown label...
relabeling corpuscallosum label...
1182 vertices marked for relabeling...
1182 labels changed in reclassification.
writing output to ../label/lh.aparc.DKTatlas.annot...
classification took 0 minutes and 13 seconds.
#-----------------------------------------
#@# WM/GM Contrast lh Sun Mar  8 19:45:36 CET 2026
/out/sourcedata/freesurfer/sub-v1s14x0051558_ses-1/scripts

 pctsurfcon --s sub-v1s14x0051558_ses-1 --lh-only 

Log file is /out/sourcedata/freesurfer/sub-v1s14x0051558_ses-1/scripts/pctsurfcon.log
Sun Mar  8 19:45:36 CET 2026
setenv SUBJECTS_DIR /out/sourcedata/freesurfer
cd /out/sourcedata/freesurfer/sub-v1s14x0051558_ses-1/scripts
/opt/freesurfer/bin/pctsurfcon
pctsurfcon 7.3.2
Linux dna003 5.14.0-427.37.1.el9_4.x86_64 #1 SMP PREEMPT_DYNAMIC Fri Sep 13 12:41:50 EDT 2024 x86_64 x86_64 x86_64 GNU/Linux
FREESURFER_HOME /opt/freesurfer
mri_vol2surf --mov /out/sourcedata/freesurfer/sub-v1s14x0051558_ses-1/mri/rawavg.mgz --hemi lh --noreshape --interp trilinear --projdist -1 --o /out/sourcedata/freesurfer/sub-v1s14x0051558_ses-1/surf/tmp.pctsurfcon.471860/lh.wm.mgh --regheader sub-v1s14x0051558_ses-1 --cortex
srcvol = /out/sourcedata/freesurfer/sub-v1s14x0051558_ses-1/mri/rawavg.mgz
srcreg unspecified
srcregold = 0
srcwarp unspecified
surf = white
hemi = lh
ProjDist = -1
reshape = 0
interp = trilinear
float2int = round
GetProjMax = 0
INFO: float2int code = 0
Done loading volume
Computing registration from header.
  Using /out/sourcedata/freesurfer/sub-v1s14x0051558_ses-1/mri/orig.mgz as target reference.
-------- original matrix -----------
-0.99980   0.01877   0.00627   0.00006;
 0.00342  -0.14796   0.98899  -0.00002;
-0.01949  -0.98881  -0.14787   0.00002;
 0.00000   0.00000   0.00000   1.00000;
-------- original matrix -----------
Loading label /out/sourcedata/freesurfer/sub-v1s14x0051558_ses-1/label/lh.cortex.label
Reading surface /out/sourcedata/freesurfer/sub-v1s14x0051558_ses-1/surf/lh.white
Done reading source surface
Mapping Source Volume onto Source Subject Surface
Projecting -1 -1 1
 1 -1 -1 -1
using old
Done mapping volume to surface
Number of source voxels hit = 91433
Masking with /out/sourcedata/freesurfer/sub-v1s14x0051558_ses-1/label/lh.cortex.label
Writing to /out/sourcedata/freesurfer/sub-v1s14x0051558_ses-1/surf/tmp.pctsurfcon.471860/lh.wm.mgh
Dim: 156473 1 1
mri_vol2surf --mov /out/sourcedata/freesurfer/sub-v1s14x0051558_ses-1/mri/rawavg.mgz --hemi lh --noreshape --interp trilinear --o /out/sourcedata/freesurfer/sub-v1s14x0051558_ses-1/surf/tmp.pctsurfcon.471860/lh.gm.mgh --projfrac 0.3 --regheader sub-v1s14x0051558_ses-1 --cortex
srcvol = /out/sourcedata/freesurfer/sub-v1s14x0051558_ses-1/mri/rawavg.mgz
srcreg unspecified
srcregold = 0
srcwarp unspecified
surf = white
hemi = lh
ProjFrac = 0.3
thickness = thickness
reshape = 0
interp = trilinear
float2int = round
GetProjMax = 0
INFO: float2int code = 0
Done loading volume
Computing registration from header.
  Using /out/sourcedata/freesurfer/sub-v1s14x0051558_ses-1/mri/orig.mgz as target reference.
-------- original matrix -----------
-0.99980   0.01877   0.00627   0.00006;
 0.00342  -0.14796   0.98899  -0.00002;
-0.01949  -0.98881  -0.14787   0.00002;
 0.00000   0.00000   0.00000   1.00000;
-------- original matrix -----------
Loading label /out/sourcedata/freesurfer/sub-v1s14x0051558_ses-1/label/lh.cortex.label
Reading surface /out/sourcedata/freesurfer/sub-v1s14x0051558_ses-1/surf/lh.white
Done reading source surface
Reading thickness /out/sourcedata/freesurfer/sub-v1s14x0051558_ses-1/surf/lh.thickness
Done
Mapping Source Volume onto Source Subject Surface
Projecting 0.3 0.3 1
 1 0.3 0.3 0.3
using old
Done mapping volume to surface
Number of source voxels hit = 105096
Masking with /out/sourcedata/freesurfer/sub-v1s14x0051558_ses-1/label/lh.cortex.label
Writing to /out/sourcedata/freesurfer/sub-v1s14x0051558_ses-1/surf/tmp.pctsurfcon.471860/lh.gm.mgh
Dim: 156473 1 1
mri_concat /out/sourcedata/freesurfer/sub-v1s14x0051558_ses-1/surf/tmp.pctsurfcon.471860/lh.wm.mgh /out/sourcedata/freesurfer/sub-v1s14x0051558_ses-1/surf/tmp.pctsurfcon.471860/lh.gm.mgh --paired-diff-norm --mul 100 --o /out/sourcedata/freesurfer/sub-v1s14x0051558_ses-1/surf/lh.w-g.pct.mgh
ninputs = 2
Checking inputs
nframestot = 2
Allocing output
Done allocing
Combining pairs
nframes = 1
Multiplying by 100.000000
Writing to /out/sourcedata/freesurfer/sub-v1s14x0051558_ses-1/surf/lh.w-g.pct.mgh
mri_segstats --in /out/sourcedata/freesurfer/sub-v1s14x0051558_ses-1/surf/lh.w-g.pct.mgh --annot sub-v1s14x0051558_ses-1 lh aparc --sum /out/sourcedata/freesurfer/sub-v1s14x0051558_ses-1/stats/lh.w-g.pct.stats --snr

7.3.2
cwd 
cmdline mri_segstats --in /out/sourcedata/freesurfer/sub-v1s14x0051558_ses-1/surf/lh.w-g.pct.mgh --annot sub-v1s14x0051558_ses-1 lh aparc --sum /out/sourcedata/freesurfer/sub-v1s14x0051558_ses-1/stats/lh.w-g.pct.stats --snr 
sysname  Linux
hostname dna003
machine  x86_64
user     oesteban
whitesurfname  white
UseRobust  0
Constructing seg from annotation

Reading annotation /out/sourcedata/freesurfer/sub-v1s14x0051558_ses-1/label/lh.aparc.annot
Seg base 1000
Loading /out/sourcedata/freesurfer/sub-v1s14x0051558_ses-1/surf/lh.w-g.pct.mgh
Vertex Area is 0.674419 mm^3
Generating list of segmentation ids
Found  36 segmentations
Computing statistics for each segmentation

Reporting on  35 segmentations
Using PrintSegStat
mri_segstats done
Cleaning up

Started at Sun Mar 8 19:06:05 CET 2026 
Ended   at Sun Mar 8 19:45:42 CET 2026
#@#%# recon-all-run-time-hours 0.660
recon-all -s sub-v1s14x0051558_ses-1 finished without error at Sun Mar  8 19:45:42 CET 2026



#New# invocation of recon-all 




Sun Mar  8 20:24:38 CET 2026
cd /out/sourcedata/freesurfer/sub-v1s14x0051558_ses-1
setenv SUBJECTS_DIR /out/sourcedata/freesurfer
/opt/freesurfer/bin/recon-all -autorecon-hemi lh -nohyporelabel -lh-only -openmp 16 -subjid sub-v1s14x0051558_ses-1 -sd /out/sourcedata/freesurfer -notessellate -nosmooth1 -noinflate1 -noqsphere -nofix -nowhite -nosmooth2 -noinflate2 -nocurvHK -nocurvstats -nosphere -nosurfreg -nojacobian_white -noavgcurv -nocortparc -nopial -nocortparc2 -nocortparc3 -nopctsurfcon

subjid sub-v1s14x0051558_ses-1
setenv SUBJECTS_DIR /out/sourcedata/freesurfer
FREESURFER_HOME /opt/freesurfer
Actual FREESURFER_HOME /opt/freesurfer
build-stamp.txt: freesurfer-linux-ubuntu22_x86_64-7.3.2-20220804-6354275
Linux dna003 5.14.0-427.37.1.el9_4.x86_64 #1 SMP PREEMPT_DYNAMIC Fri Sep 13 12:41:50 EDT 2024 x86_64 x86_64 x86_64 GNU/Linux
cputime      unlimited
filesize     unlimited
datasize     unlimited
stacksize    8192 kbytes
coredumpsize 0 kbytes
memoryuse    67108864 kbytes
vmemoryuse   unlimited
descriptors  1024 
memorylocked unlimited
maxproc      2061970 
maxlocks     unlimited
maxsignal    2061970 
maxmessage   819200 
maxnice      0 
maxrtprio    0 
maxrttime    unlimited

               total        used        free      shared  buff/cache   available
Mem:           503Gi        38Gi       440Gi        15Gi        24Gi       446Gi
Swap:             0B          0B          0B

########################################
program versions used
7.3.2 (freesurfer-linux-ubuntu22_x86_64-7.3.2-20220804-6354275)
7.3.2

ProgramName: lta_convert  ProgramArguments: lta_convert -all-info  ProgramVersion: 7.3.2  TimeStamp: 2026/03/08-19:24:38-GMT  BuildTime: Aug  4 2022 06:17:15  BuildStamp: freesurfer-linux-ubuntu22_x86_64-7.3.2-20220804-6354275  User: oesteban  Machine: dna003  Platform: Linux  PlatformVersion: 5.14.0-427.37.1.el9_4.x86_64  CompilerName: GCC  CompilerVersion: 8.4.0
ProgramName: mri_and  ProgramArguments: mri_and -all-info  ProgramVersion: 7.3.2  TimeStamp: 2026/03/08-19:24:38-GMT  BuildTime: Aug  4 2022 06:17:15  BuildStamp: freesurfer-linux-ubuntu22_x86_64-7.3.2-20220804-6354275  User: oesteban  Machine: dna003  Platform: Linux  PlatformVersion: 5.14.0-427.37.1.el9_4.x86_64  CompilerName: GCC  CompilerVersion: 8.4.0
ProgramName: mri_annotation2label  ProgramArguments: mri_annotation2label -all-info  ProgramVersion: 7.3.2  TimeStamp: 2026/03/08-19:24:38-GMT  BuildTime: Aug  4 2022 06:17:15  BuildStamp: freesurfer-linux-ubuntu22_x86_64-7.3.2-20220804-6354275  User: oesteban  Machine: dna003  Platform: Linux  PlatformVersion: 5.14.0-427.37.1.el9_4.x86_64  CompilerName: GCC  CompilerVersion: 8.4.0
ProgramName: mri_aparc2aseg  ProgramArguments: mri_aparc2aseg -all-info  ProgramVersion: 7.3.2  TimeStamp: 2026/03/08-19:24:38-GMT  BuildTime: Aug  4 2022 06:17:15  BuildStamp: freesurfer-linux-ubuntu22_x86_64-7.3.2-20220804-6354275  User: oesteban  Machine: dna003  Platform: Linux  PlatformVersion: 5.14.0-427.37.1.el9_4.x86_64  CompilerName: GCC  CompilerVersion: 8.4.0
ProgramName: mri_surf2volseg  ProgramArguments: mri_surf2volseg -all-info  ProgramVersion: 7.3.2  TimeStamp: 2026/03/08-19:24:38-GMT  BuildTime: Aug  4 2022 06:17:15  BuildStamp: freesurfer-linux-ubuntu22_x86_64-7.3.2-20220804-6354275  User: oesteban  Machine: dna003  Platform: Linux  PlatformVersion: 5.14.0-427.37.1.el9_4.x86_64  CompilerName: GCC  CompilerVersion: 8.4.0
ProgramName: mri_binarize  ProgramArguments: mri_binarize -all-info  ProgramVersion: 7.3.2  TimeStamp: 2026/03/08-19:24:38-GMT  BuildTime: Aug  4 2022 06:17:15  BuildStamp: freesurfer-linux-ubuntu22_x86_64-7.3.2-20220804-6354275  User: oesteban  Machine: dna003  Platform: Linux  PlatformVersion: 5.14.0-427.37.1.el9_4.x86_64  CompilerName: GCC  CompilerVersion: 8.4.0
ProgramName: mri_ca_label  ProgramArguments: mri_ca_label -all-info  ProgramVersion: 7.3.2  TimeStamp: 2026/03/08-19:24:38-GMT  BuildTime: Aug  4 2022 06:17:15  BuildStamp: freesurfer-linux-ubuntu22_x86_64-7.3.2-20220804-6354275  User: oesteban  Machine: dna003  Platform: Linux  PlatformVersion: 5.14.0-427.37.1.el9_4.x86_64  CompilerName: GCC  CompilerVersion: 8.4.0
ProgramName: mri_ca_normalize  ProgramArguments: mri_ca_normalize -all-info  ProgramVersion: 7.3.2  TimeStamp: 2026/03/08-19:24:38-GMT  BuildTime: Aug  4 2022 06:17:15  BuildStamp: freesurfer-linux-ubuntu22_x86_64-7.3.2-20220804-6354275  User: oesteban  Machine: dna003  Platform: Linux  PlatformVersion: 5.14.0-427.37.1.el9_4.x86_64  CompilerName: GCC  CompilerVersion: 8.4.0
ProgramName: mri_ca_register  ProgramArguments: mri_ca_register -all-info  ProgramVersion: 7.3.2  TimeStamp: 2026/03/08-19:24:38-GMT  BuildTime: Aug  4 2022 06:17:15  BuildStamp: freesurfer-linux-ubuntu22_x86_64-7.3.2-20220804-6354275  User: oesteban  Machine: dna003  Platform: Linux  PlatformVersion: 5.14.0-427.37.1.el9_4.x86_64  CompilerName: GCC  CompilerVersion: 8.4.0
ProgramName: mri_cc  ProgramArguments: mri_cc -all-info  ProgramVersion: 7.3.2  TimeStamp: 2026/03/08-19:24:38-GMT  BuildTime: Aug  4 2022 06:17:15  BuildStamp: freesurfer-linux-ubuntu22_x86_64-7.3.2-20220804-6354275  User: oesteban  Machine: dna003  Platform: Linux  PlatformVersion: 5.14.0-427.37.1.el9_4.x86_64  CompilerName: GCC  CompilerVersion: 8.4.0
ProgramName: mri_compute_overlap  ProgramArguments: mri_compute_overlap -all-info  ProgramVersion: 7.3.2  TimeStamp: 2026/03/08-19:24:38-GMT  BuildTime: Aug  4 2022 06:17:15  BuildStamp: freesurfer-linux-ubuntu22_x86_64-7.3.2-20220804-6354275  User: oesteban  Machine: dna003  Platform: Linux  PlatformVersion: 5.14.0-427.37.1.el9_4.x86_64  CompilerName: GCC  CompilerVersion: 8.4.0
ProgramName: mri_compute_seg_overlap  ProgramArguments: mri_compute_seg_overlap -all-info  ProgramVersion: 7.3.2  TimeStamp: 2026/03/08-19:24:38-GMT  BuildTime: Aug  4 2022 06:17:15  BuildStamp: freesurfer-linux-ubuntu22_x86_64-7.3.2-20220804-6354275  User: oesteban  Machine: dna003  Platform: Linux  PlatformVersion: 5.14.0-427.37.1.el9_4.x86_64  CompilerName: GCC  CompilerVersion: 8.4.0
ProgramName: mri_concat  ProgramArguments: mri_concat -all-info  ProgramVersion: 7.3.2  TimeStamp: 2026/03/08-19:24:38-GMT  BuildTime: Aug  4 2022 06:17:15  BuildStamp: freesurfer-linux-ubuntu22_x86_64-7.3.2-20220804-6354275  User: oesteban  Machine: dna003  Platform: Linux  PlatformVersion: 5.14.0-427.37.1.el9_4.x86_64  CompilerName: GCC  CompilerVersion: 8.4.0
ProgramName: mri_concatenate_lta  ProgramArguments: mri_concatenate_lta -all-info  ProgramVersion: 7.3.2  TimeStamp: 2026/03/08-19:24:38-GMT  BuildTime: Aug  4 2022 06:17:15  BuildStamp: freesurfer-linux-ubuntu22_x86_64-7.3.2-20220804-6354275  User: oesteban  Machine: dna003  Platform: Linux  PlatformVersion: 5.14.0-427.37.1.el9_4.x86_64  CompilerName: GCC  CompilerVersion: 8.4.0
mri_convert -all-info 
ProgramName: mri_convert  ProgramArguments: mri_convert -all-info  ProgramVersion: 7.3.2  TimeStamp: 2026/03/08-19:24:38-GMT  BuildTime: Aug  4 2022 06:17:15  BuildStamp: freesurfer-linux-ubuntu22_x86_64-7.3.2-20220804-6354275  User: oesteban  Machine: dna003  Platform: Linux  PlatformVersion: 5.14.0-427.37.1.el9_4.x86_64  CompilerName: GCC  CompilerVersion: 8.4.0
ProgramName: mri_diff  ProgramArguments: mri_diff -all-info  ProgramVersion: 7.3.2  TimeStamp: 2026/03/08-19:24:38-GMT  BuildTime: Aug  4 2022 06:17:15  BuildStamp: freesurfer-linux-ubuntu22_x86_64-7.3.2-20220804-6354275  User: oesteban  Machine: dna003  Platform: Linux  PlatformVersion: 5.14.0-427.37.1.el9_4.x86_64  CompilerName: GCC  CompilerVersion: 8.4.0
ProgramName: mri_edit_wm_with_aseg  ProgramArguments: mri_edit_wm_with_aseg -all-info  ProgramVersion: 7.3.2  TimeStamp: 2026/03/08-19:24:38-GMT  BuildTime: Aug  4 2022 06:17:15  BuildStamp: freesurfer-linux-ubuntu22_x86_64-7.3.2-20220804-6354275  User: oesteban  Machine: dna003  Platform: Linux  PlatformVersion: 5.14.0-427.37.1.el9_4.x86_64  CompilerName: GCC  CompilerVersion: 8.4.0
ProgramName: mri_em_register  ProgramArguments: mri_em_register -all-info  ProgramVersion: 7.3.2  TimeStamp: 2026/03/08-19:24:38-GMT  BuildTime: Aug  4 2022 06:17:15  BuildStamp: freesurfer-linux-ubuntu22_x86_64-7.3.2-20220804-6354275  User: oesteban  Machine: dna003  Platform: Linux  PlatformVersion: 5.14.0-427.37.1.el9_4.x86_64  CompilerName: GCC  CompilerVersion: 8.4.0
ProgramName: mri_fill  ProgramArguments: mri_fill -all-info  ProgramVersion: 7.3.2  TimeStamp: 2026/03/08-19:24:38-GMT  BuildTime: Aug  4 2022 06:17:15  BuildStamp: freesurfer-linux-ubuntu22_x86_64-7.3.2-20220804-6354275  User: oesteban  Machine: dna003  Platform: Linux  PlatformVersion: 5.14.0-427.37.1.el9_4.x86_64  CompilerName: GCC  CompilerVersion: 8.4.0
ProgramName: mri_fuse_segmentations  ProgramArguments: mri_fuse_segmentations -all-info  ProgramVersion: 7.3.2  TimeStamp: 2026/03/08-19:24:38-GMT  BuildTime: Aug  4 2022 06:17:15  BuildStamp: freesurfer-linux-ubuntu22_x86_64-7.3.2-20220804-6354275  User: oesteban  Machine: dna003  Platform: Linux  PlatformVersion: 5.14.0-427.37.1.el9_4.x86_64  CompilerName: GCC  CompilerVersion: 8.4.0
ProgramName: mri_fwhm  ProgramArguments: mri_fwhm -all-info  ProgramVersion: 7.3.2  TimeStamp: 2026/03/08-19:24:38-GMT  BuildTime: Aug  4 2022 06:17:15  BuildStamp: freesurfer-linux-ubuntu22_x86_64-7.3.2-20220804-6354275  User: oesteban  Machine: dna003  Platform: Linux  PlatformVersion: 5.14.0-427.37.1.el9_4.x86_64  CompilerName: GCC  CompilerVersion: 8.4.0
ProgramName: mri_gcut  ProgramArguments: mri_gcut -all-info  ProgramVersion: 7.3.2  TimeStamp: 2026/03/08-19:24:38-GMT  BuildTime: Aug  4 2022 06:17:15  BuildStamp: freesurfer-linux-ubuntu22_x86_64-7.3.2-20220804-6354275  User: oesteban  Machine: dna003  Platform: Linux  PlatformVersion: 5.14.0-427.37.1.el9_4.x86_64  CompilerName: GCC  CompilerVersion: 8.4.0
ProgramName: mri_info  ProgramArguments: mri_info -all-info  ProgramVersion: 7.3.2  TimeStamp: 2026/03/08-19:24:38-GMT  BuildTime: Aug  4 2022 06:17:15  BuildStamp: freesurfer-linux-ubuntu22_x86_64-7.3.2-20220804-6354275  User: oesteban  Machine: dna003  Platform: Linux  PlatformVersion: 5.14.0-427.37.1.el9_4.x86_64  CompilerName: GCC  CompilerVersion: 8.4.0
ProgramName: mri_label2label  ProgramArguments: mri_label2label -all-info  ProgramVersion: 7.3.2  TimeStamp: 2026/03/08-19:24:38-GMT  BuildTime: Aug  4 2022 06:17:15  BuildStamp: freesurfer-linux-ubuntu22_x86_64-7.3.2-20220804-6354275  User: oesteban  Machine: dna003  Platform: Linux  PlatformVersion: 5.14.0-427.37.1.el9_4.x86_64  CompilerName: GCC  CompilerVersion: 8.4.0
ProgramName: mri_label2vol  ProgramArguments: mri_label2vol -all-info  ProgramVersion: 7.3.2  TimeStamp: 2026/03/08-19:24:38-GMT  BuildTime: Aug  4 2022 06:17:15  BuildStamp: freesurfer-linux-ubuntu22_x86_64-7.3.2-20220804-6354275  User: oesteban  Machine: dna003  Platform: Linux  PlatformVersion: 5.14.0-427.37.1.el9_4.x86_64  CompilerName: GCC  CompilerVersion: 8.4.0
ProgramName: mri_log_likelihood  ProgramArguments: mri_log_likelihood -all-info  ProgramVersion: 7.3.2  TimeStamp: 2026/03/08-19:24:38-GMT  BuildTime: Aug  4 2022 06:17:15  BuildStamp: freesurfer-linux-ubuntu22_x86_64-7.3.2-20220804-6354275  User: oesteban  Machine: dna003  Platform: Linux  PlatformVersion: 5.14.0-427.37.1.el9_4.x86_64  CompilerName: GCC  CompilerVersion: 8.4.0
ProgramName: mri_mask  ProgramArguments: mri_mask -all-info  ProgramVersion: 7.3.2  TimeStamp: 2026/03/08-19:24:38-GMT  BuildTime: Aug  4 2022 06:17:15  BuildStamp: freesurfer-linux-ubuntu22_x86_64-7.3.2-20220804-6354275  User: oesteban  Machine: dna003  Platform: Linux  PlatformVersion: 5.14.0-427.37.1.el9_4.x86_64  CompilerName: GCC  CompilerVersion: 8.4.0
ProgramName: mri_matrix_multiply  ProgramArguments: mri_matrix_multiply -all-info  ProgramVersion: 7.3.2  TimeStamp: 2026/03/08-19:24:38-GMT  BuildTime: Aug  4 2022 06:17:15  BuildStamp: freesurfer-linux-ubuntu22_x86_64-7.3.2-20220804-6354275  User: oesteban  Machine: dna003  Platform: Linux  PlatformVersion: 5.14.0-427.37.1.el9_4.x86_64  CompilerName: GCC  CompilerVersion: 8.4.0
ProgramName: mri_normalize  ProgramArguments: mri_normalize -all-info  ProgramVersion: 7.3.2  TimeStamp: 2026/03/08-19:24:38-GMT  BuildTime: Aug  4 2022 06:17:15  BuildStamp: freesurfer-linux-ubuntu22_x86_64-7.3.2-20220804-6354275  User: oesteban  Machine: dna003  Platform: Linux  PlatformVersion: 5.14.0-427.37.1.el9_4.x86_64  CompilerName: GCC  CompilerVersion: 8.4.0
ProgramName: mri_normalize_tp2  ProgramArguments: mri_normalize_tp2 -all-info  ProgramVersion: 7.3.2  TimeStamp: 2026/03/08-19:24:38-GMT  BuildTime: Aug  4 2022 06:17:15  BuildStamp: freesurfer-linux-ubuntu22_x86_64-7.3.2-20220804-6354275  User: oesteban  Machine: dna003  Platform: Linux  PlatformVersion: 5.14.0-427.37.1.el9_4.x86_64  CompilerName: GCC  CompilerVersion: 8.4.0
ProgramName: mri_or  ProgramArguments: mri_or -all-info  ProgramVersion: 7.3.2  TimeStamp: 2026/03/08-19:24:38-GMT  BuildTime: Aug  4 2022 06:17:15  BuildStamp: freesurfer-linux-ubuntu22_x86_64-7.3.2-20220804-6354275  User: oesteban  Machine: dna003  Platform: Linux  PlatformVersion: 5.14.0-427.37.1.el9_4.x86_64  CompilerName: GCC  CompilerVersion: 8.4.0
ProgramName: mri_relabel_hypointensities  ProgramArguments: mri_relabel_hypointensities -all-info  ProgramVersion: 7.3.2  TimeStamp: 2026/03/08-19:24:38-GMT  BuildTime: Aug  4 2022 06:17:15  BuildStamp: freesurfer-linux-ubuntu22_x86_64-7.3.2-20220804-6354275  User: oesteban  Machine: dna003  Platform: Linux  PlatformVersion: 5.14.0-427.37.1.el9_4.x86_64  CompilerName: GCC  CompilerVersion: 8.4.0
ProgramName: mri_relabel_nonwm_hypos  ProgramArguments: mri_relabel_nonwm_hypos -all-info  ProgramVersion: 7.3.2  TimeStamp: 2026/03/08-19:24:38-GMT  BuildTime: Aug  4 2022 06:17:15  BuildStamp: freesurfer-linux-ubuntu22_x86_64-7.3.2-20220804-6354275  User: oesteban  Machine: dna003  Platform: Linux  PlatformVersion: 5.14.0-427.37.1.el9_4.x86_64  CompilerName: GCC  CompilerVersion: 8.4.0
ProgramName: mri_remove_neck  ProgramArguments: mri_remove_neck -all-info  ProgramVersion: 7.3.2  TimeStamp: 2026/03/08-19:24:38-GMT  BuildTime: Aug  4 2022 06:17:15  BuildStamp: freesurfer-linux-ubuntu22_x86_64-7.3.2-20220804-6354275  User: oesteban  Machine: dna003  Platform: Linux  PlatformVersion: 5.14.0-427.37.1.el9_4.x86_64  CompilerName: GCC  CompilerVersion: 8.4.0
7.3.2

ProgramName: mri_robust_register  ProgramArguments: mri_robust_register -all-info  ProgramVersion: 7.3.2  TimeStamp: 2026/03/08-19:24:38-GMT  BuildTime: Aug  4 2022 06:17:15  BuildStamp: freesurfer-linux-ubuntu22_x86_64-7.3.2-20220804-6354275  User: oesteban  Machine: dna003  Platform: Linux  PlatformVersion: 5.14.0-427.37.1.el9_4.x86_64  CompilerName: GCC  CompilerVersion: 8.4.0
7.3.2

ProgramName: mri_robust_template  ProgramArguments: mri_robust_template -all-info  ProgramVersion: 7.3.2  TimeStamp: 2026/03/08-19:24:38-GMT  BuildTime: Aug  4 2022 06:17:15  BuildStamp: freesurfer-linux-ubuntu22_x86_64-7.3.2-20220804-6354275  User: oesteban  Machine: dna003  Platform: Linux  PlatformVersion: 5.14.0-427.37.1.el9_4.x86_64  CompilerName: GCC  CompilerVersion: 8.4.0
ProgramName: mris_anatomical_stats  ProgramArguments: mris_anatomical_stats -all-info  ProgramVersion: 7.3.2  TimeStamp: 2026/03/08-19:24:38-GMT  BuildTime: Aug  4 2022 06:17:15  BuildStamp: freesurfer-linux-ubuntu22_x86_64-7.3.2-20220804-6354275  User: oesteban  Machine: dna003  Platform: Linux  PlatformVersion: 5.14.0-427.37.1.el9_4.x86_64  CompilerName: GCC  CompilerVersion: 8.4.0
ProgramName: mris_ca_label  ProgramArguments: mris_ca_label -all-info  ProgramVersion: 7.3.2  TimeStamp: 2026/03/08-19:24:38-GMT  BuildTime: Aug  4 2022 06:17:15  BuildStamp: freesurfer-linux-ubuntu22_x86_64-7.3.2-20220804-6354275  User: oesteban  Machine: dna003  Platform: Linux  PlatformVersion: 5.14.0-427.37.1.el9_4.x86_64  CompilerName: GCC  CompilerVersion: 8.4.0
ProgramName: mris_calc  ProgramArguments: mris_calc -all-info  ProgramVersion: 7.3.2  TimeStamp: 2026/03/08-19:24:38-GMT  BuildTime: Aug  4 2022 06:17:15  BuildStamp: freesurfer-linux-ubuntu22_x86_64-7.3.2-20220804-6354275  User: oesteban  Machine: dna003  Platform: Linux  PlatformVersion: 5.14.0-427.37.1.el9_4.x86_64  CompilerName: GCC  CompilerVersion: 8.4.0
ProgramName: mris_convert  ProgramArguments: mris_convert -all-info  ProgramVersion: 7.3.2  TimeStamp: 2026/03/08-19:24:38-GMT  BuildTime: Aug  4 2022 06:17:15  BuildStamp: freesurfer-linux-ubuntu22_x86_64-7.3.2-20220804-6354275  User: oesteban  Machine: dna003  Platform: Linux  PlatformVersion: 5.14.0-427.37.1.el9_4.x86_64  CompilerName: GCC  CompilerVersion: 8.4.0
ProgramName: mris_curvature  ProgramArguments: mris_curvature -all-info  ProgramVersion: 7.3.2  TimeStamp: 2026/03/08-19:24:38-GMT  BuildTime: Aug  4 2022 06:17:15  BuildStamp: freesurfer-linux-ubuntu22_x86_64-7.3.2-20220804-6354275  User: oesteban  Machine: dna003  Platform: Linux  PlatformVersion: 5.14.0-427.37.1.el9_4.x86_64  CompilerName: GCC  CompilerVersion: 8.4.0
ProgramName: mris_curvature_stats  ProgramArguments: mris_curvature_stats -all-info  ProgramVersion: 7.3.2  TimeStamp: 2026/03/08-19:24:38-GMT  BuildTime: Aug  4 2022 06:17:15  BuildStamp: freesurfer-linux-ubuntu22_x86_64-7.3.2-20220804-6354275  User: oesteban  Machine: dna003  Platform: Linux  PlatformVersion: 5.14.0-427.37.1.el9_4.x86_64  CompilerName: GCC  CompilerVersion: 8.4.0
ProgramName: mris_diff  ProgramArguments: mris_diff -all-info  ProgramVersion: 7.3.2  TimeStamp: 2026/03/08-19:24:38-GMT  BuildTime: Aug  4 2022 06:17:15  BuildStamp: freesurfer-linux-ubuntu22_x86_64-7.3.2-20220804-6354275  User: oesteban  Machine: dna003  Platform: Linux  PlatformVersion: 5.14.0-427.37.1.el9_4.x86_64  CompilerName: GCC  CompilerVersion: 8.4.0
ProgramName: mris_divide_parcellation  ProgramArguments: mris_divide_parcellation -all-info  ProgramVersion: 7.3.2  TimeStamp: 2026/03/08-19:24:38-GMT  BuildTime: Aug  4 2022 06:17:15  BuildStamp: freesurfer-linux-ubuntu22_x86_64-7.3.2-20220804-6354275  User: oesteban  Machine: dna003  Platform: Linux  PlatformVersion: 5.14.0-427.37.1.el9_4.x86_64  CompilerName: GCC  CompilerVersion: 8.4.0
ProgramName: mri_segment  ProgramArguments: mri_segment -all-info  ProgramVersion: 7.3.2  TimeStamp: 2026/03/08-19:24:38-GMT  BuildTime: Aug  4 2022 06:17:15  BuildStamp: freesurfer-linux-ubuntu22_x86_64-7.3.2-20220804-6354275  User: oesteban  Machine: dna003  Platform: Linux  PlatformVersion: 5.14.0-427.37.1.el9_4.x86_64  CompilerName: GCC  CompilerVersion: 8.4.0
ProgramName: mri_segstats  ProgramArguments: mri_segstats -all-info  ProgramVersion: 7.3.2  TimeStamp: 2026/03/08-19:24:38-GMT  BuildTime: Aug  4 2022 06:17:15  BuildStamp: freesurfer-linux-ubuntu22_x86_64-7.3.2-20220804-6354275  User: oesteban  Machine: dna003  Platform: Linux  PlatformVersion: 5.14.0-427.37.1.el9_4.x86_64  CompilerName: GCC  CompilerVersion: 8.4.0
ProgramName: mris_euler_number  ProgramArguments: mris_euler_number -all-info  ProgramVersion: 7.3.2  TimeStamp: 2026/03/08-19:24:38-GMT  BuildTime: Aug  4 2022 06:17:15  BuildStamp: freesurfer-linux-ubuntu22_x86_64-7.3.2-20220804-6354275  User: oesteban  Machine: dna003  Platform: Linux  PlatformVersion: 5.14.0-427.37.1.el9_4.x86_64  CompilerName: GCC  CompilerVersion: 8.4.0
ProgramName: mris_fix_topology  ProgramArguments: mris_fix_topology -all-info  ProgramVersion: 7.3.2  TimeStamp: 2026/03/08-19:24:38-GMT  BuildTime: Aug  4 2022 06:17:15  BuildStamp: freesurfer-linux-ubuntu22_x86_64-7.3.2-20220804-6354275  User: oesteban  Machine: dna003  Platform: Linux  PlatformVersion: 5.14.0-427.37.1.el9_4.x86_64  CompilerName: GCC  CompilerVersion: 8.4.0
ProgramName: mris_topo_fixer  ProgramArguments: mris_topo_fixer -all-info  ProgramVersion: 7.3.2  TimeStamp: 2026/03/08-19:24:38-GMT  BuildTime: Aug  4 2022 06:17:15  BuildStamp: freesurfer-linux-ubuntu22_x86_64-7.3.2-20220804-6354275  User: oesteban  Machine: dna003  Platform: Linux  PlatformVersion: 5.14.0-427.37.1.el9_4.x86_64  CompilerName: GCC  CompilerVersion: 8.4.0
ProgramName: mris_jacobian  ProgramArguments: mris_jacobian -all-info  ProgramVersion: 7.3.2  TimeStamp: 2026/03/08-19:24:38-GMT  BuildTime: Aug  4 2022 06:17:15  BuildStamp: freesurfer-linux-ubuntu22_x86_64-7.3.2-20220804-6354275  User: oesteban  Machine: dna003  Platform: Linux  PlatformVersion: 5.14.0-427.37.1.el9_4.x86_64  CompilerName: GCC  CompilerVersion: 8.4.0
ProgramName: mris_label2annot  ProgramArguments: mris_label2annot -all-info  ProgramVersion: 7.3.2  TimeStamp: 2026/03/08-19:24:38-GMT  BuildTime: Aug  4 2022 06:17:15  BuildStamp: freesurfer-linux-ubuntu22_x86_64-7.3.2-20220804-6354275  User: oesteban  Machine: dna003  Platform: Linux  PlatformVersion: 5.14.0-427.37.1.el9_4.x86_64  CompilerName: GCC  CompilerVersion: 8.4.0
ProgramName: mris_left_right_register  ProgramArguments: mris_left_right_register -all-info  ProgramVersion: 7.3.2  TimeStamp: 2026/03/08-19:24:38-GMT  BuildTime: Aug  4 2022 06:17:15  BuildStamp: freesurfer-linux-ubuntu22_x86_64-7.3.2-20220804-6354275  User: oesteban  Machine: dna003  Platform: Linux  PlatformVersion: 5.14.0-427.37.1.el9_4.x86_64  CompilerName: GCC  CompilerVersion: 8.4.0
ProgramName: mris_place_surface  ProgramArguments: mris_place_surface -all-info  ProgramVersion: 7.3.2  TimeStamp: 2026/03/08-19:24:38-GMT  BuildTime: Aug  4 2022 06:17:15  BuildStamp: freesurfer-linux-ubuntu22_x86_64-7.3.2-20220804-6354275  User: oesteban  Machine: dna003  Platform: Linux  PlatformVersion: 5.14.0-427.37.1.el9_4.x86_64  CompilerName: GCC  CompilerVersion: 8.4.0
ProgramName: mrisp_paint  ProgramArguments: mrisp_paint -all-info  ProgramVersion: 7.3.2  TimeStamp: 2026/03/08-19:24:38-GMT  BuildTime: Aug  4 2022 06:17:15  BuildStamp: freesurfer-linux-ubuntu22_x86_64-7.3.2-20220804-6354275  User: oesteban  Machine: dna003  Platform: Linux  PlatformVersion: 5.14.0-427.37.1.el9_4.x86_64  CompilerName: GCC  CompilerVersion: 8.4.0
ProgramName: mris_register  ProgramArguments: mris_register -all-info  ProgramVersion: 7.3.2  TimeStamp: 2026/03/08-19:24:38-GMT  BuildTime: Aug  4 2022 06:17:15  BuildStamp: freesurfer-linux-ubuntu22_x86_64-7.3.2-20220804-6354275  User: oesteban  Machine: dna003  Platform: Linux  PlatformVersion: 5.14.0-427.37.1.el9_4.x86_64  CompilerName: GCC  CompilerVersion: 8.4.0
ProgramName: mris_smooth  ProgramArguments: mris_smooth -all-info  ProgramVersion: 7.3.2  TimeStamp: 2026/03/08-19:24:38-GMT  BuildTime: Aug  4 2022 06:17:15  BuildStamp: freesurfer-linux-ubuntu22_x86_64-7.3.2-20220804-6354275  User: oesteban  Machine: dna003  Platform: Linux  PlatformVersion: 5.14.0-427.37.1.el9_4.x86_64  CompilerName: GCC  CompilerVersion: 8.4.0
ProgramName: mris_sphere  ProgramArguments: mris_sphere -all-info  ProgramVersion: 7.3.2  TimeStamp: 2026/03/08-19:24:38-GMT  BuildTime: Aug  4 2022 06:17:15  BuildStamp: freesurfer-linux-ubuntu22_x86_64-7.3.2-20220804-6354275  User: oesteban  Machine: dna003  Platform: Linux  PlatformVersion: 5.14.0-427.37.1.el9_4.x86_64  CompilerName: GCC  CompilerVersion: 8.4.0
ProgramName: mris_surface_stats  ProgramArguments: mris_surface_stats -all-info  ProgramVersion: 7.3.2  TimeStamp: 2026/03/08-19:24:38-GMT  BuildTime: Aug  4 2022 06:17:15  BuildStamp: freesurfer-linux-ubuntu22_x86_64-7.3.2-20220804-6354275  User: oesteban  Machine: dna003  Platform: Linux  PlatformVersion: 5.14.0-427.37.1.el9_4.x86_64  CompilerName: GCC  CompilerVersion: 8.4.0
ProgramName: mri_stats2seg  ProgramArguments: mri_stats2seg -all-info  ProgramVersion: 7.3.2  TimeStamp: 2026/03/08-19:24:38-GMT  BuildTime: Aug  4 2022 06:17:15  BuildStamp: freesurfer-linux-ubuntu22_x86_64-7.3.2-20220804-6354275  User: oesteban  Machine: dna003  Platform: Linux  PlatformVersion: 5.14.0-427.37.1.el9_4.x86_64  CompilerName: GCC  CompilerVersion: 8.4.0
ProgramName: mris_thickness  ProgramArguments: mris_thickness -all-info  ProgramVersion: 7.3.2  TimeStamp: 2026/03/08-19:24:38-GMT  BuildTime: Aug  4 2022 06:17:15  BuildStamp: freesurfer-linux-ubuntu22_x86_64-7.3.2-20220804-6354275  User: oesteban  Machine: dna003  Platform: Linux  PlatformVersion: 5.14.0-427.37.1.el9_4.x86_64  CompilerName: GCC  CompilerVersion: 8.4.0
ProgramName: mris_thickness_diff  ProgramArguments: mris_thickness_diff -all-info  ProgramVersion: 7.3.2  TimeStamp: 2026/03/08-19:24:38-GMT  BuildTime: Aug  4 2022 06:17:15  BuildStamp: freesurfer-linux-ubuntu22_x86_64-7.3.2-20220804-6354275  User: oesteban  Machine: dna003  Platform: Linux  PlatformVersion: 5.14.0-427.37.1.el9_4.x86_64  CompilerName: GCC  CompilerVersion: 8.4.0
ProgramName: mris_topo_fixer  ProgramArguments: mris_topo_fixer -all-info  ProgramVersion: 7.3.2  TimeStamp: 2026/03/08-19:24:38-GMT  BuildTime: Aug  4 2022 06:17:15  BuildStamp: freesurfer-linux-ubuntu22_x86_64-7.3.2-20220804-6354275  User: oesteban  Machine: dna003  Platform: Linux  PlatformVersion: 5.14.0-427.37.1.el9_4.x86_64  CompilerName: GCC  CompilerVersion: 8.4.0
ProgramName: mri_surf2surf  ProgramArguments: mri_surf2surf -all-info  ProgramVersion: 7.3.2  TimeStamp: 2026/03/08-19:24:38-GMT  BuildTime: Aug  4 2022 06:17:15  BuildStamp: freesurfer-linux-ubuntu22_x86_64-7.3.2-20220804-6354275  User: oesteban  Machine: dna003  Platform: Linux  PlatformVersion: 5.14.0-427.37.1.el9_4.x86_64  CompilerName: GCC  CompilerVersion: 8.4.0
ProgramName: mri_surf2vol  ProgramArguments: mri_surf2vol -all-info  ProgramVersion: 7.3.2  TimeStamp: 2026/03/08-19:24:38-GMT  BuildTime: Aug  4 2022 06:17:15  BuildStamp: freesurfer-linux-ubuntu22_x86_64-7.3.2-20220804-6354275  User: oesteban  Machine: dna003  Platform: Linux  PlatformVersion: 5.14.0-427.37.1.el9_4.x86_64  CompilerName: GCC  CompilerVersion: 8.4.0
ProgramName: mri_surfcluster  ProgramArguments: mri_surfcluster -all-info  ProgramVersion: 7.3.2  TimeStamp: 2026/03/08-19:24:38-GMT  BuildTime: Aug  4 2022 06:17:15  BuildStamp: freesurfer-linux-ubuntu22_x86_64-7.3.2-20220804-6354275  User: oesteban  Machine: dna003  Platform: Linux  PlatformVersion: 5.14.0-427.37.1.el9_4.x86_64  CompilerName: GCC  CompilerVersion: 8.4.0
ProgramName: mris_volmask  ProgramArguments: mris_volmask -all-info  ProgramVersion: 7.3.2  TimeStamp: 2026/03/08-19:24:38-GMT  BuildTime: Aug  4 2022 06:17:15  BuildStamp: freesurfer-linux-ubuntu22_x86_64-7.3.2-20220804-6354275  User: oesteban  Machine: dna003  Platform: Linux  PlatformVersion: 5.14.0-427.37.1.el9_4.x86_64  CompilerName: GCC  CompilerVersion: 8.4.0
ProgramName: mri_tessellate  ProgramArguments: mri_tessellate -all-info  ProgramVersion: 7.3.2  TimeStamp: 2026/03/08-19:24:38-GMT  BuildTime: Aug  4 2022 06:17:15  BuildStamp: freesurfer-linux-ubuntu22_x86_64-7.3.2-20220804-6354275  User: oesteban  Machine: dna003  Platform: Linux  PlatformVersion: 5.14.0-427.37.1.el9_4.x86_64  CompilerName: GCC  CompilerVersion: 8.4.0
ProgramName: mri_vol2surf  ProgramArguments: mri_vol2surf -all-info  ProgramVersion: 7.3.2  TimeStamp: 2026/03/08-19:24:38-GMT  BuildTime: Aug  4 2022 06:17:15  BuildStamp: freesurfer-linux-ubuntu22_x86_64-7.3.2-20220804-6354275  User: oesteban  Machine: dna003  Platform: Linux  PlatformVersion: 5.14.0-427.37.1.el9_4.x86_64  CompilerName: GCC  CompilerVersion: 8.4.0
ProgramName: mri_vol2vol  ProgramArguments: mri_vol2vol -all-info  ProgramVersion: 7.3.2  TimeStamp: 2026/03/08-19:24:38-GMT  BuildTime: Aug  4 2022 06:17:15  BuildStamp: freesurfer-linux-ubuntu22_x86_64-7.3.2-20220804-6354275  User: oesteban  Machine: dna003  Platform: Linux  PlatformVersion: 5.14.0-427.37.1.el9_4.x86_64  CompilerName: GCC  CompilerVersion: 8.4.0
ProgramName: mri_voldiff  ProgramArguments: mri_voldiff -all-info  ProgramVersion: 7.3.2  TimeStamp: 2026/03/08-19:24:38-GMT  BuildTime: Aug  4 2022 06:17:15  BuildStamp: freesurfer-linux-ubuntu22_x86_64-7.3.2-20220804-6354275  User: oesteban  Machine: dna003  Platform: Linux  PlatformVersion: 5.14.0-427.37.1.el9_4.x86_64  CompilerName: GCC  CompilerVersion: 8.4.0
ProgramName: mri_watershed  ProgramArguments: mri_watershed -all-info  ProgramVersion: 7.3.2  TimeStamp: 2026/03/08-19:24:38-GMT  BuildTime: Aug  4 2022 06:17:15  BuildStamp: freesurfer-linux-ubuntu22_x86_64-7.3.2-20220804-6354275  User: oesteban  Machine: dna003  Platform: Linux  PlatformVersion: 5.14.0-427.37.1.el9_4.x86_64  CompilerName: GCC  CompilerVersion: 8.4.0
ProgramName: tkregister2  ProgramArguments: tkregister2_cmdl -all-info  ProgramVersion: 7.3.2  TimeStamp: 2026/03/08-19:24:38-GMT  BuildTime: Aug  4 2022 06:17:15  BuildStamp: freesurfer-linux-ubuntu22_x86_64-7.3.2-20220804-6354275  User: oesteban  Machine: dna003  Platform: Linux  PlatformVersion: 5.14.0-427.37.1.el9_4.x86_64  CompilerName: GCC  CompilerVersion: 8.4.0
mri_motion_correct.fsl 7.3.2
mri_convert -all-info 
ProgramName: mri_convert  ProgramArguments: mri_convert -all-info  ProgramVersion: 7.3.2  TimeStamp: 2026/03/08-19:24:38-GMT  BuildTime: Aug  4 2022 06:17:15  BuildStamp: freesurfer-linux-ubuntu22_x86_64-7.3.2-20220804-6354275  User: oesteban  Machine: dna003  Platform: Linux  PlatformVersion: 5.14.0-427.37.1.el9_4.x86_64  CompilerName: GCC  CompilerVersion: 8.4.0
Program nu_correct, built from:
Package MNI N3, version 1.12.0, compiled by nicks@terrier (x86_64-unknown-linux-gnu) on 2015-06-19 at 01:25:34
#######################################
GCADIR /opt/freesurfer/average
GCA RB_all_2020-01-02.gca
GCASkull RB_all_withskull_2020_01_02.gca
AvgCurvTif folding.atlas.acfb40.noaparc.i12.2016-08-02.tif
GCSDIR /opt/freesurfer/average
GCS DKaparc.atlas.acfb40.noaparc.i12.2016-08-02.gcs
#######################################
#--------------------------------------------
#@# AutoDetGWStats lh Sun Mar  8 20:24:38 CET 2026
cd /out/sourcedata/freesurfer/sub-v1s14x0051558_ses-1/mri
mris_autodet_gwstats --o ../surf/autodet.gw.stats.lh.dat --i brain.finalsurfs.mgz --wm wm.mgz --surf ../surf/lh.orig.premesh
  Update not needed
#--------------------------------------------
#@# WhitePreAparc lh Sun Mar  8 20:24:38 CET 2026
cd /out/sourcedata/freesurfer/sub-v1s14x0051558_ses-1/mri
mris_place_surface --adgws-in ../surf/autodet.gw.stats.lh.dat --wm wm.mgz --threads 16 --invol brain.finalsurfs.mgz --lh --i ../surf/lh.orig --o ../surf/lh.white.preaparc --white --seg aseg.presurf.mgz --nsmooth 5
   Update not needed
#--------------------------------------------
#@# CortexLabel lh Sun Mar  8 20:24:38 CET 2026
cd /out/sourcedata/freesurfer/sub-v1s14x0051558_ses-1/mri
mri_label2label --label-cortex ../surf/lh.white.preaparc aseg.presurf.mgz 0 ../label/lh.cortex.label
   Update not needed
#--------------------------------------------
#@# CortexLabel+HipAmyg lh Sun Mar  8 20:24:38 CET 2026
cd /out/sourcedata/freesurfer/sub-v1s14x0051558_ses-1/mri
mri_label2label --label-cortex ../surf/lh.white.preaparc aseg.presurf.mgz 1 ../label/lh.cortex+hipamyg.label
   Update not needed
#@# white curv lh Sun Mar  8 20:24:38 CET 2026
cd /out/sourcedata/freesurfer/sub-v1s14x0051558_ses-1/mri
mris_place_surface --curv-map ../surf/lh.white 2 10 ../surf/lh.curv
   Update not needed
#@# white area lh Sun Mar  8 20:24:38 CET 2026
cd /out/sourcedata/freesurfer/sub-v1s14x0051558_ses-1/mri
mris_place_surface --area-map ../surf/lh.white ../surf/lh.area
   Update not needed
#@# pial curv lh Sun Mar  8 20:24:38 CET 2026
cd /out/sourcedata/freesurfer/sub-v1s14x0051558_ses-1/mri
mris_place_surface --curv-map ../surf/lh.pial 2 10 ../surf/lh.curv.pial
   Update not needed
#@# pial area lh Sun Mar  8 20:24:38 CET 2026
cd /out/sourcedata/freesurfer/sub-v1s14x0051558_ses-1/mri
mris_place_surface --area-map ../surf/lh.pial ../surf/lh.area.pial
   Update not needed
#@# thickness lh Sun Mar  8 20:24:38 CET 2026
cd /out/sourcedata/freesurfer/sub-v1s14x0051558_ses-1/mri
mris_place_surface --thickness ../surf/lh.white ../surf/lh.pial 20 5 ../surf/lh.thickness
   Update not needed
#@# area and vertex vol lh Sun Mar  8 20:24:38 CET 2026
cd /out/sourcedata/freesurfer/sub-v1s14x0051558_ses-1/mri
mris_place_surface --thickness ../surf/lh.white ../surf/lh.pial 20 5 ../surf/lh.thickness
   Update not needed
#-----------------------------------------
#@# Parcellation Stats lh Sun Mar  8 20:24:38 CET 2026
/out/sourcedata/freesurfer/sub-v1s14x0051558_ses-1/scripts

 mris_anatomical_stats -th3 -mgz -noglobal -cortex ../label/lh.cortex.label -f ../stats/lh.aparc.stats -b -a ../label/lh.aparc.annot -c ../label/aparc.annot.ctab sub-v1s14x0051558_ses-1 lh white 

computing statistics for each annotation in ../label/lh.aparc.annot.
reading volume /out/sourcedata/freesurfer/sub-v1s14x0051558_ses-1/mri/wm.mgz...
reading input surface /out/sourcedata/freesurfer/sub-v1s14x0051558_ses-1/surf/lh.white...
reading input pial surface /out/sourcedata/freesurfer/sub-v1s14x0051558_ses-1/surf/lh.pial...
reading input white surface /out/sourcedata/freesurfer/sub-v1s14x0051558_ses-1/surf/lh.white...
INFO: using TH3 volume calc
INFO: assuming MGZ format for volumes.
INFO: not computing global stats
INFO: using ../label/lh.cortex.label as mask to calc cortex NumVert, SurfArea and MeanThickness.
Using TH3 vertex volume calc
Total face volume 254439
Total vertex volume 254225 (mask=0)
Saving annotation colortable ../label/aparc.annot.ctab

table columns are:
    number of vertices
    total surface area (mm^2)
    total gray matter volume (mm^3)
    average cortical thickness +- standard deviation (mm)
    integrated rectified mean curvature
    integrated rectified Gaussian curvature
    folding index
    intrinsic curvature index
    structure name

 1558   1077   2306  2.179 0.452     0.124     0.025       14     1.5  bankssts
 1238    833   2428  2.515 0.731     0.129     0.019       16     1.1  caudalanteriorcingulate
 3461   2336   6268  2.321 0.590     0.117     0.020       33     3.1  caudalmiddlefrontal
 2803   1858   3005  1.598 0.510     0.136     0.029       33     3.7  cuneus
  850    565   2199  3.084 0.643     0.102     0.020        6     0.8  entorhinal
 4963   3465  10202  2.528 0.728     0.120     0.023       51     4.9  fusiform
 7497   5157  13031  2.264 0.614     0.123     0.023       90     7.4  inferiorparietal
 5719   4000  11845  2.517 0.704     0.123     0.033       64     7.7  inferiortemporal
 2083   1452   3220  2.128 0.740     0.132     0.028       27     2.4  isthmuscingulate
 8899   5831  12039  1.828 0.732     0.143     0.035      118    13.8  lateraloccipital
 5756   3720   9193  2.492 0.844     0.123     0.032       64     8.2  lateralorbitofrontal
 5613   3969   5979  1.544 0.478     0.148     0.033       71     8.2  lingual
 3679   2462   5947  2.205 0.707     0.121     0.029       48     4.3  medialorbitofrontal
 4833   3609  12143  2.688 0.693     0.123     0.023       59     4.7  middletemporal
 1062    649   1874  2.589 0.827     0.089     0.016        6     0.6  parahippocampal
 2611   1469   3747  2.313 0.600     0.083     0.015       14     1.6  paracentral
 2868   1919   4951  2.267 0.671     0.113     0.019       27     2.2  parsopercularis
 1473   1023   3198  2.496 0.751     0.126     0.028       21     1.8  parsorbitalis
 2501   1790   4319  2.139 0.618     0.119     0.024       25     2.4  parstriangularis
 2596   1840   2098  1.293 0.305     0.152     0.033       35     3.8  pericalcarine
 6570   4105   7843  1.753 0.596     0.106     0.021       60     5.6  postcentral
 2076   1384   3332  2.216 0.813     0.114     0.022       21     1.9  posteriorcingulate
 8809   5512  14713  2.408 0.601     0.099     0.017       67     6.3  precentral
 6241   4255   9456  2.117 0.578     0.122     0.025       66     6.8  precuneus
 1526   1062   3348  2.725 0.743     0.113     0.024       17     1.4  rostralanteriorcingulate
 8905   6578  16840  2.221 0.641     0.141     0.031      131    11.3  rostralmiddlefrontal
13121   9174  26957  2.507 0.651     0.126     0.028      157    15.2  superiorfrontal
 8690   5672  12865  2.016 0.579     0.114     0.021       84     7.4  superiorparietal
 7212   4754  14414  2.578 0.792     0.099     0.017       59     5.4  superiortemporal
 5954   4150  10517  2.243 0.625     0.124     0.025       70     6.0  supramarginal
  408    302   1033  2.491 0.819     0.174     0.058        8     0.9  frontalpole
  840    643   3681  3.958 0.744     0.150     0.043       15     1.5  temporalpole
  803    497    867  1.613 0.380     0.095     0.016        5     0.5  transversetemporal
 4459   2998   8366  2.730 0.996     0.132     0.042       59     7.6  insula

 mris_anatomical_stats -th3 -mgz -noglobal -cortex ../label/lh.cortex.label -f ../stats/lh.aparc.pial.stats -b -a ../label/lh.aparc.annot -c ../label/aparc.annot.ctab sub-v1s14x0051558_ses-1 lh pial 

computing statistics for each annotation in ../label/lh.aparc.annot.
reading volume /out/sourcedata/freesurfer/sub-v1s14x0051558_ses-1/mri/wm.mgz...
reading input surface /out/sourcedata/freesurfer/sub-v1s14x0051558_ses-1/surf/lh.pial...
reading input pial surface /out/sourcedata/freesurfer/sub-v1s14x0051558_ses-1/surf/lh.pial...
reading input white surface /out/sourcedata/freesurfer/sub-v1s14x0051558_ses-1/surf/lh.white...
INFO: using TH3 volume calc
INFO: assuming MGZ format for volumes.
INFO: not computing global stats
INFO: using ../label/lh.cortex.label as mask to calc cortex NumVert, SurfArea and MeanThickness.
Using TH3 vertex volume calc
Total face volume 254439
Total vertex volume 254225 (mask=0)
Saving annotation colortable ../label/aparc.annot.ctab

table columns are:
    number of vertices
    total surface area (mm^2)
    total gray matter volume (mm^3)
    average cortical thickness +- standard deviation (mm)
    integrated rectified mean curvature
    integrated rectified Gaussian curvature
    folding index
    intrinsic curvature index
    structure name

 1558   1033   2306  2.179 0.452     0.131     0.040       56     2.2  bankssts
 1238   1098   2428  2.515 0.731     0.172     0.054       80     2.3  caudalanteriorcingulate
 3461   2924   6268  2.321 0.590     0.141     0.029       73     4.2  caudalmiddlefrontal
 2803   2122   3005  1.598 0.510     0.127     0.033       58     3.5  cuneus
  850    850   2199  3.084 0.643     0.203     0.055       40     2.3  entorhinal
 4963   4348  10202  2.528 0.728     0.146     0.035       94     7.8  fusiform
 7497   6196  13031  2.264 0.614     0.138     0.030      131     9.8  inferiorparietal
 5719   5201  11845  2.517 0.704     0.155     0.037       95     9.7  inferiortemporal
 2083   1704   3220  2.128 0.740     0.161     0.045      116     4.2  isthmuscingulate
 8899   7286  12039  1.828 0.732     0.134     0.032      207    11.7  lateraloccipital
 5756   3931   9193  2.492 0.844     0.135     0.043      399     9.7  lateralorbitofrontal
 5613   4330   5979  1.544 0.478     0.137     0.037      122     8.4  lingual
 3679   3037   5947  2.205 0.707     0.160     0.050     8252     5.9  medialorbitofrontal
 4833   5066  12143  2.688 0.693     0.161     0.029       69     6.9  middletemporal
 1062    810   1874  2.589 0.827     0.147     0.036       22     1.7  parahippocampal
 2611   1804   3747  2.313 0.600     0.101     0.020       21     2.0  paracentral
 2868   2385   4951  2.267 0.671     0.131     0.023       35     2.8  parsopercularis
 1473   1471   3198  2.496 0.751     0.176     0.049      192     2.6  parsorbitalis
 2501   2205   4319  2.139 0.618     0.152     0.033       40     3.5  parstriangularis
 2596   1608   2098  1.293 0.305     0.126     0.034       57     3.7  pericalcarine
 6570   4867   7843  1.753 0.596     0.111     0.021       64     5.6  postcentral
 2076   1625   3332  2.216 0.813     0.167     0.044      110     3.7  posteriorcingulate
 8809   6490  14713  2.408 0.601     0.105     0.019      116     7.1  precentral
 6241   4702   9456  2.117 0.578     0.126     0.030       86     7.2  precuneus
 1526   1399   3348  2.725 0.743     0.153     0.046       25     2.5  rostralanteriorcingulate
 8905   8511  16840  2.221 0.641     0.173     0.041      290    14.2  rostralmiddlefrontal
13121  11843  26957  2.507 0.651     0.153     0.033      228    18.1  superiorfrontal
 8690   6929  12865  2.016 0.579     0.127     0.028      137     8.9  superiorparietal
 7212   6105  14414  2.578 0.792     0.136     0.030      112     9.2  superiortemporal
 5954   5026  10517  2.243 0.625     0.137     0.030      148     7.2  supramarginal
  408    489   1033  2.491 0.819     0.222     0.035        8     0.8  frontalpole
  840   1192   3681  3.958 0.744     0.234     0.070       23     2.0  temporalpole
  803    627    867  1.613 0.380     0.110     0.025        4     0.8  transversetemporal
 4459   2975   8366  2.730 0.996     0.155     0.053      161     9.1  insula
#-----------------------------------------
#@# Parcellation Stats 2 lh Sun Mar  8 20:25:01 CET 2026
/out/sourcedata/freesurfer/sub-v1s14x0051558_ses-1/scripts

 mris_anatomical_stats -th3 -mgz -noglobal -cortex ../label/lh.cortex.label -f ../stats/lh.aparc.a2009s.stats -b -a ../label/lh.aparc.a2009s.annot -c ../label/aparc.annot.a2009s.ctab sub-v1s14x0051558_ses-1 lh white 

computing statistics for each annotation in ../label/lh.aparc.a2009s.annot.
reading volume /out/sourcedata/freesurfer/sub-v1s14x0051558_ses-1/mri/wm.mgz...
reading input surface /out/sourcedata/freesurfer/sub-v1s14x0051558_ses-1/surf/lh.white...
reading input pial surface /out/sourcedata/freesurfer/sub-v1s14x0051558_ses-1/surf/lh.pial...
reading input white surface /out/sourcedata/freesurfer/sub-v1s14x0051558_ses-1/surf/lh.white...
INFO: using TH3 volume calc
INFO: assuming MGZ format for volumes.
INFO: not computing global stats
INFO: using ../label/lh.cortex.label as mask to calc cortex NumVert, SurfArea and MeanThickness.
Using TH3 vertex volume calc
Total face volume 254439
Total vertex volume 254225 (mask=0)
Saving annotation colortable ../label/aparc.annot.a2009s.ctab

table columns are:
    number of vertices
    total surface area (mm^2)
    total gray matter volume (mm^3)
    average cortical thickness +- standard deviation (mm)
    integrated rectified mean curvature
    integrated rectified Gaussian curvature
    folding index
    intrinsic curvature index
    structure name

 1461   1019   2501  2.213 0.667     0.141     0.033       18     2.1  G_and_S_frontomargin
 1761   1203   3730  2.417 0.773     0.145     0.033       23     2.6  G_and_S_occipital_inf
 2114   1095   2955  2.271 0.646     0.085     0.019       14     1.5  G_and_S_paracentral
 1804   1200   3193  2.320 0.571     0.123     0.026       20     1.8  G_and_S_subcentral
  909    706   2223  2.350 0.747     0.169     0.045       18     1.5  G_and_S_transv_frontopol
 3071   2143   6050  2.602 0.645     0.116     0.023       30     2.8  G_and_S_cingul-Ant
 1631   1095   2952  2.646 0.582     0.113     0.019       13     1.4  G_and_S_cingul-Mid-Ant
 1719   1164   2840  2.372 0.611     0.112     0.022       13     1.6  G_and_S_cingul-Mid-Post
  817    571   1882  2.676 0.622     0.145     0.036       11     1.2  G_cingul-Post-dorsal
  426    292    900  2.563 0.746     0.138     0.035        6     0.6  G_cingul-Post-ventral
 2613   1716   2907  1.597 0.533     0.142     0.031       34     3.5  G_cuneus
 1703   1142   3795  2.582 0.600     0.126     0.023       24     1.6  G_front_inf-Opercular
  685    492   1508  2.405 0.605     0.137     0.029       10     0.8  G_front_inf-Orbital
 1438   1046   3259  2.390 0.641     0.126     0.026       18     1.4  G_front_inf-Triangul
 4105   3100   9919  2.418 0.668     0.147     0.029       72     4.9  G_front_middle
 9120   6362  21652  2.637 0.678     0.134     0.030      135    11.6  G_front_sup
  868    635   1810  2.804 0.765     0.152     0.046       13     1.6  G_Ins_lg_and_S_cent_ins
  999    662   3101  3.568 0.945     0.120     0.036       12     1.1  G_insular_short
 2718   1825   4952  2.176 0.725     0.147     0.036       45     4.2  G_occipital_middle
 1835   1160   2172  1.714 0.633     0.138     0.038       24     2.9  G_occipital_sup
 1880   1346   3894  2.484 0.728     0.138     0.032       25     2.6  G_oc-temp_lat-fusifor
 4006   2837   4334  1.463 0.471     0.159     0.036       58     6.5  G_oc-temp_med-Lingual
 1619   1020   4268  3.029 0.810     0.101     0.021       14     1.4  G_oc-temp_med-Parahip
 3439   2221   6678  2.414 0.917     0.131     0.039       52     5.9  G_orbital
 2585   1829   6073  2.537 0.686     0.138     0.026       44     2.7  G_pariet_inf-Angular
 2891   2059   6551  2.559 0.585     0.130     0.028       41     3.2  G_pariet_inf-Supramar
 3129   2067   5983  2.255 0.604     0.118     0.022       37     2.7  G_parietal_sup
 2332   1329   2925  1.854 0.541     0.107     0.023       26     2.1  G_postcentral
 3108   1839   6640  2.718 0.599     0.099     0.018       27     2.4  G_precentral
 2865   1958   5661  2.303 0.614     0.128     0.025       42     3.0  G_precuneus
 1174    819   2103  2.097 0.750     0.148     0.049       19     2.6  G_rectus
 1079    689   1320  1.951 0.865     0.151     0.077       30     3.4  G_subcallosal
  741    432    922  1.830 0.464     0.093     0.015        5     0.5  G_temp_sup-G_T_transv
 2246   1524   6398  3.006 0.682     0.125     0.024       31     2.2  G_temp_sup-Lateral
 1051    701   2822  3.576 0.801     0.063     0.013        3     0.4  G_temp_sup-Plan_polar
 1107    735   1747  2.163 0.560     0.087     0.015        6     0.7  G_temp_sup-Plan_tempo
 3133   2230   6840  2.384 0.780     0.142     0.047       45     5.8  G_temporal_inf
 2524   2025   8309  2.916 0.704     0.150     0.032       47     3.3  G_temporal_middle
  424    283    410  1.674 0.353     0.106     0.015        3     0.2  Lat_Fis-ant-Horizont
  521    363    605  1.797 0.402     0.101     0.011        3     0.3  Lat_Fis-ant-Vertical
 1244    812   1167  1.807 0.482     0.124     0.027       10     1.5  Lat_Fis-post
 2454   1600   2498  1.436 0.591     0.147     0.039       33     4.4  Pole_occipital
 1714   1343   7074  3.445 0.712     0.138     0.031       27     2.3  Pole_temporal
 3305   2465   3085  1.483 0.505     0.154     0.035       41     5.6  S_calcarine
 3436   2261   3355  1.691 0.565     0.089     0.014       17     2.2  S_central
 1336    862   1541  1.949 0.479     0.083     0.012        6     0.6  S_cingul-Marginalis
  776    509   1233  3.079 0.572     0.083     0.014        3     0.5  S_circular_insula_ant
 1563   1022   2296  2.574 0.765     0.093     0.017        8     1.1  S_circular_insula_inf
 1951   1282   2607  2.567 0.670     0.110     0.022       11     1.8  S_circular_insula_sup
 1512    980   2371  2.670 0.408     0.084     0.010        7     0.7  S_collat_transv_ant
  584    381    487  1.670 0.337     0.138     0.033        6     0.8  S_collat_transv_post
 2734   1893   3544  1.875 0.478     0.127     0.027       30     3.2  S_front_inf
 1881   1354   2752  2.086 0.503     0.138     0.031       21     2.4  S_front_middle
 3221   2159   4924  2.278 0.466     0.097     0.018       20     2.4  S_front_sup
  233    176    244  1.555 0.255     0.132     0.015        2     0.2  S_interm_prim-Jensen
 3862   2459   4295  1.958 0.433     0.096     0.013       24     2.3  S_intrapariet_and_P_trans
 1364    912   1199  1.503 0.347     0.134     0.031       14     1.9  S_oc_middle_and_Lunatus
 1617   1069   2001  1.887 0.588     0.126     0.025       16     1.7  S_oc_sup_and_transversal
  959    654   1102  1.874 0.398     0.126     0.021       10     0.8  S_occipital_ant
 1002    702   1640  2.405 0.463     0.109     0.017        9     0.7  S_oc-temp_lat
 1989   1342   2547  2.156 0.500     0.105     0.019       12     1.5  S_oc-temp_med_and_Lingual
  460    324    555  1.820 0.427     0.116     0.023        3     0.4  S_orbital_lateral
  967    650   1047  1.966 0.617     0.098     0.014        6     0.6  S_orbital_med-olfact
 2219   1498   3805  2.702 0.738     0.125     0.029       23     2.9  S_orbital-H_Shaped
 2550   1669   3010  1.977 0.556     0.110     0.019       17     2.2  S_parieto_occipital
 1606   1027   1436  1.592 0.589     0.114     0.017       23     1.1  S_pericallosal
 2951   1971   3368  1.721 0.463     0.113     0.019       25     2.3  S_postcentral
 1721   1145   2348  2.194 0.459     0.101     0.014       11     1.0  S_precentral-inf-part
 2012   1319   2727  2.195 0.439     0.098     0.016       13     1.3  S_precentral-sup-part
  639    441    794  2.023 0.607     0.114     0.014        6     0.4  S_suborbital
 1230    841   1308  1.857 0.416     0.126     0.024       10     1.3  S_subparietal
 1710   1133   2737  2.454 0.603     0.090     0.014        8     1.1  S_temporal_inf
 6699   4588   9908  2.216 0.451     0.108     0.019       53     5.5  S_temporal_sup
  525    329    435  1.451 0.296     0.116     0.016        5     0.4  S_temporal_transverse
#-----------------------------------------
#@# Parcellation Stats 3 lh Sun Mar  8 20:25:12 CET 2026
/out/sourcedata/freesurfer/sub-v1s14x0051558_ses-1/scripts

 mris_anatomical_stats -th3 -mgz -noglobal -cortex ../label/lh.cortex.label -f ../stats/lh.aparc.DKTatlas.stats -b -a ../label/lh.aparc.DKTatlas.annot -c ../label/aparc.annot.DKTatlas.ctab sub-v1s14x0051558_ses-1 lh white 

computing statistics for each annotation in ../label/lh.aparc.DKTatlas.annot.
reading volume /out/sourcedata/freesurfer/sub-v1s14x0051558_ses-1/mri/wm.mgz...
reading input surface /out/sourcedata/freesurfer/sub-v1s14x0051558_ses-1/surf/lh.white...
reading input pial surface /out/sourcedata/freesurfer/sub-v1s14x0051558_ses-1/surf/lh.pial...
reading input white surface /out/sourcedata/freesurfer/sub-v1s14x0051558_ses-1/surf/lh.white...
INFO: using TH3 volume calc
INFO: assuming MGZ format for volumes.
INFO: not computing global stats
INFO: using ../label/lh.cortex.label as mask to calc cortex NumVert, SurfArea and MeanThickness.
Using TH3 vertex volume calc
Total face volume 254439
Total vertex volume 254225 (mask=0)
Saving annotation colortable ../label/aparc.annot.DKTatlas.ctab

table columns are:
    number of vertices
    total surface area (mm^2)
    total gray matter volume (mm^3)
    average cortical thickness +- standard deviation (mm)
    integrated rectified mean curvature
    integrated rectified Gaussian curvature
    folding index
    intrinsic curvature index
    structure name

 2021   1340   3730  2.578 0.698     0.124     0.021       22     1.8  caudalanteriorcingulate
 3698   2499   6620  2.312 0.593     0.117     0.020       36     3.3  caudalmiddlefrontal
 3661   2394   4071  1.705 0.552     0.127     0.026       38     4.2  cuneus
  744    498   1965  3.093 0.650     0.102     0.022        5     0.7  entorhinal
 4606   3167   8326  2.436 0.662     0.119     0.022       45     4.5  fusiform
 7389   5090  12867  2.256 0.614     0.123     0.022       85     7.2  inferiorparietal
 5701   4063  13138  2.582 0.769     0.125     0.034       68     7.8  inferiortemporal
 2077   1450   3212  2.141 0.734     0.132     0.028       27     2.3  isthmuscingulate
 8950   5852  12146  1.825 0.737     0.143     0.036      118    14.1  lateraloccipital
 6135   3974   9802  2.410 0.869     0.126     0.035       73     9.4  lateralorbitofrontal
 5682   4027   6089  1.544 0.483     0.149     0.034       73     8.4  lingual
 3263   2226   5368  2.140 0.768     0.133     0.039       51     5.5  medialorbitofrontal
 6474   4767  15064  2.597 0.693     0.123     0.023       77     6.3  middletemporal
 1180    723   2071  2.575 0.832     0.090     0.016        7     0.7  parahippocampal
 3312   1926   5012  2.335 0.610     0.090     0.016       20     2.2  paracentral
 2634   1746   4418  2.276 0.667     0.113     0.019       24     2.0  parsopercularis
 1479   1003   2916  2.521 0.714     0.116     0.021       15     1.3  parsorbitalis
 3042   2183   5335  2.141 0.621     0.121     0.024       31     3.0  parstriangularis
 2554   1812   2059  1.285 0.297     0.152     0.032       34     3.7  pericalcarine
 7447   4669   9184  1.800 0.616     0.110     0.021       70     6.6  postcentral
 2278   1523   3631  2.213 0.798     0.118     0.023       24     2.2  posteriorcingulate
 8647   5412  14534  2.416 0.600     0.098     0.017       65     6.1  precentral
 6142   4210   9522  2.105 0.582     0.123     0.025       66     6.8  precuneus
 2433   1630   4619  2.599 0.734     0.119     0.032       34     3.2  rostralanteriorcingulate
 6361   4696  12245  2.239 0.630     0.143     0.032      100     8.4  rostralmiddlefrontal
13785   9840  28696  2.446 0.655     0.129     0.029      178    16.5  superiorfrontal
 6967   4552  10175  2.005 0.558     0.112     0.020       68     5.8  superiorparietal
 9285   6252  19809  2.663 0.850     0.108     0.021       89     8.5  superiortemporal
 5408   3734   9316  2.240 0.638     0.123     0.025       62     5.4  supramarginal
  801    493    863  1.616 0.385     0.096     0.016        5     0.5  transversetemporal
 3521   2359   7421  3.033 0.876     0.116     0.030       33     3.8  insula
/out/sourcedata/freesurfer/sub-v1s14x0051558_ses-1/label
#--------------------------------------------
#@# BA_exvivo Labels lh Sun Mar  8 20:25:25 CET 2026

 mri_label2label --srcsubject fsaverage --srclabel /out/sourcedata/freesurfer/fsaverage/label/lh.BA1_exvivo.label --trgsubject sub-v1s14x0051558_ses-1 --trglabel ./lh.BA1_exvivo.label --hemi lh --regmethod surface 


srclabel = /out/sourcedata/freesurfer/fsaverage/label/lh.BA1_exvivo.label
srcsubject = fsaverage
trgsubject = sub-v1s14x0051558_ses-1
trglabel = ./lh.BA1_exvivo.label
regmethod = surface

srchemi = lh
trghemi = lh
trgsurface = white
srcsurfreg = sphere.reg
trgsurfreg = sphere.reg
usehash = 1
Use ProjAbs  = 0, 0
Use ProjFrac = 0, 0
DoPaint 0

SUBJECTS_DIR    /out/sourcedata/freesurfer
FREESURFER_HOME /opt/freesurfer
Loading source label.
Found 4129 points in source label.
Starting surface-based mapping
Reading source registration 
 /out/sourcedata/freesurfer/fsaverage/surf/lh.sphere.reg
Rescaling ...  original radius = 100
Reading target surface 
 /out/sourcedata/freesurfer/sub-v1s14x0051558_ses-1/surf/lh.white
Reading target registration 
 /out/sourcedata/freesurfer/sub-v1s14x0051558_ses-1/surf/lh.sphere.reg
Rescaling ...  original radius = 100
Building target registration hash (res=16).
Building source registration hash (res=16).
INFO: found  4129 nlabel points
Performing mapping from target back to the source label 156473
Number of reverse mapping hits = 168
Checking for and removing duplicates
Writing label file ./lh.BA1_exvivo.label 4297
mri_label2label: Done


 mri_label2label --srcsubject fsaverage --srclabel /out/sourcedata/freesurfer/fsaverage/label/lh.BA2_exvivo.label --trgsubject sub-v1s14x0051558_ses-1 --trglabel ./lh.BA2_exvivo.label --hemi lh --regmethod surface 


srclabel = /out/sourcedata/freesurfer/fsaverage/label/lh.BA2_exvivo.label
srcsubject = fsaverage
trgsubject = sub-v1s14x0051558_ses-1
trglabel = ./lh.BA2_exvivo.label
regmethod = surface

srchemi = lh
trghemi = lh
trgsurface = white
srcsurfreg = sphere.reg
trgsurfreg = sphere.reg
usehash = 1
Use ProjAbs  = 0, 0
Use ProjFrac = 0, 0
DoPaint 0

SUBJECTS_DIR    /out/sourcedata/freesurfer
FREESURFER_HOME /opt/freesurfer
Loading source label.
Found 7909 points in source label.
Starting surface-based mapping
Reading source registration 
 /out/sourcedata/freesurfer/fsaverage/surf/lh.sphere.reg
Rescaling ...  original radius = 100
Reading target surface 
 /out/sourcedata/freesurfer/sub-v1s14x0051558_ses-1/surf/lh.white
Reading target registration 
 /out/sourcedata/freesurfer/sub-v1s14x0051558_ses-1/surf/lh.sphere.reg
Rescaling ...  original radius = 100
Building target registration hash (res=16).
Building source registration hash (res=16).
INFO: found  7909 nlabel points
Performing mapping from target back to the source label 156473
Number of reverse mapping hits = 239
Checking for and removing duplicates
Writing label file ./lh.BA2_exvivo.label 8148
mri_label2label: Done


 mri_label2label --srcsubject fsaverage --srclabel /out/sourcedata/freesurfer/fsaverage/label/lh.BA3a_exvivo.label --trgsubject sub-v1s14x0051558_ses-1 --trglabel ./lh.BA3a_exvivo.label --hemi lh --regmethod surface 


srclabel = /out/sourcedata/freesurfer/fsaverage/label/lh.BA3a_exvivo.label
srcsubject = fsaverage
trgsubject = sub-v1s14x0051558_ses-1
trglabel = ./lh.BA3a_exvivo.label
regmethod = surface

srchemi = lh
trghemi = lh
trgsurface = white
srcsurfreg = sphere.reg
trgsurfreg = sphere.reg
usehash = 1
Use ProjAbs  = 0, 0
Use ProjFrac = 0, 0
DoPaint 0

SUBJECTS_DIR    /out/sourcedata/freesurfer
FREESURFER_HOME /opt/freesurfer
Loading source label.
Found 4077 points in source label.
Starting surface-based mapping
Reading source registration 
 /out/sourcedata/freesurfer/fsaverage/surf/lh.sphere.reg
Rescaling ...  original radius = 100
Reading target surface 
 /out/sourcedata/freesurfer/sub-v1s14x0051558_ses-1/surf/lh.white
Reading target registration 
 /out/sourcedata/freesurfer/sub-v1s14x0051558_ses-1/surf/lh.sphere.reg
Rescaling ...  original radius = 100
Building target registration hash (res=16).
Building source registration hash (res=16).
INFO: found  4077 nlabel points
Performing mapping from target back to the source label 156473
Number of reverse mapping hits = 112
Checking for and removing duplicates
Writing label file ./lh.BA3a_exvivo.label 4189
mri_label2label: Done


 mri_label2label --srcsubject fsaverage --srclabel /out/sourcedata/freesurfer/fsaverage/label/lh.BA3b_exvivo.label --trgsubject sub-v1s14x0051558_ses-1 --trglabel ./lh.BA3b_exvivo.label --hemi lh --regmethod surface 


srclabel = /out/sourcedata/freesurfer/fsaverage/label/lh.BA3b_exvivo.label
srcsubject = fsaverage
trgsubject = sub-v1s14x0051558_ses-1
trglabel = ./lh.BA3b_exvivo.label
regmethod = surface

srchemi = lh
trghemi = lh
trgsurface = white
srcsurfreg = sphere.reg
trgsurfreg = sphere.reg
usehash = 1
Use ProjAbs  = 0, 0
Use ProjFrac = 0, 0
DoPaint 0

SUBJECTS_DIR    /out/sourcedata/freesurfer
FREESURFER_HOME /opt/freesurfer
Loading source label.
Found 5983 points in source label.
Starting surface-based mapping
Reading source registration 
 /out/sourcedata/freesurfer/fsaverage/surf/lh.sphere.reg
Rescaling ...  original radius = 100
Reading target surface 
 /out/sourcedata/freesurfer/sub-v1s14x0051558_ses-1/surf/lh.white
Reading target registration 
 /out/sourcedata/freesurfer/sub-v1s14x0051558_ses-1/surf/lh.sphere.reg
Rescaling ...  original radius = 100
Building target registration hash (res=16).
Building source registration hash (res=16).
INFO: found  5983 nlabel points
Performing mapping from target back to the source label 156473
Number of reverse mapping hits = 230
Checking for and removing duplicates
Writing label file ./lh.BA3b_exvivo.label 6213
mri_label2label: Done


 mri_label2label --srcsubject fsaverage --srclabel /out/sourcedata/freesurfer/fsaverage/label/lh.BA4a_exvivo.label --trgsubject sub-v1s14x0051558_ses-1 --trglabel ./lh.BA4a_exvivo.label --hemi lh --regmethod surface 


srclabel = /out/sourcedata/freesurfer/fsaverage/label/lh.BA4a_exvivo.label
srcsubject = fsaverage
trgsubject = sub-v1s14x0051558_ses-1
trglabel = ./lh.BA4a_exvivo.label
regmethod = surface

srchemi = lh
trghemi = lh
trgsurface = white
srcsurfreg = sphere.reg
trgsurfreg = sphere.reg
usehash = 1
Use ProjAbs  = 0, 0
Use ProjFrac = 0, 0
DoPaint 0

SUBJECTS_DIR    /out/sourcedata/freesurfer
FREESURFER_HOME /opt/freesurfer
Loading source label.
Found 5784 points in source label.
Starting surface-based mapping
Reading source registration 
 /out/sourcedata/freesurfer/fsaverage/surf/lh.sphere.reg
Rescaling ...  original radius = 100
Reading target surface 
 /out/sourcedata/freesurfer/sub-v1s14x0051558_ses-1/surf/lh.white
Reading target registration 
 /out/sourcedata/freesurfer/sub-v1s14x0051558_ses-1/surf/lh.sphere.reg
Rescaling ...  original radius = 100
Building target registration hash (res=16).
Building source registration hash (res=16).
INFO: found  5784 nlabel points
Performing mapping from target back to the source label 156473
Number of reverse mapping hits = 719
Checking for and removing duplicates
Writing label file ./lh.BA4a_exvivo.label 6503
mri_label2label: Done


 mri_label2label --srcsubject fsaverage --srclabel /out/sourcedata/freesurfer/fsaverage/label/lh.BA4p_exvivo.label --trgsubject sub-v1s14x0051558_ses-1 --trglabel ./lh.BA4p_exvivo.label --hemi lh --regmethod surface 


srclabel = /out/sourcedata/freesurfer/fsaverage/label/lh.BA4p_exvivo.label
srcsubject = fsaverage
trgsubject = sub-v1s14x0051558_ses-1
trglabel = ./lh.BA4p_exvivo.label
regmethod = surface

srchemi = lh
trghemi = lh
trgsurface = white
srcsurfreg = sphere.reg
trgsurfreg = sphere.reg
usehash = 1
Use ProjAbs  = 0, 0
Use ProjFrac = 0, 0
DoPaint 0

SUBJECTS_DIR    /out/sourcedata/freesurfer
FREESURFER_HOME /opt/freesurfer
Loading source label.
Found 4070 points in source label.
Starting surface-based mapping
Reading source registration 
 /out/sourcedata/freesurfer/fsaverage/surf/lh.sphere.reg
Rescaling ...  original radius = 100
Reading target surface 
 /out/sourcedata/freesurfer/sub-v1s14x0051558_ses-1/surf/lh.white
Reading target registration 
 /out/sourcedata/freesurfer/sub-v1s14x0051558_ses-1/surf/lh.sphere.reg
Rescaling ...  original radius = 100
Building target registration hash (res=16).
Building source registration hash (res=16).
INFO: found  4070 nlabel points
Performing mapping from target back to the source label 156473
Number of reverse mapping hits = 261
Checking for and removing duplicates
Writing label file ./lh.BA4p_exvivo.label 4331
mri_label2label: Done


 mri_label2label --srcsubject fsaverage --srclabel /out/sourcedata/freesurfer/fsaverage/label/lh.BA6_exvivo.label --trgsubject sub-v1s14x0051558_ses-1 --trglabel ./lh.BA6_exvivo.label --hemi lh --regmethod surface 


srclabel = /out/sourcedata/freesurfer/fsaverage/label/lh.BA6_exvivo.label
srcsubject = fsaverage
trgsubject = sub-v1s14x0051558_ses-1
trglabel = ./lh.BA6_exvivo.label
regmethod = surface

srchemi = lh
trghemi = lh
trgsurface = white
srcsurfreg = sphere.reg
trgsurfreg = sphere.reg
usehash = 1
Use ProjAbs  = 0, 0
Use ProjFrac = 0, 0
DoPaint 0

SUBJECTS_DIR    /out/sourcedata/freesurfer
FREESURFER_HOME /opt/freesurfer
Loading source label.
Found 13589 points in source label.
Starting surface-based mapping
Reading source registration 
 /out/sourcedata/freesurfer/fsaverage/surf/lh.sphere.reg
Rescaling ...  original radius = 100
Reading target surface 
 /out/sourcedata/freesurfer/sub-v1s14x0051558_ses-1/surf/lh.white
Reading target registration 
 /out/sourcedata/freesurfer/sub-v1s14x0051558_ses-1/surf/lh.sphere.reg
Rescaling ...  original radius = 100
Building target registration hash (res=16).
Building source registration hash (res=16).
INFO: found  13589 nlabel points
Performing mapping from target back to the source label 156473
Number of reverse mapping hits = 1532
Checking for and removing duplicates
Writing label file ./lh.BA6_exvivo.label 15121
mri_label2label: Done


 mri_label2label --srcsubject fsaverage --srclabel /out/sourcedata/freesurfer/fsaverage/label/lh.BA44_exvivo.label --trgsubject sub-v1s14x0051558_ses-1 --trglabel ./lh.BA44_exvivo.label --hemi lh --regmethod surface 


srclabel = /out/sourcedata/freesurfer/fsaverage/label/lh.BA44_exvivo.label
srcsubject = fsaverage
trgsubject = sub-v1s14x0051558_ses-1
trglabel = ./lh.BA44_exvivo.label
regmethod = surface

srchemi = lh
trghemi = lh
trgsurface = white
srcsurfreg = sphere.reg
trgsurfreg = sphere.reg
usehash = 1
Use ProjAbs  = 0, 0
Use ProjFrac = 0, 0
DoPaint 0

SUBJECTS_DIR    /out/sourcedata/freesurfer
FREESURFER_HOME /opt/freesurfer
Loading source label.
Found 4181 points in source label.
Starting surface-based mapping
Reading source registration 
 /out/sourcedata/freesurfer/fsaverage/surf/lh.sphere.reg
Rescaling ...  original radius = 100
Reading target surface 
 /out/sourcedata/freesurfer/sub-v1s14x0051558_ses-1/surf/lh.white
Reading target registration 
 /out/sourcedata/freesurfer/sub-v1s14x0051558_ses-1/surf/lh.sphere.reg
Rescaling ...  original radius = 100
Building target registration hash (res=16).
Building source registration hash (res=16).
INFO: found  4181 nlabel points
Performing mapping from target back to the source label 156473
Number of reverse mapping hits = 331
Checking for and removing duplicates
Writing label file ./lh.BA44_exvivo.label 4512
mri_label2label: Done


 mri_label2label --srcsubject fsaverage --srclabel /out/sourcedata/freesurfer/fsaverage/label/lh.BA45_exvivo.label --trgsubject sub-v1s14x0051558_ses-1 --trglabel ./lh.BA45_exvivo.label --hemi lh --regmethod surface 


srclabel = /out/sourcedata/freesurfer/fsaverage/label/lh.BA45_exvivo.label
srcsubject = fsaverage
trgsubject = sub-v1s14x0051558_ses-1
trglabel = ./lh.BA45_exvivo.label
regmethod = surface

srchemi = lh
trghemi = lh
trgsurface = white
srcsurfreg = sphere.reg
trgsurfreg = sphere.reg
usehash = 1
Use ProjAbs  = 0, 0
Use ProjFrac = 0, 0
DoPaint 0

SUBJECTS_DIR    /out/sourcedata/freesurfer
FREESURFER_HOME /opt/freesurfer
Loading source label.
Found 3422 points in source label.
Starting surface-based mapping
Reading source registration 
 /out/sourcedata/freesurfer/fsaverage/surf/lh.sphere.reg
Rescaling ...  original radius = 100
Reading target surface 
 /out/sourcedata/freesurfer/sub-v1s14x0051558_ses-1/surf/lh.white
Reading target registration 
 /out/sourcedata/freesurfer/sub-v1s14x0051558_ses-1/surf/lh.sphere.reg
Rescaling ...  original radius = 100
Building target registration hash (res=16).
Building source registration hash (res=16).
INFO: found  3422 nlabel points
Performing mapping from target back to the source label 156473
Number of reverse mapping hits = 1009
Checking for and removing duplicates
Writing label file ./lh.BA45_exvivo.label 4431
mri_label2label: Done


 mri_label2label --srcsubject fsaverage --srclabel /out/sourcedata/freesurfer/fsaverage/label/lh.V1_exvivo.label --trgsubject sub-v1s14x0051558_ses-1 --trglabel ./lh.V1_exvivo.label --hemi lh --regmethod surface 


srclabel = /out/sourcedata/freesurfer/fsaverage/label/lh.V1_exvivo.label
srcsubject = fsaverage
trgsubject = sub-v1s14x0051558_ses-1
trglabel = ./lh.V1_exvivo.label
regmethod = surface

srchemi = lh
trghemi = lh
trgsurface = white
srcsurfreg = sphere.reg
trgsurfreg = sphere.reg
usehash = 1
Use ProjAbs  = 0, 0
Use ProjFrac = 0, 0
DoPaint 0

SUBJECTS_DIR    /out/sourcedata/freesurfer
FREESURFER_HOME /opt/freesurfer
Loading source label.
Found 4641 points in source label.
Starting surface-based mapping
Reading source registration 
 /out/sourcedata/freesurfer/fsaverage/surf/lh.sphere.reg
Rescaling ...  original radius = 100
Reading target surface 
 /out/sourcedata/freesurfer/sub-v1s14x0051558_ses-1/surf/lh.white
Reading target registration 
 /out/sourcedata/freesurfer/sub-v1s14x0051558_ses-1/surf/lh.sphere.reg
Rescaling ...  original radius = 100
Building target registration hash (res=16).
Building source registration hash (res=16).
INFO: found  4641 nlabel points
Performing mapping from target back to the source label 156473
Number of reverse mapping hits = 1903
Checking for and removing duplicates
Writing label file ./lh.V1_exvivo.label 6544
mri_label2label: Done


 mri_label2label --srcsubject fsaverage --srclabel /out/sourcedata/freesurfer/fsaverage/label/lh.V2_exvivo.label --trgsubject sub-v1s14x0051558_ses-1 --trglabel ./lh.V2_exvivo.label --hemi lh --regmethod surface 


srclabel = /out/sourcedata/freesurfer/fsaverage/label/lh.V2_exvivo.label
srcsubject = fsaverage
trgsubject = sub-v1s14x0051558_ses-1
trglabel = ./lh.V2_exvivo.label
regmethod = surface

srchemi = lh
trghemi = lh
trgsurface = white
srcsurfreg = sphere.reg
trgsurfreg = sphere.reg
usehash = 1
Use ProjAbs  = 0, 0
Use ProjFrac = 0, 0
DoPaint 0

SUBJECTS_DIR    /out/sourcedata/freesurfer
FREESURFER_HOME /opt/freesurfer
Loading source label.
Found 8114 points in source label.
Starting surface-based mapping
Reading source registration 
 /out/sourcedata/freesurfer/fsaverage/surf/lh.sphere.reg
Rescaling ...  original radius = 100
Reading target surface 
 /out/sourcedata/freesurfer/sub-v1s14x0051558_ses-1/surf/lh.white
Reading target registration 
 /out/sourcedata/freesurfer/sub-v1s14x0051558_ses-1/surf/lh.sphere.reg
Rescaling ...  original radius = 100
Building target registration hash (res=16).
Building source registration hash (res=16).
INFO: found  8114 nlabel points
Performing mapping from target back to the source label 156473
Number of reverse mapping hits = 3721
Checking for and removing duplicates
Writing label file ./lh.V2_exvivo.label 11835
mri_label2label: Done


 mri_label2label --srcsubject fsaverage --srclabel /out/sourcedata/freesurfer/fsaverage/label/lh.MT_exvivo.label --trgsubject sub-v1s14x0051558_ses-1 --trglabel ./lh.MT_exvivo.label --hemi lh --regmethod surface 


srclabel = /out/sourcedata/freesurfer/fsaverage/label/lh.MT_exvivo.label
srcsubject = fsaverage
trgsubject = sub-v1s14x0051558_ses-1
trglabel = ./lh.MT_exvivo.label
regmethod = surface

srchemi = lh
trghemi = lh
trgsurface = white
srcsurfreg = sphere.reg
trgsurfreg = sphere.reg
usehash = 1
Use ProjAbs  = 0, 0
Use ProjFrac = 0, 0
DoPaint 0

SUBJECTS_DIR    /out/sourcedata/freesurfer
FREESURFER_HOME /opt/freesurfer
Loading source label.
Found 2018 points in source label.
Starting surface-based mapping
Reading source registration 
 /out/sourcedata/freesurfer/fsaverage/surf/lh.sphere.reg
Rescaling ...  original radius = 100
Reading target surface 
 /out/sourcedata/freesurfer/sub-v1s14x0051558_ses-1/surf/lh.white
Reading target registration 
 /out/sourcedata/freesurfer/sub-v1s14x0051558_ses-1/surf/lh.sphere.reg
Rescaling ...  original radius = 100
Building target registration hash (res=16).
Building source registration hash (res=16).
INFO: found  2018 nlabel points
Performing mapping from target back to the source label 156473
Number of reverse mapping hits = 571
Checking for and removing duplicates
Writing label file ./lh.MT_exvivo.label 2589
mri_label2label: Done


 mri_label2label --srcsubject fsaverage --srclabel /out/sourcedata/freesurfer/fsaverage/label/lh.entorhinal_exvivo.label --trgsubject sub-v1s14x0051558_ses-1 --trglabel ./lh.entorhinal_exvivo.label --hemi lh --regmethod surface 


srclabel = /out/sourcedata/freesurfer/fsaverage/label/lh.entorhinal_exvivo.label
srcsubject = fsaverage
trgsubject = sub-v1s14x0051558_ses-1
trglabel = ./lh.entorhinal_exvivo.label
regmethod = surface

srchemi = lh
trghemi = lh
trgsurface = white
srcsurfreg = sphere.reg
trgsurfreg = sphere.reg
usehash = 1
Use ProjAbs  = 0, 0
Use ProjFrac = 0, 0
DoPaint 0

SUBJECTS_DIR    /out/sourcedata/freesurfer
FREESURFER_HOME /opt/freesurfer
Loading source label.
Found 1290 points in source label.
Starting surface-based mapping
Reading source registration 
 /out/sourcedata/freesurfer/fsaverage/surf/lh.sphere.reg
Rescaling ...  original radius = 100
Reading target surface 
 /out/sourcedata/freesurfer/sub-v1s14x0051558_ses-1/surf/lh.white
Reading target registration 
 /out/sourcedata/freesurfer/sub-v1s14x0051558_ses-1/surf/lh.sphere.reg
Rescaling ...  original radius = 100
Building target registration hash (res=16).
Building source registration hash (res=16).
INFO: found  1290 nlabel points
Performing mapping from target back to the source label 156473
Number of reverse mapping hits = 181
Checking for and removing duplicates
Writing label file ./lh.entorhinal_exvivo.label 1471
mri_label2label: Done


 mri_label2label --srcsubject fsaverage --srclabel /out/sourcedata/freesurfer/fsaverage/label/lh.perirhinal_exvivo.label --trgsubject sub-v1s14x0051558_ses-1 --trglabel ./lh.perirhinal_exvivo.label --hemi lh --regmethod surface 


srclabel = /out/sourcedata/freesurfer/fsaverage/label/lh.perirhinal_exvivo.label
srcsubject = fsaverage
trgsubject = sub-v1s14x0051558_ses-1
trglabel = ./lh.perirhinal_exvivo.label
regmethod = surface

srchemi = lh
trghemi = lh
trgsurface = white
srcsurfreg = sphere.reg
trgsurfreg = sphere.reg
usehash = 1
Use ProjAbs  = 0, 0
Use ProjFrac = 0, 0
DoPaint 0

SUBJECTS_DIR    /out/sourcedata/freesurfer
FREESURFER_HOME /opt/freesurfer
Loading source label.
Found 1199 points in source label.
Starting surface-based mapping
Reading source registration 
 /out/sourcedata/freesurfer/fsaverage/surf/lh.sphere.reg
Rescaling ...  original radius = 100
Reading target surface 
 /out/sourcedata/freesurfer/sub-v1s14x0051558_ses-1/surf/lh.white
Reading target registration 
 /out/sourcedata/freesurfer/sub-v1s14x0051558_ses-1/surf/lh.sphere.reg
Rescaling ...  original radius = 100
Building target registration hash (res=16).
Building source registration hash (res=16).
INFO: found  1199 nlabel points
Performing mapping from target back to the source label 156473
Number of reverse mapping hits = 213
Checking for and removing duplicates
Writing label file ./lh.perirhinal_exvivo.label 1412
mri_label2label: Done


 mri_label2label --srcsubject fsaverage --srclabel /out/sourcedata/freesurfer/fsaverage/label/lh.FG1.mpm.vpnl.label --trgsubject sub-v1s14x0051558_ses-1 --trglabel ./lh.FG1.mpm.vpnl.label --hemi lh --regmethod surface 


srclabel = /out/sourcedata/freesurfer/fsaverage/label/lh.FG1.mpm.vpnl.label
srcsubject = fsaverage
trgsubject = sub-v1s14x0051558_ses-1
trglabel = ./lh.FG1.mpm.vpnl.label
regmethod = surface

srchemi = lh
trghemi = lh
trgsurface = white
srcsurfreg = sphere.reg
trgsurfreg = sphere.reg
usehash = 1
Use ProjAbs  = 0, 0
Use ProjFrac = 0, 0
DoPaint 0

SUBJECTS_DIR    /out/sourcedata/freesurfer
FREESURFER_HOME /opt/freesurfer
Loading source label.
Found 414 points in source label.
Starting surface-based mapping
Reading source registration 
 /out/sourcedata/freesurfer/fsaverage/surf/lh.sphere.reg
Rescaling ...  original radius = 100
Reading target surface 
 /out/sourcedata/freesurfer/sub-v1s14x0051558_ses-1/surf/lh.white
Reading target registration 
 /out/sourcedata/freesurfer/sub-v1s14x0051558_ses-1/surf/lh.sphere.reg
Rescaling ...  original radius = 100
Building target registration hash (res=16).
Building source registration hash (res=16).
INFO: found  414 nlabel points
Performing mapping from target back to the source label 156473
Number of reverse mapping hits = 129
Checking for and removing duplicates
Writing label file ./lh.FG1.mpm.vpnl.label 543
mri_label2label: Done


 mri_label2label --srcsubject fsaverage --srclabel /out/sourcedata/freesurfer/fsaverage/label/lh.FG2.mpm.vpnl.label --trgsubject sub-v1s14x0051558_ses-1 --trglabel ./lh.FG2.mpm.vpnl.label --hemi lh --regmethod surface 


srclabel = /out/sourcedata/freesurfer/fsaverage/label/lh.FG2.mpm.vpnl.label
srcsubject = fsaverage
trgsubject = sub-v1s14x0051558_ses-1
trglabel = ./lh.FG2.mpm.vpnl.label
regmethod = surface

srchemi = lh
trghemi = lh
trgsurface = white
srcsurfreg = sphere.reg
trgsurfreg = sphere.reg
usehash = 1
Use ProjAbs  = 0, 0
Use ProjFrac = 0, 0
DoPaint 0

SUBJECTS_DIR    /out/sourcedata/freesurfer
FREESURFER_HOME /opt/freesurfer
Loading source label.
Found 703 points in source label.
Starting surface-based mapping
Reading source registration 
 /out/sourcedata/freesurfer/fsaverage/surf/lh.sphere.reg
Rescaling ...  original radius = 100
Reading target surface 
 /out/sourcedata/freesurfer/sub-v1s14x0051558_ses-1/surf/lh.white
Reading target registration 
 /out/sourcedata/freesurfer/sub-v1s14x0051558_ses-1/surf/lh.sphere.reg
Rescaling ...  original radius = 100
Building target registration hash (res=16).
Building source registration hash (res=16).
INFO: found  703 nlabel points
Performing mapping from target back to the source label 156473
Number of reverse mapping hits = 125
Checking for and removing duplicates
Writing label file ./lh.FG2.mpm.vpnl.label 828
mri_label2label: Done


 mri_label2label --srcsubject fsaverage --srclabel /out/sourcedata/freesurfer/fsaverage/label/lh.FG3.mpm.vpnl.label --trgsubject sub-v1s14x0051558_ses-1 --trglabel ./lh.FG3.mpm.vpnl.label --hemi lh --regmethod surface 


srclabel = /out/sourcedata/freesurfer/fsaverage/label/lh.FG3.mpm.vpnl.label
srcsubject = fsaverage
trgsubject = sub-v1s14x0051558_ses-1
trglabel = ./lh.FG3.mpm.vpnl.label
regmethod = surface

srchemi = lh
trghemi = lh
trgsurface = white
srcsurfreg = sphere.reg
trgsurfreg = sphere.reg
usehash = 1
Use ProjAbs  = 0, 0
Use ProjFrac = 0, 0
DoPaint 0

SUBJECTS_DIR    /out/sourcedata/freesurfer
FREESURFER_HOME /opt/freesurfer
Loading source label.
Found 1873 points in source label.
Starting surface-based mapping
Reading source registration 
 /out/sourcedata/freesurfer/fsaverage/surf/lh.sphere.reg
Rescaling ...  original radius = 100
Reading target surface 
 /out/sourcedata/freesurfer/sub-v1s14x0051558_ses-1/surf/lh.white
Reading target registration 
 /out/sourcedata/freesurfer/sub-v1s14x0051558_ses-1/surf/lh.sphere.reg
Rescaling ...  original radius = 100
Building target registration hash (res=16).
Building source registration hash (res=16).
INFO: found  1873 nlabel points
Performing mapping from target back to the source label 156473
Number of reverse mapping hits = 202
Checking for and removing duplicates
Writing label file ./lh.FG3.mpm.vpnl.label 2075
mri_label2label: Done


 mri_label2label --srcsubject fsaverage --srclabel /out/sourcedata/freesurfer/fsaverage/label/lh.FG4.mpm.vpnl.label --trgsubject sub-v1s14x0051558_ses-1 --trglabel ./lh.FG4.mpm.vpnl.label --hemi lh --regmethod surface 


srclabel = /out/sourcedata/freesurfer/fsaverage/label/lh.FG4.mpm.vpnl.label
srcsubject = fsaverage
trgsubject = sub-v1s14x0051558_ses-1
trglabel = ./lh.FG4.mpm.vpnl.label
regmethod = surface

srchemi = lh
trghemi = lh
trgsurface = white
srcsurfreg = sphere.reg
trgsurfreg = sphere.reg
usehash = 1
Use ProjAbs  = 0, 0
Use ProjFrac = 0, 0
DoPaint 0

SUBJECTS_DIR    /out/sourcedata/freesurfer
FREESURFER_HOME /opt/freesurfer
Loading source label.
Found 2101 points in source label.
Starting surface-based mapping
Reading source registration 
 /out/sourcedata/freesurfer/fsaverage/surf/lh.sphere.reg
Rescaling ...  original radius = 100
Reading target surface 
 /out/sourcedata/freesurfer/sub-v1s14x0051558_ses-1/surf/lh.white
Reading target registration 
 /out/sourcedata/freesurfer/sub-v1s14x0051558_ses-1/surf/lh.sphere.reg
Rescaling ...  original radius = 100
Building target registration hash (res=16).
Building source registration hash (res=16).
INFO: found  2101 nlabel points
Performing mapping from target back to the source label 156473
Number of reverse mapping hits = 642
Checking for and removing duplicates
Writing label file ./lh.FG4.mpm.vpnl.label 2743
mri_label2label: Done


 mri_label2label --srcsubject fsaverage --srclabel /out/sourcedata/freesurfer/fsaverage/label/lh.hOc1.mpm.vpnl.label --trgsubject sub-v1s14x0051558_ses-1 --trglabel ./lh.hOc1.mpm.vpnl.label --hemi lh --regmethod surface 


srclabel = /out/sourcedata/freesurfer/fsaverage/label/lh.hOc1.mpm.vpnl.label
srcsubject = fsaverage
trgsubject = sub-v1s14x0051558_ses-1
trglabel = ./lh.hOc1.mpm.vpnl.label
regmethod = surface

srchemi = lh
trghemi = lh
trgsurface = white
srcsurfreg = sphere.reg
trgsurfreg = sphere.reg
usehash = 1
Use ProjAbs  = 0, 0
Use ProjFrac = 0, 0
DoPaint 0

SUBJECTS_DIR    /out/sourcedata/freesurfer
FREESURFER_HOME /opt/freesurfer
Loading source label.
Found 3877 points in source label.
Starting surface-based mapping
Reading source registration 
 /out/sourcedata/freesurfer/fsaverage/surf/lh.sphere.reg
Rescaling ...  original radius = 100
Reading target surface 
 /out/sourcedata/freesurfer/sub-v1s14x0051558_ses-1/surf/lh.white
Reading target registration 
 /out/sourcedata/freesurfer/sub-v1s14x0051558_ses-1/surf/lh.sphere.reg
Rescaling ...  original radius = 100
Building target registration hash (res=16).
Building source registration hash (res=16).
INFO: found  3877 nlabel points
Performing mapping from target back to the source label 156473
Number of reverse mapping hits = 1699
Checking for and removing duplicates
Writing label file ./lh.hOc1.mpm.vpnl.label 5576
mri_label2label: Done


 mri_label2label --srcsubject fsaverage --srclabel /out/sourcedata/freesurfer/fsaverage/label/lh.hOc2.mpm.vpnl.label --trgsubject sub-v1s14x0051558_ses-1 --trglabel ./lh.hOc2.mpm.vpnl.label --hemi lh --regmethod surface 


srclabel = /out/sourcedata/freesurfer/fsaverage/label/lh.hOc2.mpm.vpnl.label
srcsubject = fsaverage
trgsubject = sub-v1s14x0051558_ses-1
trglabel = ./lh.hOc2.mpm.vpnl.label
regmethod = surface

srchemi = lh
trghemi = lh
trgsurface = white
srcsurfreg = sphere.reg
trgsurfreg = sphere.reg
usehash = 1
Use ProjAbs  = 0, 0
Use ProjFrac = 0, 0
DoPaint 0

SUBJECTS_DIR    /out/sourcedata/freesurfer
FREESURFER_HOME /opt/freesurfer
Loading source label.
Found 2919 points in source label.
Starting surface-based mapping
Reading source registration 
 /out/sourcedata/freesurfer/fsaverage/surf/lh.sphere.reg
Rescaling ...  original radius = 100
Reading target surface 
 /out/sourcedata/freesurfer/sub-v1s14x0051558_ses-1/surf/lh.white
Reading target registration 
 /out/sourcedata/freesurfer/sub-v1s14x0051558_ses-1/surf/lh.sphere.reg
Rescaling ...  original radius = 100
Building target registration hash (res=16).
Building source registration hash (res=16).
INFO: found  2919 nlabel points
Performing mapping from target back to the source label 156473
Number of reverse mapping hits = 1435
Checking for and removing duplicates
Writing label file ./lh.hOc2.mpm.vpnl.label 4354
mri_label2label: Done


 mri_label2label --srcsubject fsaverage --srclabel /out/sourcedata/freesurfer/fsaverage/label/lh.hOc3v.mpm.vpnl.label --trgsubject sub-v1s14x0051558_ses-1 --trglabel ./lh.hOc3v.mpm.vpnl.label --hemi lh --regmethod surface 


srclabel = /out/sourcedata/freesurfer/fsaverage/label/lh.hOc3v.mpm.vpnl.label
srcsubject = fsaverage
trgsubject = sub-v1s14x0051558_ses-1
trglabel = ./lh.hOc3v.mpm.vpnl.label
regmethod = surface

srchemi = lh
trghemi = lh
trgsurface = white
srcsurfreg = sphere.reg
trgsurfreg = sphere.reg
usehash = 1
Use ProjAbs  = 0, 0
Use ProjFrac = 0, 0
DoPaint 0

SUBJECTS_DIR    /out/sourcedata/freesurfer
FREESURFER_HOME /opt/freesurfer
Loading source label.
Found 1286 points in source label.
Starting surface-based mapping
Reading source registration 
 /out/sourcedata/freesurfer/fsaverage/surf/lh.sphere.reg
Rescaling ...  original radius = 100
Reading target surface 
 /out/sourcedata/freesurfer/sub-v1s14x0051558_ses-1/surf/lh.white
Reading target registration 
 /out/sourcedata/freesurfer/sub-v1s14x0051558_ses-1/surf/lh.sphere.reg
Rescaling ...  original radius = 100
Building target registration hash (res=16).
Building source registration hash (res=16).
INFO: found  1286 nlabel points
Performing mapping from target back to the source label 156473
Number of reverse mapping hits = 640
Checking for and removing duplicates
Writing label file ./lh.hOc3v.mpm.vpnl.label 1926
mri_label2label: Done


 mri_label2label --srcsubject fsaverage --srclabel /out/sourcedata/freesurfer/fsaverage/label/lh.hOc4v.mpm.vpnl.label --trgsubject sub-v1s14x0051558_ses-1 --trglabel ./lh.hOc4v.mpm.vpnl.label --hemi lh --regmethod surface 


srclabel = /out/sourcedata/freesurfer/fsaverage/label/lh.hOc4v.mpm.vpnl.label
srcsubject = fsaverage
trgsubject = sub-v1s14x0051558_ses-1
trglabel = ./lh.hOc4v.mpm.vpnl.label
regmethod = surface

srchemi = lh
trghemi = lh
trgsurface = white
srcsurfreg = sphere.reg
trgsurfreg = sphere.reg
usehash = 1
Use ProjAbs  = 0, 0
Use ProjFrac = 0, 0
DoPaint 0

SUBJECTS_DIR    /out/sourcedata/freesurfer
FREESURFER_HOME /opt/freesurfer
Loading source label.
Found 1006 points in source label.
Starting surface-based mapping
Reading source registration 
 /out/sourcedata/freesurfer/fsaverage/surf/lh.sphere.reg
Rescaling ...  original radius = 100
Reading target surface 
 /out/sourcedata/freesurfer/sub-v1s14x0051558_ses-1/surf/lh.white
Reading target registration 
 /out/sourcedata/freesurfer/sub-v1s14x0051558_ses-1/surf/lh.sphere.reg
Rescaling ...  original radius = 100
Building target registration hash (res=16).
Building source registration hash (res=16).
INFO: found  1006 nlabel points
Performing mapping from target back to the source label 156473
Number of reverse mapping hits = 414
Checking for and removing duplicates
Writing label file ./lh.hOc4v.mpm.vpnl.label 1420
mri_label2label: Done


 mris_label2annot --s sub-v1s14x0051558_ses-1 --ctab /opt/freesurfer/average/colortable_vpnl.txt --hemi lh --a mpm.vpnl --maxstatwinner --noverbose --l lh.FG1.mpm.vpnl.label --l lh.FG2.mpm.vpnl.label --l lh.FG3.mpm.vpnl.label --l lh.FG4.mpm.vpnl.label --l lh.hOc1.mpm.vpnl.label --l lh.hOc2.mpm.vpnl.label --l lh.hOc3v.mpm.vpnl.label --l lh.hOc4v.mpm.vpnl.label 

Reading ctab /opt/freesurfer/average/colortable_vpnl.txt
Number of ctab entries 9

7.3.2
cwd /out/sourcedata/freesurfer/sub-v1s14x0051558_ses-1/label
cmdline mris_label2annot --s sub-v1s14x0051558_ses-1 --ctab /opt/freesurfer/average/colortable_vpnl.txt --hemi lh --a mpm.vpnl --maxstatwinner --noverbose --l lh.FG1.mpm.vpnl.label --l lh.FG2.mpm.vpnl.label --l lh.FG3.mpm.vpnl.label --l lh.FG4.mpm.vpnl.label --l lh.hOc1.mpm.vpnl.label --l lh.hOc2.mpm.vpnl.label --l lh.hOc3v.mpm.vpnl.label --l lh.hOc4v.mpm.vpnl.label 
sysname  Linux
hostname dna003
machine  x86_64
user     oesteban

subject sub-v1s14x0051558_ses-1
hemi    lh
SUBJECTS_DIR /out/sourcedata/freesurfer
ColorTable /opt/freesurfer/average/colortable_vpnl.txt
AnnotName  mpm.vpnl
nlables 8
LabelThresh 0 0.000000
Loading /out/sourcedata/freesurfer/sub-v1s14x0051558_ses-1/surf/lh.orig
 1 1376057 FG1
 2 16711935 FG2
 3 16711680 FG3
 4 1705837 FG4
 5 25600 hOc1
 6 255 hOc2
 7 16776960 hOc3v
 8 65535 hOc4v
Mapping unhit to unknown
Found 138070 unhit vertices
Writing annot to /out/sourcedata/freesurfer/sub-v1s14x0051558_ses-1/label/lh.mpm.vpnl.annot

 mri_label2label --srcsubject fsaverage --srclabel /out/sourcedata/freesurfer/fsaverage/label/lh.BA1_exvivo.thresh.label --trgsubject sub-v1s14x0051558_ses-1 --trglabel ./lh.BA1_exvivo.thresh.label --hemi lh --regmethod surface 


srclabel = /out/sourcedata/freesurfer/fsaverage/label/lh.BA1_exvivo.thresh.label
srcsubject = fsaverage
trgsubject = sub-v1s14x0051558_ses-1
trglabel = ./lh.BA1_exvivo.thresh.label
regmethod = surface

srchemi = lh
trghemi = lh
trgsurface = white
srcsurfreg = sphere.reg
trgsurfreg = sphere.reg
usehash = 1
Use ProjAbs  = 0, 0
Use ProjFrac = 0, 0
DoPaint 0

SUBJECTS_DIR    /out/sourcedata/freesurfer
FREESURFER_HOME /opt/freesurfer
Loading source label.
Found 1014 points in source label.
Starting surface-based mapping
Reading source registration 
 /out/sourcedata/freesurfer/fsaverage/surf/lh.sphere.reg
Rescaling ...  original radius = 100
Reading target surface 
 /out/sourcedata/freesurfer/sub-v1s14x0051558_ses-1/surf/lh.white
Reading target registration 
 /out/sourcedata/freesurfer/sub-v1s14x0051558_ses-1/surf/lh.sphere.reg
Rescaling ...  original radius = 100
Building target registration hash (res=16).
Building source registration hash (res=16).
INFO: found  1014 nlabel points
Performing mapping from target back to the source label 156473
Number of reverse mapping hits = 34
Checking for and removing duplicates
Writing label file ./lh.BA1_exvivo.thresh.label 1048
mri_label2label: Done


 mri_label2label --srcsubject fsaverage --srclabel /out/sourcedata/freesurfer/fsaverage/label/lh.BA2_exvivo.thresh.label --trgsubject sub-v1s14x0051558_ses-1 --trglabel ./lh.BA2_exvivo.thresh.label --hemi lh --regmethod surface 


srclabel = /out/sourcedata/freesurfer/fsaverage/label/lh.BA2_exvivo.thresh.label
srcsubject = fsaverage
trgsubject = sub-v1s14x0051558_ses-1
trglabel = ./lh.BA2_exvivo.thresh.label
regmethod = surface

srchemi = lh
trghemi = lh
trgsurface = white
srcsurfreg = sphere.reg
trgsurfreg = sphere.reg
usehash = 1
Use ProjAbs  = 0, 0
Use ProjFrac = 0, 0
DoPaint 0

SUBJECTS_DIR    /out/sourcedata/freesurfer
FREESURFER_HOME /opt/freesurfer
Loading source label.
Found 2092 points in source label.
Starting surface-based mapping
Reading source registration 
 /out/sourcedata/freesurfer/fsaverage/surf/lh.sphere.reg
Rescaling ...  original radius = 100
Reading target surface 
 /out/sourcedata/freesurfer/sub-v1s14x0051558_ses-1/surf/lh.white
Reading target registration 
 /out/sourcedata/freesurfer/sub-v1s14x0051558_ses-1/surf/lh.sphere.reg
Rescaling ...  original radius = 100
Building target registration hash (res=16).
Building source registration hash (res=16).
INFO: found  2092 nlabel points
Performing mapping from target back to the source label 156473
Number of reverse mapping hits = 47
Checking for and removing duplicates
Writing label file ./lh.BA2_exvivo.thresh.label 2139
mri_label2label: Done


 mri_label2label --srcsubject fsaverage --srclabel /out/sourcedata/freesurfer/fsaverage/label/lh.BA3a_exvivo.thresh.label --trgsubject sub-v1s14x0051558_ses-1 --trglabel ./lh.BA3a_exvivo.thresh.label --hemi lh --regmethod surface 


srclabel = /out/sourcedata/freesurfer/fsaverage/label/lh.BA3a_exvivo.thresh.label
srcsubject = fsaverage
trgsubject = sub-v1s14x0051558_ses-1
trglabel = ./lh.BA3a_exvivo.thresh.label
regmethod = surface

srchemi = lh
trghemi = lh
trgsurface = white
srcsurfreg = sphere.reg
trgsurfreg = sphere.reg
usehash = 1
Use ProjAbs  = 0, 0
Use ProjFrac = 0, 0
DoPaint 0

SUBJECTS_DIR    /out/sourcedata/freesurfer
FREESURFER_HOME /opt/freesurfer
Loading source label.
Found 1504 points in source label.
Starting surface-based mapping
Reading source registration 
 /out/sourcedata/freesurfer/fsaverage/surf/lh.sphere.reg
Rescaling ...  original radius = 100
Reading target surface 
 /out/sourcedata/freesurfer/sub-v1s14x0051558_ses-1/surf/lh.white
Reading target registration 
 /out/sourcedata/freesurfer/sub-v1s14x0051558_ses-1/surf/lh.sphere.reg
Rescaling ...  original radius = 100
Building target registration hash (res=16).
Building source registration hash (res=16).
INFO: found  1504 nlabel points
Performing mapping from target back to the source label 156473
Number of reverse mapping hits = 18
Checking for and removing duplicates
Writing label file ./lh.BA3a_exvivo.thresh.label 1522
mri_label2label: Done


 mri_label2label --srcsubject fsaverage --srclabel /out/sourcedata/freesurfer/fsaverage/label/lh.BA3b_exvivo.thresh.label --trgsubject sub-v1s14x0051558_ses-1 --trglabel ./lh.BA3b_exvivo.thresh.label --hemi lh --regmethod surface 


srclabel = /out/sourcedata/freesurfer/fsaverage/label/lh.BA3b_exvivo.thresh.label
srcsubject = fsaverage
trgsubject = sub-v1s14x0051558_ses-1
trglabel = ./lh.BA3b_exvivo.thresh.label
regmethod = surface

srchemi = lh
trghemi = lh
trgsurface = white
srcsurfreg = sphere.reg
trgsurfreg = sphere.reg
usehash = 1
Use ProjAbs  = 0, 0
Use ProjFrac = 0, 0
DoPaint 0

SUBJECTS_DIR    /out/sourcedata/freesurfer
FREESURFER_HOME /opt/freesurfer
Loading source label.
Found 1996 points in source label.
Starting surface-based mapping
Reading source registration 
 /out/sourcedata/freesurfer/fsaverage/surf/lh.sphere.reg
Rescaling ...  original radius = 100
Reading target surface 
 /out/sourcedata/freesurfer/sub-v1s14x0051558_ses-1/surf/lh.white
Reading target registration 
 /out/sourcedata/freesurfer/sub-v1s14x0051558_ses-1/surf/lh.sphere.reg
Rescaling ...  original radius = 100
Building target registration hash (res=16).
Building source registration hash (res=16).
INFO: found  1996 nlabel points
Performing mapping from target back to the source label 156473
Number of reverse mapping hits = 89
Checking for and removing duplicates
Writing label file ./lh.BA3b_exvivo.thresh.label 2085
mri_label2label: Done


 mri_label2label --srcsubject fsaverage --srclabel /out/sourcedata/freesurfer/fsaverage/label/lh.BA4a_exvivo.thresh.label --trgsubject sub-v1s14x0051558_ses-1 --trglabel ./lh.BA4a_exvivo.thresh.label --hemi lh --regmethod surface 


srclabel = /out/sourcedata/freesurfer/fsaverage/label/lh.BA4a_exvivo.thresh.label
srcsubject = fsaverage
trgsubject = sub-v1s14x0051558_ses-1
trglabel = ./lh.BA4a_exvivo.thresh.label
regmethod = surface

srchemi = lh
trghemi = lh
trgsurface = white
srcsurfreg = sphere.reg
trgsurfreg = sphere.reg
usehash = 1
Use ProjAbs  = 0, 0
Use ProjFrac = 0, 0
DoPaint 0

SUBJECTS_DIR    /out/sourcedata/freesurfer
FREESURFER_HOME /opt/freesurfer
Loading source label.
Found 2319 points in source label.
Starting surface-based mapping
Reading source registration 
 /out/sourcedata/freesurfer/fsaverage/surf/lh.sphere.reg
Rescaling ...  original radius = 100
Reading target surface 
 /out/sourcedata/freesurfer/sub-v1s14x0051558_ses-1/surf/lh.white
Reading target registration 
 /out/sourcedata/freesurfer/sub-v1s14x0051558_ses-1/surf/lh.sphere.reg
Rescaling ...  original radius = 100
Building target registration hash (res=16).
Building source registration hash (res=16).
INFO: found  2319 nlabel points
Performing mapping from target back to the source label 156473
Number of reverse mapping hits = 358
Checking for and removing duplicates
Writing label file ./lh.BA4a_exvivo.thresh.label 2677
mri_label2label: Done


 mri_label2label --srcsubject fsaverage --srclabel /out/sourcedata/freesurfer/fsaverage/label/lh.BA4p_exvivo.thresh.label --trgsubject sub-v1s14x0051558_ses-1 --trglabel ./lh.BA4p_exvivo.thresh.label --hemi lh --regmethod surface 


srclabel = /out/sourcedata/freesurfer/fsaverage/label/lh.BA4p_exvivo.thresh.label
srcsubject = fsaverage
trgsubject = sub-v1s14x0051558_ses-1
trglabel = ./lh.BA4p_exvivo.thresh.label
regmethod = surface

srchemi = lh
trghemi = lh
trgsurface = white
srcsurfreg = sphere.reg
trgsurfreg = sphere.reg
usehash = 1
Use ProjAbs  = 0, 0
Use ProjFrac = 0, 0
DoPaint 0

SUBJECTS_DIR    /out/sourcedata/freesurfer
FREESURFER_HOME /opt/freesurfer
Loading source label.
Found 1549 points in source label.
Starting surface-based mapping
Reading source registration 
 /out/sourcedata/freesurfer/fsaverage/surf/lh.sphere.reg
Rescaling ...  original radius = 100
Reading target surface 
 /out/sourcedata/freesurfer/sub-v1s14x0051558_ses-1/surf/lh.white
Reading target registration 
 /out/sourcedata/freesurfer/sub-v1s14x0051558_ses-1/surf/lh.sphere.reg
Rescaling ...  original radius = 100
Building target registration hash (res=16).
Building source registration hash (res=16).
INFO: found  1549 nlabel points
Performing mapping from target back to the source label 156473
Number of reverse mapping hits = 94
Checking for and removing duplicates
Writing label file ./lh.BA4p_exvivo.thresh.label 1643
mri_label2label: Done


 mri_label2label --srcsubject fsaverage --srclabel /out/sourcedata/freesurfer/fsaverage/label/lh.BA6_exvivo.thresh.label --trgsubject sub-v1s14x0051558_ses-1 --trglabel ./lh.BA6_exvivo.thresh.label --hemi lh --regmethod surface 


srclabel = /out/sourcedata/freesurfer/fsaverage/label/lh.BA6_exvivo.thresh.label
srcsubject = fsaverage
trgsubject = sub-v1s14x0051558_ses-1
trglabel = ./lh.BA6_exvivo.thresh.label
regmethod = surface

srchemi = lh
trghemi = lh
trgsurface = white
srcsurfreg = sphere.reg
trgsurfreg = sphere.reg
usehash = 1
Use ProjAbs  = 0, 0
Use ProjFrac = 0, 0
DoPaint 0

SUBJECTS_DIR    /out/sourcedata/freesurfer
FREESURFER_HOME /opt/freesurfer
Loading source label.
Found 7035 points in source label.
Starting surface-based mapping
Reading source registration 
 /out/sourcedata/freesurfer/fsaverage/surf/lh.sphere.reg
Rescaling ...  original radius = 100
Reading target surface 
 /out/sourcedata/freesurfer/sub-v1s14x0051558_ses-1/surf/lh.white
Reading target registration 
 /out/sourcedata/freesurfer/sub-v1s14x0051558_ses-1/surf/lh.sphere.reg
Rescaling ...  original radius = 100
Building target registration hash (res=16).
Building source registration hash (res=16).
INFO: found  7035 nlabel points
Performing mapping from target back to the source label 156473
Number of reverse mapping hits = 898
Checking for and removing duplicates
Writing label file ./lh.BA6_exvivo.thresh.label 7933
mri_label2label: Done


 mri_label2label --srcsubject fsaverage --srclabel /out/sourcedata/freesurfer/fsaverage/label/lh.BA44_exvivo.thresh.label --trgsubject sub-v1s14x0051558_ses-1 --trglabel ./lh.BA44_exvivo.thresh.label --hemi lh --regmethod surface 


srclabel = /out/sourcedata/freesurfer/fsaverage/label/lh.BA44_exvivo.thresh.label
srcsubject = fsaverage
trgsubject = sub-v1s14x0051558_ses-1
trglabel = ./lh.BA44_exvivo.thresh.label
regmethod = surface

srchemi = lh
trghemi = lh
trgsurface = white
srcsurfreg = sphere.reg
trgsurfreg = sphere.reg
usehash = 1
Use ProjAbs  = 0, 0
Use ProjFrac = 0, 0
DoPaint 0

SUBJECTS_DIR    /out/sourcedata/freesurfer
FREESURFER_HOME /opt/freesurfer
Loading source label.
Found 1912 points in source label.
Starting surface-based mapping
Reading source registration 
 /out/sourcedata/freesurfer/fsaverage/surf/lh.sphere.reg
Rescaling ...  original radius = 100
Reading target surface 
 /out/sourcedata/freesurfer/sub-v1s14x0051558_ses-1/surf/lh.white
Reading target registration 
 /out/sourcedata/freesurfer/sub-v1s14x0051558_ses-1/surf/lh.sphere.reg
Rescaling ...  original radius = 100
Building target registration hash (res=16).
Building source registration hash (res=16).
INFO: found  1912 nlabel points
Performing mapping from target back to the source label 156473
Number of reverse mapping hits = 157
Checking for and removing duplicates
Writing label file ./lh.BA44_exvivo.thresh.label 2069
mri_label2label: Done


 mri_label2label --srcsubject fsaverage --srclabel /out/sourcedata/freesurfer/fsaverage/label/lh.BA45_exvivo.thresh.label --trgsubject sub-v1s14x0051558_ses-1 --trglabel ./lh.BA45_exvivo.thresh.label --hemi lh --regmethod surface 


srclabel = /out/sourcedata/freesurfer/fsaverage/label/lh.BA45_exvivo.thresh.label
srcsubject = fsaverage
trgsubject = sub-v1s14x0051558_ses-1
trglabel = ./lh.BA45_exvivo.thresh.label
regmethod = surface

srchemi = lh
trghemi = lh
trgsurface = white
srcsurfreg = sphere.reg
trgsurfreg = sphere.reg
usehash = 1
Use ProjAbs  = 0, 0
Use ProjFrac = 0, 0
DoPaint 0

SUBJECTS_DIR    /out/sourcedata/freesurfer
FREESURFER_HOME /opt/freesurfer
Loading source label.
Found 1151 points in source label.
Starting surface-based mapping
Reading source registration 
 /out/sourcedata/freesurfer/fsaverage/surf/lh.sphere.reg
Rescaling ...  original radius = 100
Reading target surface 
 /out/sourcedata/freesurfer/sub-v1s14x0051558_ses-1/surf/lh.white
Reading target registration 
 /out/sourcedata/freesurfer/sub-v1s14x0051558_ses-1/surf/lh.sphere.reg
Rescaling ...  original radius = 100
Building target registration hash (res=16).
Building source registration hash (res=16).
INFO: found  1151 nlabel points
Performing mapping from target back to the source label 156473
Number of reverse mapping hits = 367
Checking for and removing duplicates
Writing label file ./lh.BA45_exvivo.thresh.label 1518
mri_label2label: Done


 mri_label2label --srcsubject fsaverage --srclabel /out/sourcedata/freesurfer/fsaverage/label/lh.V1_exvivo.thresh.label --trgsubject sub-v1s14x0051558_ses-1 --trglabel ./lh.V1_exvivo.thresh.label --hemi lh --regmethod surface 


srclabel = /out/sourcedata/freesurfer/fsaverage/label/lh.V1_exvivo.thresh.label
srcsubject = fsaverage
trgsubject = sub-v1s14x0051558_ses-1
trglabel = ./lh.V1_exvivo.thresh.label
regmethod = surface

srchemi = lh
trghemi = lh
trgsurface = white
srcsurfreg = sphere.reg
trgsurfreg = sphere.reg
usehash = 1
Use ProjAbs  = 0, 0
Use ProjFrac = 0, 0
DoPaint 0

SUBJECTS_DIR    /out/sourcedata/freesurfer
FREESURFER_HOME /opt/freesurfer
Loading source label.
Found 3405 points in source label.
Starting surface-based mapping
Reading source registration 
 /out/sourcedata/freesurfer/fsaverage/surf/lh.sphere.reg
Rescaling ...  original radius = 100
Reading target surface 
 /out/sourcedata/freesurfer/sub-v1s14x0051558_ses-1/surf/lh.white
Reading target registration 
 /out/sourcedata/freesurfer/sub-v1s14x0051558_ses-1/surf/lh.sphere.reg
Rescaling ...  original radius = 100
Building target registration hash (res=16).
Building source registration hash (res=16).
INFO: found  3405 nlabel points
Performing mapping from target back to the source label 156473
Number of reverse mapping hits = 1451
Checking for and removing duplicates
Writing label file ./lh.V1_exvivo.thresh.label 4856
mri_label2label: Done


 mri_label2label --srcsubject fsaverage --srclabel /out/sourcedata/freesurfer/fsaverage/label/lh.V2_exvivo.thresh.label --trgsubject sub-v1s14x0051558_ses-1 --trglabel ./lh.V2_exvivo.thresh.label --hemi lh --regmethod surface 


srclabel = /out/sourcedata/freesurfer/fsaverage/label/lh.V2_exvivo.thresh.label
srcsubject = fsaverage
trgsubject = sub-v1s14x0051558_ses-1
trglabel = ./lh.V2_exvivo.thresh.label
regmethod = surface

srchemi = lh
trghemi = lh
trgsurface = white
srcsurfreg = sphere.reg
trgsurfreg = sphere.reg
usehash = 1
Use ProjAbs  = 0, 0
Use ProjFrac = 0, 0
DoPaint 0

SUBJECTS_DIR    /out/sourcedata/freesurfer
FREESURFER_HOME /opt/freesurfer
Loading source label.
Found 3334 points in source label.
Starting surface-based mapping
Reading source registration 
 /out/sourcedata/freesurfer/fsaverage/surf/lh.sphere.reg
Rescaling ...  original radius = 100
Reading target surface 
 /out/sourcedata/freesurfer/sub-v1s14x0051558_ses-1/surf/lh.white
Reading target registration 
 /out/sourcedata/freesurfer/sub-v1s14x0051558_ses-1/surf/lh.sphere.reg
Rescaling ...  original radius = 100
Building target registration hash (res=16).
Building source registration hash (res=16).
INFO: found  3334 nlabel points
Performing mapping from target back to the source label 156473
Number of reverse mapping hits = 1623
Checking for and removing duplicates
Writing label file ./lh.V2_exvivo.thresh.label 4957
mri_label2label: Done


 mri_label2label --srcsubject fsaverage --srclabel /out/sourcedata/freesurfer/fsaverage/label/lh.MT_exvivo.thresh.label --trgsubject sub-v1s14x0051558_ses-1 --trglabel ./lh.MT_exvivo.thresh.label --hemi lh --regmethod surface 


srclabel = /out/sourcedata/freesurfer/fsaverage/label/lh.MT_exvivo.thresh.label
srcsubject = fsaverage
trgsubject = sub-v1s14x0051558_ses-1
trglabel = ./lh.MT_exvivo.thresh.label
regmethod = surface

srchemi = lh
trghemi = lh
trgsurface = white
srcsurfreg = sphere.reg
trgsurfreg = sphere.reg
usehash = 1
Use ProjAbs  = 0, 0
Use ProjFrac = 0, 0
DoPaint 0

SUBJECTS_DIR    /out/sourcedata/freesurfer
FREESURFER_HOME /opt/freesurfer
Loading source label.
Found 513 points in source label.
Starting surface-based mapping
Reading source registration 
 /out/sourcedata/freesurfer/fsaverage/surf/lh.sphere.reg
Rescaling ...  original radius = 100
Reading target surface 
 /out/sourcedata/freesurfer/sub-v1s14x0051558_ses-1/surf/lh.white
Reading target registration 
 /out/sourcedata/freesurfer/sub-v1s14x0051558_ses-1/surf/lh.sphere.reg
Rescaling ...  original radius = 100
Building target registration hash (res=16).
Building source registration hash (res=16).
INFO: found  513 nlabel points
Performing mapping from target back to the source label 156473
Number of reverse mapping hits = 158
Checking for and removing duplicates
Writing label file ./lh.MT_exvivo.thresh.label 671
mri_label2label: Done


 mri_label2label --srcsubject fsaverage --srclabel /out/sourcedata/freesurfer/fsaverage/label/lh.entorhinal_exvivo.thresh.label --trgsubject sub-v1s14x0051558_ses-1 --trglabel ./lh.entorhinal_exvivo.thresh.label --hemi lh --regmethod surface 


srclabel = /out/sourcedata/freesurfer/fsaverage/label/lh.entorhinal_exvivo.thresh.label
srcsubject = fsaverage
trgsubject = sub-v1s14x0051558_ses-1
trglabel = ./lh.entorhinal_exvivo.thresh.label
regmethod = surface

srchemi = lh
trghemi = lh
trgsurface = white
srcsurfreg = sphere.reg
trgsurfreg = sphere.reg
usehash = 1
Use ProjAbs  = 0, 0
Use ProjFrac = 0, 0
DoPaint 0

SUBJECTS_DIR    /out/sourcedata/freesurfer
FREESURFER_HOME /opt/freesurfer
Loading source label.
Found 470 points in source label.
Starting surface-based mapping
Reading source registration 
 /out/sourcedata/freesurfer/fsaverage/surf/lh.sphere.reg
Rescaling ...  original radius = 100
Reading target surface 
 /out/sourcedata/freesurfer/sub-v1s14x0051558_ses-1/surf/lh.white
Reading target registration 
 /out/sourcedata/freesurfer/sub-v1s14x0051558_ses-1/surf/lh.sphere.reg
Rescaling ...  original radius = 100
Building target registration hash (res=16).
Building source registration hash (res=16).
INFO: found  470 nlabel points
Performing mapping from target back to the source label 156473
Number of reverse mapping hits = 99
Checking for and removing duplicates
Writing label file ./lh.entorhinal_exvivo.thresh.label 569
mri_label2label: Done


 mri_label2label --srcsubject fsaverage --srclabel /out/sourcedata/freesurfer/fsaverage/label/lh.perirhinal_exvivo.thresh.label --trgsubject sub-v1s14x0051558_ses-1 --trglabel ./lh.perirhinal_exvivo.thresh.label --hemi lh --regmethod surface 


srclabel = /out/sourcedata/freesurfer/fsaverage/label/lh.perirhinal_exvivo.thresh.label
srcsubject = fsaverage
trgsubject = sub-v1s14x0051558_ses-1
trglabel = ./lh.perirhinal_exvivo.thresh.label
regmethod = surface

srchemi = lh
trghemi = lh
trgsurface = white
srcsurfreg = sphere.reg
trgsurfreg = sphere.reg
usehash = 1
Use ProjAbs  = 0, 0
Use ProjFrac = 0, 0
DoPaint 0

SUBJECTS_DIR    /out/sourcedata/freesurfer
FREESURFER_HOME /opt/freesurfer
Loading source label.
Found 450 points in source label.
Starting surface-based mapping
Reading source registration 
 /out/sourcedata/freesurfer/fsaverage/surf/lh.sphere.reg
Rescaling ...  original radius = 100
Reading target surface 
 /out/sourcedata/freesurfer/sub-v1s14x0051558_ses-1/surf/lh.white
Reading target registration 
 /out/sourcedata/freesurfer/sub-v1s14x0051558_ses-1/surf/lh.sphere.reg
Rescaling ...  original radius = 100
Building target registration hash (res=16).
Building source registration hash (res=16).
INFO: found  450 nlabel points
Performing mapping from target back to the source label 156473
Number of reverse mapping hits = 105
Checking for and removing duplicates
Writing label file ./lh.perirhinal_exvivo.thresh.label 555
mri_label2label: Done


 mris_label2annot --s sub-v1s14x0051558_ses-1 --hemi lh --ctab /opt/freesurfer/average/colortable_BA.txt --l lh.BA1_exvivo.label --l lh.BA2_exvivo.label --l lh.BA3a_exvivo.label --l lh.BA3b_exvivo.label --l lh.BA4a_exvivo.label --l lh.BA4p_exvivo.label --l lh.BA6_exvivo.label --l lh.BA44_exvivo.label --l lh.BA45_exvivo.label --l lh.V1_exvivo.label --l lh.V2_exvivo.label --l lh.MT_exvivo.label --l lh.perirhinal_exvivo.label --l lh.entorhinal_exvivo.label --a BA_exvivo --maxstatwinner --noverbose 

Reading ctab /opt/freesurfer/average/colortable_BA.txt
Number of ctab entries 15

7.3.2
cwd /out/sourcedata/freesurfer/sub-v1s14x0051558_ses-1/label
cmdline mris_label2annot --s sub-v1s14x0051558_ses-1 --hemi lh --ctab /opt/freesurfer/average/colortable_BA.txt --l lh.BA1_exvivo.label --l lh.BA2_exvivo.label --l lh.BA3a_exvivo.label --l lh.BA3b_exvivo.label --l lh.BA4a_exvivo.label --l lh.BA4p_exvivo.label --l lh.BA6_exvivo.label --l lh.BA44_exvivo.label --l lh.BA45_exvivo.label --l lh.V1_exvivo.label --l lh.V2_exvivo.label --l lh.MT_exvivo.label --l lh.perirhinal_exvivo.label --l lh.entorhinal_exvivo.label --a BA_exvivo --maxstatwinner --noverbose 
sysname  Linux
hostname dna003
machine  x86_64
user     oesteban

subject sub-v1s14x0051558_ses-1
hemi    lh
SUBJECTS_DIR /out/sourcedata/freesurfer
ColorTable /opt/freesurfer/average/colortable_BA.txt
AnnotName  BA_exvivo
nlables 14
LabelThresh 0 0.000000
Loading /out/sourcedata/freesurfer/sub-v1s14x0051558_ses-1/surf/lh.orig
 1 1530880 BA1_exvivo
 2 16749699 BA2_exvivo
 3 16711680 BA3a_exvivo
 4 3368703 BA3b_exvivo
 5 1376196 BA4a_exvivo
 6 13382655 BA4p_exvivo
 7 10036737 BA6_exvivo
 8 2490521 BA44_exvivo
 9 39283 BA45_exvivo
10 3993 V1_exvivo
11 8508928 V2_exvivo
12 10027163 MT_exvivo
13 16422433 perirhinal_exvivo
14 16392598 entorhinal_exvivo
Mapping unhit to unknown
Found 108349 unhit vertices
Writing annot to /out/sourcedata/freesurfer/sub-v1s14x0051558_ses-1/label/lh.BA_exvivo.annot

 mris_label2annot --s sub-v1s14x0051558_ses-1 --hemi lh --ctab /opt/freesurfer/average/colortable_BA.txt --l lh.BA1_exvivo.thresh.label --l lh.BA2_exvivo.thresh.label --l lh.BA3a_exvivo.thresh.label --l lh.BA3b_exvivo.thresh.label --l lh.BA4a_exvivo.thresh.label --l lh.BA4p_exvivo.thresh.label --l lh.BA6_exvivo.thresh.label --l lh.BA44_exvivo.thresh.label --l lh.BA45_exvivo.thresh.label --l lh.V1_exvivo.thresh.label --l lh.V2_exvivo.thresh.label --l lh.MT_exvivo.thresh.label --l lh.perirhinal_exvivo.thresh.label --l lh.entorhinal_exvivo.thresh.label --a BA_exvivo.thresh --maxstatwinner --noverbose 

Reading ctab /opt/freesurfer/average/colortable_BA.txt
Number of ctab entries 15

7.3.2
cwd /out/sourcedata/freesurfer/sub-v1s14x0051558_ses-1/label
cmdline mris_label2annot --s sub-v1s14x0051558_ses-1 --hemi lh --ctab /opt/freesurfer/average/colortable_BA.txt --l lh.BA1_exvivo.thresh.label --l lh.BA2_exvivo.thresh.label --l lh.BA3a_exvivo.thresh.label --l lh.BA3b_exvivo.thresh.label --l lh.BA4a_exvivo.thresh.label --l lh.BA4p_exvivo.thresh.label --l lh.BA6_exvivo.thresh.label --l lh.BA44_exvivo.thresh.label --l lh.BA45_exvivo.thresh.label --l lh.V1_exvivo.thresh.label --l lh.V2_exvivo.thresh.label --l lh.MT_exvivo.thresh.label --l lh.perirhinal_exvivo.thresh.label --l lh.entorhinal_exvivo.thresh.label --a BA_exvivo.thresh --maxstatwinner --noverbose 
sysname  Linux
hostname dna003
machine  x86_64
user     oesteban

subject sub-v1s14x0051558_ses-1
hemi    lh
SUBJECTS_DIR /out/sourcedata/freesurfer
ColorTable /opt/freesurfer/average/colortable_BA.txt
AnnotName  BA_exvivo.thresh
nlables 14
LabelThresh 0 0.000000
Loading /out/sourcedata/freesurfer/sub-v1s14x0051558_ses-1/surf/lh.orig
 1 1530880 BA1_exvivo
 2 16749699 BA2_exvivo
 3 16711680 BA3a_exvivo
 4 3368703 BA3b_exvivo
 5 1376196 BA4a_exvivo
 6 13382655 BA4p_exvivo
 7 10036737 BA6_exvivo
 8 2490521 BA44_exvivo
 9 39283 BA45_exvivo
10 3993 V1_exvivo
11 8508928 V2_exvivo
12 10027163 MT_exvivo
13 16422433 perirhinal_exvivo
14 16392598 entorhinal_exvivo
Mapping unhit to unknown
Found 127548 unhit vertices
Writing annot to /out/sourcedata/freesurfer/sub-v1s14x0051558_ses-1/label/lh.BA_exvivo.thresh.annot

 mris_anatomical_stats -th3 -mgz -noglobal -f ../stats/lh.BA_exvivo.stats -b -a ./lh.BA_exvivo.annot -c ./BA_exvivo.ctab sub-v1s14x0051558_ses-1 lh white 

computing statistics for each annotation in ./lh.BA_exvivo.annot.
reading volume /out/sourcedata/freesurfer/sub-v1s14x0051558_ses-1/mri/wm.mgz...
reading input surface /out/sourcedata/freesurfer/sub-v1s14x0051558_ses-1/surf/lh.white...
reading input pial surface /out/sourcedata/freesurfer/sub-v1s14x0051558_ses-1/surf/lh.pial...
reading input white surface /out/sourcedata/freesurfer/sub-v1s14x0051558_ses-1/surf/lh.white...
INFO: using TH3 volume calc
INFO: assuming MGZ format for volumes.
INFO: not computing global stats
Using TH3 vertex volume calc
Total face volume 254439
Total vertex volume 254225 (mask=0)
Saving annotation colortable ./BA_exvivo.ctab

table columns are:
    number of vertices
    total surface area (mm^2)
    total gray matter volume (mm^3)
    average cortical thickness +- standard deviation (mm)
    integrated rectified mean curvature
    integrated rectified Gaussian curvature
    folding index
    intrinsic curvature index
    structure name

 1079    598   1483  1.966 0.574     0.118     0.031       14     1.1  BA1_exvivo
 3748   2437   5156  1.916 0.594     0.113     0.021       34     3.1  BA2_exvivo
 1032    680    800  1.488 0.343     0.135     0.028       10     1.2  BA3a_exvivo
 2651   1682   3040  1.626 0.602     0.093     0.017       20     1.8  BA3b_exvivo
 2307   1178   3730  2.649 0.520     0.076     0.014       12     1.3  BA4a_exvivo
 1578    991   2157  2.242 0.518     0.082     0.014        7     1.1  BA4p_exvivo
11101   7434  22081  2.501 0.635     0.117     0.024      125    11.5  BA6_exvivo
 2591   1678   4520  2.321 0.576     0.106     0.017       24     1.9  BA44_exvivo
 3773   2751   6781  2.103 0.606     0.129     0.026       46     4.3  BA45_exvivo
 4440   3060   4034  1.380 0.459     0.145     0.032       57     6.4  V1_exvivo
 9766   6635  10519  1.573 0.584     0.154     0.039      135    16.9  V2_exvivo
 2405   1681   3690  2.034 0.592     0.139     0.024       30     2.5  MT_exvivo
  944    654   2606  3.116 0.678     0.109     0.021        9     0.7  perirhinal_exvivo
  709    444   2054  3.206 0.737     0.093     0.019        4     0.6  entorhinal_exvivo

 mris_anatomical_stats -th3 -mgz -f ../stats/lh.BA_exvivo.thresh.stats -noglobal -b -a ./lh.BA_exvivo.thresh.annot -c ./BA_exvivo.thresh.ctab sub-v1s14x0051558_ses-1 lh white 

computing statistics for each annotation in ./lh.BA_exvivo.thresh.annot.
reading volume /out/sourcedata/freesurfer/sub-v1s14x0051558_ses-1/mri/wm.mgz...
reading input surface /out/sourcedata/freesurfer/sub-v1s14x0051558_ses-1/surf/lh.white...
reading input pial surface /out/sourcedata/freesurfer/sub-v1s14x0051558_ses-1/surf/lh.pial...
reading input white surface /out/sourcedata/freesurfer/sub-v1s14x0051558_ses-1/surf/lh.white...
INFO: using TH3 volume calc
INFO: assuming MGZ format for volumes.
INFO: not computing global stats
Using TH3 vertex volume calc
Total face volume 254439
Total vertex volume 254225 (mask=0)
Saving annotation colortable ./BA_exvivo.thresh.ctab

table columns are:
    number of vertices
    total surface area (mm^2)
    total gray matter volume (mm^3)
    average cortical thickness +- standard deviation (mm)
    integrated rectified mean curvature
    integrated rectified Gaussian curvature
    folding index
    intrinsic curvature index
    structure name

  648    329    846  1.982 0.519     0.121     0.034       11     0.8  BA1_exvivo
 1484    928   1761  1.826 0.486     0.097     0.016       11     0.9  BA2_exvivo
  904    595    651  1.472 0.305     0.138     0.027        9     1.1  BA3a_exvivo
 1610   1024   1327  1.280 0.260     0.074     0.010        7     0.7  BA3b_exvivo
 2222   1185   3386  2.562 0.518     0.068     0.011        8     1.1  BA4a_exvivo
 1211    778   1544  2.127 0.535     0.092     0.017        6     0.9  BA4p_exvivo
 6575   4302  13541  2.564 0.632     0.111     0.024       71     6.6  BA6_exvivo
 1710   1111   2835  2.170 0.548     0.107     0.016       16     1.2  BA44_exvivo
 1468   1075   3070  2.293 0.632     0.127     0.025       17     1.5  BA45_exvivo
 4725   3232   4391  1.390 0.482     0.141     0.031       59     6.4  V1_exvivo
 4812   3391   4928  1.443 0.502     0.166     0.043       72     9.7  V2_exvivo
  637    449    965  1.924 0.600     0.147     0.026        8     0.7  MT_exvivo
  419    287    948  2.993 0.607     0.112     0.014        4     0.3  perirhinal_exvivo
  500    317   1341  3.216 0.707     0.081     0.010        2     0.3  entorhinal_exvivo

Started at Sun Mar 8 20:24:38 CET 2026 
Ended   at Sun Mar 8 20:28:24 CET 2026
#@#%# recon-all-run-time-hours 0.063
recon-all -s sub-v1s14x0051558_ses-1 finished without error at Sun Mar  8 20:28:24 CET 2026
