#!ascii label  , from subject sub-v1s14x0051559_ses-1 vox2ras=TkReg
5670
110711  45.633  23.328  18.124 0.8999999762
137430  45.422  21.978  15.244 0.8999999762
110715  45.478  22.907  15.996 0.8999999762
152488  45.649  22.938  16.917 0.8999999762
144102  45.769  23.851  17.501 0.8999999762
110031  45.573  21.951  16.225 0.8999999762
110712  45.708  22.854  17.581 0.8999999762
112217  44.388  24.288  19.138 0.8000000119
112230  44.946  24.635  18.460 0.8000000119
112231  44.017  24.393  18.853 0.6999999881
111448  43.434  24.347  18.454 0.6000000238
137208  41.554  24.740  18.637 0.6000000238
112995  40.223  25.191  18.213 0.5000000000
112243  40.153  24.944  17.507 0.4000000060
110726  46.155  22.323  12.568 0.8999999762
110720  45.561  22.687  13.518 0.8999999762
110718  45.398  22.746  14.653 0.8999999762
162691  45.411  22.820  15.319 0.8999999762
111457  45.866  24.142  16.636 0.8999999762
147592  45.571  24.316  17.939 0.8999999762
112240  44.457  24.604  18.129 0.6000000238
112232  42.983  24.555  19.084 0.6000000238
112233  42.006  24.717  19.055 0.6000000238
147209  39.306  25.953  17.358 0.3000000119
161778  38.898  26.265  15.884 0.3000000119
111454  41.697  24.131  17.879 0.6000000238
112242  40.869  24.883  18.153 0.6000000238
112996  39.658  25.461  17.744 0.3000000119
113001  39.551  25.381  17.056 0.3000000119
152893  40.314  24.084  16.875 0.4000000060
112250  39.786  24.475  16.694 0.3000000119
110725  46.776  22.212  11.954 0.8999999762
111471  45.628  23.763  14.338 0.8999999762
111463  45.683  23.738  15.424 0.8999999762
111451  45.712  24.718  17.312 0.8999999762
113730  35.565  26.327  14.845 0.3000000119
113011  34.033  25.640  14.848 0.3000000119
112255  46.078  24.943  15.924 0.8999999762
112247  45.904  25.192  16.654 0.8999999762
148012  45.299  25.408  17.006 0.6999999881
111452  43.615  24.164  17.519 0.6000000238
113008  37.483  25.842  14.907 0.3000000119
151096  35.837  25.544  14.787 0.4000000060
113020  33.445  24.992  14.465 0.4000000060
112249  44.558  24.947  17.130 0.6000000238
111458  43.562  24.138  16.486 0.6000000238
112241  42.413  24.468  18.635 0.6000000238
156259  38.475  26.035  15.358 0.3000000119
113009  36.588  25.411  14.844 0.3000000119
155994  35.090  24.463  14.340 0.4000000060
142065  33.811  24.430  13.966 0.4000000060
111465  42.203  23.448  16.006 0.6000000238
163750  41.369  23.643  16.943 0.6000000238
111455  40.839  24.182  17.385 0.6000000238
112251  39.225  24.908  16.381 0.3000000119
113007  38.787  25.389  15.910 0.3000000119
148266  38.016  24.939  15.378 0.3000000119
139222  37.060  24.700  14.950 0.4000000060
138489  41.408  23.393  16.108 0.6000000238
111461  40.754  23.573  16.473 0.5000000000
137762  40.021  23.610  16.151 0.5000000000
112258  38.614  24.314  15.687 0.3000000119
112259  37.821  24.072  15.117 0.3000000119
111501  46.602  23.469  11.186 0.8999999762
112282  46.016  24.325  12.959 0.8999999762
112272  46.436  25.403  13.456 0.8999999762
112262  46.327  25.635  14.487 0.8999999762
110727  47.993  22.093  10.895 0.8999999762
110050  47.668  21.815  11.674 0.8999999762
111492  45.815  23.278  12.664 0.8999999762
112273  46.068  24.661  13.971 0.8999999762
112263  46.062  24.787  14.962 0.8999999762
155531  45.938  26.316  15.310 0.6999999881
113005  45.888  26.116  15.852 0.6999999881
113000  45.588  25.720  16.454 0.6999999881
112248  44.923  25.669  16.412 0.6000000238
112278  32.693  24.681  13.426 0.4000000060
113037  32.602  25.143  12.438 0.4000000060
112257  44.118  24.948  16.018 0.6000000238
112260  36.172  24.844  14.718 0.4000000060
111464  43.296  24.178  15.563 0.5000000000
163445  42.905  23.664  15.982 0.6000000238
112266  36.496  24.191  14.516 0.4000000060
111466  40.556  23.238  15.406 0.5000000000
111467  39.539  23.316  15.282 0.4000000060
111462  39.269  23.894  15.943 0.4000000060
159107  37.168  23.984  14.680 0.4000000060
111504  47.709  23.675  9.788 0.8999999762
112302  47.011  24.166  10.464 0.8999999762
110733  48.262  22.507  10.087 0.8999999762
111505  47.313  23.020  10.514 0.8999999762
112293  46.635  24.559  11.387 0.8999999762
110728  46.999  22.559  11.298 0.8999999762
113031  47.125  26.255  12.001 0.8000000119
113025  46.453  26.197  13.726 0.8000000119
164110  46.294  25.956  14.961 0.8999999762
113053  32.205  25.776  12.056 0.3000000119
110732  48.858  22.125  9.805 0.8999999762
110739  49.042  22.264  9.208 0.8999999762
113736  45.758  26.656  14.343 0.6000000238
112290  32.967  24.640  12.829 0.4000000060
113016  44.886  26.369  15.047 0.6000000238
112256  44.477  25.771  15.528 0.6000000238
112276  34.312  24.185  13.256 0.4000000060
113018  43.285  25.289  14.304 0.6000000238
112264  43.681  25.068  15.111 0.5000000000
138708  42.507  23.652  15.291 0.5000000000
111473  41.576  23.331  15.134 0.5000000000
111478  35.330  24.055  13.961 0.4000000060
111474  39.897  23.151  14.463 0.4000000060
137799  39.039  23.173  14.411 0.4000000060
111468  38.584  23.556  15.100 0.4000000060
138548  36.926  23.593  14.034 0.4000000060
153284  37.801  30.474  11.341 0.4000000060
116686  36.497  30.037  10.963 0.4000000060
115943  36.792  29.288  10.792 0.4000000060
158402  38.162  30.056  11.188 0.4000000060
142621  36.009  29.409  10.755 0.4000000060
115203  35.570  28.699  10.761 0.4000000060
139030  36.910  28.541  10.684 0.5000000000
115202  36.259  28.187  10.753 0.5000000000
139585  34.737  29.006  10.811 0.4000000060
112301  47.564  25.115  9.797 0.8999999762
114480  34.846  28.213  10.981 0.4000000060
115189  34.206  27.745  11.327 0.4000000060
115204  34.073  28.528  11.132 0.4000000060
156745  48.449  23.839  8.913 0.8999999762
113058  47.174  25.354  10.828 0.8000000119
113042  47.288  26.309  11.266 0.8999999762
113751  46.691  26.840  12.108 0.8000000119
114461  35.711  27.050  11.012 0.5000000000
113774  35.081  26.483  11.227 0.5000000000
114462  33.547  27.124  11.486 0.4000000060
114463  32.661  27.295  11.524 0.3000000119
111508  48.485  23.103  9.351 0.8999999762
111515  48.991  23.620  8.151 0.8999999762
113043  46.970  25.678  11.827 0.8000000119
113752  46.555  26.606  12.897 0.8000000119
113743  46.120  26.600  13.824 0.6999999881
113754  45.167  26.762  13.084 0.6000000238
149023  34.334  26.858  11.363 0.4000000060
113775  33.723  26.193  11.545 0.4000000060
113776  32.842  26.394  11.676 0.3000000119
136856  31.894  26.562  11.751 0.3000000119
136271  48.812  23.304  8.783 0.8999999762
113725  45.987  26.449  14.794 0.6999999881
113744  45.860  26.843  13.553 0.6000000238
113745  45.271  26.724  13.983 0.6000000238
113051  34.097  25.331  11.730 0.4000000060
141718  33.121  25.556  11.881 0.4000000060
110745  49.188  22.330  8.339 0.8999999762
110747  49.346  22.856  6.909 0.8999999762
113026  43.752  26.047  13.934 0.6000000238
113027  42.930  25.508  13.504 0.6000000238
111481  41.602  23.889  13.764 0.5000000000
158045  40.861  23.705  13.473 0.5000000000
111488  35.144  23.988  12.855 0.4000000060
110744  49.279  22.880  7.682 0.8999999762
110755  48.984  22.120  6.533 0.8999999762
110756  48.131  22.140  5.783 0.8999999762
113017  44.082  25.920  14.695 0.6000000238
111472  42.119  23.728  14.505 0.5000000000
160873  41.490  23.497  14.402 0.5000000000
111482  40.183  23.393  13.577 0.5000000000
111483  39.381  23.245  13.637 0.4000000060
111484  38.598  23.255  13.576 0.4000000060
111485  37.795  23.341  13.697 0.4000000060
141474  37.175  23.468  13.100 0.4000000060
111487  35.621  23.825  13.349 0.4000000060
137164  40.860  23.315  14.306 0.5000000000
111476  37.741  23.603  14.529 0.4000000060
117336  39.851  31.194  12.000 0.6000000238
116671  39.340  30.611  11.466 0.5000000000
116672  38.490  30.591  11.464 0.4000000060
116670  40.266  30.675  11.414 0.6000000238
116684  38.851  29.990  11.128 0.5000000000
115942  37.552  28.990  10.741 0.5000000000
151552  47.904  25.463  8.942 0.8999999762
113057  47.552  26.173  9.623 0.8999999762
111514  49.146  23.841  7.432 0.8999999762
114469  46.933  27.169  10.974 0.8999999762
114459  46.730  27.046  11.505 0.8999999762
113773  35.878  26.129  11.135 0.4000000060
110754  49.368  22.888  5.826 0.8999999762
113753  45.956  26.987  12.890 0.6000000238
113755  44.042  26.438  12.703 0.6000000238
162784  34.463  26.043  11.420 0.5000000000
113747  43.472  26.098  13.130 0.6000000238
113033  42.578  25.757  12.678 0.6000000238
113028  41.966  24.936  13.102 0.5000000000
112298  35.550  24.850  11.712 0.4000000060
112299  34.824  24.802  11.883 0.4000000060
154746  45.747  22.526  3.101 0.6000000238
112274  42.495  24.585  13.945 0.5000000000
112284  40.466  24.024  12.795 0.5000000000
113036  39.528  24.186  12.306 0.5000000000
111494  38.974  23.476  12.842 0.5000000000
112287  35.536  24.323  12.201 0.4000000060
110771  48.619  22.382  4.891 0.8999999762
137701  46.789  22.305  4.262 0.8000000119
111495  38.038  23.472  12.775 0.4000000060
111497  35.959  23.845  12.697 0.4000000060
117321  39.336  31.645  12.616 0.4000000060
144992  37.859  31.147  11.742 0.4000000060
136589  46.772  26.638  7.826 0.8999999762
113799  46.004  26.734  8.229 0.8999999762
113807  47.653  26.405  7.582 0.8999999762
141567  47.307  26.547  7.905 0.8999999762
113798  46.957  26.651  8.422 0.8999999762
113794  46.144  26.732  9.092 0.8999999762
147566  45.062  26.836  10.201 0.6999999881
161688  44.375  26.842  10.456 0.6999999881
115941  39.127  29.266  10.775 0.5000000000
158937  38.257  29.446  10.903 0.5000000000
112309  48.096  25.790  8.289 0.8999999762
113792  47.268  26.582  9.450 0.8999999762
113781  46.688  26.917  10.028 0.8999999762
113782  45.996  26.791  10.587 0.8000000119
113784  43.123  26.833  10.740 0.6000000238
114478  36.944  27.656  10.738 0.5000000000
113072  48.342  25.624  6.669 0.8999999762
113075  48.491  25.256  5.852 0.8999999762
114460  46.263  26.920  11.436 0.6999999881
138921  44.032  26.663  11.048 0.6000000238
113765  43.572  26.465  11.703 0.6000000238
113766  42.639  26.522  11.320 0.6000000238
145645  36.209  27.530  10.850 0.5000000000
111518  49.280  23.906  6.530 0.8999999762
112317  48.992  24.518  5.235 0.8999999762
155615  48.633  24.891  5.087 0.8999999762
113763  45.656  26.872  12.242 0.6000000238
113764  44.595  26.632  12.067 0.6000000238
113756  43.095  26.208  12.242 0.6000000238
113767  41.713  26.607  11.133 0.6000000238
113768  40.705  26.555  11.146 0.6000000238
113045  40.517  25.740  11.713 0.5000000000
113769  39.869  26.060  11.404 0.5000000000
113771  37.793  25.935  11.111 0.5000000000
113772  36.824  25.810  11.115 0.4000000060
112314  49.369  23.880  5.540 0.8999999762
112326  49.133  24.288  4.260 0.8999999762
112327  48.884  24.461  3.517 0.8999999762
113757  42.183  26.103  11.852 0.6000000238
113034  41.711  25.560  12.305 0.6000000238
158457  41.036  25.450  12.059 0.5000000000
113035  40.402  24.916  12.193 0.5000000000
113046  39.707  25.191  11.794 0.5000000000
146614  39.100  25.574  11.439 0.5000000000
113047  38.314  25.260  11.379 0.5000000000
113049  36.059  25.281  11.417 0.4000000060
111522  49.403  23.205  4.972 0.8999999762
110790  49.368  23.030  4.248 0.8999999762
110808  48.744  22.677  2.826 0.8999999762
112294  38.870  24.715  11.767 0.5000000000
112285  38.556  23.966  12.204 0.5000000000
113048  37.486  25.090  11.367 0.5000000000
112296  37.175  24.385  11.851 0.4000000060
112297  36.252  24.598  11.778 0.4000000060
161006  48.900  22.518  4.865 0.8999999762
110809  48.617  22.380  3.093 0.8999999762
144318  37.833  23.958  12.151 0.4000000060
111496  37.246  23.818  12.446 0.4000000060
110819  46.069  22.287  2.130 0.6999999881
116681  41.665  30.224  10.452 0.6000000238
116669  41.258  30.834  11.230 0.6000000238
114488  45.144  27.050  8.646 0.8999999762
115214  43.847  28.126  8.832 0.8000000119
115953  43.268  29.455  9.328 0.6999999881
145457  40.944  29.558  10.463 0.6000000238
116683  39.699  30.007  10.985 0.6000000238
113816  47.597  26.454  7.006 0.8999999762
113808  47.236  26.567  7.436 0.8999999762
113817  46.859  26.560  6.760 0.8999999762
138140  44.421  27.423  9.099 0.8000000119
113783  44.321  27.139  9.798 0.6999999881
114472  42.978  27.470  10.035 0.6000000238
115939  41.599  29.328  10.122 0.6000000238
138554  40.895  28.799  10.360 0.6000000238
116682  40.609  30.116  10.812 0.6000000238
140895  48.104  25.786  6.324 0.8999999762
136820  46.349  26.098  5.147 0.8999999762
153495  42.209  27.223  10.517 0.6000000238
114473  41.658  27.798  10.322 0.6000000238
114474  40.890  27.953  10.440 0.6000000238
115940  40.126  29.230  10.581 0.6000000238
145608  39.476  28.334  10.574 0.5000000000
144173  38.373  28.551  10.654 0.5000000000
162881  38.089  27.968  10.595 0.5000000000
113076  48.150  25.490  5.525 0.8999999762
113077  47.371  25.893  5.376 0.8999999762
113785  41.256  27.245  10.656 0.6000000238
146975  40.137  27.869  10.515 0.6000000238
114475  39.609  27.447  10.660 0.6000000238
114476  38.660  27.632  10.656 0.5000000000
113788  38.200  26.793  10.884 0.5000000000
113789  37.342  26.758  10.887 0.5000000000
112338  48.394  24.659  2.842 0.8999999762
113082  48.518  24.946  4.507 0.8999999762
113083  46.947  25.604  4.303 0.8999999762
159824  39.838  26.752  10.948 0.5000000000
157552  39.288  26.265  11.162 0.5000000000
112337  49.239  23.713  3.330 0.8999999762
112346  49.002  23.940  2.646 0.8999999762
113770  38.612  26.087  11.150 0.5000000000
110816  48.493  22.728  1.987 0.8999999762
139273  48.069  22.386  1.139 0.8000000119
136699  46.917  22.143  1.115 0.8000000119
110826  44.763  22.521  1.055 0.6999999881
110818  47.203  22.174  2.262 0.6999999881
110828  42.906  23.121  0.684 0.4000000060
136536  45.531  22.392  1.598 0.6000000238
111576  43.160  23.187  1.568 0.4000000060
116680  42.856  30.672  10.226 0.6000000238
117334  41.968  31.570  11.931 0.8000000119
158234  46.437  26.645  7.296 0.8999999762
114492  45.051  27.043  7.775 0.8999999762
115219  43.923  28.321  7.858 0.8000000119
115952  43.653  29.099  8.805 0.8000000119
117348  42.323  31.117  10.998 0.6999999881
140662  43.969  30.005  9.009 0.8000000119
116697  43.526  30.333  9.578 0.8999999762
117347  43.324  31.534  10.763 0.8000000119
136864  45.848  26.480  5.957 0.8999999762
117333  42.944  31.927  11.686 0.8999999762
113078  45.197  26.143  4.985 0.8999999762
118008  43.290  32.670  12.207 0.8999999762
112347  48.613  24.082  1.980 0.8999999762
113096  47.232  25.141  3.220 0.8999999762
113084  45.715  25.780  4.315 0.8999999762
164258  44.805  25.880  4.284 0.8999999762
113825  44.093  26.204  4.593 0.8999999762
113823  43.417  26.839  5.208 0.8999999762
140178  42.373  28.111  5.790 0.8999999762
111574  48.651  23.328  1.954 0.8999999762
112348  46.719  24.627  1.618 0.8999999762
136842  45.242  25.343  2.848 0.8999999762
140537  45.014  25.607  3.654 0.8999999762
113827  42.835  27.177  4.625 0.8999999762
111575  48.403  22.766  1.069 0.8999999762
110824  48.201  22.624  0.599 0.8000000119
157518  45.985  22.239  0.755 0.6999999881
113826  43.268  26.552  4.143 0.8999999762
110832  47.450  22.519  -0.255 0.6999999881
110840  46.640  22.372  -0.745 0.6999999881
110835  44.314  22.516  0.343 0.5000000000
110836  43.289  22.803  -0.085 0.4000000060
110848  46.735  22.512  -1.199 0.8000000119
138229  46.098  22.447  -1.767 0.6999999881
136908  44.429  22.451  -0.476 0.6000000238
110843  42.234  22.785  -1.137 0.4000000060
137403  39.417  22.920  -0.634 0.4000000060
110850  44.879  22.485  -2.569 0.6000000238
136942  44.653  22.440  -1.484 0.6999999881
110842  43.378  22.613  -1.237 0.6999999881
111590  40.409  23.188  0.277 0.4000000060
136691  39.592  23.262  0.669 0.4000000060
113818  44.989  26.694  6.457 0.8999999762
114500  44.536  27.124  6.936 0.8999999762
157207  43.813  28.859  8.364 0.8999999762
115955  43.959  29.649  8.446 0.8999999762
116696  44.200  30.897  9.323 0.8999999762
117346  44.013  31.942  10.541 0.8999999762
140907  44.535  26.530  5.571 0.8999999762
118007  43.783  32.963  11.642 0.8999999762
112357  47.336  24.076  0.611 0.8999999762
112349  45.530  25.056  1.947 0.8999999762
113098  44.311  25.605  3.087 0.8999999762
113086  43.587  26.053  3.394 0.8999999762
112370  46.645  24.012  -0.302 0.8999999762
112359  44.815  25.266  1.256 0.8999999762
112350  44.560  25.428  2.242 0.8999999762
113835  43.168  26.644  3.407 0.8999999762
113836  42.826  27.294  3.840 0.8999999762
112381  47.414  22.952  -0.742 0.8000000119
111587  47.773  22.525  0.026 0.6999999881
110849  46.331  22.664  -2.164 0.6999999881
110852  42.325  22.629  -2.278 0.4000000060
110853  41.225  22.666  -2.209 0.4000000060
137318  40.311  22.867  -0.926 0.4000000060
139331  45.937  22.594  -3.107 0.6999999881
110861  42.601  22.771  -3.345 0.4000000060
111599  40.265  22.679  -2.079 0.4000000060
111600  39.301  22.730  -1.953 0.4000000060
110858  46.176  22.844  -3.980 0.8000000119
110865  45.440  22.780  -4.188 0.6000000238
110860  43.848  22.607  -3.400 0.6000000238
113819  43.993  27.006  6.147 0.8999999762
114501  43.679  27.558  6.662 0.8999999762
115958  43.748  29.205  7.931 0.8999999762
115226  43.469  28.172  7.083 0.8999999762
115959  43.044  29.530  7.408 0.8999999762
116703  43.813  30.106  7.942 0.8999999762
116701  44.228  30.646  8.632 0.8999999762
118021  44.016  32.590  10.915 0.8999999762
115231  42.162  28.642  5.289 0.8999999762
118006  44.066  33.160  11.002 0.8999999762
163650  42.267  29.990  5.250 0.8999999762
117374  43.414  32.530  6.413 0.8000000119
156808  46.744  23.497  -1.103 0.8000000119
112371  45.344  24.884  0.170 0.8999999762
163676  44.344  25.714  1.152 0.8999999762
137367  43.341  26.905  2.374 0.8999999762
115236  42.320  28.833  4.597 0.8999999762
116710  42.487  30.655  5.628 0.8999999762
118049  43.602  33.282  6.714 0.8000000119
118675  43.426  33.854  7.016 0.8000000119
112383  45.857  24.372  -1.121 0.8000000119
113118  44.627  25.700  0.465 0.8000000119
114536  43.711  27.323  1.777 0.8999999762
114522  43.373  27.685  2.531 0.8999999762
116709  43.240  31.329  5.378 0.8999999762
156955  42.842  34.145  7.362 0.6999999881
112382  46.757  23.106  -1.738 0.8000000119
113126  45.567  25.234  -1.521 0.8000000119
113858  44.528  26.496  0.396 0.8999999762
115266  44.052  28.191  1.915 1.0000000000
115975  43.814  29.684  3.783 0.8000000119
117378  43.603  32.253  5.678 0.8000000119
118682  43.014  34.058  6.387 0.6999999881
111617  46.252  22.846  -3.192 0.8000000119
113139  46.488  24.675  -2.936 0.8999999762
110867  43.185  23.040  -4.142 0.5000000000
111618  41.976  23.301  -3.866 0.4000000060
111608  40.433  22.883  -3.008 0.2000000030
111609  39.475  23.009  -2.820 0.2000000030
112393  38.192  23.603  -3.003 0.2000000030
111629  44.427  22.985  -4.420 0.5000000000
110862  41.436  22.816  -3.238 0.4000000060
113145  37.759  24.187  -2.722 0.3000000119
114506  43.096  27.431  5.960 0.8999999762
114502  42.951  27.947  6.483 0.8999999762
150318  43.834  30.959  7.983 0.8999999762
117361  44.354  32.656  9.900 0.8999999762
118630  44.177  33.234  10.234 0.8999999762
118631  43.898  33.664  10.742 0.8000000119
114556  45.209  26.904  -0.298 0.8999999762
152440  44.773  27.390  0.484 1.0000000000
140137  44.879  30.079  3.802 0.8000000119
117381  44.238  31.806  5.016 0.8000000119
113883  46.529  25.852  -2.472 0.8000000119
113870  45.719  26.366  -1.280 0.8999999762
114547  45.389  28.185  0.830 0.8999999762
115974  45.657  30.174  3.423 0.6999999881
111619  40.942  23.395  -3.532 0.3000000119
112405  40.155  23.601  -3.303 0.3000000119
111621  39.124  23.509  -3.047 0.2000000030
112401  47.095  24.579  -4.184 0.8000000119
155760  46.777  24.250  -4.802 0.6000000238
152461  43.478  23.233  -4.270 0.6000000238
112403  41.906  23.726  -3.901 0.3000000119
113155  40.466  24.046  -3.333 0.3000000119
113144  38.877  24.181  -2.796 0.3000000119
113131  38.486  25.111  -2.107 0.2000000030
113891  47.454  25.621  -3.857 0.6999999881
113169  46.997  24.773  -4.972 0.5000000000
113170  46.445  24.827  -5.104 0.5000000000
113164  44.284  24.462  -4.091 0.5000000000
113154  41.363  24.302  -3.496 0.3000000119
113142  41.005  24.875  -2.677 0.3000000119
113130  39.622  25.205  -1.917 0.3000000119
158012  47.044  25.332  -5.125 0.5000000000
113899  45.676  25.969  -4.685 0.5000000000
113151  44.761  25.398  -3.802 0.4000000060
115227  42.640  28.721  6.738 0.8999999762
115228  42.006  29.045  5.949 0.8999999762
115962  42.320  29.752  6.657 0.8999999762
117371  44.086  31.813  8.386 0.8999999762
118044  44.438  32.482  9.085 0.8999999762
118046  44.005  32.941  8.238 0.8999999762
118649  43.962  33.755  9.821 0.8999999762
118047  43.428  32.560  7.166 0.8999999762
118665  42.131  34.047  8.363 0.8000000119
118052  44.077  32.532  5.110 0.6999999881
118688  43.661  33.247  5.512 0.8000000119
118683  42.021  33.876  6.457 0.6999999881
114555  46.433  27.457  -0.831 0.8000000119
114546  45.836  27.816  0.055 0.8999999762
116003  46.503  29.577  2.233 0.6999999881
116711  45.649  31.348  3.840 0.6999999881
118695  43.415  33.301  5.034 0.6999999881
151879  42.347  33.736  5.814 0.6999999881
138782  40.614  33.459  6.441 0.6999999881
113882  47.561  26.655  -3.129 0.6999999881
115277  47.073  28.239  -0.054 0.8000000119
116002  47.127  29.569  1.564 0.8000000119
115991  46.428  30.236  2.903 0.6999999881
142476  47.417  25.495  -4.655 0.6000000238
113890  47.587  26.217  -4.154 0.6000000238
115276  47.270  28.632  -0.289 0.8000000119
113140  43.136  25.558  -2.590 0.4000000060
113141  41.996  25.211  -2.640 0.3000000119
113129  40.704  25.425  -1.723 0.3000000119
114579  46.969  26.799  -4.917 0.5000000000
113892  44.954  26.417  -3.594 0.5000000000
113893  44.258  25.923  -2.776 0.3000000119
113886  42.636  26.063  -1.730 0.3000000119
113128  41.693  25.689  -1.648 0.2000000030
115292  46.409  27.751  -4.694 0.5000000000
114569  44.985  27.395  -3.574 0.5000000000
162616  45.481  27.712  -4.420 0.5000000000
114576  45.617  26.965  -4.606 0.5000000000
115963  42.041  29.895  5.850 0.8999999762
117372  43.439  31.720  7.574 0.8999999762
159660  43.726  32.512  7.763 0.8999999762
116707  42.415  30.695  6.429 0.8999999762
138282  43.728  33.861  7.969 0.8000000119
118056  45.488  31.879  3.681 0.6999999881
118690  41.901  33.371  5.022 0.6999999881
118692  39.814  33.460  5.738 0.6999999881
118684  39.487  33.473  6.513 0.6000000238
117382  46.168  31.274  3.206 0.6999999881
118057  43.802  32.604  3.713 0.6999999881
118698  40.801  33.373  4.607 0.6999999881
118693  38.869  33.713  5.859 0.6000000238
115282  47.355  28.272  -1.398 0.6999999881
157900  47.225  30.052  1.572 0.8000000119
118065  45.956  31.617  2.792 0.8000000119
118068  43.060  32.864  2.803 0.6000000238
115287  47.350  28.473  -2.263 0.6000000238
137638  47.304  29.658  0.108 0.6999999881
113885  43.631  26.492  -1.943 0.3000000119
113872  42.252  26.513  -0.893 0.2000000030
113874  40.422  25.858  -0.706 0.2000000030
116041  46.344  28.304  -4.419 0.5000000000
158853  46.961  28.131  -3.998 0.5000000000
113884  44.457  26.950  -2.560 0.4000000060
114565  43.030  27.031  -1.255 0.3000000119
143164  42.516  27.507  -0.620 0.2000000030
116042  45.907  29.503  -4.364 0.5000000000
142824  45.705  28.200  -4.488 0.5000000000
114563  44.434  27.900  -2.596 0.5000000000
114564  43.829  27.508  -1.785 0.4000000060
114557  43.206  27.978  -1.140 0.2000000030
115278  42.576  28.422  -0.623 0.3000000119
115295  45.830  28.762  -4.438 0.5000000000
116032  44.828  28.341  -3.765 0.5000000000
115288  44.263  28.641  -2.669 0.4000000060
152172  43.703  33.295  7.451 0.8000000119
155711  44.743  32.538  1.941 0.6999999881
118702  41.567  33.532  3.304 0.6999999881
138770  39.973  33.475  5.007 0.6000000238
116757  47.139  30.324  0.505 0.6999999881
147280  47.049  30.540  1.671 0.6999999881
118066  45.142  32.173  2.778 0.6999999881
116031  46.923  29.403  -2.363 0.6999999881
116793  45.961  30.312  -4.025 0.6000000238
116792  46.412  29.775  -3.323 0.6000000238
116021  41.771  29.704  -0.508 0.3000000119
116026  43.695  29.154  -2.202 0.4000000060
115284  43.140  28.826  -1.329 0.4000000060
116043  45.248  29.877  -4.495 0.6000000238
116038  44.861  29.194  -4.309 0.6000000238
116033  44.237  29.270  -3.315 0.6000000238
116804  44.814  30.851  -4.629 0.6000000238
116044  44.368  30.219  -4.416 0.6000000238
155160  42.816  34.159  9.095 0.6999999881
118651  41.884  33.951  9.408 0.6000000238
118080  44.485  33.265  1.640 0.6999999881
118706  43.482  33.161  2.276 0.6999999881
119263  41.014  34.102  3.425 0.6999999881
119259  39.357  33.953  4.821 0.8000000119
118699  38.885  33.986  5.236 0.6000000238
118090  46.365  31.738  0.443 0.6999999881
118078  46.135  31.695  1.767 0.6999999881
120467  39.545  35.739  4.662 0.5000000000
163228  39.227  35.067  4.566 0.5000000000
117429  46.544  31.281  -0.126 0.6999999881
119880  38.846  35.442  5.046 0.5000000000
116783  45.934  30.867  -3.352 0.6999999881
117458  45.999  31.082  -2.371 0.6999999881
116027  42.966  29.659  -1.738 0.5000000000
116020  42.477  29.284  -0.870 0.3000000119
117475  45.617  31.677  -4.004 0.6000000238
116784  43.870  29.916  -3.863 0.4000000060
118711  45.937  34.276  1.113 0.6999999881
118712  43.809  33.860  1.946 0.6999999881
119267  42.992  34.376  2.390 0.6999999881
119884  40.724  35.278  3.787 0.6000000238
119878  40.410  35.943  4.311 0.5000000000
143806  40.110  36.524  4.890 0.5000000000
155642  46.124  32.274  -0.318 0.6999999881
146058  39.253  36.212  5.256 0.5000000000
120444  39.114  36.558  5.853 0.4000000060
117443  45.651  32.083  -2.178 0.6999999881
117459  45.625  31.997  -3.257 0.6999999881
116775  42.567  30.365  -2.297 0.4000000060
117491  45.192  31.738  -4.431 0.5000000000
116805  44.000  30.986  -4.596 0.5000000000
119890  42.732  35.119  2.808 0.6000000238
119883  41.865  35.412  3.369 0.6000000238
119271  45.461  34.541  1.546 0.6999999881
163825  42.322  36.830  4.216 0.5000000000
163983  41.656  37.459  4.946 0.5000000000
118103  45.787  32.972  -0.795 0.6999999881
119269  46.449  34.820  0.730 0.6000000238
119275  46.335  35.117  0.379 0.6000000238
118113  45.444  32.813  -1.969 0.6999999881
119281  46.041  34.668  -0.227 0.6000000238
118132  45.368  32.800  -3.767 0.5000000000
118123  45.378  32.918  -3.047 0.6000000238
118740  45.000  33.539  -1.797 0.6000000238
118731  45.066  34.038  -0.903 0.6000000238
117493  43.760  31.665  -4.635 0.5000000000
119889  44.229  35.448  2.654 0.6999999881
119882  43.653  36.174  3.364 0.6999999881
120477  42.543  36.330  3.793 0.5000000000
120487  45.158  36.484  2.746 0.5000000000
119893  46.002  35.619  1.497 0.6000000238
143204  43.483  37.049  3.923 0.5000000000
146168  45.784  35.469  0.003 0.5000000000
121595  42.819  38.627  4.874 0.4000000060
118765  45.148  33.317  -3.991 0.5000000000
118750  44.946  34.021  -3.031 0.6000000238
118741  44.540  33.941  -2.064 0.6000000238
117492  44.482  31.713  -4.654 0.5000000000
118766  44.836  33.683  -4.211 0.6000000238
119311  44.656  34.442  -4.151 0.5000000000
118141  44.086  32.407  -4.716 0.5000000000
120503  45.123  37.194  1.092 0.4000000060
119887  45.795  36.557  2.056 0.5000000000
120519  45.608  36.535  0.777 0.4000000060
119900  46.241  35.919  0.912 0.5000000000
120476  44.610  37.092  3.268 0.4000000060
121055  43.966  37.744  3.669 0.4000000060
119282  43.953  34.193  -1.124 0.5000000000
163996  43.908  34.194  -1.799 0.5000000000
139604  43.411  38.994  3.704 0.4000000060
121594  43.170  39.079  4.407 0.3000000119
119918  43.282  36.237  -2.635 0.4000000060
119301  44.378  35.331  -3.590 0.5000000000
119288  44.136  34.519  -2.556 0.5000000000
120552  43.911  37.122  -3.507 0.4000000060
119929  44.174  36.251  -3.852 0.5000000000
119312  44.465  35.290  -4.039 0.5000000000
119945  43.581  36.184  -4.546 0.5000000000
119325  41.985  34.711  -5.021 0.4000000060
159617  41.332  37.218  -4.434 0.3000000119
120486  45.368  37.068  2.586 0.4000000060
158639  45.162  37.447  1.670 0.4000000060
121610  44.236  38.443  2.707 0.4000000060
148951  43.069  35.349  0.205 0.4000000060
121064  43.803  38.425  1.866 0.4000000060
121601  43.984  38.350  3.346 0.4000000060
119911  42.784  35.100  -2.093 0.4000000060
119289  43.241  34.509  -1.736 0.4000000060
121611  43.219  38.986  2.323 0.4000000060
122183  43.061  39.680  3.366 0.3000000119
120553  43.792  37.449  -2.983 0.4000000060
122193  42.735  39.525  2.721 0.4000000060
122794  42.551  40.454  3.800 0.3000000119
120561  43.720  37.510  -3.582 0.4000000060
120567  43.193  36.826  -4.386 0.5000000000
155202  41.771  39.765  2.705 0.3000000119
122795  41.675  41.191  3.660 0.3000000119
121101  43.335  38.387  -2.613 0.4000000060
121104  43.501  38.430  -2.991 0.4000000060
121643  42.424  39.761  -2.096 0.3000000119
121646  42.937  39.149  -2.693 0.3000000119
120520  44.079  36.325  0.530 0.4000000060
121076  44.316  37.774  1.418 0.4000000060
119894  42.412  35.930  0.656 0.4000000060
162394  42.702  36.519  -2.308 0.4000000060
119279  40.922  35.194  -0.423 0.4000000060
119895  41.166  35.740  0.773 0.4000000060
121077  42.568  37.555  1.424 0.4000000060
147353  42.316  38.442  1.836 0.4000000060
120541  42.208  36.972  -2.002 0.4000000060
144669  41.059  35.949  -1.556 0.4000000060
148718  41.166  38.284  2.059 0.3000000119
121612  41.767  39.098  2.279 0.3000000119
120543  40.124  37.255  -1.253 0.4000000060
122184  42.254  40.114  3.181 0.3000000119
121096  42.765  38.878  -1.778 0.4000000060
120542  41.106  37.074  -1.622 0.4000000060
120544  38.997  37.199  -0.759 0.4000000060
156066  40.967  40.495  -0.823 0.3000000119
121098  40.218  38.549  -0.933 0.3000000119
119903  40.708  35.323  0.231 0.4000000060
120505  41.816  36.479  1.109 0.4000000060
119913  40.488  35.525  -0.788 0.4000000060
121065  41.263  37.617  1.754 0.4000000060
119914  40.159  36.170  -1.175 0.4000000060
122194  40.578  39.434  2.721 0.3000000119
122185  41.202  40.301  3.095 0.3000000119
120532  38.870  36.195  -0.175 0.4000000060
159971  39.940  39.647  -0.638 0.3000000119
121638  38.917  38.414  -0.759 0.4000000060
122219  38.996  40.136  -0.557 0.3000000119
119904  39.814  35.553  0.289 0.4000000060
120506  40.664  36.224  1.263 0.4000000060
119908  39.666  35.742  -0.335 0.4000000060
120489  40.301  36.861  1.698 0.4000000060
121613  39.448  38.684  2.640 0.3000000119
147083  40.028  40.133  3.112 0.3000000119
156342  40.524  40.966  3.385 0.3000000119
122797  38.531  40.580  3.094 0.3000000119
121639  38.450  39.271  -0.661 0.3000000119
121090  38.189  37.548  -0.483 0.3000000119
148668  38.849  41.603  3.211 0.3000000119
163988  36.911  39.795  -0.797 0.3000000119
122209  37.377  39.126  -0.653 0.3000000119
162381  38.103  41.999  2.910 0.3000000119
122221  36.171  39.866  -0.898 0.2000000030
119897  39.311  35.804  0.873 0.4000000060
120507  39.676  36.179  1.430 0.4000000060
120490  39.104  36.897  2.087 0.4000000060
163129  38.708  35.978  0.866 0.4000000060
121614  38.601  38.063  2.599 0.3000000119
120521  38.399  36.247  0.477 0.3000000119
120533  38.152  36.741  -0.040 0.3000000119
121068  38.031  37.286  2.405 0.3000000119
121602  38.558  38.961  2.838 0.3000000119
121615  37.648  38.200  2.710 0.3000000119
122798  37.737  40.288  2.910 0.3000000119
121603  37.767  38.983  2.867 0.3000000119
123382  37.948  41.202  2.942 0.3000000119
153760  36.500  39.082  -0.589 0.3000000119
140098  38.785  36.172  1.435 0.4000000060
120491  38.055  36.524  1.886 0.3000000119
121084  36.860  37.073  0.541 0.3000000119
120509  37.340  36.568  1.417 0.3000000119
120523  36.762  36.774  1.018 0.3000000119
121069  36.997  37.499  2.455 0.3000000119
121092  36.504  37.654  0.245 0.3000000119
121629  36.928  38.294  -0.297 0.3000000119
122189  36.720  39.407  2.800 0.3000000119
122804  35.471  40.277  2.585 0.3000000119
122803  36.430  40.326  2.694 0.3000000119
120511  35.991  37.231  1.675 0.3000000119
110028  45.832  21.777  17.138 0.8999999762
147730  43.442  24.396  19.503 0.6999999881
112239  45.203  25.046  17.675 0.6999999881
111446  45.265  24.398  18.393 0.8000000119
112234  41.034  25.012  18.779 0.6000000238
112229  45.402  24.770  17.771 0.8999999762
111460  42.047  23.548  16.913 0.6000000238
111480  45.698  23.732  13.446 0.8999999762
112238  45.605  25.256  17.053 0.8999999762
113019  34.440  24.826  14.494 0.4000000060
113729  36.493  26.180  14.734 0.3000000119
112254  46.200  25.594  15.319 0.8999999762
111453  42.713  23.899  17.769 0.6000000238
111491  46.176  23.880  12.016 0.8999999762
112281  46.494  25.003  12.413 0.8999999762
113726  45.664  26.428  15.116 0.6000000238
112265  42.921  24.322  14.737 0.5000000000
144655  48.076  24.315  9.124 0.8999999762
112300  34.124  24.735  12.126 0.4000000060
113746  44.376  26.466  13.575 0.6000000238
164095  47.446  26.100  10.427 0.8999999762
159986  48.425  24.618  8.484 0.8999999762
153941  47.225  26.793  10.659 0.8999999762
114454  46.126  27.045  12.258 0.8000000119
138872  48.741  24.594  7.868 0.8999999762
112283  41.140  24.850  12.554 0.5000000000
110770  48.793  22.335  5.622 0.8999999762
112308  48.393  25.475  7.884 0.8999999762
113060  47.671  26.202  8.709 0.8999999762
111519  48.707  25.009  7.171 0.8999999762
114483  47.021  27.036  10.241 0.8999999762
138017  48.950  22.600  3.425 0.8999999762
110792  48.589  22.379  3.986 0.8999999762
110810  47.861  22.184  2.916 0.8999999762
113810  45.446  26.776  7.181 0.8999999762
113063  48.171  26.001  7.463 0.8999999762
161680  45.790  26.775  9.839 0.8999999762
137158  45.135  26.719  11.180 0.6999999881
114471  43.673  27.082  10.227 0.6000000238
114484  43.717  27.562  9.587 0.6999999881
115198  42.401  28.051  9.878 0.6000000238
138505  47.839  25.435  4.743 0.8999999762
111547  49.372  23.532  3.902 0.8999999762
111562  48.909  23.161  2.715 0.8999999762
110817  48.428  22.419  2.126 0.8000000119
114489  44.458  27.582  8.268 0.8000000119
115215  43.180  28.572  9.334 0.6999999881
115938  42.494  29.834  9.816 0.6000000238
115216  42.354  28.945  9.659 0.6000000238
113073  47.728  26.126  6.346 0.8999999762
113095  48.041  25.142  3.831 0.8999999762
113097  46.063  25.435  3.494 0.8999999762
157399  48.297  22.563  1.228 0.8000000119
110825  47.788  22.464  0.372 0.8000000119
110833  46.905  22.254  0.120 0.6999999881
110834  45.556  22.275  0.019 0.6999999881
110827  43.709  22.806  0.906 0.4000000060
114493  44.196  27.619  7.419 0.8999999762
116679  43.851  31.172  10.027 0.8999999762
137426  48.028  24.117  1.346 0.8999999762
113106  46.350  25.062  2.582 0.8999999762
112368  48.302  23.267  0.720 0.8999999762
111586  48.149  22.569  0.421 0.8000000119
110831  48.009  22.458  0.267 0.8000000119
110841  45.563  22.307  -0.874 0.6999999881
111607  46.433  22.713  -1.988 0.8000000119
110851  43.565  22.536  -2.342 0.4000000060
117362  44.340  31.808  9.771 0.8999999762
112358  45.936  24.621  0.929 0.8999999762
113107  43.825  25.805  2.518 0.8999999762
112369  47.860  23.090  0.001 0.8000000119
113848  43.672  26.378  1.879 0.8999999762
114523  42.976  27.650  3.234 0.8999999762
111610  38.293  22.993  -2.877 0.2000000030
112410  46.687  23.992  -4.722 0.6999999881
111628  45.436  23.050  -4.544 0.6000000238
112392  46.437  23.411  -3.350 0.8000000119
115968  42.504  29.644  4.700 0.8999999762
113127  45.197  25.349  -0.430 0.8999999762
113119  44.099  26.095  1.102 0.8999999762
115976  42.871  29.249  4.018 0.8999999762
140398  46.111  24.159  -2.155 0.8000000119
113871  44.945  26.000  -0.453 0.8000000119
114548  44.103  26.917  1.108 1.0000000000
115239  43.369  28.904  3.324 0.8000000119
115967  43.293  30.067  4.388 0.8999999762
116713  43.883  30.959  4.797 0.8000000119
118051  43.774  33.051  5.980 0.8000000119
115993  44.497  29.406  3.116 0.8000000119
114535  44.406  27.798  1.225 1.0000000000
116721  44.477  30.501  4.247 0.8000000119
112412  42.602  23.481  -4.147 0.3000000119
111631  41.780  23.482  -3.897 0.3000000119
111635  44.873  23.190  -4.518 0.6000000238
116720  45.480  30.735  3.965 0.6999999881
115252  44.682  28.889  2.289 0.8999999762
114562  47.123  27.078  -1.899 0.6999999881
116004  45.680  29.051  2.089 0.6999999881
115264  46.387  28.873  1.440 0.8000000119
113156  39.671  23.765  -3.065 0.3000000119
113161  47.051  24.767  -4.885 0.6000000238
112411  44.193  23.682  -4.380 0.5000000000
112419  45.705  23.850  -4.746 0.6000000238
112402  42.967  24.062  -4.168 0.3000000119
113153  42.389  24.597  -3.525 0.4000000060
113143  40.015  24.495  -2.677 0.2000000030
113163  45.511  24.736  -4.643 0.5000000000
113152  43.726  24.918  -3.376 0.4000000060
114574  47.441  26.699  -4.426 0.6000000238
113162  46.543  25.624  -5.036 0.5000000000
113898  46.483  26.526  -5.041 0.5000000000
117380  44.962  31.915  4.429 0.6999999881
118689  43.062  33.656  5.556 0.6999999881
115271  46.576  28.440  0.623 0.8000000119
116738  46.667  30.807  2.820 0.6999999881
118054  43.188  32.954  4.253 0.6999999881
118691  41.039  33.373  5.558 0.6999999881
114561  47.468  27.466  -2.244 0.6000000238
115270  47.251  28.913  0.724 0.8000000119
117393  46.854  30.803  2.211 0.6999999881
114560  47.506  27.718  -2.432 0.6000000238
114568  47.576  27.025  -3.367 0.6000000238
158254  47.325  29.155  0.286 0.8000000119
114573  47.386  27.393  -3.991 0.5000000000
113873  41.382  26.120  -0.694 0.2000000030
141248  44.773  32.293  3.600 0.6999999881
118697  41.540  33.222  4.102 0.6999999881
118703  40.798  33.687  3.887 0.8000000119
116025  47.257  29.127  -1.382 0.6000000238
116749  47.211  30.243  1.202 0.6999999881
118708  42.126  33.744  2.698 0.6999999881
116036  46.979  28.793  -3.208 0.6000000238
116766  46.937  30.364  -0.453 0.6999999881
114558  41.831  27.007  -0.177 0.2000000030
115283  43.798  28.361  -1.847 0.3000000119
114549  42.025  27.954  -0.044 0.3000000119
117418  46.924  30.840  0.940 0.6999999881
116774  46.782  30.140  -1.548 0.6999999881
116782  46.394  30.248  -2.602 0.6999999881
116794  43.524  30.577  -4.057 0.5000000000
143117  45.781  32.766  0.924 0.6999999881
119264  40.343  34.426  3.858 0.6000000238
119262  41.782  34.409  2.951 0.6000000238
118710  46.114  34.060  0.787 0.6999999881
117442  46.226  31.186  -1.253 0.6999999881
120455  40.846  37.259  5.225 0.5000000000
118719  46.201  33.790  0.377 0.6999999881
118102  45.897  32.168  -1.081 0.6999999881
118749  45.120  33.515  -2.757 0.6000000238
119888  45.635  35.973  2.161 0.5000000000
120465  42.709  37.714  4.515 0.5000000000
119274  46.286  34.666  0.260 0.6000000238
118739  45.318  33.396  -1.292 0.6000000238
118757  45.148  33.541  -3.629 0.6000000238
119276  43.855  34.794  -0.353 0.5000000000
121048  43.497  38.460  4.129 0.4000000060
118758  44.973  33.987  -3.904 0.6000000238
118751  44.716  34.469  -3.195 0.5000000000
118767  44.362  33.950  -4.565 0.5000000000
119277  42.284  34.850  -0.196 0.4000000060
119283  42.717  34.511  -0.854 0.4000000060
119302  43.704  35.261  -2.776 0.4000000060
119944  44.112  35.876  -4.278 0.5000000000
147639  42.878  34.291  -4.909 0.5000000000
120568  42.753  37.755  -3.990 0.5000000000
137473  42.819  38.655  -3.287 0.4000000060
119902  41.736  35.284  0.299 0.4000000060
119290  42.215  34.881  -1.355 0.4000000060
121102  42.939  38.082  -1.891 0.4000000060
121645  43.170  38.738  -2.383 0.4000000060
121636  42.302  39.509  -1.623 0.3000000119
121066  40.209  37.644  2.078 0.3000000119
121637  41.327  39.700  -0.948 0.3000000119
121097  41.595  38.569  -1.308 0.4000000060
122186  39.491  39.414  2.881 0.3000000119
122796  39.457  40.794  3.275 0.3000000119
122187  38.165  39.662  2.946 0.3000000119
120508  38.089  36.262  1.130 0.3000000119
121616  36.679  38.100  2.656 0.3000000119
150298  36.315  38.671  2.718 0.3000000119
100989  43.528  10.839  -1.371 0.1000000015
100930  42.260  10.879  7.416 0.1000000015
100985  42.240  10.778  0.193 0.1000000015
101885  42.138  11.550  0.597 0.1000000015
100990  42.836  10.763  -0.585 0.1000000015
101892  43.303  11.504  -0.739 0.1000000015
101899  44.528  11.936  -1.938 0.1000000015
101841  42.778  11.421  6.947 0.1000000015
101842  42.057  11.280  6.589 0.1000000015
102714  42.452  12.806  4.695 0.1000000015
102711  41.710  12.272  5.016 0.1000000015
102717  41.949  13.036  3.814 0.1000000015
148254  41.514  12.618  4.232 0.1000000015
103571  42.003  13.265  2.961 0.1000000015
102718  41.341  12.740  3.388 0.1000000015
141295  42.598  13.583  2.351 0.1000000015
103580  41.965  13.109  1.980 0.1000000015
102736  41.636  12.247  1.637 0.1000000015
102735  42.290  12.768  1.247 0.1000000015
101886  41.726  11.646  1.129 0.1000000015
103579  42.644  13.436  1.561 0.1000000015
102749  42.058  12.112  0.997 0.1000000015
102747  43.250  13.004  0.122 0.1000000015
102748  42.592  12.356  0.459 0.1000000015
101893  42.680  11.536  -0.084 0.1000000015
102764  43.157  12.224  -0.299 0.1000000015
162622  43.619  12.115  -0.846 0.1000000015
102770  44.111  12.429  -1.255 0.1000000015
102769  44.737  12.788  -1.814 0.1000000015
102776  45.231  12.269  -2.592 0.1000000015
103618  45.370  13.054  -2.403 0.1000000015
102775  45.947  12.740  -3.286 0.1000000015
102793  46.745  12.391  -5.382 0.1000000015
102783  46.601  12.383  -4.450 0.1000000015
102794  46.421  12.083  -5.650 0.1000000015
102795  45.558  11.982  -5.770 0.1000000015
101840  43.518  11.640  7.250 0.1000000015
101844  42.509  11.880  6.167 0.1000000015
144042  44.880  12.478  6.703 0.1000000015
136095  44.102  12.229  6.624 0.1000000015
153821  43.539  12.477  5.921 0.1000000015
102708  44.663  12.771  6.124 0.1000000015
102709  44.092  12.841  5.675 0.1000000015
144795  42.902  12.398  5.651 0.1000000015
102710  42.283  12.255  5.467 0.1000000015
102713  43.386  12.876  5.189 0.1000000015
103562  43.276  13.354  4.382 0.1000000015
155326  42.752  13.608  3.078 0.1000000015
103570  43.180  13.942  1.929 0.1000000015
104486  44.574  14.487  1.458 0.1000000015
104476  43.965  14.256  2.269 0.1000000015
104496  45.319  14.657  0.953 0.1000000015
103584  43.423  13.573  0.525 0.1000000015
137243  44.629  14.329  -0.028 0.1000000015
103596  43.950  13.669  -0.178 0.1000000015
102763  43.701  12.805  -0.595 0.1000000015
152458  45.460  14.653  0.268 0.1000000015
104504  44.800  14.035  -0.795 0.1000000015
102762  44.373  13.291  -1.038 0.1000000015
104502  46.502  14.963  -0.222 0.1000000015
150656  45.589  14.330  -1.232 0.1000000015
104516  46.624  14.947  -1.234 0.1000000015
104517  46.155  14.391  -1.976 0.1000000015
103609  45.255  13.668  -1.661 0.1000000015
105370  37.144  15.464  -3.130 0.1000000015
103617  46.098  13.684  -2.756 0.1000000015
102789  47.005  12.910  -5.264 0.1000000015
103625  47.194  13.868  -4.633 0.1000000015
103640  46.613  12.837  -5.551 0.1000000015
104550  47.100  14.153  -5.228 0.1000000015
103635  45.713  13.337  -5.451 0.1000000015
102790  44.981  12.702  -5.285 0.1000000015
103641  45.938  12.574  -5.696 0.1000000015
159659  46.634  12.691  8.075 0.2000000030
103548  47.055  13.088  7.354 0.2000000030
102704  46.204  12.973  6.796 0.1000000015
102707  45.421  12.993  6.252 0.1000000015
103555  47.578  14.009  5.798 0.1000000015
140327  46.892  13.452  6.372 0.1000000015
103557  45.798  13.574  5.479 0.1000000015
103561  44.042  13.339  4.841 0.1000000015
104453  47.385  14.305  4.957 0.1000000015
103556  46.664  13.789  5.572 0.1000000015
104460  45.711  14.210  4.199 0.1000000015
104468  44.213  14.102  3.331 0.1000000015
156201  43.916  13.702  4.111 0.1000000015
104457  48.267  14.761  4.343 0.2000000030
103560  46.360  14.117  4.755 0.1000000015
104467  45.298  14.341  3.519 0.1000000015
142214  43.328  13.895  2.769 0.1000000015
136516  50.122  16.096  4.181 0.2000000030
105320  50.087  15.794  4.274 0.2000000030
104465  47.016  14.661  3.317 0.1000000015
104466  46.079  14.458  3.616 0.1000000015
104475  45.096  14.497  2.501 0.1000000015
163189  49.607  16.487  3.099 0.2000000030
106148  49.736  16.381  3.757 0.3000000119
105322  50.140  16.004  2.667 0.2000000030
105323  49.920  15.774  3.210 0.2000000030
104471  49.108  15.317  2.901 0.2000000030
104474  46.061  14.593  2.953 0.1000000015
106161  49.904  16.286  3.097 0.2000000030
105329  49.055  15.410  1.971 0.2000000030
104483  47.865  15.106  1.826 0.2000000030
104484  46.835  14.756  1.666 0.1000000015
104485  45.682  14.669  1.608 0.1000000015
106179  49.717  16.426  2.201 0.2000000030
105328  49.768  16.133  1.814 0.2000000030
105338  48.700  15.364  1.110 0.2000000030
104494  47.702  15.086  0.986 0.2000000030
104495  46.389  14.828  0.763 0.1000000015
106180  49.594  16.557  2.491 0.2000000030
105337  49.425  15.755  1.198 0.2000000030
105345  47.628  15.203  0.129 0.2000000030
106986  48.813  17.010  1.234 0.2000000030
107009  49.207  16.780  1.055 0.2000000030
105336  49.479  15.905  1.002 0.2000000030
105344  48.577  15.452  0.340 0.2000000030
106234  48.828  16.584  0.100 0.2000000030
141743  49.001  15.906  -0.163 0.2000000030
105352  47.732  15.428  -0.733 0.1000000015
105386  36.174  16.178  -3.040 0.1000000015
107010  48.800  16.713  0.178 0.2000000030
105350  48.915  16.204  -0.226 0.2000000030
105351  48.599  15.959  -0.794 0.1000000015
106219  48.409  16.860  0.115 0.2000000030
106250  48.448  16.296  -0.657 0.2000000030
105357  48.127  15.999  -1.612 0.1000000015
105369  37.962  15.383  -3.173 0.1000000015
157864  39.317  14.887  -2.587 0.1000000015
136988  38.382  14.954  -2.515 0.1000000015
104542  47.356  14.680  -4.064 0.1000000015
103616  46.901  14.177  -3.593 0.1000000015
104520  39.636  14.448  -1.627 0.1000000015
106285  47.320  16.078  -3.812 0.1000000015
104541  47.380  15.046  -4.308 0.1000000015
102785  42.733  12.556  -3.193 0.1000000015
103611  40.641  13.427  -1.274 0.1000000015
104519  40.391  14.225  -1.653 0.1000000015
106286  46.819  16.198  -4.306 0.1000000015
104555  47.035  14.936  -5.052 0.1000000015
104549  47.242  14.555  -4.930 0.1000000015
103636  44.579  13.640  -4.616 0.1000000015
102791  44.068  12.711  -4.395 0.1000000015
102777  42.171  12.804  -2.574 0.1000000015
103620  41.773  13.592  -2.331 0.1000000015
104518  41.095  14.006  -1.906 0.1000000015
105391  46.663  15.623  -4.850 0.1000000015
105403  46.590  14.929  -5.234 0.1000000015
147465  45.444  14.161  -5.110 0.1000000015
103551  47.836  13.687  6.664 0.1000000015
102689  47.493  13.017  8.371 0.2000000030
104441  50.893  15.288  7.207 0.4000000060
104442  50.096  14.518  7.080 0.3000000119
103550  48.942  14.013  6.883 0.3000000119
104444  50.955  15.695  6.539 0.3000000119
104447  48.614  14.260  6.021 0.1000000015
106130  50.795  16.051  5.924 0.3000000119
104450  50.324  15.270  5.663 0.3000000119
104446  49.733  14.611  6.210 0.3000000119
105319  50.409  15.964  4.921 0.3000000119
104455  50.050  15.423  5.050 0.3000000119
104456  49.334  15.055  4.628 0.3000000119
104452  48.413  14.494  5.170 0.1000000015
106139  50.489  16.036  5.184 0.3000000119
104463  49.186  15.264  3.779 0.2000000030
136721  48.821  16.611  4.426 0.3000000119
106162  49.000  16.677  3.498 0.3000000119
106149  47.825  16.720  3.858 0.3000000119
106146  41.623  16.972  4.545 0.2000000030
137312  47.493  16.840  2.532 0.3000000119
138103  46.453  16.712  2.804 0.3000000119
106960  40.997  17.256  5.027 0.2000000030
157244  40.837  16.976  4.273 0.2000000030
159646  48.737  16.917  2.217 0.2000000030
136714  43.968  16.526  3.788 0.3000000119
106153  43.759  16.579  4.497 0.3000000119
136713  43.132  16.586  4.046 0.3000000119
106168  39.546  16.567  3.348 0.2000000030
136664  35.942  17.497  -0.468 0.1000000015
136440  47.814  17.032  1.665 0.2000000030
106201  47.075  17.008  1.185 0.3000000119
137898  43.238  16.531  3.256 0.3000000119
155791  42.527  16.599  3.669 0.3000000119
106166  41.607  16.697  3.620 0.3000000119
106167  40.527  16.697  3.488 0.2000000030
106188  40.131  16.470  2.564 0.2000000030
106189  39.209  16.393  2.575 0.2000000030
107021  35.499  17.526  -1.331 0.1000000015
106186  41.609  16.504  2.654 0.2000000030
161226  40.969  16.569  2.915 0.2000000030
144574  39.416  16.352  1.780 0.2000000030
107019  37.504  17.327  -1.309 0.1000000015
107039  36.248  17.253  -2.573 0.1000000015
106271  35.736  16.582  -2.643 0.1000000015
106165  42.343  16.519  3.037 0.2000000030
144575  40.209  16.402  1.564 0.2000000030
153845  40.307  16.413  0.456 0.2000000030
136656  38.007  17.498  -2.318 0.1000000015
107038  37.577  17.520  -3.031 0.1000000015
107048  37.281  16.980  -3.512 0.1000000015
105385  36.773  16.214  -3.371 0.1000000015
106235  48.449  16.580  -0.298 0.2000000030
106264  47.701  16.240  -1.960 0.1000000015
106226  41.278  16.422  0.674 0.2000000030
136389  38.032  17.306  -3.522 0.1000000015
105384  37.668  16.180  -3.685 0.1000000015
104535  37.581  14.994  -2.490 0.1000000015
137893  41.747  16.486  -0.103 0.2000000030
157144  41.026  16.471  -0.132 0.2000000030
105399  38.408  16.395  -3.993 0.1000000015
137205  41.342  16.627  -0.985 0.2000000030
105397  39.968  16.251  -4.299 0.1000000015
105382  39.435  15.534  -3.703 0.1000000015
160054  40.078  14.626  -2.231 0.1000000015
104529  47.499  15.497  -3.392 0.1000000015
102784  43.408  12.826  -3.696 0.1000000015
103628  43.033  13.632  -3.339 0.1000000015
105396  40.849  16.521  -4.510 0.1000000015
105381  40.485  15.707  -4.089 0.1000000015
104534  40.758  14.564  -2.419 0.1000000015
106275  47.518  16.184  -2.991 0.1000000015
106265  47.290  16.387  -2.526 0.1000000015
106277  46.158  16.578  -3.948 0.1000000015
104552  44.607  14.928  -4.561 0.1000000015
146052  43.742  14.260  -3.922 0.1000000015
103619  42.408  13.383  -2.803 0.1000000015
104532  42.280  14.219  -2.933 0.1000000015
104533  41.519  14.478  -2.670 0.1000000015
106288  45.270  16.084  -4.609 0.1000000015
105393  44.988  15.758  -4.704 0.1000000015
104543  43.505  15.381  -4.073 0.1000000015
148079  42.921  14.759  -3.506 0.1000000015
104544  42.078  15.247  -3.527 0.1000000015
105380  41.378  15.975  -4.316 0.1000000015
103546  49.308  13.903  7.773 0.3000000119
103543  48.356  13.333  8.938 0.3000000119
103541  50.481  14.670  8.079 0.4000000060
103547  48.172  13.470  7.571 0.2000000030
106131  50.436  16.242  5.771 0.3000000119
106132  49.480  16.464  6.373 0.3000000119
137820  50.014  16.289  4.717 0.3000000119
106140  49.253  16.514  5.428 0.3000000119
106141  48.095  16.608  5.328 0.3000000119
106143  45.480  16.575  5.668 0.3000000119
106136  43.513  16.748  6.136 0.3000000119
136720  47.217  16.655  4.859 0.3000000119
106150  46.566  16.642  4.073 0.3000000119
136718  45.020  16.588  4.938 0.3000000119
160007  44.281  16.597  4.926 0.3000000119
106145  42.251  16.951  4.988 0.3000000119
136717  47.074  16.713  3.314 0.3000000119
106151  45.472  16.581  4.200 0.3000000119
106152  44.559  16.561  4.305 0.3000000119
106144  43.638  16.675  5.237 0.3000000119
136527  42.991  16.712  4.741 0.3000000119
164469  41.625  17.188  5.210 0.3000000119
144148  41.207  17.400  5.752 0.2000000030
106961  40.187  17.214  4.910 0.2000000030
136716  46.003  16.615  3.489 0.3000000119
106155  39.902  16.882  4.159 0.2000000030
106962  39.263  17.075  4.874 0.2000000030
136544  35.440  17.562  0.454 0.1000000015
156960  35.356  17.450  1.339 0.1000000015
107014  33.888  17.857  -0.016 0.1000000015
106181  46.767  16.851  2.031 0.2000000030
106164  45.632  16.621  2.999 0.3000000119
106183  44.975  16.575  2.709 0.3000000119
106154  42.353  16.745  4.266 0.3000000119
106169  38.463  16.447  3.154 0.2000000030
156039  36.684  16.813  1.143 0.1000000015
107012  36.371  17.159  0.397 0.1000000015
136896  35.046  17.726  -0.475 0.1000000015
106182  45.832  16.681  2.371 0.2000000030
137899  44.174  16.526  3.042 0.3000000119
106210  38.427  16.341  1.967 0.2000000030
106211  37.350  16.528  1.688 0.2000000030
106229  37.269  16.737  0.510 0.1000000015
106220  47.449  16.982  0.358 0.3000000119
146371  45.149  16.595  1.940 0.2000000030
160072  39.444  16.458  0.369 0.2000000030
106209  38.837  16.399  0.902 0.2000000030
106228  38.125  16.616  0.201 0.1000000015
158736  37.594  16.931  -0.357 0.1000000015
107020  36.456  17.486  -1.328 0.1000000015
144596  45.361  16.639  1.129 0.2000000030
106203  44.481  16.553  1.454 0.2000000030
162780  43.631  16.511  2.576 0.2000000030
106242  39.637  16.610  -0.456 0.2000000030
106227  38.873  16.614  -0.125 0.2000000030
106244  38.258  16.930  -0.709 0.1000000015
106236  47.807  16.762  -0.339 0.2000000030
136847  46.761  16.826  -0.147 0.2000000030
106241  40.488  16.629  -0.769 0.2000000030
106258  39.835  17.069  -1.568 0.2000000030
162362  47.038  16.689  -0.988 0.1000000015
137894  42.580  16.509  -0.050 0.2000000030
106257  40.878  17.120  -2.000 0.2000000030
107027  39.563  17.456  -2.296 0.1000000015
107047  38.770  17.315  -3.763 0.1000000015
106240  42.204  16.585  -0.972 0.2000000030
106270  40.913  17.510  -2.976 0.2000000030
107045  40.279  17.504  -3.676 0.1000000015
105398  39.097  16.213  -4.127 0.1000000015
106238  44.007  16.554  -0.741 0.2000000030
136710  43.675  16.600  -1.672 0.2000000030
136667  42.750  16.681  -1.906 0.2000000030
107033  41.784  17.288  -3.883 0.2000000030
158267  41.573  17.197  -4.218 0.2000000030
104545  41.104  15.133  -3.396 0.1000000015
106266  46.388  16.550  -2.987 0.1000000015
136708  44.365  16.623  -2.456 0.1000000015
106268  44.019  16.624  -3.277 0.1000000015
106280  42.483  16.931  -3.854 0.1000000015
105394  42.268  16.850  -4.064 0.1000000015
106289  44.245  16.262  -4.251 0.1000000015
156598  43.270  16.455  -4.018 0.1000000015
105379  42.165  16.323  -4.214 0.1000000015
163867  42.754  15.655  -3.951 0.1000000015
103542  49.468  13.892  8.629 0.3000000119
159369  51.062  15.527  7.925 0.4000000060
106123  50.659  16.316  6.729 0.3000000119
136644  48.202  16.513  6.128 0.3000000119
106142  46.346  16.591  5.536 0.3000000119
158302  44.454  16.607  5.736 0.3000000119
106128  42.700  17.032  6.460 0.3000000119
106951  40.420  17.445  5.665 0.2000000030
106171  36.727  16.749  3.405 0.2000000030
146807  36.441  16.801  1.948 0.1000000015
142049  35.651  17.171  2.025 0.1000000015
106156  38.911  16.704  4.089 0.2000000030
106170  37.461  16.558  3.339 0.2000000030
106191  36.952  16.599  2.657 0.2000000030
106963  38.298  16.970  4.857 0.2000000030
106190  37.729  16.429  2.573 0.2000000030
103529  50.427  14.650  9.070 0.4000000060
103531  48.086  13.348  9.574 0.3000000119
104438  50.955  15.436  8.654 0.5000000000
105311  51.040  16.156  7.448 0.4000000060
156271  51.001  15.770  8.860 0.4000000060
156906  50.649  16.355  7.562 0.4000000060
106124  49.635  16.407  7.285 0.3000000119
106133  47.182  16.413  6.828 0.4000000060
106134  46.109  16.508  6.434 0.4000000060
106126  45.528  16.439  7.211 0.4000000060
136723  45.076  16.521  6.538 0.4000000060
106135  44.174  16.578  6.806 0.4000000060
106127  43.333  16.834  7.163 0.4000000060
106950  42.029  17.232  5.839 0.3000000119
106944  41.434  17.520  6.530 0.4000000060
106987  36.074  16.963  2.922 0.2000000030
106988  35.190  17.410  2.742 0.1000000015
106157  37.911  16.666  4.075 0.2000000030
106158  37.005  16.792  4.080 0.2000000030
105186  28.391  15.869  23.625 0.1000000015
105197  28.349  15.839  22.722 0.1000000015
105205  28.492  15.560  21.932 0.1000000015
153045  28.691  15.012  21.405 0.1000000015
103516  47.764  13.425  10.216 0.3000000119
157545  50.329  14.669  9.925 0.5000000000
103515  49.070  13.955  10.106 0.4000000060
105308  51.018  15.940  9.173 0.5000000000
106117  49.853  16.323  8.124 0.4000000060
145346  48.669  16.277  7.831 0.4000000060
136645  46.298  16.369  7.507 0.5000000000
106120  45.495  16.386  8.047 0.5000000000
106952  39.559  17.421  5.621 0.2000000030
106953  38.634  17.389  5.604 0.2000000030
106975  36.228  17.061  3.903 0.2000000030
106964  37.353  17.022  4.822 0.2000000030
106966  35.719  17.545  4.493 0.2000000030
106827  30.167  17.370  23.773 0.1000000015
148990  29.712  17.009  23.262 0.1000000015
106840  30.409  17.103  23.033 0.1000000015
106002  29.789  16.548  22.590 0.1000000015
105196  31.070  15.626  22.343 0.1000000015
105204  29.225  15.486  21.783 0.1000000015
104343  29.678  13.432  21.231 0.1000000015
103448  29.046  13.012  20.663 0.1000000015
103459  29.531  12.759  20.252 0.1000000015
104422  50.795  15.482  10.536 0.5000000000
104423  48.579  14.037  10.810 0.3000000119
103508  43.128  14.051  10.934 0.1000000015
104424  42.385  14.365  10.661 0.2000000030
104425  41.567  14.550  10.361 0.1000000015
153806  50.819  15.536  9.529 0.5000000000
104413  43.558  14.593  11.531 0.2000000030
105294  42.259  15.553  11.890 0.2000000030
105303  40.943  15.169  10.908 0.1000000015
105302  50.842  15.853  10.338 0.5000000000
103519  45.238  13.040  10.476 0.2000000030
103506  44.833  13.661  11.080 0.2000000030
104414  42.748  14.848  11.311 0.2000000030
105295  41.311  15.611  11.785 0.1000000015
105297  39.308  15.573  11.789 0.1000000015
105298  38.214  15.537  11.927 0.1000000015
105299  36.626  15.175  12.517 0.1000000015
148730  34.224  15.121  12.816 0.1000000015
105289  32.731  15.366  12.979 0.1000000015
105290  31.993  15.024  12.980 0.1000000015
105309  50.215  16.223  9.149 0.4000000060
104412  44.392  14.399  11.659 0.2000000030
105296  40.320  15.602  11.746 0.2000000030
105284  38.053  15.838  12.925 0.1000000015
104397  43.128  15.371  12.056 0.2000000030
105282  40.729  15.993  12.699 0.2000000030
136079  47.438  16.241  7.934 0.5000000000
136528  44.808  16.475  7.490 0.5000000000
136208  44.008  16.632  7.824 0.5000000000
106938  43.254  17.025  8.171 0.5000000000
106939  42.491  17.276  7.519 0.3000000119
106943  42.064  17.344  6.715 0.5000000000
106934  43.318  17.349  9.042 0.5000000000
106935  42.606  17.570  8.533 0.5000000000
106945  40.679  17.674  6.403 0.3000000119
106936  41.995  17.756  8.083 0.5000000000
106940  41.691  17.646  7.364 0.5000000000
106941  40.966  17.918  7.190 0.5000000000
107764  40.210  18.132  6.975 0.4000000060
106947  38.991  17.842  6.259 0.2000000030
106954  37.715  17.414  5.538 0.2000000030
106965  36.510  17.246  4.696 0.2000000030
107760  40.578  18.560  7.638 0.3000000119
106955  36.850  17.541  5.410 0.2000000030
107765  39.415  18.326  6.807 0.4000000060
106948  38.088  17.874  6.186 0.3000000119
107767  37.639  18.558  6.431 0.3000000119
107771  37.231  17.964  6.006 0.2000000030
105974  29.346  16.783  24.783 0.1000000015
105160  28.959  15.427  25.217 0.1000000015
104298  28.788  14.514  25.061 0.1000000015
107583  31.370  18.650  26.466 0.1000000015
107603  31.707  18.488  25.684 0.1000000015
107624  31.073  18.158  25.075 0.1000000015
105989  29.427  17.020  23.940 0.1000000015
150639  28.465  15.029  24.648 0.1000000015
107582  32.258  18.884  26.229 0.1000000015
107602  32.825  18.538  25.531 0.1000000015
107623  32.027  18.240  24.842 0.1000000015
106811  32.293  17.669  23.981 0.1000000015
106826  31.110  17.487  23.599 0.1000000015
106838  31.780  17.119  23.179 0.1000000015
106000  31.461  16.435  22.729 0.1000000015
107622  32.892  18.106  24.752 0.1000000015
106825  33.144  17.209  23.775 0.1000000015
105999  32.188  16.424  22.947 0.1000000015
105195  32.112  15.496  22.589 0.1000000015
161044  30.549  15.401  22.145 0.1000000015
151088  30.236  14.076  21.694 0.1000000015
104324  31.608  14.636  22.263 0.1000000015
104333  31.838  13.564  22.040 0.1000000015
103437  30.539  13.106  21.384 0.1000000015
157151  29.239  12.796  19.528 0.1000000015
136046  29.971  12.967  19.476 0.1000000015
103468  29.412  13.308  18.595 0.1000000015
103474  29.117  13.799  17.704 0.1000000015
154887  50.124  14.780  10.805 0.4000000060
104409  47.101  14.099  11.501 0.3000000119
103504  46.479  13.546  10.936 0.3000000119
105301  50.941  15.900  11.101 0.5000000000
104408  49.202  14.575  11.514 0.4000000060
104410  46.153  14.094  11.596 0.3000000119
104411  45.277  14.222  11.667 0.3000000119
105260  37.542  15.919  13.544 0.1000000015
105285  37.344  15.553  12.649 0.1000000015
105261  36.097  15.521  13.219 0.1000000015
105287  34.919  15.233  12.929 0.1000000015
105264  33.479  15.741  13.038 0.1000000015
106089  31.804  16.068  13.818 0.1000000015
137687  31.130  15.740  14.269 0.1000000015
105244  30.522  15.416  14.709 0.1000000015
106110  50.901  16.036  10.109 0.5000000000
106104  50.898  15.894  10.957 0.5000000000
104407  50.483  15.282  11.599 0.4000000060
104392  49.658  15.070  12.238 0.5000000000
104393  46.795  14.581  12.197 0.3000000119
105283  39.281  16.098  13.490 0.2000000030
149611  38.835  15.864  12.753 0.2000000030
106084  36.719  15.967  13.718 0.1000000015
105262  35.292  15.678  13.155 0.1000000015
105263  34.355  15.852  13.080 0.1000000015
106087  33.602  16.811  13.309 0.1000000015
136507  49.786  16.289  10.159 0.6000000238
153736  48.127  14.626  12.101 0.4000000060
105276  46.383  15.153  12.789 0.4000000060
104394  45.787  14.680  12.280 0.4000000060
104395  44.796  15.014  12.416 0.2000000030
105279  43.386  15.897  12.867 0.2000000030
105280  42.609  16.040  12.791 0.2000000030
105257  41.153  16.369  13.701 0.2000000030
106096  40.171  16.282  13.756 0.2000000030
105259  38.457  16.058  13.813 0.2000000030
106083  37.847  16.124  14.282 0.2000000030
158430  37.231  16.031  13.856 0.2000000030
106085  35.878  16.274  13.573 0.1000000015
136111  47.297  16.222  8.995 0.5000000000
106118  48.572  16.215  8.642 0.5000000000
156116  44.023  16.096  13.608 0.2000000030
105278  44.056  15.737  12.956 0.2000000030
105255  42.816  16.385  13.707 0.2000000030
105256  42.026  16.459  13.704 0.2000000030
105258  39.296  16.277  14.346 0.2000000030
106082  38.585  16.267  14.689 0.2000000030
106119  46.343  16.313  8.518 0.5000000000
106112  46.406  16.450  9.517 0.5000000000
105254  43.481  16.237  13.651 0.2000000030
106079  42.932  16.605  14.417 0.3000000119
106080  42.215  16.664  14.538 0.3000000119
156248  40.758  16.475  14.491 0.3000000119
106121  44.715  16.539  8.441 0.5000000000
106108  45.223  17.147  10.090 0.6000000238
106114  44.727  16.828  9.363 0.5000000000
106115  43.965  16.853  8.741 0.5000000000
106926  45.736  17.571  10.659 0.6000000238
106927  44.935  17.776  10.357 0.5000000000
108500  46.370  18.900  11.039 0.6999999881
107746  45.532  18.360  10.744 0.6000000238
106928  44.286  17.969  10.106 0.5000000000
106931  43.665  17.818  9.662 0.5000000000
106932  42.825  17.998  9.246 0.5000000000
107747  44.714  18.525  10.336 0.6000000238
107751  43.220  18.581  9.607 0.5000000000
107755  42.085  18.296  8.713 0.5000000000
107761  39.828  18.818  7.364 0.4000000060
107768  36.833  18.662  6.183 0.3000000119
108507  45.505  19.276  10.456 0.8000000119
107748  43.935  18.540  9.981 0.6000000238
107759  41.354  18.250  8.016 0.5000000000
107757  40.919  18.910  8.191 0.4000000060
107766  38.537  18.543  6.696 0.4000000060
159091  37.985  19.142  6.745 0.4000000060
108527  37.254  19.430  6.468 0.4000000060
109357  38.702  20.182  7.232 0.4000000060
108526  37.982  19.867  6.867 0.4000000060
109355  39.690  21.328  7.388 0.4000000060
160879  39.594  21.740  6.946 0.4000000060
110080  38.881  20.967  7.159 0.4000000060
148502  41.016  21.961  7.322 0.4000000060
110752  40.200  21.971  7.039 0.4000000060
162541  40.193  22.352  6.290 0.4000000060
110762  41.005  22.421  6.617 0.4000000060
110778  40.603  22.763  5.742 0.4000000060
110776  42.466  22.931  5.852 0.4000000060
110761  41.933  22.547  6.527 0.4000000060
111523  42.531  23.283  4.939 0.4000000060
110775  43.460  23.007  5.262 0.4000000060
110796  43.962  23.111  4.381 0.5000000000
110812  43.839  23.200  3.340 0.5000000000
110811  44.762  22.918  3.128 0.5000000000
111549  44.398  22.978  2.646 0.5000000000
106810  33.405  17.620  24.357 0.1000000015
143019  34.392  17.370  24.609 0.1000000015
105973  33.954  16.966  23.962 0.1000000015
105998  32.896  16.004  22.985 0.1000000015
105194  33.177  15.008  22.601 0.1000000015
104323  32.504  14.278  22.302 0.1000000015
105193  34.156  14.662  22.632 0.1000000015
104322  33.523  13.886  22.269 0.1000000015
142355  31.648  12.820  20.831 0.1000000015
103458  30.378  12.832  20.306 0.1000000015
103456  32.356  12.976  20.035 0.1000000015
103466  31.807  13.391  19.248 0.1000000015
104360  30.381  13.680  18.597 0.1000000015
104359  31.312  13.913  18.546 0.1000000015
104367  29.890  14.208  17.668 0.1000000015
104368  29.229  14.267  17.083 0.1000000015
104373  30.506  14.775  17.129 0.1000000015
105238  31.152  15.829  15.740 0.1000000015
105239  30.536  15.474  15.478 0.1000000015
105235  30.085  15.093  15.849 0.1000000015
106068  31.595  16.327  14.538 0.1000000015
105293  50.920  15.845  11.653 0.5000000000
106086  34.721  16.654  13.287 0.1000000015
106088  32.669  16.248  13.418 0.1000000015
106099  50.946  15.904  11.389 0.5000000000
105273  50.685  15.711  12.245 0.4000000060
105250  48.251  15.681  13.437 0.4000000060
105277  45.455  15.327  12.916 0.4000000060
155741  36.616  16.415  14.091 0.2000000030
106904  35.225  17.438  13.619 0.2000000030
106905  34.212  17.704  13.508 0.2000000030
161619  49.892  15.474  12.864 0.4000000060
105251  46.962  15.661  13.377 0.4000000060
158298  46.012  15.643  13.312 0.4000000060
105252  45.236  15.925  13.591 0.3000000119
106078  43.614  16.427  14.235 0.3000000119
106081  40.095  16.452  14.660 0.3000000119
106064  39.428  16.477  14.955 0.2000000030
106903  36.092  17.151  13.991 0.2000000030
106111  48.345  16.276  9.683 0.6000000238
105272  50.873  15.946  12.268 0.6000000238
106074  50.148  16.406  13.767 0.5000000000
140649  41.453  16.579  14.574 0.3000000119
153206  40.153  16.592  15.138 0.3000000119
106065  38.724  16.580  15.140 0.2000000030
106897  37.663  16.820  15.048 0.2000000030
162050  36.356  17.742  14.291 0.2000000030
107726  35.727  18.088  13.981 0.2000000030
106106  48.571  16.529  10.701 0.6000000238
138231  47.244  16.525  10.236 0.6000000238
106102  47.424  16.994  11.113 0.6000000238
106107  46.223  16.921  10.381 0.5000000000
155278  45.565  16.728  9.692 0.5000000000
106921  47.188  17.711  11.474 0.6000000238
108493  49.181  19.425  12.636 0.6999999881
106922  46.328  18.076  11.183 0.6999999881
107740  47.203  18.512  11.502 0.6999999881
108499  47.665  19.386  11.225 0.6999999881
108509  43.621  19.140  9.769 0.6000000238
107752  42.529  18.764  9.256 0.6000000238
107753  42.005  18.984  8.972 0.5000000000
108522  40.313  19.388  7.930 0.4000000060
107762  39.130  18.908  7.140 0.4000000060
108524  38.598  19.364  7.076 0.4000000060
108506  46.579  19.442  10.683 0.6999999881
109332  46.129  19.840  10.110 0.8000000119
108508  44.415  19.385  9.980 0.6999999881
108513  43.750  19.790  9.560 0.6000000238
109343  42.404  20.129  9.022 0.6000000238
108519  41.060  19.538  8.446 0.5000000000
108520  39.942  20.076  7.892 0.4000000060
109356  39.430  20.506  7.571 0.4000000060
109342  43.277  20.205  9.231 0.6000000238
108516  41.767  19.561  8.842 0.6000000238
150047  40.580  20.152  8.248 0.5000000000
110069  40.838  20.797  8.222 0.4000000060
109352  40.155  20.751  7.932 0.4000000060
141988  41.718  22.097  7.169 0.4000000060
147336  42.589  22.496  6.528 0.4000000060
110760  43.272  22.566  6.271 0.4000000060
141271  45.279  22.609  4.790 0.6999999881
110795  44.841  22.903  3.999 0.6000000238
136496  46.819  22.253  3.425 0.6999999881
110794  45.894  22.542  4.131 0.6999999881
105985  35.084  15.996  23.648 0.1000000015
104331  33.808  13.071  21.894 0.1000000015
103446  32.334  12.757  21.072 0.1000000015
140583  33.256  12.802  20.435 0.1000000015
103465  32.763  13.483  18.895 0.1000000015
104358  32.255  14.029  18.334 0.1000000015
104366  30.848  14.410  17.810 0.1000000015
104365  31.770  14.541  17.697 0.1000000015
105226  31.280  14.997  17.072 0.1000000015
105225  32.247  15.117  16.866 0.1000000015
105234  30.702  15.265  16.360 0.1000000015
106906  33.335  17.806  13.706 0.1000000015
106067  32.203  16.779  14.024 0.1000000015
106105  50.361  16.320  10.966 0.6000000238
106100  50.984  16.016  11.532 0.6000000238
105249  49.597  15.778  13.397 0.5000000000
106076  47.633  16.194  14.038 0.4000000060
106058  47.019  16.523  14.783 0.4000000060
105253  44.361  16.204  13.938 0.3000000119
106059  43.962  16.543  14.649 0.3000000119
107727  34.869  18.380  13.844 0.2000000030
107728  33.925  18.539  13.890 0.2000000030
106073  50.550  16.511  13.325 0.6000000238
106075  49.023  16.236  14.050 0.5000000000
155489  45.712  16.561  14.888 0.4000000060
143935  44.558  16.704  15.084 0.4000000060
106060  43.131  16.720  14.882 0.3000000119
139151  41.910  16.984  15.405 0.3000000119
106050  40.554  16.784  15.429 0.3000000119
106051  39.729  16.730  15.325 0.2000000030
106896  38.398  17.189  15.351 0.2000000030
150383  37.752  17.854  15.172 0.2000000030
107720  36.353  18.604  14.334 0.2000000030
157682  50.273  16.611  11.737 0.6000000238
106094  50.938  15.946  11.963 0.6000000238
106072  50.602  16.569  13.116 0.6000000238
106057  48.397  16.621  14.750 0.5000000000
106046  45.322  16.872  15.659 0.4000000060
145370  43.583  16.886  15.249 0.3000000119
106048  42.698  17.063  15.356 0.3000000119
106888  41.595  17.145  15.619 0.3000000119
150841  40.950  17.043  15.717 0.2000000030
106890  39.238  17.106  15.519 0.2000000030
107719  37.179  18.739  14.719 0.2000000030
161862  36.073  19.172  14.333 0.2000000030
137845  48.958  16.874  11.497 0.6999999881
106101  49.606  17.257  12.110 0.6000000238
106912  50.484  17.199  13.289 0.6000000238
106902  50.475  17.038  13.681 0.6000000238
106895  49.667  17.346  14.723 0.6000000238
106886  48.403  17.569  15.977 0.5000000000
153876  44.178  17.495  16.251 0.4000000060
106875  43.486  17.785  16.148 0.4000000060
106035  42.228  17.310  15.561 0.3000000119
106878  41.366  17.527  15.763 0.2000000030
106889  40.153  17.139  15.684 0.2000000030
107709  38.696  18.084  15.380 0.2000000030
108469  38.597  19.099  15.137 0.2000000030
108480  37.485  19.552  14.814 0.2000000030
106920  48.265  17.453  11.751 0.6999999881
106913  50.224  17.458  12.798 0.6000000238
107716  49.857  18.259  14.310 0.6999999881
106894  50.138  17.521  14.289 0.6000000238
106867  43.853  18.171  16.856 0.4000000060
106914  49.140  17.953  12.335 0.6999999881
107731  50.070  18.065  13.308 0.6999999881
108488  49.799  18.564  13.674 0.6999999881
108477  49.413  18.997  14.078 0.6999999881
107739  48.082  18.175  11.934 0.6999999881
107732  49.650  18.530  12.859 0.6999999881
108489  49.362  19.276  13.328 0.6999999881
107738  49.046  18.943  12.247 0.6999999881
151218  48.904  20.229  12.126 0.6999999881
144244  48.243  18.952  11.732 0.6999999881
108498  48.949  19.812  11.763 0.6999999881
109324  48.827  20.579  11.469 0.6999999881
109325  48.692  20.278  11.068 0.8000000119
109331  47.620  19.939  10.439 0.8000000119
109341  44.465  20.146  9.438 0.6999999881
156614  48.961  21.509  9.693 0.8000000119
109338  48.256  20.563  9.610 0.8000000119
109339  46.755  20.201  9.573 0.8000000119
109340  45.494  20.190  9.469 0.6999999881
109349  43.850  20.663  8.855 0.6000000238
147281  42.981  20.727  8.773 0.6000000238
142198  42.849  21.281  8.246 0.5000000000
109351  41.445  20.346  8.579 0.5000000000
110068  41.464  21.155  8.230 0.5000000000
110079  40.693  21.431  7.762 0.4000000060
151808  48.899  21.027  9.397 0.8000000119
109346  47.234  20.585  8.737 0.8000000119
109348  44.885  20.579  8.886 0.8000000119
156772  43.670  21.231  8.240 0.6000000238
110067  42.088  21.399  8.121 0.5000000000
110078  41.571  21.660  7.735 0.4000000060
144167  49.032  21.477  8.881 0.8000000119
110064  48.432  20.971  8.545 0.8000000119
110073  47.424  21.028  7.899 0.8000000119
146519  46.227  20.893  8.141 0.8000000119
110066  44.504  21.034  8.306 0.8000000119
110075  44.225  21.522  7.676 0.8000000119
110076  43.331  21.694  7.631 0.5000000000
110750  42.960  22.139  7.009 0.4000000060
110063  48.949  21.386  7.948 0.8000000119
110072  48.312  21.302  7.586 0.8000000119
147577  47.581  21.404  7.178 0.8000000119
145232  46.467  21.320  7.396 0.8000000119
110087  44.768  21.706  7.143 0.6999999881
110749  43.944  22.072  6.888 0.5000000000
110748  49.192  22.009  7.404 0.8000000119
110071  48.639  21.647  7.181 0.8000000119
156301  48.230  21.559  7.026 0.8000000119
110085  46.742  21.708  6.683 0.8000000119
110086  45.647  21.668  6.889 0.8000000119
110759  44.909  22.038  6.417 0.6999999881
135929  44.198  22.494  5.937 0.6000000238
110083  48.460  21.914  6.513 0.8000000119
110757  47.049  22.106  5.895 0.6999999881
110773  46.185  22.286  5.096 0.6999999881
110774  45.142  22.363  5.586 0.6999999881
110772  47.592  22.273  4.823 0.6999999881
103428  34.917  13.019  21.543 0.1000000015
103454  34.218  12.956  19.596 0.1000000015
103455  33.410  13.110  19.321 0.1000000015
158462  33.566  13.621  18.504 0.1000000015
104352  34.301  13.510  18.575 0.1000000015
104357  33.214  14.034  17.980 0.1000000015
104364  32.781  14.601  17.445 0.1000000015
105224  33.368  15.302  16.685 0.1000000015
106036  33.007  16.815  16.083 0.1000000015
105232  32.545  15.968  16.252 0.1000000015
107711  32.679  18.380  15.285 0.2000000030
106891  32.362  17.667  14.994 0.1000000015
106037  32.229  16.801  15.495 0.1000000015
107710  32.916  18.846  14.954 0.2000000030
107722  33.102  18.438  14.271 0.1000000015
106052  32.064  16.950  14.736 0.1000000015
108484  33.658  19.114  14.584 0.2000000030
154701  34.720  19.254  14.341 0.2000000030
106044  47.819  16.949  15.496 0.5000000000
106887  47.338  17.253  16.234 0.5000000000
106045  46.523  16.822  15.572 0.5000000000
108481  36.589  19.486  14.568 0.2000000030
106885  49.091  17.740  15.445 0.6999999881
106872  46.982  17.450  16.992 0.5000000000
106032  45.049  17.226  16.335 0.4000000060
107699  42.691  18.313  16.199 0.2000000030
106877  42.059  17.593  15.750 0.2000000030
107707  40.625  17.662  15.748 0.2000000030
107708  39.722  17.867  15.610 0.2000000030
108468  39.338  19.063  15.285 0.2000000030
107705  49.013  18.202  15.517 0.6999999881
107697  47.863  18.208  17.001 0.6999999881
106874  44.919  17.590  16.916 0.4000000060
107698  43.339  18.230  16.445 0.3000000119
107700  41.904  18.205  15.948 0.2000000030
107706  41.158  18.425  15.819 0.2000000030
108467  40.317  19.038  15.554 0.2000000030
108478  48.757  19.262  14.597 0.6999999881
108464  48.684  18.784  15.318 0.6000000238
108455  48.395  18.472  16.109 0.6999999881
107688  47.228  18.260  17.938 0.6999999881
106864  46.693  17.715  17.659 0.6999999881
106865  45.599  17.804  17.660 0.5000000000
109316  49.062  19.962  12.884 0.6999999881
109308  48.275  19.955  14.161 0.6999999881
108465  48.072  19.113  15.799 0.6999999881
108456  47.788  18.817  16.699 0.8000000119
109320  48.720  20.541  12.473 0.6999999881
109317  48.578  20.290  13.287 0.8000000119
159030  47.208  19.977  15.457 0.8000000119
110044  48.352  21.168  12.123 0.8000000119
109318  47.689  20.595  13.703 0.8000000119
110048  48.886  20.981  11.236 0.8000000119
110049  48.599  21.330  11.379 0.8000000119
109330  48.974  20.997  10.107 0.8000000119
104351  35.164  13.486  18.810 0.1000000015
152454  35.870  13.500  19.325 0.1000000015
104355  35.240  14.380  17.684 0.1000000015
104356  34.144  14.118  17.768 0.1000000015
105222  34.883  15.887  16.680 0.1000000015
150710  34.227  15.269  16.718 0.1000000015
106868  33.925  17.522  16.782 0.1000000015
106026  34.029  16.670  16.539 0.1000000015
105223  34.089  15.804  16.530 0.1000000015
106879  33.234  17.608  16.233 0.2000000030
107694  32.705  18.926  17.003 0.2000000030
108461  32.754  19.414  16.599 0.2000000030
108472  32.875  19.111  15.748 0.2000000030
108471  33.408  19.492  15.374 0.2000000030
108470  34.003  20.192  15.768 0.2000000030
108483  34.249  19.808  15.000 0.2000000030
109304  35.549  20.529  15.514 0.2000000030
108482  35.715  19.559  14.479 0.2000000030
108459  41.672  19.269  16.109 0.2000000030
109286  41.163  20.259  16.586 0.2000000030
109299  40.303  20.155  15.954 0.2000000030
109300  39.509  19.947  15.428 0.2000000030
109312  36.153  20.172  14.862 0.2000000030
107691  43.804  18.775  17.363 0.4000000060
107692  43.263  18.772  16.841 0.3000000119
158780  40.980  19.515  15.913 0.2000000030
109309  38.736  19.778  15.147 0.2000000030
107679  46.646  18.565  18.577 0.6999999881
108457  47.410  19.423  16.528 0.6999999881
140614  47.086  19.307  18.031 0.6999999881
108466  47.520  19.601  15.821 0.6000000238
109283  46.760  20.075  16.251 0.8000000119
110033  46.569  20.987  13.950 0.8000000119
158619  47.191  20.328  14.658 0.8000000119
109298  46.482  20.521  15.502 0.8000000119
110040  47.146  21.119  13.264 0.8000000119
110041  46.261  21.668  13.297 0.8000000119
105218  36.207  15.515  17.308 0.1000000015
105219  35.466  15.380  16.904 0.1000000015
105221  35.640  16.084  16.829 0.1000000015
106025  35.039  16.855  16.852 0.1000000015
153724  34.289  17.621  17.485 0.1000000015
107693  33.258  18.238  17.287 0.2000000030
108460  33.155  19.810  16.175 0.2000000030
109305  34.758  20.289  15.374 0.2000000030
109301  38.584  20.233  15.428 0.2000000030
109303  36.636  20.500  15.398 0.2000000030
109287  39.251  20.467  16.153 0.2000000030
109310  37.981  20.035  15.012 0.2000000030
108442  44.668  19.370  18.857 0.5000000000
108451  42.798  19.308  16.843 0.3000000119
109285  42.144  19.886  16.759 0.2000000030
138384  40.131  20.517  16.815 0.2000000030
109275  39.170  20.575  17.208 0.2000000030
107681  44.834  18.654  18.311 0.4000000060
159150  45.536  19.439  19.379 0.6999999881
108441  46.099  18.915  19.152 0.6999999881
107680  45.705  18.361  18.479 0.6000000238
108440  46.699  19.196  18.746 0.6999999881
108449  47.338  19.203  17.252 0.8000000119
156528  45.834  21.234  15.632 0.8000000119
110034  46.072  21.024  14.834 0.8000000119
109279  33.436  20.418  17.340 0.2000000030
109294  32.884  20.091  16.921 0.2000000030
109278  34.249  20.623  16.951 0.2000000030
109292  34.368  20.542  16.299 0.2000000030
109290  36.193  20.710  16.161 0.2000000030
109288  38.162  20.564  16.037 0.2000000030
136707  37.618  20.626  16.845 0.3000000119
109289  37.162  20.640  16.042 0.2000000030
107682  44.316  18.956  18.088 0.4000000060
108450  43.344  19.525  17.521 0.4000000060
148819  41.779  20.417  17.516 0.3000000119
109240  45.485  20.083  19.628 0.6999999881
108435  44.891  19.860  19.555 0.6999999881
108443  43.914  19.631  18.351 0.4000000060
109272  42.653  20.181  17.635 0.4000000060
108434  46.131  19.679  19.261 0.6999999881
109270  46.762  19.901  17.342 0.8000000119
109284  46.053  20.987  16.297 0.8000000119
117335  40.903  31.335  12.029 0.6000000238
109264  34.744  20.610  18.466 0.2000000030
109265  34.057  20.618  17.799 0.2000000030
109263  35.847  20.576  18.353 0.2000000030
109277  34.983  20.673  17.488 0.2000000030
109276  35.972  20.679  17.133 0.2000000030
136706  36.760  20.650  16.769 0.3000000119
109256  45.843  20.612  19.238 0.6999999881
145163  45.313  20.898  19.843 0.6999999881
109231  44.673  20.996  20.264 0.6999999881
109241  44.209  20.566  19.999 0.6000000238
162730  38.506  20.597  16.773 0.2000000030
159131  43.612  20.612  19.797 0.5000000000
108436  44.172  20.085  19.327 0.5000000000
109257  43.475  20.392  19.117 0.5000000000
110021  45.888  21.346  18.564 0.6999999881
109255  46.419  20.113  18.499 0.6999999881
110027  46.295  20.710  16.964 0.8000000119
117320  40.438  31.721  12.801 0.5000000000
117318  42.614  32.311  12.652 0.8000000119
117319  41.670  32.002  12.968 0.6999999881
149578  42.402  32.633  13.575 0.6999999881
164302  36.732  20.544  18.808 0.2000000030
138958  36.959  20.593  17.762 0.3000000119
159559  38.188  20.545  17.748 0.2000000030
109232  43.251  20.997  20.384 0.6000000238
147232  43.979  21.099  20.473 0.5000000000
109242  42.831  20.757  19.831 0.5000000000
109258  42.582  20.551  18.810 0.5000000000
109259  41.452  20.564  18.706 0.2000000030
109273  40.787  20.519  17.663 0.2000000030
110024  45.801  22.138  17.978 0.8000000119
117989  43.112  33.597  13.310 0.6000000238
136841  43.370  33.302  12.459 0.6999999881
109247  38.009  20.697  19.647 0.2000000030
109262  37.580  20.549  18.749 0.2000000030
110012  45.473  21.855  19.238 0.6999999881
109998  45.036  21.812  20.026 0.6999999881
109235  40.354  21.146  20.314 0.3000000119
109236  39.398  21.171  20.395 0.2000000030
138184  38.515  20.539  18.797 0.2000000030
110000  43.529  21.700  20.775 0.5000000000
109234  41.292  21.119  20.362 0.3000000119
109245  39.888  20.798  19.740 0.2000000030
156303  39.616  20.614  19.269 0.3000000119
162742  38.988  20.470  18.085 0.3000000119
109233  42.227  21.076  20.421 0.4000000060
110002  41.692  21.431  20.798 0.4000000060
109244  40.825  20.792  19.696 0.3000000119
109260  40.241  20.531  18.880 0.3000000119
109274  39.799  20.517  17.877 0.3000000119
110003  40.808  21.446  20.740 0.3000000119
109237  38.429  21.003  20.390 0.2000000030
136583  45.657  21.719  14.190 0.8000000119
142403  44.159  22.402  20.628 0.6000000238
110695  43.642  22.723  20.788 0.6999999881
110001  42.568  21.490  20.781 0.5000000000
109987  40.357  21.738  20.977 0.3000000119
110704  45.139  22.864  19.550 0.6999999881
139908  39.936  21.459  20.646 0.3000000119
140172  45.626  22.387  18.525 0.8000000119
109985  42.048  21.897  21.150 0.5000000000
140966  38.875  21.425  20.701 0.3000000119
109986  41.204  21.780  21.102 0.4000000060
110694  44.715  22.626  20.184 0.6999999881
110005  37.943  21.462  20.886 0.3000000119
110681  40.763  22.344  21.236 0.5000000000
110004  39.448  21.662  20.883 0.3000000119
110709  45.421  23.122  18.819 0.8000000119
111423  44.314  23.338  20.233 0.6999999881
110679  42.336  22.788  21.107 0.6000000238
156107  38.665  21.747  21.019 0.3000000119
157003  41.845  23.270  21.055 0.6000000238
111412  41.157  23.143  21.125 0.5000000000
109988  39.944  22.340  21.101 0.4000000060
110697  39.054  22.385  21.084 0.4000000060
110699  37.250  22.133  21.024 0.3000000119
111430  36.691  23.020  20.602 0.3000000119
111436  45.146  23.891  19.068 0.8000000119
110698  38.157  22.314  21.105 0.4000000060
111428  39.703  23.321  20.832 0.5000000000
111429  37.639  23.176  20.794 0.3000000119
136586  43.096  23.232  20.826 0.6999999881
157232  40.433  22.967  21.103 0.6000000238
158240  45.444  23.969  18.471 0.8000000119
111447  44.950  24.339  18.901 0.6999999881
143924  38.607  23.258  20.849 0.4000000060
111438  38.167  24.088  20.304 0.3000000119
111426  41.605  23.914  20.650 0.6000000238
111425  42.481  23.890  20.685 0.6000000238
111437  44.653  23.996  19.470 0.6999999881
137429  47.158  15.112  -2.228 0.1000000015
105365  48.032  16.187  -1.490 0.1000000015
104530  47.341  15.009  -3.137 0.1000000015
106205  42.546  16.454  1.646 0.2000000030
106224  42.995  16.476  0.806 0.2000000030
106206  41.635  16.433  1.671 0.2000000030
136712  45.873  16.600  -1.343 0.2000000030
137896  44.393  16.538  0.074 0.2000000030
106225  42.118  16.455  0.773 0.2000000030
105377  47.476  15.786  -3.598 0.1000000015
106239  43.080  16.567  -0.864 0.2000000030
110045  47.181  21.577  12.520 0.8000000119
110054  48.772  21.435  10.507 0.8000000119
110084  47.784  21.772  6.583 0.8000000119
103565  42.597  13.379  3.767 0.1000000015
102726  41.400  12.618  2.510 0.1000000015
103578  43.245  13.784  1.167 0.1000000015
101907  45.846  11.849  -3.626 0.1000000015
103626  46.706  13.295  -3.976 0.1000000015
101915  46.830  12.310  -5.258 0.1000000015
103639  47.016  13.227  -5.336 0.1000000015
101839  44.123  11.851  7.503 0.1000000015
102705  43.222  12.017  6.453 0.1000000015
146146  45.486  12.495  7.244 0.1000000015
103558  44.868  13.340  5.367 0.1000000015
104497  43.946  14.156  0.696 0.1000000015
103552  46.170  13.352  6.090 0.1000000015
103563  44.762  13.886  4.338 0.1000000015
104458  47.262  14.570  4.141 0.1000000015
104464  48.120  14.989  3.511 0.2000000030
104473  47.016  14.723  2.446 0.1000000015
105358  47.871  15.672  -1.573 0.1000000015
137991  36.941  17.518  -2.266 0.1000000015
105368  38.694  15.282  -3.153 0.1000000015
101910  42.128  11.946  -2.678 0.1000000015
103610  41.263  13.253  -1.775 0.1000000015
106287  46.019  16.222  -4.605 0.1000000015
104551  45.717  14.976  -5.156 0.1000000015
104449  50.716  15.669  5.896 0.3000000119
106185  42.905  16.487  2.461 0.2000000030
106221  46.383  16.836  0.721 0.2000000030
107028  36.115  17.498  -1.959 0.1000000015
106187  40.903  16.462  2.135 0.2000000030
106207  40.858  16.402  1.321 0.2000000030
106243  39.022  16.926  -1.049 0.1000000015
136560  38.927  17.516  -2.382 0.1000000015
106252  47.603  16.397  -1.579 0.2000000030
107046  39.439  17.546  -3.509 0.1000000015
107044  41.137  17.415  -3.988 0.1000000015
106267  45.103  16.617  -3.361 0.1000000015
105378  43.913  15.995  -4.372 0.1000000015
103532  47.038  12.922  9.734 0.3000000119
136722  47.135  16.587  5.842 0.3000000119
136719  45.978  16.599  4.871 0.3000000119
106999  36.003  17.162  1.225 0.1000000015
107013  34.568  17.833  0.190 0.1000000015
106184  44.314  16.539  2.264 0.2000000030
147893  37.994  16.459  1.051 0.2000000030
107011  36.847  17.197  -0.442 0.1000000015
163450  46.070  16.677  -0.604 0.2000000030
137897  45.495  16.631  0.197 0.2000000030
106223  43.897  16.531  0.796 0.2000000030
106204  43.523  16.500  1.726 0.2000000030
107026  40.245  17.483  -2.571 0.1000000015
106256  41.846  16.933  -2.041 0.2000000030
106269  41.526  17.404  -3.074 0.2000000030
136711  44.693  16.583  -1.492 0.2000000030
106237  45.047  16.561  -0.633 0.2000000030
106254  43.394  16.710  -2.733 0.2000000030
136709  45.513  16.595  -2.283 0.2000000030
106279  44.119  16.524  -3.908 0.1000000015
137030  43.200  16.676  -3.620 0.1000000015
106125  48.351  16.369  7.071 0.4000000060
105975  28.877  16.433  24.138 0.1000000015
106009  29.681  15.899  22.107 0.1000000015
104334  29.434  14.620  21.479 0.1000000015
145860  28.826  14.089  21.063 0.1000000015
146498  48.025  14.151  11.372 0.3000000119
106113  45.487  16.451  8.977 0.5000000000
106812  31.416  17.909  24.350 0.1000000015
106813  30.612  17.734  24.445 0.1000000015
106814  29.852  17.367  24.639 0.1000000015
106001  30.664  16.518  22.594 0.1000000015
106008  30.297  15.910  22.236 0.1000000015
105203  30.037  15.223  21.888 0.1000000015
137252  29.984  12.798  20.907 0.1000000015
103449  28.263  12.965  20.239 0.1000000015
103460  28.635  12.659  19.976 0.1000000015
104415  41.903  15.106  11.051 0.1000000015
104396  43.905  15.162  12.232 0.2000000030
105286  36.136  15.074  12.791 0.1000000015
147151  36.716  15.645  13.213 0.1000000015
105288  33.437  14.920  12.689 0.1000000015
105266  31.477  15.388  13.560 0.1000000015
105265  32.148  15.617  13.334 0.1000000015
105281  41.706  16.072  12.738 0.2000000030
139867  39.764  15.914  12.684 0.2000000030
105959  28.972  16.173  24.863 0.1000000015
102594  29.233  13.122  25.148 0.1000000015
105988  32.639  16.886  23.339 0.1000000015
105987  33.444  16.485  23.444 0.1000000015
160274  31.318  14.084  22.132 0.1000000015
143050  31.024  13.619  21.894 0.1000000015
103436  31.489  12.943  21.475 0.1000000015
153423  32.292  12.975  21.660 0.1000000015
103447  30.846  12.775  20.957 0.1000000015
139692  35.573  15.083  12.902 0.1000000015
104386  30.658  15.054  13.893 0.1000000015
105275  47.517  15.145  12.778 0.4000000060
106907  32.843  17.132  13.666 0.1000000015
151475  38.029  16.284  14.849 0.2000000030
106066  37.312  16.291  14.399 0.2000000030
106061  42.380  16.808  15.037 0.3000000119
106063  40.854  16.603  15.090 0.3000000119
106930  44.444  17.434  9.856 0.5000000000
106925  46.504  17.424  10.998 0.6000000238
109333  45.159  19.812  9.884 0.6999999881
107756  41.496  18.905  8.586 0.6000000238
109360  37.446  20.383  6.398 0.4000000060
110088  39.093  21.524  6.816 0.4000000060
110777  41.498  22.889  5.874 0.4000000060
146227  44.485  22.811  5.023 0.6000000238
105986  34.316  16.202  23.572 0.1000000015
105185  33.777  15.636  23.045 0.1000000015
104313  35.152  14.515  22.725 0.1000000015
104332  32.815  13.311  21.978 0.1000000015
103457  31.307  12.938  20.187 0.1000000015
103467  30.857  13.175  19.413 0.1000000015
104374  29.832  14.718  16.598 0.1000000015
105233  31.624  15.572  16.386 0.1000000015
105243  31.003  15.930  15.009 0.1000000015
106053  31.578  16.355  15.219 0.1000000015
106077  46.184  16.177  13.991 0.4000000060
155436  44.949  16.362  14.342 0.3000000119
106898  36.786  16.922  14.573 0.2000000030
106062  41.661  16.745  15.121 0.3000000119
152891  36.959  17.764  14.760 0.2000000030
107721  35.583  18.885  14.154 0.2000000030
103445  34.216  12.782  20.808 0.1000000015
103435  33.081  12.805  21.448 0.1000000015
106038  31.768  16.137  15.839 0.1000000015
106899  32.579  17.642  14.243 0.1000000015
106095  50.581  16.637  12.001 0.6000000238
106055  50.275  16.906  14.101 0.6000000238
106056  49.589  16.798  14.518 0.6000000238
106047  44.269  17.077  15.706 0.3000000119
106034  42.836  17.469  15.636 0.3000000119
106049  41.251  16.854  15.451 0.3000000119
106031  46.141  17.117  16.335 0.4000000060
106033  43.432  17.314  15.677 0.4000000060
106876  42.748  17.757  15.840 0.3000000119
109311  37.108  20.118  14.904 0.2000000030
107725  50.253  17.779  13.794 0.6000000238
106870  48.540  18.000  16.199 0.6999999881
106871  47.927  17.781  16.758 0.6999999881
106866  44.310  17.899  16.942 0.4000000060
107717  49.285  18.581  14.813 0.6999999881
107690  44.332  18.414  17.522 0.4000000060
108490  48.953  19.636  13.686 0.6999999881
110043  48.809  20.795  11.776 0.8000000119
137038  48.914  20.866  10.830 0.8000000119
148154  48.688  20.584  10.433 0.8000000119
109347  45.937  20.563  8.869 0.8000000119
110065  45.316  20.849  8.367 0.8000000119
110074  45.268  21.272  7.704 0.8000000119
110758  45.910  22.022  6.095 0.6999999881
103434  36.004  13.157  21.187 0.1000000015
104363  33.775  14.666  17.208 0.1000000015
105231  33.499  16.084  16.360 0.1000000015
106880  32.658  17.664  15.588 0.1000000015
107723  32.654  18.239  14.731 0.2000000030
106863  47.504  17.871  17.412 0.6999999881
106873  45.858  17.405  17.022 0.5000000000
109297  47.962  19.597  15.067 0.6999999881
106859  46.480  18.053  18.223 0.6999999881
110039  48.042  20.885  12.887 0.8000000119
104362  34.699  14.869  16.974 0.1000000015
107702  32.837  18.574  16.088 0.2000000030
109293  33.640  20.331  16.555 0.2000000030
109313  35.189  20.041  14.864 0.2000000030
106022  35.866  16.591  17.247 0.1000000015
109302  37.622  20.385  15.381 0.2000000030
109291  35.145  20.703  16.442 0.2000000030
161794  42.161  20.516  18.142 0.4000000060
110023  46.201  20.998  17.780 0.8000000119
109243  41.843  20.780  19.769 0.3000000119
109246  39.018  20.712  19.620 0.2000000030
110102  33.966  20.876  5.525 0.1000000015
108533  34.849  19.608  5.529 0.1000000015
107774  34.834  18.924  5.348 0.1000000015
107773  35.725  18.489  5.520 0.1000000015
162127  34.750  20.732  5.506 0.1000000015
109371  34.381  20.172  5.529 0.1000000015
106956  36.049  17.786  5.221 0.1000000015
110100  35.472  21.030  5.475 0.2000000030
109370  35.301  20.177  5.667 0.2000000030
109362  35.999  19.900  5.934 0.1000000015
108529  35.603  19.294  5.746 0.1000000015
108528  36.407  19.344  6.101 0.1000000015
107772  36.466  18.172  5.741 0.1000000015
107769  36.195  18.771  5.889 0.1000000015
109369  36.118  20.568  5.750 0.2000000030
109361  36.668  20.099  6.139 0.2000000030
110090  36.934  20.844  5.830 0.2000000030
154446  37.814  21.218  6.104 0.3000000119
151190  38.784  22.315  5.450 0.3000000119
137818  39.567  23.359  3.549 0.3000000119
136236  38.889  23.205  4.046 0.3000000119
111577  41.561  23.452  1.772 0.3000000119
111565  40.169  23.490  2.346 0.3000000119
136693  39.546  23.419  2.684 0.3000000119
111589  41.249  23.181  0.001 0.3000000119
111578  40.525  23.440  1.501 0.3000000119
110089  38.500  21.235  6.617 0.3000000119
111537  40.405  23.359  4.059 0.3000000119
136020  42.106  23.310  0.982 0.3000000119
136694  41.031  23.548  2.609 0.3000000119
111588  42.171  23.104  -0.089 0.3000000119
150779  41.211  22.855  -1.096 0.3000000119
157497  40.098  23.063  4.918 0.3000000119
136487  39.728  22.553  5.609 0.3000000119
111551  41.737  23.492  3.401 0.3000000119
137803  40.953  23.511  3.470 0.3000000119
136498  42.403  23.361  1.909 0.3000000119
111535  42.242  23.436  4.145 0.3000000119
111536  41.381  23.443  4.131 0.3000000119
111550  42.698  23.409  3.386 0.3000000119
111564  42.083  23.449  2.612 0.3000000119
110821  43.976  22.865  1.579 0.3000000119
136564  43.021  23.326  2.527 0.3000000119
111424  44.009  24.048  19.832 0.6000000238
112206  43.322  24.116  20.288 0.6000000238
112207  42.808  24.494  20.046 0.6000000238
111427  40.734  23.732  20.654 0.5000000000
112210  40.196  24.348  20.154 0.5000000000
118650  43.487  34.086  9.413 0.6999999881
138702  40.943  33.634  8.988 0.6000000238
118676  41.295  33.701  7.381 0.6000000238
116785  43.193  30.494  -3.135 0.4000000060
144183  43.871  33.845  8.921 0.6999999881
111524  41.101  23.228  4.978 0.3000000119
145347  41.842  23.371  4.711 0.3000000119
111534  43.146  23.311  4.250 0.3000000119
110764  38.591  21.715  6.147 0.3000000119
110779  39.249  22.873  4.817 0.3000000119
111552  40.248  23.476  3.115 0.3000000119
112967  38.259  25.383  18.996 0.3000000119
112929  34.387  25.359  20.301 0.2000000030
112968  35.587  25.455  18.998 0.2000000030
112986  36.456  25.927  18.465 0.2000000030
113690  35.214  26.140  19.215 0.2000000030
112223  37.224  24.947  19.286 0.2000000030
112235  36.408  25.155  18.936 0.2000000030
146426  36.573  26.661  18.228 0.2000000030
112208  42.084  24.536  20.104 0.5000000000
112221  39.714  24.897  19.543 0.5000000000
112966  39.283  25.361  18.973 0.4000000060
161041  38.319  25.845  18.417 0.2000000030
112985  37.428  25.734  18.500 0.2000000030
112220  40.690  24.869  19.412 0.5000000000
112965  40.122  25.194  18.835 0.5000000000
113703  37.372  26.480  18.079 0.2000000030
112984  39.035  25.770  18.273 0.2000000030
112997  38.500  26.236  17.866 0.2000000030
112928  34.315  25.275  21.184 0.2000000030
112927  34.928  25.695  21.731 0.2000000030
145281  34.990  24.791  19.458 0.2000000030
112969  34.808  25.377  19.514 0.2000000030
113674  34.754  26.056  19.956 0.2000000030
113656  34.689  25.981  20.833 0.2000000030
141807  35.221  26.628  19.748 0.2000000030
158865  36.077  26.985  18.485 0.2000000030
112209  41.197  24.472  20.052 0.5000000000
112219  41.625  24.717  19.415 0.5000000000
112218  42.507  24.615  19.510 0.5000000000
113721  37.378  27.144  17.855 0.2000000030
112983  39.670  25.413  18.369 0.2000000030
113720  38.336  26.916  17.439 0.2000000030
113002  39.110  25.942  16.549 0.2000000030
108378  37.885  19.706  24.283 0.1000000015
111382  35.733  22.998  23.696 0.2000000030
112181  35.017  24.525  22.651 0.2000000030
112169  35.513  24.108  23.229 0.2000000030
111390  35.993  23.643  23.696 0.2000000030
112908  35.331  25.310  22.447 0.2000000030
112893  35.791  24.886  23.065 0.2000000030
113655  35.312  26.429  21.376 0.2000000030
113640  35.676  26.058  22.192 0.2000000030
114361  35.701  27.143  20.965 0.2000000030
146239  36.211  27.664  18.890 0.2000000030
114377  35.543  27.213  20.047 0.2000000030
114402  36.690  27.436  18.258 0.2000000030
113719  39.148  26.555  16.983 0.2000000030
109188  37.499  20.519  24.454 0.1000000015
153383  37.224  21.172  24.498 0.1000000015
107621  38.450  18.849  23.937 0.1000000015
110648  36.552  22.188  24.250 0.2000000030
110649  35.871  22.378  23.828 0.2000000030
111381  36.442  23.035  24.118 0.2000000030
112168  36.267  24.428  23.598 0.2000000030
112907  36.125  25.643  22.849 0.2000000030
113654  36.047  26.794  21.849 0.2000000030
114390  35.974  27.646  19.610 0.2000000030
113723  39.091  26.792  16.125 0.2000000030
109948  37.334  21.914  24.656 0.1000000015
109187  38.398  20.222  24.704 0.1000000015
108377  38.912  19.381  24.465 0.1000000015
107638  39.154  17.938  23.445 0.1000000015
105200  38.787  15.190  22.077 0.1000000015
106823  39.770  16.947  23.091 0.1000000015
157043  37.076  22.665  24.515 0.2000000030
137072  37.304  23.409  24.504 0.1000000015
112158  36.747  23.926  24.085 0.2000000030
112892  36.588  25.213  23.425 0.2000000030
114424  39.282  27.201  16.666 0.2000000030
107619  40.938  18.027  24.291 0.1000000015
106808  41.178  17.023  24.153 0.1000000015
105983  40.464  15.842  23.852 0.1000000015
105179  39.946  15.418  23.974 0.1000000015
108376  40.103  19.085  24.619 0.1000000015
107637  40.308  17.494  23.663 0.1000000015
106822  40.595  16.530  23.658 0.1000000015
105191  39.702  15.462  23.298 0.1000000015
109947  38.057  21.161  24.815 0.1000000015
109186  39.429  19.938  24.881 0.1000000015
105984  39.894  16.113  23.135 0.1000000015
112157  37.628  24.251  24.406 0.2000000030
113553  35.339  26.328  30.013 0.1000000015
113542  34.132  27.057  30.643 0.1000000015
112827  36.536  25.292  29.520 0.1000000015
112828  35.830  25.664  29.642 0.1000000015
114426  37.529  27.908  17.997 0.2000000030
113727  38.960  26.866  15.386 0.2000000030
110098  37.985  21.903  5.488 0.2000000030
106777  40.226  17.028  26.490 0.1000000015
106793  41.692  16.988  25.466 0.1000000015
105937  41.093  16.566  25.609 0.1000000015
108375  41.327  18.727  24.959 0.1000000015
105968  40.679  15.849  24.471 0.1000000015
105158  39.878  15.548  24.633 0.1000000015
109174  39.912  20.409  25.272 0.1000000015
109939  39.019  21.562  25.237 0.1000000015
153606  39.904  21.087  25.467 0.1000000015
110641  38.015  22.772  24.879 0.1000000015
110640  39.069  22.434  25.250 0.1000000015
140761  38.277  23.722  29.192 0.1000000015
113541  34.872  26.994  30.454 0.1000000015
112826  37.224  24.861  29.468 0.1000000015
115157  39.483  27.978  16.441 0.2000000030
115158  38.716  28.222  17.558 0.2000000030
115142  36.904  28.256  18.585 0.2000000030
114376  36.204  27.809  20.455 0.2000000030
114434  39.410  27.417  15.633 0.2000000030
114425  38.508  27.560  17.499 0.2000000030
107599  41.979  18.276  25.542 0.1000000015
106775  41.951  17.627  26.035 0.1000000015
106776  41.483  17.227  26.238 0.1000000015
107618  41.740  17.739  24.898 0.1000000015
108362  40.573  19.714  25.162 0.1000000015
108360  42.119  18.625  26.215 0.1000000015
108361  41.767  19.398  25.788 0.1000000015
109173  40.953  20.552  25.624 0.1000000015
161282  40.780  21.393  25.703 0.1000000015
109903  40.874  21.301  28.681 0.1000000015
111339  39.033  23.182  29.078 0.1000000015
158312  40.154  22.046  25.592 0.1000000015
109938  41.298  22.014  25.922 0.1000000015
109930  41.987  21.185  26.911 0.1000000015
110605  41.041  21.865  28.384 0.1000000015
112843  37.587  25.268  29.221 0.1000000015
115140  39.140  28.915  17.658 0.2000000030
115129  37.397  28.967  19.006 0.2000000030
111380  38.329  23.738  24.786 0.1000000015
109937  41.681  21.589  26.475 0.1000000015
110617  41.217  22.206  27.831 0.1000000015
141695  39.613  28.698  16.106 0.2000000030
148108  39.568  28.581  16.841 0.2000000030
115141  37.901  28.616  18.266 0.2000000030
163090  36.634  28.335  20.417 0.2000000030
115169  39.531  28.138  15.372 0.2000000030
115130  36.609  28.420  19.603 0.2000000030
114347  36.808  27.140  22.290 0.2000000030
114436  39.031  27.523  14.976 0.2000000030
106762  39.815  17.730  27.171 0.1000000015
106761  40.925  17.665  27.069 0.1000000015
107576  41.777  17.909  26.752 0.1000000015
107575  42.074  18.230  26.446 0.1000000015
114275  36.997  27.392  28.224 0.1000000015
163414  36.781  26.880  28.859 0.1000000015
113566  37.204  26.278  28.842 0.1000000015
115022  35.334  28.558  29.977 0.1000000015
114255  34.839  28.387  30.587 0.1000000015
114266  36.044  27.024  29.813 0.1000000015
117260  40.478  31.316  17.639 0.2000000030
116599  40.327  30.550  17.104 0.2000000030
115896  40.167  29.857  16.737 0.2000000030
115879  39.723  29.607  17.866 0.2000000030
111362  41.414  22.266  27.115 0.1000000015
155547  39.872  30.145  16.448 0.2000000030
115908  39.669  29.471  16.124 0.2000000030
115897  39.833  29.321  16.841 0.2000000030
110639  40.079  23.000  25.441 0.1000000015
115916  38.372  29.034  15.192 0.2000000030
115915  39.308  28.840  15.467 0.2000000030
115118  37.322  29.127  19.798 0.2000000030
115172  38.823  28.279  14.926 0.2000000030
115111  36.843  28.183  21.080 0.2000000030
112891  37.473  25.540  23.740 0.2000000030
114438  36.961  27.734  14.638 0.2000000030
114437  38.104  27.614  14.632 0.2000000030
113728  38.321  26.809  14.840 0.2000000030
111602  37.289  22.851  -1.674 0.1000000015
111612  36.722  23.295  -2.360 0.1000000015
111591  38.460  23.098  -0.271 0.2000000030
113575  37.700  26.665  27.779 0.1000000015
114265  36.561  26.505  29.417 0.1000000015
112842  38.319  24.863  28.859 0.1000000015
139169  36.859  25.647  29.511 0.1000000015
116600  39.398  30.877  16.646 0.2000000030
111338  39.801  22.682  28.804 0.1000000015
112115  38.690  24.008  29.117 0.1000000015
116615  38.858  30.223  16.036 0.2000000030
115878  40.280  30.085  17.395 0.2000000030
115861  39.301  29.836  18.888 0.2000000030
115910  36.639  29.829  15.879 0.2000000030
115909  37.904  29.727  15.652 0.2000000030
115917  37.177  29.147  15.342 0.2000000030
115880  38.489  29.281  18.531 0.2000000030
115174  36.531  28.500  15.088 0.2000000030
114439  35.893  27.821  14.978 0.2000000030
113731  34.634  26.396  15.008 0.2000000030
149869  37.303  26.879  14.558 0.2000000030
112394  37.372  23.433  -2.947 0.1000000015
112384  35.814  23.753  -1.987 0.1000000015
112395  36.738  24.016  -2.565 0.1000000015
114298  39.811  27.118  25.825 0.1000000015
114299  38.512  27.599  26.336 0.1000000015
113574  38.456  26.168  27.346 0.1000000015
112865  40.118  25.467  26.328 0.1000000015
112855  39.520  24.925  27.241 0.1000000015
112856  38.711  25.295  27.800 0.1000000015
112129  39.816  24.113  27.654 0.1000000015
112128  40.463  23.619  27.127 0.1000000015
112114  39.524  23.546  28.613 0.1000000015
112113  40.290  23.075  28.143 0.1000000015
110638  40.948  22.789  25.840 0.1000000015
164596  41.154  22.674  26.604 0.1000000015
116590  40.589  30.792  18.052 0.2000000030
116616  37.330  30.439  16.237 0.2000000030
111372  39.178  23.293  25.112 0.1000000015
114440  34.916  27.902  15.365 0.2000000030
115862  38.116  29.519  19.429 0.2000000030
139716  37.103  28.774  20.506 0.2000000030
148755  35.255  27.123  15.004 0.2000000030
113877  37.214  25.776  -1.111 0.2000000030
113878  36.238  25.788  -0.961 0.1000000015
117192  39.252  31.540  23.677 0.2000000030
151242  39.885  31.232  22.974 0.2000000030
116523  39.700  29.904  24.480 0.1000000015
147751  40.129  30.081  23.886 0.2000000030
115816  40.334  28.864  24.492 0.1000000015
149733  40.201  28.363  25.022 0.1000000015
115072  39.433  28.025  25.592 0.1000000015
114313  40.683  27.039  24.781 0.1000000015
114314  40.429  27.479  25.199 0.1000000015
113594  40.507  26.682  25.324 0.1000000015
113593  40.638  26.292  24.984 0.1000000015
112146  40.322  24.750  25.418 0.1000000015
112864  40.402  25.096  25.722 0.1000000015
112854  40.223  24.548  26.612 0.1000000015
112880  40.231  25.520  24.758 0.1000000015
112154  40.406  25.228  25.068 0.1000000015
112139  40.547  24.153  26.062 0.1000000015
111351  40.932  22.728  27.357 0.1000000015
116559  40.478  30.459  20.084 0.2000000030
115837  40.106  29.967  20.520 0.2000000030
111371  40.106  23.705  25.265 0.1000000015
138939  40.590  23.517  25.672 0.1000000015
147658  40.571  23.773  25.825 0.1000000015
115109  38.961  29.111  21.510 0.2000000030
115101  38.743  28.478  22.230 0.2000000030
114336  38.286  27.139  23.199 0.2000000030
112890  38.614  25.871  24.007 0.2000000030
112881  39.291  25.347  24.490 0.1000000015
111379  39.511  24.085  24.938 0.1000000015
117261  39.833  31.498  17.281 0.2000000030
117253  40.693  31.657  18.220 0.2000000030
116574  40.577  30.701  18.961 0.2000000030
115847  40.163  30.307  19.456 0.2000000030
115838  39.266  29.595  20.832 0.2000000030
113622  37.889  26.360  23.524 0.2000000030
112882  38.077  25.054  24.230 0.2000000030
115860  40.274  30.270  18.371 0.2000000030
115848  39.143  29.839  19.945 0.2000000030
115839  38.071  29.393  20.531 0.2000000030
115102  37.903  28.081  22.263 0.2000000030
114346  37.622  27.470  22.609 0.2000000030
115918  36.070  29.192  15.592 0.2000000030
115110  37.742  28.636  21.495 0.2000000030
114359  37.201  27.835  21.897 0.2000000030
113638  37.293  26.752  22.939 0.2000000030
147719  34.299  27.202  15.272 0.3000000119
113732  33.716  26.461  15.123 0.3000000119
112270  32.082  24.955  13.808 0.3000000119
113863  37.133  26.316  -0.320 0.2000000030
160395  36.642  26.454  -0.048 0.1000000015
113132  37.391  24.951  -2.022 0.2000000030
117907  39.637  32.630  20.962 0.1000000015
117919  39.886  32.782  20.057 0.1000000015
117214  40.341  31.714  21.183 0.1000000015
118529  38.972  33.469  20.566 0.1000000015
117893  39.503  32.425  21.939 0.2000000030
117918  40.601  32.022  19.648 0.1000000015
117203  40.209  31.436  22.174 0.2000000030
115083  40.725  28.492  24.063 0.2000000030
117230  40.768  31.258  20.236 0.2000000030
117213  40.656  30.669  21.313 0.1000000015
115090  40.650  28.318  23.627 0.2000000030
114325  40.675  27.752  24.297 0.1000000015
117929  40.154  32.746  19.209 0.2000000030
115830  40.497  29.406  22.081 0.2000000030
155920  40.664  29.889  21.900 0.2000000030
115099  40.670  28.804  22.849 0.2000000030
114334  40.558  27.668  23.789 0.1000000015
113607  40.639  26.517  24.762 0.1000000015
117243  40.839  31.396  19.378 0.2000000030
145243  40.698  30.590  20.395 0.2000000030
116547  40.575  29.998  21.086 0.2000000030
115091  40.364  28.256  23.129 0.2000000030
113608  40.112  26.227  24.372 0.1000000015
117254  40.148  32.117  17.863 0.2000000030
116573  40.803  31.198  18.813 0.2000000030
115100  40.006  28.826  22.306 0.2000000030
114335  39.616  27.569  23.325 0.2000000030
113620  40.254  27.048  23.888 0.2000000030
114344  39.534  28.201  22.762 0.2000000030
113621  39.134  26.726  23.750 0.2000000030
116601  37.987  31.041  16.689 0.2000000030
114441  33.396  27.271  15.344 0.3000000119
116617  36.067  30.534  16.459 0.2000000030
113021  32.559  25.197  14.406 0.3000000119
140655  33.920  28.072  15.610 0.3000000119
114442  32.517  27.396  15.264 0.3000000119
112279  32.231  24.909  13.082 0.3000000119
113029  31.524  25.296  13.319 0.2000000030
113013  32.317  25.940  14.790 0.3000000119
113739  31.580  26.266  14.699 0.2000000030
114443  31.657  27.091  15.002 0.2000000030
113758  31.185  26.034  12.276 0.2000000030
113759  30.461  26.056  12.789 0.2000000030
143538  30.148  26.235  13.263 0.2000000030
113777  30.262  26.554  12.257 0.2000000030
115191  32.490  28.138  11.346 0.2000000030
140975  31.733  27.450  11.499 0.2000000030
115192  30.805  27.631  11.431 0.2000000030
115946  32.418  29.579  10.827 0.2000000030
115207  31.495  29.064  10.947 0.2000000030
113876  38.315  25.769  -0.989 0.2000000030
118537  39.221  33.480  19.656 0.1000000015
118548  38.510  33.957  19.356 0.1000000015
117930  39.465  33.289  18.971 0.1000000015
162349  38.830  33.631  18.885 0.1000000015
117945  37.863  32.588  17.801 0.1000000015
117937  39.455  32.912  18.429 0.1000000015
117944  39.126  32.400  17.767 0.1000000015
117262  38.583  31.711  17.191 0.2000000030
115919  34.507  29.561  15.951 0.3000000119
143681  33.948  28.926  15.828 0.3000000119
157819  33.130  27.945  15.485 0.3000000119
115190  33.409  27.993  11.404 0.2000000030
113760  29.702  26.620  12.759 0.2000000030
115945  33.349  29.630  10.861 0.2000000030
114465  30.053  27.114  11.756 0.2000000030
116688  33.067  30.309  10.670 0.2000000030
142194  30.686  28.449  11.090 0.2000000030
116687  33.929  30.114  10.786 0.2000000030
115947  31.380  29.888  10.622 0.2000000030
143946  30.526  29.296  10.746 0.2000000030
159932  30.546  30.874  10.197 0.2000000030
118022  33.873  31.896  10.883 0.2000000030
148425  32.695  31.122  10.413 0.2000000030
117352  31.522  31.946  10.008 0.2000000030
117353  30.922  31.435  10.017 0.2000000030
118638  32.872  33.291  10.813 0.2000000030
160542  32.239  33.070  10.383 0.2000000030
118640  31.616  33.200  10.125 0.2000000030
118655  30.872  33.259  9.801 0.2000000030
162255  32.743  34.080  10.977 0.2000000030
118639  32.122  33.848  10.496 0.2000000030
152800  31.289  33.947  10.054 0.2000000030
113875  39.409  25.760  -0.839 0.2000000030
113860  40.080  26.282  0.013 0.2000000030
113861  39.202  26.386  0.237 0.2000000030
113849  38.595  26.764  1.065 0.2000000030
113850  37.495  26.637  0.810 0.2000000030
117939  37.371  33.699  18.353 0.1000000015
117946  36.751  32.822  17.743 0.1000000015
117947  35.820  33.157  17.474 0.1000000015
117264  36.211  32.059  17.199 0.1000000015
117265  35.356  32.394  16.886 0.1000000015
116603  35.655  31.406  16.748 0.2000000030
117263  37.277  31.844  17.267 0.2000000030
116602  36.701  31.182  16.802 0.2000000030
115179  31.902  27.947  15.146 0.2000000030
139715  34.738  29.841  10.758 0.3000000119
115944  34.010  29.316  10.891 0.3000000119
113748  30.330  26.282  13.896 0.2000000030
158421  35.574  30.121  10.829 0.3000000119
114466  29.255  27.433  11.862 0.2000000030
146976  37.062  31.403  11.754 0.3000000119
117338  36.510  31.309  11.484 0.3000000119
117349  35.285  30.953  10.962 0.3000000119
144131  34.565  30.609  10.790 0.3000000119
115208  29.677  28.622  10.951 0.2000000030
117323  37.371  31.741  12.365 0.3000000119
118009  36.470  31.914  12.094 0.3000000119
153064  35.879  31.548  11.405 0.3000000119
117339  35.148  31.832  11.251 0.3000000119
115948  29.569  29.468  10.616 0.2000000030
154500  36.818  32.255  13.074 0.3000000119
118010  35.643  32.296  11.867 0.3000000119
118011  34.808  32.680  11.609 0.2000000030
117364  30.328  31.921  9.819 0.2000000030
161909  36.493  32.864  13.569 0.4000000060
117996  35.935  32.625  12.841 0.3000000119
118621  34.120  33.282  11.601 0.2000000030
118622  33.577  33.118  11.174 0.2000000030
118607  35.263  33.419  12.862 0.3000000119
119202  34.679  34.122  12.691 0.3000000119
153456  33.428  33.876  11.401 0.2000000030
119215  32.395  34.698  10.737 0.2000000030
119822  33.950  35.501  11.967 0.3000000119
120405  33.783  36.143  11.487 0.2000000030
120412  33.229  36.373  10.891 0.2000000030
114551  40.131  26.911  0.671 0.2000000030
150067  38.044  27.239  1.703 0.2000000030
158026  39.442  27.016  1.097 0.2000000030
114524  38.219  28.044  2.109 0.2000000030
116761  37.878  31.175  1.070 0.2000000030
117419  38.078  31.618  0.180 0.2000000030
117420  37.295  32.172  0.142 0.2000000030
118114  38.209  32.395  -1.280 0.2000000030
118136  39.107  32.923  -3.004 0.2000000030
118752  38.468  33.308  -2.740 0.2000000030
118127  38.011  33.031  -1.908 0.2000000030
149788  40.983  35.200  -5.019 0.3000000119
119326  40.047  34.469  -4.852 0.3000000119
119946  42.456  35.822  -4.900 0.3000000119
116618  34.959  30.813  16.369 0.2000000030
162042  34.743  30.170  16.146 0.3000000119
156459  33.040  30.301  15.271 0.2000000030
115177  33.290  28.700  15.614 0.3000000119
115912  34.229  30.458  15.965 0.3000000119
115920  33.588  29.703  15.704 0.3000000119
115921  32.692  29.332  15.303 0.2000000030
115178  32.600  28.325  15.357 0.2000000030
114446  30.397  27.494  14.433 0.2000000030
114445  31.141  27.681  14.827 0.2000000030
113749  29.700  26.761  13.461 0.2000000030
114455  29.157  27.257  12.458 0.2000000030
114447  29.744  27.400  13.943 0.2000000030
115194  28.939  28.105  11.382 0.2000000030
117993  39.852  32.123  13.517 0.4000000060
117994  38.778  32.099  13.338 0.3000000119
115949  28.661  29.696  10.569 0.2000000030
154991  30.030  30.730  10.235 0.2000000030
117992  41.070  32.298  13.776 0.4000000060
117978  40.347  32.695  14.411 0.4000000060
117995  37.753  32.149  13.221 0.4000000060
116692  28.652  30.554  10.276 0.2000000030
117365  29.569  31.708  9.876 0.2000000030
118656  30.028  33.281  9.596 0.2000000030
118597  40.026  33.618  15.012 0.4000000060
117980  38.233  32.636  14.100 0.4000000060
118600  36.752  33.629  14.266 0.4000000060
119227  30.468  34.016  9.698 0.2000000030
118599  37.799  33.477  14.577 0.4000000060
119188  36.015  34.175  14.145 0.3000000119
119203  34.200  34.787  12.403 0.3000000119
120413  32.422  36.241  10.513 0.2000000030
150011  32.749  37.016  10.478 0.2000000030
119177  37.529  34.411  14.961 0.4000000060
119171  37.517  35.202  15.291 0.3000000119
119808  35.540  35.762  14.264 0.3000000119
119816  34.413  35.560  12.710 0.3000000119
120411  33.952  36.996  11.302 0.3000000119
140846  33.349  37.205  10.758 0.2000000030
120376  38.388  36.340  15.489 0.4000000060
119801  37.278  35.812  15.427 0.3000000119
120395  35.304  36.437  13.867 0.3000000119
120974  35.877  37.313  14.286 0.3000000119
120994  35.191  37.749  12.471 0.3000000119
120995  34.463  37.802  11.531 0.3000000119
121549  34.276  38.536  11.162 0.3000000119
121535  36.508  38.619  13.746 0.3000000119
121536  35.752  38.535  12.648 0.3000000119
113859  40.952  26.649  0.172 0.2000000030
114550  40.795  27.643  0.624 0.2000000030
114538  38.983  27.660  1.609 0.2000000030
115268  38.839  28.654  1.845 0.2000000030
116007  38.663  29.563  1.780 0.2000000030
115995  37.330  29.232  2.419 0.2000000030
155619  41.434  27.514  0.261 0.2000000030
114537  39.991  27.879  1.173 0.2000000030
116006  39.373  29.294  1.481 0.2000000030
116750  39.149  30.108  1.290 0.2000000030
116008  37.905  29.834  2.105 0.2000000030
115273  40.710  28.618  0.739 0.2000000030
116759  39.382  30.619  0.584 0.2000000030
157500  38.923  30.572  1.052 0.2000000030
116751  38.416  30.451  1.461 0.2000000030
116770  38.927  31.217  -0.101 0.2000000030
117431  38.548  31.779  -0.705 0.2000000030
159966  40.082  31.930  -2.469 0.2000000030
117445  39.611  31.574  -1.503 0.2000000030
117446  38.997  31.931  -1.443 0.2000000030
156114  42.568  33.263  -4.760 0.4000000060
118143  41.513  32.992  -4.452 0.3000000119
118134  40.654  32.750  -3.916 0.2000000030
118135  39.712  32.847  -3.520 0.2000000030
118125  39.596  32.409  -2.708 0.2000000030
139457  40.847  34.131  -4.963 0.2000000030
118769  40.724  33.445  -4.574 0.2000000030
118759  39.909  33.370  -4.233 0.2000000030
115922  31.928  29.394  14.826 0.2000000030
115181  31.496  28.547  14.843 0.2000000030
160315  30.047  28.061  14.247 0.2000000030
115184  28.730  28.169  13.234 0.2000000030
114451  28.786  27.626  12.745 0.2000000030
115195  28.261  28.583  11.466 0.2000000030
164368  41.900  32.417  13.728 0.4000000060
117977  41.214  32.836  14.550 0.4000000060
117970  40.881  33.270  14.918 0.5000000000
118036  29.731  32.495  9.681 0.2000000030
119226  30.902  34.706  9.903 0.2000000030
118590  41.097  34.036  15.140 0.5000000000
120414  31.637  36.168  10.212 0.2000000030
119211  43.282  34.249  10.899 0.5000000000
119168  40.458  34.804  15.167 0.5000000000
119170  38.210  35.179  15.375 0.5000000000
121558  33.623  38.644  10.755 0.2000000030
119176  40.102  35.408  14.625 0.5000000000
119806  38.871  36.404  15.007 0.5000000000
146740  36.841  37.449  15.445 0.3000000119
122120  35.563  39.243  11.985 0.3000000119
119814  38.501  36.629  13.795 0.4000000060
120387  38.339  36.897  15.403 0.4000000060
120973  37.735  37.605  15.415 0.4000000060
121521  37.161  38.654  14.679 0.3000000119
122104  37.116  39.295  13.948 0.3000000119
120972  38.430  38.210  14.799 0.4000000060
121519  38.604  38.895  14.777 0.3000000119
159677  39.509  39.831  14.739 0.3000000119
116005  40.052  28.969  1.176 0.2000000030
116013  41.311  29.251  0.246 0.2000000030
116015  39.871  29.896  0.989 0.2000000030
116769  39.727  30.915  -0.336 0.2000000030
116778  40.013  31.145  -1.164 0.2000000030
117430  39.288  31.419  -0.901 0.2000000030
118133  41.534  32.389  -3.925 0.3000000119
118124  40.302  32.239  -3.099 0.2000000030
159364  43.553  33.903  -4.803 0.4000000060
118142  42.260  32.510  -4.349 0.3000000119
115187  27.922  28.653  11.984 0.2000000030
136996  42.712  33.290  13.966 0.5000000000
117354  27.903  31.009  10.219 0.2000000030
117976  42.335  33.717  14.662 0.5000000000
118037  28.826  32.222  9.765 0.2000000030
146897  28.928  33.238  9.586 0.2000000030
119183  43.094  34.091  13.147 0.5000000000
119228  29.490  34.167  9.531 0.2000000030
119210  43.575  34.007  11.281 0.6000000238
119184  42.466  34.618  13.684 0.5000000000
119167  41.461  34.729  14.996 0.5000000000
151390  30.141  36.007  9.660 0.2000000030
121006  32.303  37.607  10.316 0.2000000030
119185  41.456  34.897  13.385 0.5000000000
121013  31.556  37.547  10.099 0.2000000030
152961  33.208  38.249  10.595 0.2000000030
118632  42.841  34.155  10.062 0.6000000238
148294  40.571  34.968  13.037 0.5000000000
119186  39.945  35.306  13.444 0.5000000000
119200  38.623  35.034  11.722 0.5000000000
119813  38.393  35.783  12.538 0.5000000000
120402  38.041  36.642  12.570 0.4000000060
120394  38.373  37.358  14.395 0.4000000060
118666  40.886  33.619  8.231 0.5000000000
119201  37.863  35.425  11.292 0.5000000000
146240  37.624  36.006  11.396 0.4000000060
120410  37.794  36.570  11.528 0.4000000060
120983  38.648  38.016  13.560 0.4000000060
142125  39.493  38.775  14.143 0.4000000060
122091  39.531  39.315  14.627 0.4000000060
119827  37.543  35.489  10.468 0.5000000000
120992  38.774  37.745  12.252 0.4000000060
156089  40.004  38.415  13.046 0.4000000060
121533  40.785  39.361  13.836 0.4000000060
122077  39.749  40.269  14.650 0.3000000119
122117  41.464  39.139  13.124 0.4000000060
122715  40.789  40.348  12.871 0.4000000060
122701  40.568  40.481  13.645 0.3000000119
116014  40.577  29.591  0.589 0.2000000030
116028  42.189  30.053  -1.380 0.2000000030
116758  40.245  30.366  0.245 0.2000000030
116776  41.830  30.513  -1.865 0.2000000030
116777  40.767  30.912  -1.521 0.2000000030
117460  41.467  31.297  -2.884 0.2000000030
116787  41.075  31.110  -2.195 0.2000000030
117494  43.089  32.135  -4.558 0.3000000119
118596  42.829  34.031  14.056 0.5000000000
138146  42.903  34.390  12.605 0.5000000000
119196  43.144  34.283  11.683 0.5000000000
119197  41.963  34.607  12.548 0.5000000000
118616  42.504  34.255  11.037 0.5000000000
118617  41.391  34.245  11.362 0.5000000000
119198  40.842  34.564  12.245 0.5000000000
121560  32.541  38.338  10.402 0.2000000030
159037  32.711  39.748  10.563 0.1000000015
118618  40.126  34.214  11.218 0.5000000000
118634  40.534  33.858  10.402 0.5000000000
118635  39.452  33.929  10.334 0.5000000000
119213  37.730  34.826  10.319 0.5000000000
119225  37.432  34.964  9.522 0.5000000000
137547  40.084  33.500  7.800 0.5000000000
159063  37.494  36.094  9.262 0.4000000060
120418  37.647  36.374  9.967 0.4000000060
121002  38.828  37.506  11.176 0.4000000060
120991  40.508  38.098  11.945 0.4000000060
119838  37.345  35.541  8.958 0.3000000119
121547  41.608  38.844  12.621 0.4000000060
122722  40.548  40.271  11.834 0.3000000119
121000  41.700  37.895  10.419 0.4000000060
121557  41.980  38.435  11.490 0.4000000060
161790  42.188  38.980  11.961 0.4000000060
136959  40.530  40.154  10.888 0.4000000060
118633  41.644  33.976  10.328 0.5000000000
143555  40.939  33.708  9.734 0.5000000000
136680  39.962  33.509  8.618 0.5000000000
158668  38.941  33.740  9.678 0.5000000000
118654  38.237  33.874  9.305 0.5000000000
118653  38.991  33.544  8.984 0.5000000000
118669  37.653  34.287  8.792 0.5000000000
119240  37.338  34.950  7.906 0.3000000119
121555  42.608  38.809  10.263 0.4000000060
122137  42.441  39.512  10.473 0.4000000060
154631  40.353  40.078  10.292 0.4000000060
121041  41.855  38.028  5.356 0.4000000060
118667  39.108  33.489  8.140 0.5000000000
118678  38.414  33.676  7.604 0.5000000000
140967  37.563  34.604  7.372 0.5000000000
119253  38.231  34.127  6.322 0.4000000060
119872  37.653  35.085  6.646 0.3000000119
119257  37.968  34.746  6.081 0.4000000060
120457  38.493  35.888  5.785 0.4000000060
114464  30.947  26.818  11.787 0.2000000030
136692  39.610  23.409  1.776 0.2000000030
111601  38.301  22.782  -1.788 0.1000000015
115279  41.973  28.852  -0.151 0.2000000030
137608  42.467  30.717  -2.838 0.3000000119
116795  42.795  30.951  -3.429 0.3000000119
145548  43.596  33.078  -4.752 0.3000000119
118768  41.680  33.722  -4.865 0.2000000030
107620  39.626  18.506  24.040 0.1000000015
105982  41.111  16.289  24.371 0.1000000015
114267  35.489  26.888  30.153 0.1000000015
114256  34.434  27.791  30.864 0.1000000015
105938  40.131  16.332  25.837 0.1000000015
159759  35.094  27.637  30.432 0.1000000015
112156  38.739  24.556  24.639 0.1000000015
113565  37.975  25.748  28.346 0.1000000015
115173  37.678  28.428  14.839 0.2000000030
115175  35.528  28.546  15.444 0.2000000030
113133  36.387  24.877  -1.831 0.1000000015
113584  39.058  26.641  26.532 0.1000000015
113573  39.311  25.786  26.850 0.1000000015
116530  40.553  29.730  23.306 0.2000000030
156176  40.631  28.167  24.513 0.2000000030
113582  40.445  25.915  25.510 0.1000000015
113734  32.173  26.642  15.025 0.3000000119
113862  38.050  26.331  -0.012 0.2000000030
116538  40.529  30.370  22.514 0.2000000030
113022  31.753  25.504  14.331 0.2000000030
115206  32.246  28.805  11.109 0.2000000030
144600  31.795  31.259  10.215 0.2000000030
145937  33.718  31.021  10.659 0.2000000030
117350  34.534  31.384  10.920 0.2000000030
116690  31.170  30.696  10.295 0.2000000030
143879  33.101  31.804  10.538 0.2000000030
117351  32.287  31.850  10.233 0.2000000030
119214  33.022  34.711  11.235 0.2000000030
119216  31.687  34.674  10.304 0.2000000030
118605  37.249  32.712  13.882 0.4000000060
147917  35.288  32.897  12.251 0.2000000030
118606  35.908  33.444  13.569 0.4000000060
150032  34.143  34.024  11.989 0.2000000030
119190  34.686  34.909  13.129 0.3000000119
119204  33.654  34.715  11.760 0.2000000030
144607  34.611  37.169  12.030 0.3000000119
120403  35.058  36.954  12.992 0.3000000119
116760  38.614  30.972  0.718 0.2000000030
116752  37.512  30.609  1.745 0.2000000030
117432  37.851  32.205  -0.524 0.2000000030
161458  37.704  32.534  -0.901 0.2000000030
118126  38.829  32.534  -2.174 0.2000000030
117979  39.298  32.664  14.272 0.4000000060
118598  38.841  33.499  14.808 0.4000000060
119178  36.694  34.826  14.815 0.3000000119
118591  38.466  34.391  15.141 0.5000000000
119807  36.394  35.799  15.039 0.3000000119
119815  34.898  35.663  13.472 0.3000000119
120389  36.128  36.633  15.008 0.3000000119
120396  34.748  36.193  13.047 0.3000000119
161263  35.491  37.489  13.294 0.3000000119
122105  36.348  39.302  12.830 0.3000000119
117461  40.708  31.629  -2.646 0.2000000030
117477  41.112  31.939  -3.363 0.2000000030
119839  30.517  35.415  9.759 0.2000000030
150475  30.842  36.119  9.881 0.2000000030
156626  40.950  35.125  14.761 0.5000000000
119798  39.307  35.769  15.008 0.5000000000
119805  39.260  35.938  13.995 0.5000000000
121520  37.674  38.358  15.161 0.3000000119
122093  37.866  39.116  14.765 0.3000000119
162727  38.641  40.207  14.711 0.3000000119
122090  40.233  39.723  14.413 0.4000000060
117476  42.180  31.670  -3.690 0.2000000030
117367  27.913  31.878  9.976 0.2000000030
122129  33.312  39.355  10.675 0.1000000015
119199  39.722  34.770  12.157 0.5000000000
118619  39.041  34.416  11.050 0.5000000000
119821  37.945  36.085  12.216 0.4000000060
120993  38.120  37.219  12.586 0.4000000060
121003  37.903  36.765  10.813 0.4000000060
121534  40.948  38.973  13.555 0.4000000060
122118  41.633  39.302  12.527 0.4000000060
116767  41.371  30.421  -1.133 0.2000000030
116768  40.527  30.649  -0.657 0.2000000030
159434  42.437  34.415  11.868 0.5000000000
121012  38.534  37.070  10.192 0.3000000119
118668  38.258  33.720  8.468 0.5000000000
110657  35.113  22.584  23.401 0.1000000015
109204  34.847  21.169  23.264 0.1000000015
110016  33.931  21.324  19.880 0.2000000030
109250  34.853  20.975  19.992 0.2000000030
110700  36.354  22.023  20.760 0.2000000030
163442  34.572  22.548  23.059 0.1000000015
112170  34.808  23.748  22.848 0.1000000015
109972  33.793  21.897  22.547 0.1000000015
110682  33.294  22.636  21.306 0.1000000015
110707  33.632  22.037  20.347 0.2000000030
110706  34.607  21.849  20.234 0.2000000030
110008  35.517  21.966  20.464 0.2000000030
112211  39.162  24.195  20.288 0.2000000030
111431  35.811  22.889  20.320 0.2000000030
112222  38.738  24.840  19.664 0.3000000119
110658  34.078  22.623  22.634 0.1000000015
110668  33.450  22.295  22.045 0.1000000015
112183  33.792  23.904  21.586 0.1000000015
111402  33.706  23.224  21.977 0.1000000015
110683  32.970  21.870  20.940 0.2000000030
112194  33.681  24.131  20.973 0.1000000015
149768  33.456  23.066  20.782 0.2000000030
110701  33.371  22.399  20.664 0.2000000030
111443  33.745  22.999  20.411 0.2000000030
155386  35.422  23.630  19.862 0.2000000030
138507  34.746  23.911  19.820 0.2000000030
160756  34.038  21.998  20.205 0.2000000030
111440  36.165  23.781  19.925 0.2000000030
111439  37.143  24.091  20.105 0.1000000015
111401  34.262  23.348  22.536 0.1000000015
112909  34.567  24.944  22.000 0.1000000015
156723  34.003  24.701  20.665 0.2000000030
112226  34.385  24.555  19.919 0.1000000015
112212  34.093  23.731  20.161 0.2000000030
112224  36.484  24.503  19.494 0.1000000015
117185  38.474  31.911  24.514 0.1000000015
117194  36.947  31.734  23.800 0.1000000015
117879  37.892  32.664  23.698 0.1000000015
117193  38.580  32.252  23.802 0.1000000015
116540  35.838  30.503  22.763 0.1000000015
117894  38.539  32.985  22.498 0.1000000015
117204  36.917  32.001  22.878 0.1000000015
116630  32.413  30.323  14.835 0.1000000015
155725  34.929  31.752  16.486 0.1000000015
164341  33.669  32.323  15.639 0.1000000015
116639  32.163  31.274  14.402 0.1000000015
115925  31.140  29.291  14.438 0.1000000015
159425  28.531  30.113  13.182 0.1000000015
115930  28.374  29.143  13.078 0.1000000015
116652  27.559  30.731  12.630 0.1000000015
116675  27.179  30.181  11.877 0.1000000015
117355  27.215  31.570  10.437 0.1000000015
116662  26.850  31.064  11.814 0.1000000015
118642  26.728  33.664  10.427 0.1000000015
118641  27.190  33.233  9.977 0.1000000015
119231  26.949  34.463  10.201 0.1000000015
119842  28.054  35.013  9.580 0.1000000015
150963  28.792  35.556  9.535 0.1000000015
120421  29.165  37.073  9.676 0.1000000015
122121  34.769  39.241  11.414 0.2000000030
148081  36.926  40.124  13.146 0.2000000030
122686  38.642  40.903  14.551 0.2000000030
122685  39.440  41.048  14.539 0.2000000030
122119  36.094  40.026  12.198 0.2000000030
122702  37.602  41.143  13.703 0.2000000030
119862  37.522  35.369  7.376 0.2000000030
120417  38.142  36.636  9.189 0.2000000030
123286  39.432  42.207  13.317 0.2000000030
151272  38.926  41.667  14.475 0.2000000030
120446  37.928  35.858  6.693 0.3000000119
138003  38.370  36.472  7.268 0.2000000030
156562  39.066  36.888  7.057 0.3000000119
121020  39.145  37.022  8.811 0.2000000030
121001  40.257  37.663  10.667 0.2000000030
121018  41.011  37.788  8.175 0.3000000119
121019  40.078  37.424  8.530 0.3000000119
121011  40.300  37.526  9.577 0.2000000030
123860  39.010  43.005  13.207 0.2000000030
123880  39.006  42.774  12.538 0.3000000119
120456  39.871  36.928  5.575 0.3000000119
121034  39.642  37.121  6.441 0.3000000119
122716  39.626  41.012  12.368 0.2000000030
123312  37.936  41.333  10.889 0.3000000119
121025  40.630  37.796  7.002 0.3000000119
121567  42.251  38.197  9.986 0.3000000119
122126  39.069  40.294  10.629 0.3000000119
122723  38.885  40.809  11.340 0.2000000030
121033  40.770  37.722  6.010 0.3000000119
121578  41.554  38.225  7.625 0.3000000119
121577  42.223  38.604  8.443 0.3000000119
122136  42.518  39.343  9.943 0.3000000119
122140  38.070  39.649  9.181 0.3000000119
122141  37.222  39.749  9.087 0.3000000119
122149  41.292  40.137  9.755 0.3000000119
122150  38.745  39.621  8.953 0.3000000119
122151  37.568  39.493  8.382 0.3000000119
160554  35.908  39.710  8.315 0.3000000119
122152  35.922  39.459  7.787 0.3000000119
159529  38.022  42.416  11.101 0.3000000119
123322  37.238  40.990  10.121 0.3000000119
122739  35.528  40.258  8.597 0.3000000119
122153  35.247  39.774  8.022 0.3000000119
123323  36.524  41.793  9.758 0.3000000119
123327  35.158  41.123  8.810 0.3000000119
122750  34.425  39.947  7.736 0.3000000119
120445  38.700  36.481  6.468 0.3000000119
121588  41.734  38.526  6.000 0.3000000119
150065  37.880  24.690  19.690 0.1000000015
112225  35.633  24.491  19.421 0.1000000015
117184  39.374  30.852  24.178 0.1000000015
117877  39.222  32.188  22.986 0.1000000015
116619  34.145  31.686  16.004 0.1000000015
155574  33.575  30.869  15.556 0.1000000015
115210  28.053  29.243  10.963 0.1000000015
115926  30.177  28.963  14.060 0.1000000015
115927  29.224  28.954  13.592 0.1000000015
115934  27.825  29.189  12.422 0.1000000015
122128  34.065  39.281  10.984 0.1000000015
115211  27.510  29.681  11.330 0.1000000015
116693  27.166  30.473  11.189 0.1000000015
155233  28.844  34.772  9.504 0.1000000015
118038  27.938  32.758  9.776 0.1000000015
119840  29.737  35.494  9.567 0.1000000015
123270  39.839  41.505  14.002 0.2000000030
120435  37.720  36.030  7.650 0.2000000030
122138  41.636  39.902  10.702 0.3000000119
137625  40.104  39.983  9.734 0.3000000119
111442  34.174  22.855  20.170 0.2000000030
117861  38.036  32.571  24.258 0.1000000015
117205  36.203  31.295  22.321 0.1000000015
117862  37.708  32.337  24.512 0.1000000015
117895  37.952  33.072  22.800 0.1000000015
116640  31.680  30.285  14.370 0.1000000015
151672  32.891  31.334  14.922 0.1000000015
116649  30.128  30.819  13.592 0.1000000015
155521  29.931  29.781  13.718 0.1000000015
115931  27.432  29.978  12.318 0.1000000015
118026  27.057  32.477  10.226 0.1000000015
118027  26.550  32.930  10.775 0.1000000015
119217  26.566  34.419  10.796 0.1000000015
119230  27.584  34.389  9.728 0.1000000015
123272  38.646  42.314  14.172 0.2000000030
162838  39.215  37.209  9.655 0.2000000030
123311  38.742  41.921  11.821 0.2000000030
121575  41.927  38.105  8.988 0.3000000119
123845  38.804  42.887  13.748 0.2000000030
121583  41.451  38.319  6.683 0.3000000119
164463  37.411  40.220  9.720 0.3000000119
147690  36.591  39.536  8.333 0.3000000119
123889  38.438  43.355  11.587 0.1000000015
123313  37.355  42.159  10.438 0.2000000030
122148  42.061  40.037  9.529 0.2000000030
122173  42.765  39.461  5.210 0.2000000030
121566  42.411  38.570  9.375 0.2000000030
122156  40.915  40.373  8.778 0.2000000030
159163  39.520  39.984  8.114 0.2000000030
138060  39.738  39.884  8.842 0.2000000030
122155  42.520  39.424  8.068 0.2000000030
161466  42.053  38.878  6.577 0.2000000030
122164  42.441  39.445  6.959 0.2000000030
122157  38.455  39.597  8.013 0.2000000030
122737  41.903  40.578  8.754 0.2000000030
122749  38.809  40.091  7.329 0.2000000030
122165  37.769  39.642  7.192 0.2000000030
122180  42.930  39.776  4.253 0.2000000030
123328  34.421  41.296  8.555 0.2000000030
138059  36.885  39.435  7.119 0.2000000030
122163  42.564  40.112  6.263 0.2000000030
123334  42.213  41.377  7.514 0.2000000030
122746  42.147  40.974  8.268 0.2000000030
122748  40.149  40.544  7.789 0.2000000030
122762  36.426  40.029  6.158 0.2000000030
122167  35.404  39.597  6.576 0.2000000030
123366  41.941  42.128  4.290 0.2000000030
123380  41.290  42.314  3.834 0.2000000030
123951  40.997  43.230  3.780 0.2000000030
122741  33.990  40.654  8.147 0.2000000030
123345  41.357  42.366  6.904 0.2000000030
123346  40.140  41.833  6.724 0.2000000030
122747  41.461  40.982  8.170 0.2000000030
122759  39.584  40.911  7.032 0.2000000030
122760  38.020  40.059  6.746 0.2000000030
122774  35.285  40.404  5.594 0.2000000030
122175  34.867  39.871  5.985 0.2000000030
144779  42.688  40.362  5.217 0.2000000030
122785  42.409  41.281  4.327 0.2000000030
123935  42.137  42.854  4.749 0.2000000030
124491  41.920  43.613  5.658 0.2000000030
124494  39.247  44.053  5.186 0.2000000030
158675  38.689  43.289  5.393 0.2000000030
125084  41.036  44.548  4.996 0.2000000030
124493  40.249  44.186  5.425 0.2000000030
124514  41.311  43.810  4.241 0.2000000030
123381  40.475  42.486  3.573 0.2000000030
123952  40.177  43.412  3.475 0.2000000030
125095  40.412  44.764  4.402 0.2000000030
125086  39.777  44.712  4.801 0.2000000030
158256  39.920  41.670  3.449 0.2000000030
150199  41.625  36.449  -4.746 0.2000000030
119327  39.278  34.635  -4.664 0.2000000030
122757  42.544  40.878  7.058 0.2000000030
123344  42.041  42.209  7.037 0.2000000030
147644  38.618  40.667  6.620 0.2000000030
122773  36.118  40.513  5.683 0.2000000030
122770  42.671  41.048  6.083 0.2000000030
123343  42.414  41.851  6.685 0.2000000030
123365  42.471  42.136  5.066 0.2000000030
123916  41.556  43.682  6.081 0.2000000030
123936  37.232  43.453  4.872 0.2000000030
123937  36.271  43.122  4.777 0.2000000030
124495  38.216  43.806  4.978 0.2000000030
125094  40.883  44.409  4.325 0.2000000030
148933  39.525  42.533  3.347 0.2000000030
123953  39.209  43.551  3.135 0.2000000030
124516  39.911  44.348  3.405 0.2000000030
125111  39.607  45.075  3.427 0.2000000030
119947  39.835  35.338  -4.879 0.2000000030
119948  38.985  35.205  -4.703 0.2000000030
123355  39.390  42.204  6.194 0.2000000030
123357  37.505  41.321  5.732 0.2000000030
123917  41.288  43.201  6.427 0.2000000030
123918  40.477  42.839  6.385 0.2000000030
123356  38.415  41.493  6.072 0.2000000030
123924  42.110  43.191  6.155 0.2000000030
146259  37.342  42.004  5.375 0.2000000030
123354  42.427  42.505  6.021 0.2000000030
123927  38.627  42.502  5.702 0.2000000030
123929  36.008  42.149  4.928 0.2000000030
149916  34.168  43.202  4.655 0.2000000030
123926  39.651  43.288  5.766 0.2000000030
144233  34.848  43.223  4.669 0.2000000030
123925  40.791  43.717  6.044 0.2000000030
125098  37.181  45.116  4.714 0.2000000030
125097  39.507  45.392  4.316 0.2000000030
145268  38.916  45.739  4.343 0.2000000030
120569  40.300  36.391  -4.765 0.2000000030
140858  40.471  37.366  -4.394 0.2000000030
121109  39.582  37.521  -4.376 0.2000000030
125709  39.241  45.532  3.456 0.2000000030
125120  39.067  45.237  3.155 0.2000000030
121647  42.099  39.234  -3.139 0.2000000030
162585  38.512  43.216  2.908 0.2000000030
124529  38.446  43.917  2.768 0.2000000030
121105  40.641  38.294  -3.884 0.2000000030
160702  38.949  36.857  -4.573 0.2000000030
121649  39.529  39.253  -3.701 0.2000000030
121651  38.664  38.639  -4.286 0.2000000030
141494  37.948  38.201  -4.601 0.2000000030
125684  39.151  46.006  4.021 0.2000000030
138667  37.644  45.943  4.613 0.2000000030
121617  35.537  38.568  2.591 0.2000000030
122195  35.911  39.379  2.715 0.2000000030
123391  35.912  41.179  2.493 0.2000000030
147637  36.373  41.960  2.443 0.2000000030
124531  36.473  43.495  2.355 0.2000000030
146210  38.035  44.550  2.662 0.2000000030
126310  38.598  46.176  3.528 0.2000000030
156747  37.446  46.708  4.546 0.2000000030
121071  35.381  37.893  2.315 0.2000000030
123390  37.286  41.849  2.668 0.2000000030
123964  36.904  42.754  2.446 0.2000000030
124530  37.458  43.650  2.495 0.2000000030
125121  38.529  45.285  2.945 0.2000000030
122217  41.550  40.447  -1.480 0.2000000030
156691  41.705  39.873  -2.625 0.2000000030
121106  39.555  38.387  -4.045 0.2000000030
122228  41.670  40.566  -2.029 0.2000000030
160236  40.656  40.036  -2.940 0.2000000030
122845  40.915  41.795  -2.063 0.2000000030
122233  40.665  40.933  -2.604 0.2000000030
121085  36.250  37.221  0.770 0.2000000030
121078  35.212  37.582  1.703 0.2000000030
121618  34.727  38.527  2.366 0.2000000030
122805  34.599  40.192  2.438 0.2000000030
150947  35.055  41.123  2.388 0.2000000030
144498  35.994  42.687  2.337 0.2000000030
144572  37.065  44.359  2.431 0.2000000030
125122  37.780  45.207  2.709 0.2000000030
122824  40.909  41.380  -1.084 0.2000000030
160140  40.113  42.517  -1.540 0.2000000030
146997  35.167  38.502  -0.088 0.2000000030
121624  34.667  38.100  0.562 0.2000000030
121080  33.807  38.392  1.524 0.2000000030
122806  33.772  40.091  2.198 0.2000000030
123392  32.863  41.874  1.758 0.2000000030
123965  34.218  42.552  2.234 0.2000000030
125124  34.986  44.618  2.509 0.2000000030
125123  35.634  45.158  2.594 0.2000000030
126330  37.222  46.718  3.283 0.2000000030
121086  35.684  37.330  1.152 0.2000000030
122198  33.499  39.296  2.032 0.2000000030
151084  34.185  41.033  2.213 0.2000000030
146448  33.764  41.820  2.081 0.2000000030
124533  34.597  43.217  2.311 0.2000000030
150084  36.727  45.119  2.569 0.2000000030
126329  38.079  46.436  3.417 0.2000000030
126295  37.832  46.927  4.172 0.2000000030
122218  39.987  40.728  -0.672 0.2000000030
122825  39.766  41.621  -0.872 0.2000000030
121087  34.439  37.938  1.280 0.2000000030
122202  32.249  39.292  0.835 0.2000000030
123395  33.226  40.904  1.895 0.2000000030
123966  33.350  42.595  2.003 0.1000000015
125125  34.064  44.567  2.483 0.2000000030
125714  34.622  45.356  2.609 0.1000000015
126331  35.969  46.765  3.107 0.2000000030
126842  37.167  47.535  4.400 0.2000000030
163212  37.860  41.036  -0.903 0.2000000030
152586  33.701  38.416  0.692 0.2000000030
122203  31.797  39.878  0.832 0.2000000030
146873  32.030  41.987  1.391 0.1000000015
121631  34.271  38.678  -0.106 0.2000000030
121633  32.718  39.164  -0.202 0.2000000030
123972  31.812  42.806  1.230 0.2000000030
122210  35.684  39.129  -0.607 0.2000000030
122827  36.926  40.631  -1.071 0.2000000030
125726  32.612  45.286  1.586 0.2000000030
150412  31.423  42.076  0.844 0.2000000030
125130  32.254  44.402  1.350 0.2000000030
123978  30.991  42.152  0.128 0.2000000030
124540  31.732  43.555  1.041 0.2000000030
125133  32.116  44.614  0.512 0.2000000030
126881  33.595  48.090  1.879 0.2000000030
126888  33.580  47.649  1.010 0.2000000030
125738  32.571  45.761  0.974 0.2000000030
127434  34.045  48.526  0.990 0.2000000030
121108  41.712  38.156  -3.915 0.2000000030
163474  40.610  35.808  -4.925 0.2000000030
123846  38.228  42.973  13.810 0.1000000015
122146  42.464  39.548  8.881 0.2000000030
122159  36.035  39.400  7.164 0.2000000030
123324  35.594  41.886  9.271 0.2000000030
124406  38.319  43.458  13.477 0.2000000030
122166  36.258  39.626  6.611 0.2000000030
123358  36.641  41.437  5.371 0.2000000030
149178  39.102  36.017  -4.709 0.2000000030
121648  40.676  39.183  -3.370 0.2000000030
122197  34.224  39.294  2.360 0.2000000030
148601  35.520  41.929  2.337 0.2000000030
124532  35.494  43.343  2.332 0.2000000030
122834  41.202  41.300  -1.582 0.2000000030
125713  36.427  45.943  2.821 0.2000000030
123410  39.474  42.320  -1.289 0.2000000030
121625  32.809  38.909  0.437 0.2000000030
122811  32.536  40.249  1.588 0.2000000030
123971  32.515  42.710  1.651 0.1000000015
151985  33.775  43.239  2.233 0.2000000030
122205  32.161  39.295  0.054 0.2000000030
122812  31.871  40.430  1.189 0.1000000015
149145  32.973  43.384  1.982 0.1000000015
123401  31.085  41.393  0.398 0.2000000030
124539  32.307  43.528  1.528 0.2000000030
147510  32.771  44.180  1.940 0.1000000015
125141  31.901  44.111  -0.031 0.2000000030
127420  34.241  49.301  1.467 0.1000000015
119980  39.169  34.859  -9.056 0.1000000015
119355  40.233  34.349  -9.227 0.1000000015
116010  23.706  29.093  1.081 0.1000000015
116016  23.978  29.781  0.784 0.1000000015
115269  23.618  28.390  1.403 0.1000000015
115274  23.525  28.497  0.606 0.1000000015
119961  35.378  35.526  -7.701 0.1000000015
118786  34.636  34.348  -7.146 0.1000000015
113867  23.622  26.949  0.457 0.1000000015
119967  36.005  35.965  -8.108 0.1000000015
119966  36.847  35.561  -8.461 0.1000000015
146428  35.420  34.510  -7.684 0.1000000015
159755  35.133  33.753  -7.390 0.1000000015
150913  37.058  37.022  -8.423 0.1000000015
120595  37.352  36.336  -8.578 0.1000000015
119349  36.840  34.573  -8.410 0.1000000015
119350  36.206  34.248  -8.101 0.1000000015
122846  40.306  41.460  -3.022 0.1000000015
119965  37.654  35.655  -8.697 0.1000000015
119981  37.574  34.920  -8.692 0.1000000015
123421  40.215  42.020  -3.609 0.1000000015
145064  38.269  37.839  -8.375 0.1000000015
145488  37.807  37.039  -8.584 0.1000000015
120594  38.311  36.172  -8.770 0.1000000015
119356  38.340  34.460  -8.928 0.1000000015
149417  40.152  42.114  -4.599 0.1000000015
122872  38.597  40.729  -5.975 0.1000000015
122265  38.382  39.009  -7.965 0.1000000015
121679  38.971  38.454  -8.190 0.1000000015
139891  38.826  36.974  -8.623 0.1000000015
120613  39.465  36.150  -8.766 0.1000000015
155756  39.044  35.560  -8.926 0.1000000015
123437  40.221  41.999  -5.461 0.1000000015
123451  39.419  41.290  -6.177 0.1000000015
146020  39.578  40.406  -7.311 0.1000000015
121133  39.436  37.660  -8.360 0.1000000015
120593  40.026  36.835  -8.495 0.1000000015
123463  39.883  41.102  -6.752 0.1000000015
162388  40.627  40.723  -6.911 0.1000000015
122254  39.724  39.344  -7.772 0.1000000015
121678  40.134  38.315  -8.028 0.1000000015
120612  40.754  36.065  -8.698 0.1000000015
119979  40.240  35.277  -8.951 0.1000000015
153562  41.837  40.563  -6.677 0.1000000015
122882  40.821  40.090  -7.230 0.1000000015
121677  41.391  38.156  -7.900 0.1000000015
121132  40.695  37.501  -8.192 0.1000000015
120592  41.338  36.756  -8.446 0.1000000015
148908  41.398  33.749  -9.463 0.1000000015
140353  39.919  33.474  -9.407 0.1000000015
118796  41.135  33.105  -9.633 0.1000000015
113828  29.000  26.140  4.350 0.1000000015
136582  28.180  26.001  4.453 0.1000000015
113830  27.735  26.793  4.192 0.1000000015
113831  26.675  26.428  4.413 0.1000000015
113832  25.839  26.433  4.215 0.1000000015
115986  25.342  29.144  3.306 0.1000000015
115998  24.916  29.652  2.801 0.1000000015
118088  26.833  32.133  1.519 0.1000000015
117412  25.601  31.387  1.549 0.1000000015
116745  24.594  30.031  2.140 0.1000000015
118106  29.868  32.879  -0.991 0.1000000015
118107  29.239  32.714  -0.729 0.1000000015
118099  27.443  32.429  0.474 0.1000000015
143954  25.593  31.583  0.831 0.1000000015
116755  24.471  30.283  1.316 0.1000000015
158288  31.610  32.561  -2.968 0.1000000015
118128  31.211  32.478  -2.485 0.1000000015
118119  29.500  32.378  -1.436 0.1000000015
118108  28.469  32.506  -0.502 0.1000000015
118110  26.879  32.194  -0.066 0.1000000015
117424  25.324  31.372  0.188 0.1000000015
116763  24.373  30.424  0.462 0.1000000015
118772  32.347  32.917  -4.132 0.1000000015
118130  29.894  31.953  -2.043 0.1000000015
118121  27.910  32.169  -1.086 0.1000000015
117434  26.297  31.869  -0.604 0.1000000015
116771  24.318  30.557  -0.363 0.1000000015
116764  23.852  29.978  -0.051 0.1000000015
143014  33.717  35.360  -6.216 0.1000000015
119342  34.156  34.871  -6.728 0.1000000015
118775  32.843  33.288  -4.963 0.1000000015
118137  32.164  32.074  -3.323 0.1000000015
117447  29.059  31.893  -1.920 0.1000000015
117450  26.436  31.775  -1.439 0.1000000015
117451  25.640  31.547  -1.106 0.1000000015
115280  23.467  28.668  -0.238 0.1000000015
119346  34.718  35.178  -7.223 0.1000000015
118780  34.126  34.111  -6.721 0.1000000015
118148  33.502  32.667  -5.315 0.1000000015
118144  33.207  32.109  -4.381 0.1000000015
116023  23.552  29.454  -0.576 0.1000000015
120585  35.410  36.423  -7.582 0.1000000015
147504  34.559  33.487  -6.944 0.1000000015
118147  34.216  32.015  -5.644 0.1000000015
122234  39.450  40.179  -3.654 0.1000000015
118159  35.193  32.907  -7.237 0.1000000015
123420  40.537  42.191  -2.685 0.1000000015
121134  37.289  37.686  -8.259 0.1000000015
118791  36.775  33.682  -8.300 0.1000000015
118785  35.898  33.456  -7.790 0.1000000015
124005  40.498  43.005  -2.872 0.1000000015
151790  38.770  39.354  -4.169 0.1000000015
122856  39.577  40.998  -3.773 0.1000000015
121680  37.604  38.480  -8.008 0.1000000015
119348  37.570  34.042  -8.655 0.1000000015
124013  40.610  43.696  -3.732 0.1000000015
144722  41.133  43.668  -4.343 0.1000000015
124014  40.856  43.103  -3.846 0.1000000015
124027  41.158  42.951  -4.755 0.1000000015
123428  39.398  41.220  -4.535 0.1000000015
123438  39.330  41.316  -5.386 0.1000000015
122256  37.584  39.312  -7.505 0.1000000015
118797  38.491  33.508  -8.988 0.1000000015
156111  39.170  34.144  -9.152 0.1000000015
124026  41.481  43.609  -5.031 0.1000000015
124041  41.207  42.505  -5.502 0.1000000015
122873  37.918  40.124  -6.343 0.1000000015
122883  38.693  40.601  -6.816 0.1000000015
122255  38.528  39.875  -7.522 0.1000000015
124599  41.728  44.027  -6.061 0.1000000015
164343  41.537  43.057  -5.196 0.1000000015
123448  42.239  42.207  -6.046 0.1000000015
157004  41.259  41.275  -6.453 0.1000000015
124054  42.155  43.084  -6.169 0.1000000015
123462  42.263  41.308  -6.412 0.1000000015
150097  42.526  40.933  -6.896 0.1000000015
154846  42.294  39.479  -7.477 0.1000000015
121668  42.332  38.912  -7.879 0.1000000015
120611  42.048  36.090  -8.777 0.1000000015
151746  41.553  35.460  -8.921 0.1000000015
118170  40.319  32.627  -9.618 0.1000000015
124066  42.239  42.851  -7.044 0.1000000015
148380  42.334  41.687  -7.548 0.1000000015
122907  42.549  39.742  -8.042 0.1000000015
122263  42.471  39.002  -8.235 0.1000000015
122284  42.452  38.540  -8.869 0.1000000015
120610  42.510  36.032  -8.934 0.1000000015
119354  41.742  34.638  -9.213 0.1000000015
149337  40.675  31.844  -9.829 0.1000000015
157326  30.101  26.942  3.356 0.1000000015
113839  29.205  26.807  3.829 0.1000000015
161933  29.360  27.474  3.413 0.1000000015
114516  28.571  27.387  3.718 0.1000000015
114515  29.877  28.082  3.007 0.1000000015
137115  29.029  28.128  3.274 0.1000000015
114509  27.733  27.735  3.813 0.1000000015
114510  26.937  27.376  4.124 0.1000000015
114511  26.101  27.104  4.062 0.1000000015
115243  32.838  28.776  3.154 0.1000000015
115237  27.051  28.208  3.879 0.1000000015
115248  26.499  28.578  3.750 0.1000000015
115240  35.483  28.815  2.958 0.1000000015
115979  33.498  29.441  3.469 0.1000000015
138629  26.277  29.298  3.498 0.1000000015
115249  25.799  28.493  3.676 0.1000000015
155013  37.553  27.675  2.125 0.1000000015
115255  37.473  28.363  2.371 0.1000000015
158526  36.103  28.954  2.800 0.1000000015
115997  35.689  29.579  2.942 0.1000000015
116730  26.523  30.162  3.243 0.1000000015
115994  38.124  28.951  2.212 0.1000000015
138414  36.717  28.668  2.583 0.1000000015
116739  37.048  30.024  2.276 0.1000000015
117399  27.449  31.490  2.845 0.1000000015
117400  25.715  31.066  2.309 0.1000000015
118097  29.025  32.894  0.135 0.1000000015
118087  27.511  32.326  1.739 0.1000000015
144082  26.330  31.662  2.034 0.1000000015
118747  30.584  33.285  -0.931 0.1000000015
118098  28.207  32.625  0.328 0.1000000015
118762  31.841  33.279  -3.400 0.1000000015
118763  31.599  33.358  -2.710 0.1000000015
157625  32.711  34.686  -4.768 0.1000000015
119330  32.497  33.907  -4.674 0.1000000015
119316  32.228  34.198  -4.017 0.1000000015
119962  34.763  36.036  -7.194 0.1000000015
119343  33.647  34.423  -6.265 0.1000000015
117463  31.110  31.658  -2.810 0.1000000015
117464  30.337  31.591  -2.661 0.1000000015
117466  28.484  31.660  -2.550 0.1000000015
117468  26.603  31.682  -2.316 0.1000000015
116779  24.298  30.666  -1.224 0.1000000015
116772  23.812  30.115  -0.894 0.1000000015
120586  34.915  36.833  -7.013 0.1000000015
118145  32.855  31.536  -3.757 0.1000000015
117480  30.887  31.279  -3.239 0.1000000015
117452  24.904  31.204  -1.599 0.1000000015
120597  35.966  36.743  -7.923 0.1000000015
117508  33.875  31.473  -4.707 0.1000000015
117495  33.523  31.065  -4.094 0.1000000015
117479  31.731  31.209  -3.338 0.1000000015
121125  35.593  37.334  -7.384 0.1000000015
118152  34.621  32.498  -6.552 0.1000000015
121124  36.112  37.981  -7.436 0.1000000015
118158  35.843  32.338  -7.501 0.1000000015
118151  35.253  31.874  -6.823 0.1000000015
123988  40.096  42.867  -1.920 0.1000000015
124558  40.242  43.437  -2.902 0.1000000015
121681  36.761  38.187  -7.791 0.1000000015
118164  36.641  32.659  -8.099 0.1000000015
124565  40.223  43.713  -3.207 0.1000000015
122858  38.353  40.138  -4.972 0.1000000015
121671  36.410  38.604  -7.122 0.1000000015
118162  38.153  32.524  -8.839 0.1000000015
118790  37.483  33.125  -8.569 0.1000000015
124576  41.147  44.043  -4.474 0.1000000015
122867  38.078  40.151  -5.600 0.1000000015
122246  37.322  39.578  -6.696 0.1000000015
124589  41.408  44.104  -5.358 0.1000000015
125223  41.348  44.327  -6.691 0.1000000015
118171  39.148  32.678  -9.269 0.1000000015
124619  41.499  43.621  -7.628 0.1000000015
124067  41.703  42.703  -7.990 0.1000000015
121173  41.772  37.391  -10.271 0.1000000015
120625  42.539  36.143  -9.549 0.1000000015
151319  42.477  35.740  -10.142 0.1000000015
120006  42.384  35.038  -10.379 0.1000000015
119382  42.199  34.219  -10.822 0.1000000015
163584  39.669  32.042  -9.484 0.1000000015
143733  37.907  31.723  -8.631 0.1000000015
123460  42.480  40.476  -7.735 0.1000000015
122908  42.128  39.915  -8.813 0.1000000015
122285  42.100  39.006  -9.375 0.1000000015
121719  41.873  38.421  -9.706 0.1000000015
161589  42.537  36.542  -9.333 0.1000000015
119977  42.541  35.947  -9.261 0.1000000015
119994  42.515  35.321  -9.611 0.1000000015
118794  42.309  33.278  -9.944 0.1000000015
123480  40.893  41.579  -9.218 0.1000000015
123479  41.875  40.994  -8.571 0.1000000015
122909  41.298  40.474  -9.381 0.1000000015
122919  40.815  39.901  -9.858 0.1000000015
156477  42.150  32.392  -10.368 0.1000000015
117547  39.747  31.204  -9.454 0.1000000015
117535  38.082  30.808  -8.536 0.1000000015
138525  41.726  31.785  -10.302 0.1000000015
117546  40.831  30.832  -9.799 0.1000000015
116846  40.792  29.730  -9.630 0.1000000015
115244  31.367  28.373  2.801 0.1000000015
152113  30.610  28.581  2.898 0.1000000015
163418  30.556  29.239  3.143 0.1000000015
115246  29.399  28.741  3.089 0.1000000015
146150  28.339  28.139  3.465 0.1000000015
161372  28.622  28.948  3.234 0.1000000015
114517  27.769  28.583  3.536 0.1000000015
115980  32.632  29.594  3.510 0.1000000015
138243  31.787  29.754  3.509 0.1000000015
116726  31.562  30.579  3.622 0.1000000015
144037  30.824  30.685  3.583 0.1000000015
115983  29.478  29.601  3.235 0.1000000015
115984  28.663  30.006  3.368 0.1000000015
115985  27.801  29.543  3.404 0.1000000015
115247  27.080  28.991  3.626 0.1000000015
115977  35.050  29.261  3.193 0.1000000015
116722  34.896  29.931  3.257 0.1000000015
116742  34.600  30.718  3.124 0.1000000015
116724  33.246  30.315  3.602 0.1000000015
116725  32.405  30.464  3.624 0.1000000015
117385  32.166  31.318  3.465 0.1000000015
118063  29.117  31.725  3.115 0.1000000015
160900  28.043  30.373  3.372 0.1000000015
138491  27.026  29.664  3.448 0.1000000015
115996  36.537  29.448  2.624 0.1000000015
116740  36.235  30.220  2.555 0.1000000015
117395  35.878  30.977  2.253 0.1000000015
116741  35.415  30.450  2.833 0.1000000015
118073  29.553  32.461  2.607 0.1000000015
117388  28.263  31.578  3.046 0.1000000015
116753  36.676  30.767  1.985 0.1000000015
118724  31.317  33.564  0.459 0.1000000015
118085  29.551  33.023  1.801 0.1000000015
155793  28.928  32.733  2.088 0.1000000015
118075  27.856  32.054  2.458 0.1000000015
118725  30.508  33.426  0.635 0.1000000015
118726  29.657  33.208  0.849 0.1000000015
140748  28.762  32.868  1.173 0.1000000015
119296  32.406  34.326  -1.768 0.1000000015
119297  31.767  33.896  -1.685 0.1000000015
118737  29.917  33.209  -0.183 0.1000000015
119936  32.488  34.784  -3.453 0.1000000015
119308  32.411  34.565  -2.646 0.1000000015
118755  31.374  33.389  -2.043 0.1000000015
120576  33.596  36.208  -4.775 0.1000000015
119952  32.705  35.053  -4.211 0.1000000015
121120  34.649  37.093  -6.332 0.1000000015
120578  34.116  36.616  -5.936 0.1000000015
119955  33.077  35.491  -4.875 0.1000000015
119337  33.157  34.916  -5.565 0.1000000015
121659  35.694  38.251  -5.995 0.1000000015
121117  34.572  37.212  -5.559 0.1000000015
120581  34.397  36.407  -6.583 0.1000000015
121119  35.133  37.704  -6.128 0.1000000015
147388  35.157  37.441  -6.713 0.1000000015
117496  33.118  30.832  -3.852 0.1000000015
121653  36.473  38.273  -5.096 0.1000000015
121658  36.434  38.709  -5.794 0.1000000015
157831  33.923  30.708  -4.506 0.1000000015
121663  36.169  38.569  -6.405 0.1000000015
159444  34.838  31.377  -5.966 0.1000000015
123415  39.089  42.681  -1.732 0.1000000015
124566  39.791  43.541  -2.808 0.1000000015
121652  37.951  38.992  -4.652 0.1000000015
151357  37.223  38.260  -4.826 0.1000000015
121657  37.149  38.922  -5.235 0.1000000015
122247  36.711  39.082  -6.481 0.1000000015
117516  35.370  30.805  -6.234 0.1000000015
124015  38.532  43.305  -3.726 0.1000000015
157780  36.703  31.216  -7.782 0.1000000015
118157  36.346  31.724  -7.669 0.1000000015
124028  38.711  43.544  -4.491 0.1000000015
124577  40.529  44.088  -4.010 0.1000000015
122238  37.867  39.607  -5.142 0.1000000015
122242  37.309  39.495  -5.884 0.1000000015
118163  37.363  32.227  -8.417 0.1000000015
125215  41.139  44.417  -6.130 0.1000000015
121184  40.052  37.584  -11.331 0.1000000015
121183  41.010  37.128  -10.954 0.1000000015
120643  40.966  36.407  -11.367 0.1000000015
120008  40.766  35.716  -11.906 0.1000000015
120024  39.817  35.666  -12.863 0.1000000015
117536  37.281  31.191  -8.180 0.1000000015
122303  40.284  39.339  -10.243 0.1000000015
121721  40.680  38.578  -10.436 0.1000000015
121174  40.897  37.851  -10.632 0.1000000015
120642  41.809  35.752  -10.940 0.1000000015
120007  41.558  35.041  -11.455 0.1000000015
119383  41.214  34.300  -11.965 0.1000000015
116837  37.512  29.955  -7.914 0.1000000015
124620  40.759  44.299  -8.234 0.1000000015
124073  40.955  42.621  -8.766 0.1000000015
122910  40.391  40.781  -9.648 0.1000000015
122920  39.858  40.180  -9.987 0.1000000015
122302  41.300  39.020  -9.962 0.1000000015
118803  41.845  33.468  -11.373 0.1000000015
116848  38.951  30.500  -8.911 0.1000000015
118176  42.049  31.900  -11.136 0.1000000015
152180  42.222  32.659  -10.769 0.1000000015
116847  39.884  30.141  -9.295 0.1000000015
117545  41.579  30.352  -10.122 0.1000000015
158607  40.001  29.180  -9.112 0.1000000015
115309  39.452  28.236  -8.738 0.1000000015
117559  42.151  31.001  -10.917 0.1000000015
116861  41.856  29.849  -10.426 0.1000000015
160006  40.634  28.638  -9.516 0.1000000015
117386  31.242  31.310  3.485 0.1000000015
163896  29.848  30.855  3.466 0.1000000015
116728  29.395  30.523  3.410 0.1000000015
117396  35.074  31.227  2.517 0.1000000015
117398  33.303  31.730  3.075 0.1000000015
118059  32.481  31.988  3.070 0.1000000015
118060  31.661  31.961  3.132 0.1000000015
118062  29.974  31.848  3.153 0.1000000015
144407  29.558  31.212  3.377 0.1000000015
117409  35.525  31.710  1.868 0.1000000015
117410  34.724  31.970  2.101 0.1000000015
149020  34.314  32.594  1.552 0.1000000015
137053  32.940  32.425  2.458 0.1000000015
118070  31.957  32.595  2.489 0.1000000015
118071  31.201  32.398  2.762 0.1000000015
118083  31.023  32.937  2.161 0.1000000015
117407  37.052  31.294  1.313 0.1000000015
117408  36.282  31.490  1.593 0.1000000015
145088  35.769  32.622  0.693 0.1000000015
118096  33.843  33.177  1.014 0.1000000015
118713  32.962  33.310  1.074 0.1000000015
144461  31.757  33.118  1.782 0.1000000015
118084  30.190  32.903  2.220 0.1000000015
117421  36.617  32.026  0.846 0.1000000015
118093  36.541  32.625  0.136 0.1000000015
118105  35.934  33.039  0.088 0.1000000015
118720  35.365  33.172  0.290 0.1000000015
143466  34.141  33.475  0.455 0.1000000015
136055  33.954  33.873  -0.102 0.1000000015
118735  33.236  34.044  -0.307 0.1000000015
118736  32.472  33.907  -0.190 0.1000000015
118723  31.976  33.687  0.295 0.1000000015
118092  37.185  32.691  -0.547 0.1000000015
118104  36.391  33.153  -0.431 0.1000000015
118733  35.525  33.565  -0.336 0.1000000015
118744  35.367  34.225  -1.021 0.1000000015
119285  33.696  34.300  -0.765 0.1000000015
140926  31.470  33.708  -0.407 0.1000000015
118115  37.554  32.878  -1.222 0.1000000015
118743  36.707  33.790  -1.436 0.1000000015
118732  36.187  33.739  -0.952 0.1000000015
119293  35.220  34.674  -1.633 0.1000000015
119306  34.600  35.078  -2.100 0.1000000015
119307  33.647  35.022  -2.091 0.1000000015
118753  37.716  33.737  -2.368 0.1000000015
119304  36.480  34.710  -2.439 0.1000000015
119919  35.943  35.315  -2.874 0.1000000015
119920  34.931  35.439  -2.764 0.1000000015
119935  33.527  35.628  -3.478 0.1000000015
119951  33.222  35.704  -4.179 0.1000000015
159453  32.944  35.317  -3.647 0.1000000015
118760  38.978  33.583  -3.760 0.1000000015
118761  38.133  34.073  -3.184 0.1000000015
119303  37.325  34.423  -2.781 0.1000000015
119315  36.828  35.038  -3.186 0.1000000015
119932  36.310  35.695  -3.486 0.1000000015
120562  35.701  36.383  -3.837 0.1000000015
120563  34.704  36.431  -3.900 0.1000000015
120575  34.317  36.834  -4.677 0.1000000015
118770  39.498  33.957  -4.476 0.1000000015
118771  38.925  34.240  -4.308 0.1000000015
119313  38.403  34.425  -3.947 0.1000000015
119314  37.645  34.736  -3.570 0.1000000015
119931  37.171  35.392  -3.823 0.1000000015
120573  36.158  36.996  -4.253 0.1000000015
121114  34.959  37.419  -4.938 0.1000000015
150613  33.977  36.615  -5.310 0.1000000015
119328  38.631  34.813  -4.437 0.1000000015
119329  37.950  35.073  -4.178 0.1000000015
119949  37.546  35.835  -4.271 0.1000000015
120572  37.096  36.746  -4.360 0.1000000015
121654  35.891  38.200  -5.442 0.1000000015
149165  38.352  35.500  -4.523 0.1000000015
120571  38.122  36.520  -4.522 0.1000000015
119950  36.661  36.153  -4.009 0.1000000015
121113  35.774  37.701  -4.805 0.1000000015
117507  34.448  30.793  -5.049 0.1000000015
136102  33.540  30.465  -4.382 0.1000000015
121110  38.580  37.638  -4.489 0.1000000015
121111  37.559  37.476  -4.557 0.1000000015
164327  34.976  30.458  -5.524 0.1000000015
121112  36.676  37.598  -4.629 0.1000000015
123998  38.497  42.739  -2.249 0.1000000015
117525  36.290  30.713  -7.250 0.1000000015
116838  36.846  30.294  -7.531 0.1000000015
116830  35.819  30.178  -6.480 0.1000000015
137763  39.793  44.097  -4.605 0.1000000015
144979  40.708  44.308  -5.156 0.1000000015
121726  39.328  38.168  -11.435 0.1000000015
121190  39.308  36.954  -12.585 0.1000000015
120655  39.147  36.308  -13.243 0.1000000015
116829  36.308  29.609  -6.862 0.1000000015
162361  40.683  44.560  -7.789 0.1000000015
122304  39.187  39.583  -10.537 0.1000000015
121732  37.785  37.901  -13.293 0.1000000015
121198  38.019  37.231  -13.627 0.1000000015
120660  38.313  36.413  -13.586 0.1000000015
120025  38.986  35.632  -13.530 0.1000000015
116828  36.987  29.200  -7.259 0.1000000015
116060  36.307  28.790  -6.947 0.1000000015
124630  40.026  43.598  -9.454 0.1000000015
124080  39.598  42.764  -9.711 0.1000000015
159743  39.612  40.993  -9.802 0.1000000015
122932  38.064  39.856  -11.005 0.1000000015
122315  38.495  38.877  -11.517 0.1000000015
119403  39.630  34.947  -13.233 0.1000000015
116068  37.690  28.747  -7.644 0.1000000015
123490  39.137  41.742  -9.891 0.1000000015
122921  38.832  40.645  -10.226 0.1000000015
116067  38.472  28.451  -8.116 0.1000000015
118177  41.446  32.703  -11.798 0.1000000015
118816  40.833  33.529  -12.415 0.1000000015
117565  41.023  31.799  -12.182 0.1000000015
117560  41.658  31.148  -11.544 0.1000000015
116878  40.921  30.792  -12.153 0.1000000015
116871  42.071  30.071  -10.815 0.1000000015
116095  41.901  29.401  -10.715 0.1000000015
115326  41.404  28.559  -10.112 0.1000000015
115327  41.192  27.979  -10.519 0.1000000015
115318  40.087  27.874  -9.429 0.1000000015
123411  38.554  41.663  -0.989 0.1000000015
164578  37.301  41.710  -1.782 0.1000000015
116047  34.646  30.038  -5.302 0.1000000015
142541  37.519  42.184  -2.360 0.1000000015
116053  35.125  29.636  -5.789 0.1000000015
116052  35.617  29.403  -6.398 0.1000000015
136443  35.301  29.388  -6.299 0.1000000015
124600  40.146  44.447  -6.580 0.1000000015
122943  36.796  39.683  -13.033 0.1000000015
122316  37.499  39.385  -12.292 0.1000000015
122325  37.123  39.074  -13.221 0.1000000015
121733  37.169  38.504  -13.328 0.1000000015
155431  36.838  37.746  -13.181 0.1000000015
144130  37.805  36.175  -13.520 0.1000000015
124621  40.105  44.578  -9.162 0.1000000015
123491  38.341  41.596  -10.361 0.1000000015
122922  37.909  40.744  -10.719 0.1000000015
120036  38.227  35.601  -13.524 0.1000000015
124636  39.570  44.082  -9.879 0.1000000015
119404  38.740  34.741  -13.439 0.1000000015
118185  40.381  32.758  -12.601 0.1000000015
159482  39.473  34.282  -13.251 0.1000000015
115311  37.227  28.054  -7.640 0.1000000015
115302  36.644  28.442  -7.313 0.1000000015
115310  37.787  28.007  -7.718 0.1000000015
158558  40.135  31.211  -12.438 0.1000000015
118186  39.339  32.860  -12.800 0.1000000015
118818  38.955  33.745  -13.122 0.1000000015
115321  37.642  27.833  -8.393 0.1000000015
115320  38.399  27.712  -8.528 0.1000000015
115319  39.210  27.644  -8.861 0.1000000015
159923  40.861  29.985  -12.193 0.1000000015
116096  41.719  29.277  -11.212 0.1000000015
122835  37.551  41.425  -1.294 0.1000000015
124016  37.642  42.792  -4.504 0.1000000015
116822  33.952  29.666  -6.013 0.1000000015
161624  38.822  43.679  -5.290 0.1000000015
138433  39.497  44.054  -5.743 0.1000000015
141985  33.574  29.968  -7.019 0.1000000015
122317  35.514  39.272  -12.603 0.1000000015
121728  35.639  38.595  -12.166 0.1000000015
121194  36.235  38.010  -12.536 0.1000000015
159286  35.379  37.930  -11.190 0.1000000015
160029  35.791  28.967  -6.643 0.1000000015
116063  34.587  29.408  -6.603 0.1000000015
125225  40.052  44.757  -7.702 0.1000000015
122326  36.675  39.204  -13.228 0.1000000015
121734  36.835  38.400  -13.314 0.1000000015
121735  36.257  38.910  -13.058 0.1000000015
121193  36.581  37.332  -12.594 0.1000000015
120027  37.314  36.345  -13.045 0.1000000015
116070  34.774  29.320  -7.657 0.1000000015
116071  33.976  29.756  -7.662 0.1000000015
125259  39.564  44.980  -9.668 0.1000000015
123506  36.801  41.441  -11.794 0.1000000015
122933  37.204  40.407  -11.737 0.1000000015
116062  35.465  28.984  -6.835 0.1000000015
124637  38.946  44.034  -10.467 0.1000000015
124086  37.358  42.436  -11.155 0.1000000015
116069  35.622  28.765  -7.606 0.1000000015
153546  38.007  42.270  -10.579 0.1000000015
115312  36.395  28.371  -7.620 0.1000000015
116079  33.996  29.846  -8.661 0.1000000015
118187  38.346  32.986  -12.564 0.1000000015
116078  34.923  29.394  -8.842 0.1000000015
144601  34.106  29.838  -9.814 0.1000000015
117567  38.665  32.022  -12.438 0.1000000015
115322  35.853  28.760  -8.613 0.1000000015
116084  35.273  29.296  -9.803 0.1000000015
146388  39.092  31.115  -12.483 0.1000000015
155112  36.763  28.252  -8.450 0.1000000015
115331  36.109  28.836  -9.827 0.1000000015
116104  41.151  29.197  -11.956 0.1000000015
114602  40.786  27.638  -11.073 0.1000000015
114596  38.946  27.528  -9.423 0.1000000015
115329  38.086  27.739  -9.403 0.1000000015
124007  37.834  42.671  -3.274 0.1000000015
125247  39.622  45.098  -9.299 0.1000000015
144072  36.089  39.665  -13.368 0.1000000015
121729  34.889  38.901  -11.335 0.1000000015
125236  40.156  44.784  -8.310 0.1000000015
122934  36.497  40.593  -12.887 0.1000000015
146423  36.194  40.073  -13.485 0.1000000015
116839  32.970  30.390  -8.391 0.1000000015
125260  39.316  44.994  -10.207 0.1000000015
123507  36.272  41.635  -12.893 0.1000000015
124081  38.834  42.790  -10.216 0.1000000015
118819  38.000  34.006  -12.732 0.1000000015
119405  37.960  34.924  -13.184 0.1000000015
116849  33.271  30.245  -9.514 0.1000000015
157737  32.813  30.367  -10.208 0.1000000015
149134  33.789  29.747  -10.876 0.1000000015
115352  41.113  28.328  -11.756 0.1000000015
114603  40.183  27.449  -10.768 0.1000000015
116085  34.570  29.487  -10.515 0.1000000015
114613  40.336  27.410  -11.813 0.1000000015
114605  38.504  27.652  -10.428 0.1000000015
115340  37.709  27.965  -10.458 0.1000000015
123430  36.611  42.125  -4.924 0.1000000015
124590  38.263  43.485  -6.249 0.1000000015
124601  39.057  43.987  -6.692 0.1000000015
124611  39.277  44.379  -7.545 0.1000000015
125248  39.262  45.385  -9.694 0.1000000015
125860  39.273  45.439  -9.907 0.1000000015
160509  38.749  45.692  -10.511 0.1000000015
122327  35.463  39.864  -13.117 0.1000000015
122318  34.776  39.757  -12.113 0.1000000015
124638  38.294  44.113  -10.905 0.1000000015
124087  36.673  42.316  -11.886 0.1000000015
122944  36.108  40.779  -13.610 0.1000000015
122305  34.270  39.490  -11.074 0.1000000015
152582  37.024  43.200  -11.619 0.1000000015
116862  32.156  30.471  -10.442 0.1000000015
116087  32.839  30.036  -10.968 0.1000000015
116863  31.318  30.527  -10.581 0.1000000015
116874  31.046  29.964  -11.268 0.1000000015
116879  39.921  30.330  -12.565 0.1000000015
115330  37.119  28.342  -9.834 0.1000000015
115332  35.222  29.003  -11.025 0.1000000015
116873  31.916  30.091  -11.183 0.1000000015
115353  40.643  28.291  -12.649 0.1000000015
115342  36.097  28.577  -11.165 0.1000000015
116097  34.278  29.176  -11.442 0.1000000015
114615  37.947  27.762  -11.386 0.1000000015
115341  37.035  28.141  -11.180 0.1000000015
115354  36.383  28.149  -11.896 0.1000000015
160840  35.332  28.580  -11.647 0.1000000015
123429  37.032  42.255  -4.038 0.1000000015
124030  37.023  42.542  -5.614 0.1000000015
124055  37.317  43.053  -7.036 0.1000000015
125237  37.867  44.380  -8.915 0.1000000015
124631  37.257  44.746  -9.296 0.1000000015
125249  38.444  45.492  -9.652 0.1000000015
146647  38.391  44.124  -8.201 0.1000000015
125861  38.774  45.810  -10.272 0.1000000015
122953  35.731  40.742  -13.762 0.1000000015
124645  37.623  44.136  -11.442 0.1000000015
123531  35.791  41.330  -13.844 0.1000000015
124112  35.878  42.278  -13.505 0.1000000015
154584  29.806  30.269  -10.854 0.1000000015
114626  40.468  27.679  -12.761 0.1000000015
114627  40.239  27.399  -12.846 0.1000000015
116098  33.323  29.218  -11.643 0.1000000015
114628  39.812  27.175  -12.582 0.1000000015
114616  37.238  27.816  -12.132 0.1000000015
115355  35.514  28.307  -12.124 0.1000000015
122836  36.570  41.154  -1.707 0.1000000015
123423  36.105  41.398  -3.299 0.1000000015
123439  35.981  42.075  -5.966 0.1000000015
124612  37.253  43.449  -8.110 0.1000000015
125873  38.234  46.716  -10.823 0.1000000015
122945  35.720  40.265  -13.588 0.1000000015
125274  37.567  45.088  -11.819 0.1000000015
124097  36.369  42.977  -12.537 0.1000000015
124646  36.866  44.094  -12.059 0.1000000015
116875  30.240  29.782  -11.236 0.1000000015
116099  32.448  29.488  -11.505 0.1000000015
116876  29.532  29.590  -11.080 0.1000000015
116880  38.641  30.355  -12.686 0.1000000015
116106  39.514  29.527  -12.961 0.1000000015
116111  40.179  28.487  -13.331 0.1000000015
115343  34.682  28.574  -11.944 0.1000000015
143773  33.897  28.686  -11.999 0.1000000015
116100  31.634  29.134  -11.645 0.1000000015
115363  40.220  27.608  -13.570 0.1000000015
136684  39.489  26.994  -13.532 0.1000000015
139647  39.949  27.042  -13.815 0.1000000015
114630  36.408  27.961  -12.730 0.1000000015
114631  35.441  28.180  -12.749 0.1000000015
114648  38.646  27.129  -13.786 0.1000000015
114649  37.307  27.550  -13.904 0.1000000015
122847  36.050  41.183  -2.473 0.1000000015
123424  35.346  41.194  -4.244 0.1000000015
140570  35.675  41.603  -5.115 0.1000000015
124056  36.408  42.817  -7.466 0.1000000015
124068  36.141  43.308  -8.166 0.1000000015
125238  36.545  44.774  -9.028 0.1000000015
125886  38.131  46.172  -11.453 0.1000000015
124658  36.249  44.135  -12.908 0.1000000015
124098  35.926  43.255  -13.377 0.1000000015
141669  29.972  28.899  -11.385 0.1000000015
162684  29.343  28.763  -11.184 0.1000000015
115345  32.486  28.647  -11.931 0.1000000015
115347  30.402  28.075  -11.622 0.1000000015
116116  39.926  28.111  -14.127 0.1000000015
115356  34.747  28.326  -12.544 0.1000000015
115344  33.225  28.426  -12.267 0.1000000015
140658  31.082  28.284  -11.756 0.1000000015
116107  38.450  29.778  -13.091 0.1000000015
114646  39.785  27.165  -14.326 0.1000000015
114647  39.541  26.890  -14.095 0.1000000015
114650  35.935  28.078  -13.404 0.1000000015
114632  34.954  28.207  -13.108 0.1000000015
139251  34.141  28.280  -12.909 0.1000000015
116113  38.444  29.437  -13.923 0.1000000015
116117  39.286  28.502  -14.672 0.1000000015
115364  35.347  28.272  -13.924 0.1000000015
136591  34.387  28.359  -13.596 0.1000000015
115371  39.334  27.717  -15.096 0.1000000015
114666  39.495  27.210  -14.653 0.1000000015
114667  38.714  27.075  -14.779 0.1000000015
123318  29.881  40.824  11.182 0.1000000015
149846  35.584  43.236  12.563 0.1000000015
144659  34.139  42.228  11.744 0.1000000015
124423  36.912  43.508  13.067 0.1000000015
123847  37.404  42.884  13.443 0.1000000015
147610  34.309  42.743  -6.696 0.1000000015
124602  34.292  43.886  -6.546 0.1000000015
124044  35.778  42.401  -6.884 0.1000000015
124058  34.804  43.074  -7.274 0.1000000015
125825  34.825  44.611  -6.861 0.1000000015
124623  35.895  44.104  -8.500 0.1000000015
125833  35.339  44.591  -7.793 0.1000000015
126463  37.754  47.570  -11.097 0.1000000015
125862  37.462  46.805  -9.852 0.1000000015
125847  36.676  45.794  -9.236 0.1000000015
125901  36.727  45.998  -12.569 0.1000000015
125292  36.145  45.178  -13.213 0.1000000015
125902  36.057  45.868  -12.986 0.1000000015
125291  36.813  45.100  -12.490 0.1000000015
122954  35.270  40.838  -13.914 0.1000000015
124659  35.618  44.102  -13.824 0.1000000015
156419  28.797  28.038  -11.171 0.1000000015
114618  29.962  27.441  -11.881 0.1000000015
118180  35.131  32.409  -11.834 0.1000000015
118181  34.286  32.558  -12.102 0.1000000015
115358  32.357  27.932  -12.473 0.1000000015
114617  30.862  27.609  -12.029 0.1000000015
142378  37.870  31.120  -12.361 0.1000000015
117563  35.525  31.751  -12.184 0.1000000015
115357  33.251  28.050  -12.785 0.1000000015
114633  32.514  27.690  -12.946 0.1000000015
117568  35.903  31.189  -12.492 0.1000000015
114651  32.979  27.929  -13.400 0.1000000015
115383  39.032  27.481  -15.365 0.1000000015
114681  38.334  27.422  -15.596 0.1000000015
150200  36.373  27.857  -14.374 0.1000000015
115373  34.749  28.392  -14.728 0.1000000015
114668  37.498  27.425  -15.060 0.1000000015
153627  30.148  41.682  11.619 0.1000000015
147980  33.518  45.044  11.973 0.1000000015
123309  30.890  42.043  11.364 0.1000000015
145392  34.010  44.534  12.018 0.1000000015
123308  31.830  41.967  11.149 0.1000000015
123317  30.478  41.151  11.021 0.1000000015
125639  32.026  45.876  8.925 0.1000000015
125028  35.804  45.947  12.037 0.1000000015
125019  35.241  44.930  12.221 0.1000000015
124443  32.799  43.166  11.634 0.1000000015
123307  32.761  41.865  11.230 0.1000000015
151721  36.197  44.781  12.470 0.1000000015
123883  33.367  42.584  11.615 0.1000000015
123882  34.324  42.955  12.062 0.1000000015
125612  37.357  45.881  11.915 0.1000000015
125017  37.160  45.046  12.479 0.1000000015
125037  37.634  45.296  10.295 0.1000000015
124424  36.503  44.176  12.752 0.1000000015
125027  38.247  44.851  11.653 0.1000000015
148768  37.479  44.233  12.990 0.1000000015
124451  38.374  44.297  11.571 0.1000000015
152103  38.647  43.635  12.379 0.1000000015
124568  32.538  43.165  -3.751 0.1000000015
124559  33.172  43.821  -3.244 0.1000000015
125175  34.393  44.899  -3.102 0.1000000015
122849  34.319  40.559  -3.448 0.1000000015
122860  33.917  40.789  -4.245 0.1000000015
123442  32.913  42.271  -5.316 0.1000000015
124580  32.657  42.977  -4.569 0.1000000015
125194  33.744  44.092  -4.663 0.1000000015
125176  33.759  44.277  -3.677 0.1000000015
122848  35.293  40.866  -3.164 0.1000000015
122859  34.685  40.830  -3.971 0.1000000015
153338  33.421  41.767  -5.494 0.1000000015
124591  33.210  42.994  -5.729 0.1000000015
125204  34.373  44.639  -5.114 0.1000000015
125193  34.400  44.761  -4.101 0.1000000015
140396  34.731  41.317  -5.169 0.1000000015
123441  34.145  41.674  -5.750 0.1000000015
161770  35.044  45.176  -6.300 0.1000000015
125818  35.006  45.281  -5.522 0.1000000015
125810  35.808  46.091  -5.030 0.1000000015
126414  36.451  46.775  -7.699 0.1000000015
125817  35.706  45.963  -6.018 0.1000000015
126400  36.657  47.043  -5.560 0.1000000015
160865  37.666  47.571  -10.584 0.1000000015
125848  36.416  46.331  -8.646 0.1000000015
126427  37.147  48.055  -8.521 0.1000000015
126465  36.858  47.536  -11.586 0.1000000015
126996  37.165  48.233  -10.789 0.1000000015
125912  35.503  45.103  -13.638 0.1000000015
163302  35.488  41.874  -14.172 0.1000000015
123532  35.317  41.344  -14.173 0.1000000015
124670  35.036  44.435  -14.408 0.1000000015
124113  35.505  42.799  -14.099 0.1000000015
137590  34.583  40.984  -13.643 0.1000000015
158965  33.002  37.601  -9.324 0.1000000015
119384  37.427  34.755  -12.333 0.1000000015
118804  37.130  33.869  -11.865 0.1000000015
120010  36.071  35.096  -11.079 0.1000000015
114619  29.140  27.326  -11.724 0.1000000015
118806  35.705  33.081  -11.485 0.1000000015
119386  34.408  34.010  -11.127 0.1000000015
114636  30.221  27.206  -12.469 0.1000000015
118188  37.684  32.167  -12.189 0.1000000015
117561  37.048  31.556  -12.190 0.1000000015
117562  36.305  31.605  -12.138 0.1000000015
116883  35.871  30.765  -13.017 0.1000000015
115359  31.520  27.676  -12.395 0.1000000015
114634  31.809  27.518  -12.842 0.1000000015
116881  37.749  30.377  -12.708 0.1000000015
116882  36.779  30.735  -12.565 0.1000000015
116887  36.687  30.321  -13.464 0.1000000015
116114  37.554  29.784  -14.176 0.1000000015
115384  38.507  27.926  -16.019 0.1000000015
114688  37.911  27.653  -16.311 0.1000000015
156821  32.719  28.150  -14.148 0.1000000015
116886  37.536  30.052  -13.213 0.1000000015
116118  38.442  29.109  -15.003 0.1000000015
115372  35.760  28.141  -14.783 0.1000000015
139302  33.856  28.525  -15.189 0.1000000015
125030  32.226  44.120  11.918 0.1000000015
126257  34.467  47.241  9.747 0.1000000015
126258  32.665  46.423  9.308 0.1000000015
149663  33.797  46.226  9.620 0.1000000015
126244  36.850  47.446  9.952 0.1000000015
126776  37.214  48.098  10.428 0.1000000015
125621  37.098  46.622  11.711 0.1000000015
124442  33.524  43.570  11.895 0.1000000015
125651  31.467  45.350  8.534 0.1000000015
125638  32.951  45.430  9.261 0.1000000015
125637  33.861  45.333  9.484 0.1000000015
126243  37.505  46.991  10.316 0.1000000015
125620  37.765  46.404  11.331 0.1000000015
124441  34.644  43.862  12.241 0.1000000015
159058  33.994  44.178  9.204 0.1000000015
125044  35.328  44.896  9.681 0.1000000015
125629  37.794  46.225  10.404 0.1000000015
124460  34.025  43.553  8.992 0.1000000015
158478  35.726  44.262  9.673 0.1000000015
158085  33.025  41.529  8.266 0.1000000015
124459  34.695  43.181  9.114 0.1000000015
124453  37.658  44.228  10.395 0.1000000015
123329  33.678  41.448  8.389 0.1000000015
123325  34.847  41.964  8.905 0.1000000015
123895  36.107  42.849  9.621 0.1000000015
124452  38.181  44.276  10.911 0.1000000015
122752  32.733  40.378  7.470 0.1000000015
123890  37.819  43.338  10.719 0.1000000015
122169  33.624  39.748  6.334 0.1000000015
124554  31.845  43.148  -1.567 0.1000000015
125149  32.895  44.160  -1.468 0.1000000015
161629  32.173  40.569  -3.183 0.1000000015
136298  31.921  40.369  -2.527 0.1000000015
157644  31.119  41.986  -2.317 0.1000000015
124561  31.931  42.945  -2.405 0.1000000015
125752  33.453  45.530  -0.507 0.1000000015
122838  34.748  40.464  -2.557 0.1000000015
122850  33.374  40.548  -3.660 0.1000000015
122852  31.731  40.974  -3.318 0.1000000015
124017  32.141  42.388  -4.117 0.1000000015
123999  31.982  42.701  -3.268 0.1000000015
162209  33.680  44.560  -2.205 0.1000000015
125148  33.548  44.626  -1.686 0.1000000015
125770  33.982  45.236  -1.293 0.1000000015
122829  34.997  40.189  -1.714 0.1000000015
122851  32.465  40.781  -3.719 0.1000000015
123433  32.370  41.925  -4.628 0.1000000015
125161  34.196  45.005  -2.156 0.1000000015
125769  34.818  45.815  -1.716 0.1000000015
125800  35.117  45.488  -3.526 0.1000000015
125784  35.879  46.385  -3.019 0.1000000015
125768  35.756  46.568  -2.122 0.1000000015
125799  35.904  46.209  -3.997 0.1000000015
126388  36.627  47.248  -3.528 0.1000000015
126405  36.541  46.968  -6.630 0.1000000015
126399  37.313  48.158  -5.039 0.1000000015
152513  37.115  48.465  -10.046 0.1000000015
126963  37.131  48.957  -8.932 0.1000000015
126413  37.218  48.281  -7.242 0.1000000015
127506  36.822  49.195  -9.141 0.1000000015
153596  36.326  46.946  -11.897 0.1000000015
124679  34.743  43.764  -14.987 0.1000000015
124114  35.086  42.129  -14.762 0.1000000015
123534  34.068  41.725  -14.332 0.1000000015
161586  34.354  41.395  -13.955 0.1000000015
122947  34.024  40.702  -12.450 0.1000000015
121155  33.614  37.672  -9.489 0.1000000015
121682  32.151  38.349  -8.886 0.1000000015
147840  35.314  37.093  -10.701 0.1000000015
121154  34.195  37.796  -9.805 0.1000000015
120614  34.003  37.118  -9.828 0.1000000015
119996  34.728  35.566  -10.538 0.1000000015
120645  36.689  36.597  -12.248 0.1000000015
120009  36.934  35.596  -11.974 0.1000000015
143983  36.656  34.523  -11.503 0.1000000015
119366  35.048  34.788  -10.775 0.1000000015
119367  34.077  34.818  -10.770 0.1000000015
119385  35.572  34.002  -11.115 0.1000000015
146577  35.946  30.610  -13.922 0.1000000015
116890  36.769  30.161  -14.550 0.1000000015
116119  37.573  29.585  -15.302 0.1000000015
116124  37.437  29.351  -16.329 0.1000000015
114689  37.477  27.861  -16.906 0.1000000015
116131  37.880  28.419  -16.540 0.1000000015
114683  36.703  27.691  -16.137 0.1000000015
146097  36.800  30.065  -15.607 0.1000000015
126261  30.576  46.842  8.581 0.1000000015
151809  32.326  47.291  9.230 0.1000000015
126787  34.109  48.164  9.728 0.1000000015
126786  35.357  48.209  9.897 0.1000000015
125663  28.523  45.040  7.459 0.1000000015
125653  29.896  45.857  7.988 0.1000000015
126259  31.890  46.640  8.951 0.1000000015
156447  33.327  47.219  9.529 0.1000000015
124477  28.610  43.856  7.149 0.1000000015
156548  29.557  44.682  7.506 0.1000000015
125057  31.891  44.530  8.622 0.1000000015
125047  32.757  44.563  8.912 0.1000000015
123908  28.036  41.970  6.647 0.1000000015
123907  29.149  43.097  7.233 0.1000000015
150371  30.084  43.176  7.593 0.1000000015
124467  31.631  43.812  8.412 0.1000000015
125046  33.533  44.683  9.227 0.1000000015
123385  27.891  41.718  4.066 0.1000000015
123361  27.251  41.148  5.048 0.1000000015
122768  28.133  40.874  5.614 0.1000000015
123347  29.244  41.160  6.797 0.1000000015
159215  29.639  42.399  7.383 0.1000000015
150707  31.613  43.054  8.276 0.1000000015
124466  32.520  43.741  8.638 0.1000000015
123956  29.095  42.486  3.767 0.1000000015
123372  29.139  41.169  4.426 0.1000000015
122781  28.576  40.704  5.319 0.1000000015
122755  30.050  40.858  6.967 0.1000000015
123331  31.776  42.087  8.099 0.1000000015
123900  33.330  42.287  8.502 0.1000000015
123955  29.907  42.562  3.909 0.1000000015
123383  29.509  41.789  4.122 0.1000000015
122171  31.118  40.258  5.642 0.1000000015
122754  30.916  40.672  7.123 0.1000000015
123336  32.348  41.154  7.975 0.1000000015
123942  30.515  41.849  4.273 0.1000000015
123370  31.580  41.394  4.566 0.1000000015
122778  31.638  40.415  5.281 0.1000000015
122764  31.457  40.223  6.480 0.1000000015
123368  33.602  41.635  4.768 0.1000000015
122787  33.030  40.835  4.991 0.1000000015
122177  33.111  39.985  5.832 0.1000000015
123367  35.173  41.815  4.893 0.1000000015
153496  34.405  41.326  4.976 0.1000000015
122176  33.988  39.913  5.882 0.1000000015
124548  32.335  43.697  -1.276 0.1000000015
122230  33.551  40.066  -2.175 0.1000000015
122231  32.705  39.989  -1.987 0.1000000015
122841  31.012  41.473  -2.060 0.1000000015
123991  30.963  42.062  -1.587 0.1000000015
122223  34.183  39.868  -1.607 0.1000000015
122222  35.392  39.784  -1.064 0.1000000015
126361  33.736  46.349  -0.214 0.1000000015
125751  34.461  45.955  -0.936 0.1000000015
126373  35.420  46.636  -1.343 0.1000000015
126380  36.933  48.156  -3.294 0.1000000015
126372  36.301  47.670  -1.769 0.1000000015
126393  37.179  48.093  -4.069 0.1000000015
127490  36.879  49.312  -8.332 0.1000000015
126950  36.478  49.481  -7.854 0.1000000015
126404  37.297  48.267  -6.118 0.1000000015
126450  36.329  47.543  -11.185 0.1000000015
126438  35.980  47.983  -10.266 0.1000000015
126964  36.447  49.393  -8.629 0.1000000015
125293  34.456  45.041  -12.816 0.1000000015
125874  35.623  46.466  -11.657 0.1000000015
126451  35.363  46.705  -10.634 0.1000000015
125304  34.853  45.011  -13.875 0.1000000015
125321  34.467  44.451  -14.742 0.1000000015
123533  34.454  42.164  -15.016 0.1000000015
124115  33.666  42.227  -14.953 0.1000000015
151806  32.652  42.407  -14.449 0.1000000015
121705  32.861  38.634  -9.120 0.1000000015
121704  33.765  38.400  -9.615 0.1000000015
121186  36.047  37.081  -11.524 0.1000000015
121723  34.141  39.017  -10.291 0.1000000015
117578  35.394  31.064  -14.557 0.1000000015
114690  36.449  27.818  -16.750 0.1000000015
116891  36.106  30.576  -14.984 0.1000000015
127849  33.688  49.105  9.868 0.1000000015
127343  35.049  49.141  10.025 0.1000000015
126789  32.067  48.036  9.274 0.1000000015
126788  32.954  48.119  9.479 0.1000000015
123376  26.103  41.728  5.098 0.1000000015
123919  26.165  41.949  6.127 0.1000000015
123909  27.424  42.635  6.746 0.1000000015
124521  27.746  43.106  3.585 0.1000000015
123943  27.100  41.894  4.221 0.1000000015
123350  26.657  41.519  5.457 0.1000000015
125113  29.868  44.587  3.543 0.1000000015
124520  28.694  43.371  3.523 0.1000000015
125112  30.797  44.598  3.853 0.1000000015
124517  31.235  43.840  4.113 0.1000000015
123954  30.737  42.965  4.053 0.1000000015
124507  32.127  43.858  4.437 0.1000000015
155696  31.653  43.225  4.296 0.1000000015
158050  32.275  42.095  4.492 0.1000000015
125101  33.462  44.591  4.792 0.1000000015
150946  33.391  43.146  4.594 0.1000000015
123940  33.033  42.303  4.575 0.1000000015
153263  36.156  44.875  4.792 0.1000000015
122211  34.874  39.172  -0.683 0.1000000015
122225  32.690  39.701  -1.267 0.1000000015
122821  30.913  40.848  -0.741 0.1000000015
123990  31.273  42.686  -1.118 0.1000000015
125140  32.427  44.107  -0.761 0.1000000015
125753  32.578  45.216  0.150 0.1000000015
125737  32.965  45.918  0.258 0.1000000015
126349  34.130  47.233  0.054 0.1000000015
126887  34.699  48.175  0.186 0.1000000015
126897  36.141  48.293  -1.190 0.1000000015
127442  35.745  48.749  -0.609 0.1000000015
126914  36.626  48.290  -2.543 0.1000000015
126906  36.313  48.608  -1.778 0.1000000015
126936  36.410  48.946  -4.861 0.1000000015
126920  37.058  48.539  -3.870 0.1000000015
127458  36.038  48.900  -2.373 0.1000000015
164272  35.865  49.264  -8.171 0.1000000015
126951  35.606  49.049  -7.320 0.1000000015
126937  35.383  48.637  -5.670 0.1000000015
126929  35.552  48.419  -4.003 0.1000000015
125275  34.130  44.875  -11.700 0.1000000015
125294  33.817  44.728  -13.442 0.1000000015
125889  35.033  45.584  -12.182 0.1000000015
124680  34.257  43.614  -15.406 0.1000000015
124133  33.956  42.869  -15.629 0.1000000015
125305  33.709  44.642  -14.453 0.1000000015
124134  33.180  42.696  -15.582 0.1000000015
122287  33.379  39.218  -9.686 0.1000000015
122911  32.089  40.166  -9.703 0.1000000015
122923  32.433  40.540  -10.424 0.1000000015
156892  33.173  40.292  -10.813 0.1000000015
152774  31.586  41.596  -11.371 0.1000000015
122319  33.957  40.127  -11.470 0.1000000015
150488  28.860  44.529  3.412 0.1000000015
125691  32.177  45.374  4.482 0.1000000015
148179  33.499  45.947  5.035 0.1000000015
125690  33.042  45.321  4.823 0.1000000015
125686  36.821  45.901  4.816 0.1000000015
125100  34.291  44.636  4.870 0.1000000015
124505  33.836  43.895  4.719 0.1000000015
125099  35.173  44.716  4.849 0.1000000015
149792  34.639  43.916  4.715 0.1000000015
122224  33.384  39.724  -1.450 0.1000000015
122215  31.736  39.792  -0.520 0.1000000015
123402  30.830  41.485  -0.340 0.1000000015
124549  31.748  43.443  -0.659 0.1000000015
122820  31.211  40.287  -0.256 0.1000000015
126343  33.228  47.043  1.825 0.1000000015
126350  33.063  46.645  0.849 0.1000000015
127920  35.400  50.057  0.265 0.1000000015
127919  35.478  50.140  -0.473 0.1000000015
127459  34.938  48.743  -2.184 0.1000000015
127450  35.701  49.240  -1.627 0.1000000015
127932  35.533  50.004  -0.698 0.1000000015
127456  36.700  48.488  -3.373 0.1000000015
126406  34.667  47.954  -7.153 0.1000000015
126944  34.955  48.367  -6.524 0.1000000015
158842  34.420  47.708  -5.937 0.1000000015
126923  34.515  47.801  -3.360 0.1000000015
125863  34.479  45.885  -10.101 0.1000000015
126439  34.960  46.989  -9.593 0.1000000015
143326  34.206  47.102  -8.189 0.1000000015
126407  34.071  47.332  -6.563 0.1000000015
152510  33.643  44.675  -12.287 0.1000000015
125322  33.947  44.289  -15.313 0.1000000015
124700  33.683  43.789  -16.131 0.1000000015
124152  33.384  43.200  -16.169 0.1000000015
124153  32.739  43.083  -16.235 0.1000000015
123535  33.075  41.988  -13.661 0.1000000015
123522  33.744  41.393  -13.229 0.1000000015
122935  32.740  40.855  -11.240 0.1000000015
123509  32.317  41.478  -11.821 0.1000000015
123508  33.198  41.154  -12.087 0.1000000015
123523  32.229  41.941  -12.757 0.1000000015
162679  30.651  46.632  3.782 0.1000000015
125701  30.407  45.403  3.682 0.1000000015
125700  31.291  45.382  4.070 0.1000000015
126299  32.691  46.235  4.717 0.1000000015
126298  33.711  46.883  5.143 0.1000000015
125674  36.513  46.953  5.095 0.1000000015
126845  32.830  47.254  4.738 0.1000000015
126846  32.013  46.921  4.314 0.1000000015
126296  37.024  47.514  4.627 0.1000000015
123977  31.390  42.827  0.593 0.1000000015
127947  35.331  49.736  -1.162 0.1000000015
164237  34.001  48.313  -1.939 0.1000000015
127443  34.157  49.488  -1.125 0.1000000015
126938  34.354  47.602  -5.172 0.1000000015
126389  33.562  46.911  -3.771 0.1000000015
126916  34.001  47.828  -2.512 0.1000000015
125251  33.617  45.229  -9.857 0.1000000015
126429  34.110  46.553  -8.785 0.1000000015
126416  33.886  46.994  -7.425 0.1000000015
126401  33.545  46.816  -5.719 0.1000000015
125262  33.783  44.907  -10.739 0.1000000015
125306  32.972  44.674  -14.500 0.1000000015
125323  33.378  44.621  -15.656 0.1000000015
125344  32.587  44.308  -17.420 0.1000000015
124135  31.967  42.731  -15.077 0.1000000015
125336  33.213  44.557  -16.856 0.1000000015
125702  29.524  45.396  3.496 0.1000000015
126829  35.322  48.314  5.606 0.1000000015
126285  36.549  48.164  5.160 0.1000000015
127378  35.728  49.378  5.553 0.1000000015
127451  34.624  49.062  -1.638 0.1000000015
126395  33.529  46.809  -4.673 0.1000000015
126383  32.654  46.670  -2.684 0.1000000015
136449  33.082  47.241  -2.422 0.1000000015
126908  32.584  47.866  -1.331 0.1000000015
125263  32.910  44.632  -10.359 0.1000000015
125834  33.463  46.298  -8.131 0.1000000015
126408  33.216  46.476  -6.622 0.1000000015
126402  32.676  46.023  -5.948 0.1000000015
125295  32.854  44.570  -13.439 0.1000000015
125277  32.181  44.420  -11.598 0.1000000015
125941  32.718  44.955  -17.374 0.1000000015
124726  31.377  44.599  -17.676 0.1000000015
124702  32.267  43.520  -16.903 0.1000000015
124703  30.475  43.735  -16.789 0.1000000015
124681  31.553  43.209  -15.877 0.1000000015
127376  36.424  49.119  5.109 0.1000000015
126312  36.754  47.589  3.663 0.1000000015
125850  32.455  45.012  -8.611 0.1000000015
125836  32.109  45.332  -7.102 0.1000000015
125826  32.546  45.826  -6.658 0.1000000015
125812  32.237  45.728  -4.659 0.1000000015
142137  32.888  46.544  -3.331 0.1000000015
126374  32.378  47.044  -1.916 0.1000000015
136649  32.034  44.415  -10.063 0.1000000015
160866  32.826  45.614  -8.170 0.1000000015
136918  31.986  44.616  -13.587 0.1000000015
162781  32.304  44.428  -10.838 0.1000000015
125307  32.272  44.929  -14.800 0.1000000015
125324  32.693  45.192  -16.081 0.1000000015
125325  31.668  45.521  -15.288 0.1000000015
125929  32.063  45.711  -16.577 0.1000000015
136180  31.767  44.511  -9.088 0.1000000015
125239  31.844  44.772  -8.330 0.1000000015
125820  31.517  45.154  -5.613 0.1000000015
125177  31.228  45.092  -3.933 0.1000000015
126384  31.989  46.356  -2.381 0.1000000015
157055  31.538  45.454  -3.330 0.1000000015
126375  31.400  46.446  -1.715 0.1000000015
125296  32.031  44.457  -12.530 0.1000000015
125956  31.588  45.395  -17.632 0.1000000015
127436  29.780  48.128  0.638 0.1000000015
125227  31.501  44.792  -7.668 0.1000000015
141303  31.490  44.970  -6.873 0.1000000015
125206  30.902  44.796  -5.394 0.1000000015
127435  31.068  48.522  0.189 0.1000000015
125264  31.442  44.376  -10.874 0.1000000015
125802  30.911  45.017  -3.153 0.1000000015
125771  30.752  45.772  -1.899 0.1000000015
126362  30.954  46.871  -0.930 0.1000000015
125278  31.458  44.458  -11.795 0.1000000015
125913  30.868  45.890  -14.581 0.1000000015
125347  30.117  44.816  -17.389 0.1000000015
125772  30.010  45.525  -1.625 0.1000000015
126364  29.602  45.985  -0.927 0.1000000015
139125  29.683  47.349  0.180 0.1000000015
137242  30.862  44.448  -8.980 0.1000000015
125178  30.515  44.717  -3.820 0.1000000015
125788  30.324  45.108  -2.400 0.1000000015
126901  30.387  47.160  -0.352 0.1000000015
125265  30.474  44.543  -10.549 0.1000000015
126900  31.232  47.735  -0.430 0.1000000015
125162  30.128  44.632  -3.159 0.1000000015
126363  30.252  46.539  -0.748 0.1000000015
126351  28.787  46.767  0.150 0.1000000015
125789  29.469  45.017  -1.989 0.1000000015
114545  23.579  27.676  1.802 0.1000000015
116009  24.126  29.552  1.579 0.1000000015
113137  23.914  26.186  0.199 0.1000000015
141425  23.683  27.301  -0.429 0.1000000015
126785  36.568  48.265  10.017 0.1000000015
153209  36.880  48.720  10.366 0.1000000015
125308  31.252  45.035  -13.959 0.1000000015
150725  28.959  46.220  -0.441 0.1000000015
163097  37.386  31.677  0.704 0.1000000015
118116  36.893  33.269  -1.034 0.1000000015
122162  33.186  39.855  6.885 0.1000000015
122753  31.850  40.543  7.310 0.1000000015
123359  35.702  41.188  5.242 0.1000000015
122213  33.080  39.376  -0.771 0.1000000015
124422  38.106  44.131  13.141 0.1000000015
139147  38.241  42.150  -1.555 0.1000000015
116000  23.853  28.935  1.735 0.1000000015
116017  23.603  29.280  0.272 0.1000000015
147595  23.529  27.859  0.113 0.1000000015
156308  38.317  35.281  -8.867 0.1000000015
123450  40.522  41.769  -6.088 0.1000000015
122253  41.109  39.396  -7.459 0.1000000015
122252  42.068  39.824  -7.050 0.1000000015
141343  42.338  38.128  -8.514 0.1000000015
120591  42.365  36.775  -8.668 0.1000000015
119353  42.286  33.919  -9.617 0.1000000015
118169  41.594  32.576  -9.911 0.1000000015
118795  42.069  33.181  -9.738 0.1000000015
116731  25.688  29.928  3.111 0.1000000015
115250  24.958  28.274  3.418 0.1000000015
116743  26.049  30.645  2.884 0.1000000015
116744  25.272  30.392  2.572 0.1000000015
117411  26.141  31.934  1.184 0.1000000015
118100  26.745  32.246  0.744 0.1000000015
162319  27.271  32.399  1.114 0.1000000015
116754  25.006  30.775  1.871 0.1000000015
118118  30.201  32.587  -1.596 0.1000000015
118109  27.670  32.355  -0.305 0.1000000015
117423  26.052  31.913  0.270 0.1000000015
116762  24.986  30.995  0.919 0.1000000015
117425  24.781  30.912  0.120 0.1000000015
118117  30.824  32.927  -1.792 0.1000000015
118129  30.606  32.131  -2.228 0.1000000015
118120  28.728  32.266  -1.264 0.1000000015
117433  27.084  32.079  -0.876 0.1000000015
117435  25.639  31.592  -0.376 0.1000000015
119338  32.817  34.165  -5.201 0.1000000015
117448  28.180  31.892  -1.817 0.1000000015
117449  27.295  31.879  -1.672 0.1000000015
117436  24.949  31.171  -0.618 0.1000000015
120582  33.925  36.060  -6.227 0.1000000015
145465  33.228  33.804  -5.687 0.1000000015
118153  33.892  33.286  -6.272 0.1000000015
118138  31.693  31.728  -3.085 0.1000000015
117465  29.423  31.603  -2.601 0.1000000015
117467  27.552  31.698  -2.466 0.1000000015
143816  23.505  28.058  -0.755 0.1000000015
116029  23.531  29.586  -1.413 0.1000000015
115285  23.420  28.859  -1.115 0.1000000015
122237  38.501  39.770  -4.490 0.1000000015
122880  42.438  40.038  -7.296 0.1000000015
123472  41.604  41.919  -8.488 0.1000000015
121171  42.571  36.992  -9.206 0.1000000015
118168  42.125  32.718  -10.145 0.1000000015
115245  30.002  28.971  2.958 0.1000000015
114519  25.554  27.689  3.795 0.1000000015
115260  32.181  28.214  2.693 0.1000000015
136275  31.996  28.959  3.174 0.1000000015
115257  35.176  28.173  2.619 0.1000000015
115978  34.357  29.344  3.351 0.1000000015
116723  34.095  30.150  3.498 0.1000000015
117389  26.879  30.930  3.073 0.1000000015
116729  27.338  30.290  3.342 0.1000000015
155231  26.347  31.186  2.612 0.1000000015
118076  27.115  31.900  2.228 0.1000000015
153127  27.890  32.579  1.113 0.1000000015
118086  28.228  32.567  1.909 0.1000000015
119317  31.988  34.094  -3.141 0.1000000015
117469  25.684  31.542  -2.019 0.1000000015
116788  24.245  30.695  -2.115 0.1000000015
120626  41.995  36.495  -10.422 0.1000000015
144004  42.194  37.689  -9.629 0.1000000015
119365  42.498  34.220  -9.881 0.1000000015
118802  42.374  33.323  -10.298 0.1000000015
149309  42.000  31.936  -10.553 0.1000000015
115981  31.202  29.134  3.179 0.1000000015
137394  30.896  29.893  3.494 0.1000000015
115982  30.199  29.613  3.245 0.1000000015
152970  28.674  30.954  3.387 0.1000000015
117383  33.765  30.962  3.372 0.1000000015
117384  32.960  31.105  3.504 0.1000000015
160983  32.738  31.550  3.305 0.1000000015
139029  27.752  30.981  3.270 0.1000000015
118074  28.661  32.207  2.609 0.1000000015
118715  31.172  33.349  1.289 0.1000000015
118716  30.347  33.234  1.529 0.1000000015
146812  30.738  33.506  -0.103 0.1000000015
119309  31.845  33.988  -2.357 0.1000000015
118745  32.025  33.987  -1.029 0.1000000015
118746  31.322  33.566  -1.305 0.1000000015
120564  33.851  36.220  -4.030 0.1000000015
117526  35.777  31.272  -7.067 0.1000000015
158277  39.639  37.241  -11.906 0.1000000015
156767  40.154  38.194  -10.862 0.1000000015
119402  40.245  34.297  -12.874 0.1000000015
116836  38.293  29.624  -8.303 0.1000000015
123481  39.942  41.725  -9.601 0.1000000015
116077  39.173  29.323  -8.700 0.1000000015
117387  30.336  31.202  3.459 0.1000000015
117397  34.233  31.492  2.796 0.1000000015
118069  33.840  32.197  2.321 0.1000000015
118061  30.826  31.891  3.171 0.1000000015
118072  30.472  32.440  2.718 0.1000000015
117422  35.892  32.069  1.283 0.1000000015
118094  35.184  32.349  1.384 0.1000000015
118081  33.420  32.805  1.703 0.1000000015
118082  32.533  32.994  1.776 0.1000000015
118095  34.789  33.025  0.811 0.1000000015
118722  33.316  33.656  0.369 0.1000000015
118714  32.047  33.423  1.037 0.1000000015
118721  34.738  33.540  0.107 0.1000000015
118734  34.611  34.070  -0.540 0.1000000015
138610  32.559  33.606  0.515 0.1000000015
119286  32.818  34.264  -0.914 0.1000000015
119294  34.349  34.625  -1.341 0.1000000015
119295  33.265  34.603  -1.503 0.1000000015
156928  32.932  34.759  -2.181 0.1000000015
118742  37.319  33.469  -1.647 0.1000000015
119292  36.107  34.353  -1.631 0.1000000015
118754  36.979  34.125  -2.005 0.1000000015
119305  35.570  34.958  -2.213 0.1000000015
119922  33.070  35.160  -2.870 0.1000000015
119921  33.962  35.426  -2.753 0.1000000015
119933  35.298  35.861  -3.352 0.1000000015
119934  34.306  35.862  -3.373 0.1000000015
120574  35.226  37.031  -4.337 0.1000000015
121185  39.178  37.557  -12.089 0.1000000015
121727  38.467  38.090  -12.402 0.1000000015
150643  38.609  36.867  -13.354 0.1000000015
120656  37.674  36.884  -13.548 0.1000000015
121192  37.381  37.719  -13.376 0.1000000015
115301  37.050  28.367  -7.392 0.1000000015
145628  37.903  27.769  -7.925 0.1000000015
115338  41.600  28.619  -10.833 0.1000000015
114595  39.769  27.568  -9.760 0.1000000015
158214  33.762  29.929  -5.309 0.1000000015
162514  39.352  44.956  -8.751 0.1000000015
125261  38.824  44.839  -10.657 0.1000000015
162979  39.823  27.318  -11.436 0.1000000015
124043  36.611  42.558  -6.573 0.1000000015
136395  38.229  43.670  -7.340 0.1000000015
125273  38.369  45.071  -11.208 0.1000000015
114629  38.533  27.378  -12.579 0.1000000015
124622  36.695  44.004  -8.807 0.1000000015
125250  37.346  45.638  -9.598 0.1000000015
140696  38.208  46.438  -10.379 0.1000000015
146593  37.586  27.568  -13.032 0.1000000015
122837  35.596  40.761  -2.089 0.1000000015
123440  35.038  41.700  -5.887 0.1000000015
145282  37.901  47.036  -11.415 0.1000000015
115346  31.682  28.093  -12.021 0.1000000015
124057  35.549  42.841  -7.500 0.1000000015
124613  35.356  43.547  -7.827 0.1000000015
148110  36.009  45.052  -8.643 0.1000000015
125887  37.435  46.649  -11.951 0.1000000015
144827  37.470  33.085  -12.082 0.1000000015
156763  33.657  28.190  -13.275 0.1000000015
123886  30.558  42.471  11.814 0.1000000015
123881  34.913  42.309  12.081 0.1000000015
124425  35.592  44.172  12.488 0.1000000015
123861  36.450  42.668  12.848 0.1000000015
124045  34.993  42.499  -6.921 0.1000000015
125205  33.810  43.820  -5.701 0.1000000015
125824  35.564  45.637  -7.039 0.1000000015
126437  37.292  48.070  -9.691 0.1000000015
126472  36.656  46.733  -12.203 0.1000000015
125888  35.881  46.252  -12.485 0.1000000015
118179  35.986  32.328  -11.783 0.1000000015
115374  33.588  28.376  -14.145 0.1000000015
116123  38.220  28.747  -15.901 0.1000000015
114682  37.424  27.520  -15.939 0.1000000015
115385  35.804  28.114  -15.773 0.1000000015
149625  32.700  43.709  11.759 0.1000000015
125652  30.654  45.596  8.182 0.1000000015
125619  38.046  45.969  11.215 0.1000000015
125610  38.055  45.279  11.811 0.1000000015
123432  32.920  41.532  -4.933 0.1000000015
123431  33.763  41.240  -5.014 0.1000000015
124579  33.193  43.361  -5.046 0.1000000015
124132  34.616  42.884  -15.188 0.1000000015
151569  36.359  33.715  -11.449 0.1000000015
119995  35.523  35.567  -10.801 0.1000000015
118178  36.825  32.288  -11.954 0.1000000015
126256  35.837  46.556  9.832 0.1000000015
159580  37.594  47.344  10.840 0.1000000015
125636  36.087  45.786  9.825 0.1000000015
124465  33.305  43.205  8.691 0.1000000015
157651  34.598  42.574  8.921 0.1000000015
124458  35.518  43.484  9.483 0.1000000015
122763  32.361  40.053  6.687 0.1000000015
157781  31.454  40.434  -1.867 0.1000000015
123417  31.376  41.619  -2.951 0.1000000015
126943  37.392  49.113  -6.731 0.1000000015
127469  37.085  49.258  -5.303 0.1000000015
126980  35.756  48.463  -9.446 0.1000000015
120628  34.529  36.486  -10.277 0.1000000015
121722  34.542  38.264  -10.335 0.1000000015
142460  36.198  36.077  -11.293 0.1000000015
124475  30.167  44.213  7.708 0.1000000015
123340  28.922  42.047  7.063 0.1000000015
123373  28.318  41.186  4.460 0.1000000015
123906  30.302  42.133  7.623 0.1000000015
123338  30.534  41.323  7.471 0.1000000015
123901  32.474  42.817  8.438 0.1000000015
122791  28.821  40.786  4.820 0.1000000015
122790  29.798  40.718  4.824 0.1000000015
122765  30.530  40.407  6.328 0.1000000015
156249  29.570  43.193  3.660 0.1000000015
122789  31.313  40.713  4.859 0.1000000015
122777  32.565  40.370  5.388 0.1000000015
126898  35.355  47.744  -0.566 0.1000000015
127476  37.086  49.336  -6.335 0.1000000015
126428  34.907  47.684  -8.771 0.1000000015
122306  33.644  39.685  -10.482 0.1000000015
127945  36.040  49.161  -1.208 0.1000000015
126922  35.860  48.667  -3.203 0.1000000015
147174  35.200  48.304  -4.761 0.1000000015
126930  34.393  47.575  -4.260 0.1000000015
125276  33.099  44.555  -11.382 0.1000000015
125688  34.769  45.474  5.066 0.1000000015
126297  34.300  46.174  5.204 0.1000000015
125687  35.780  45.711  5.011 0.1000000015
124099  31.402  42.278  -13.005 0.1000000015
126390  32.717  46.219  -4.084 0.1000000015
125849  33.308  45.576  -8.879 0.1000000015
102664  43.387  12.545  9.844 0.1000000015
162732  44.023  12.703  10.096 0.1000000015
103521  43.437  13.248  10.437 0.1000000015
102663  44.783  12.570  9.907 0.1000000015
102662  45.585  12.628  9.921 0.1000000015
102674  45.781  12.476  9.409 0.1000000015
153777  45.242  12.417  9.472 0.1000000015
102675  44.640  12.216  9.252 0.1000000015
101822  45.128  12.191  8.491 0.1000000015
108431  32.805  19.452  20.755 0.1000000015
103520  44.399  13.133  10.522 0.1000000015
103507  43.944  13.803  11.068 0.1000000015
109989  32.821  21.311  21.214 0.1000000015
108424  32.654  20.108  21.004 0.1000000015
107670  32.570  19.171  19.969 0.1000000015
107684  32.501  19.076  18.010 0.1000000015
103518  46.005  13.016  10.406 0.1000000015
102661  46.270  12.704  9.841 0.1000000015
102691  45.823  12.371  8.923 0.1000000015
102690  46.561  12.610  8.748 0.1000000015
102700  45.123  12.186  7.892 0.1000000015
137561  45.847  12.409  8.172 0.1000000015
109238  32.563  20.571  20.133 0.1000000015
108432  32.446  19.991  20.327 0.1000000015
148037  32.401  19.747  18.787 0.1000000015
103505  45.665  13.568  11.013 0.1000000015
103517  46.785  13.120  10.303 0.2000000030
110017  33.238  21.180  19.886 0.1000000015
109252  32.962  20.657  19.191 0.1000000015
109267  32.707  20.261  18.539 0.1000000015
109266  33.276  20.514  18.285 0.1000000015
108452  32.554  19.637  17.395 0.1000000015
153372  34.379  20.762  19.262 0.1000000015
109251  33.565  20.810  19.182 0.1000000015
163984  33.954  20.669  18.576 0.1000000015
110007  36.094  21.288  20.492 0.1000000015
157950  35.725  20.843  20.081 0.1000000015
110006  36.946  21.356  20.705 0.1000000015
110014  36.566  20.870  20.252 0.1000000015
109249  36.212  20.625  19.490 0.1000000015
110013  37.480  20.936  20.375 0.1000000015
102672  47.281  12.895  9.164 0.1000000015
109280  32.801  20.203  17.726 0.1000000015
109248  37.098  20.632  19.624 0.1000000015
110015  35.380  21.300  20.274 0.1000000015
152280  35.304  20.653  19.337 0.1000000015
109990  32.771  21.199  20.544 0.1000000015
108437  32.386  19.753  19.594 0.1000000015
107674  32.480  18.992  19.048 0.1000000015
110018  32.823  20.959  19.920 0.1000000015
109253  32.570  20.351  19.423 0.1000000015
111570  35.968  23.966  2.968 0.1000000015
111581  36.488  23.878  1.204 0.1000000015
111569  36.682  23.824  2.427 0.1000000015
111580  37.246  23.544  0.616 0.1000000015
111594  36.084  23.703  -0.097 0.1000000015
143030  35.659  21.860  5.064 0.1000000015
110101  34.657  21.470  5.301 0.1000000015
110802  34.754  22.228  4.938 0.1000000015
110797  38.509  22.773  4.697 0.1000000015
110801  35.487  22.669  4.678 0.1000000015
111539  36.132  23.581  3.813 0.1000000015
110099  37.211  21.543  5.374 0.1000000015
137875  36.347  21.291  5.391 0.1000000015
135946  38.119  22.393  5.027 0.1000000015
110800  36.219  23.026  4.390 0.1000000015
156369  37.043  23.268  4.004 0.1000000015
111579  38.228  23.407  1.579 0.1000000015
111568  37.483  23.610  1.980 0.1000000015
111592  38.114  23.314  0.580 0.1000000015
142229  36.654  21.962  4.980 0.1000000015
110780  37.491  22.276  4.916 0.1000000015
138774  36.903  22.612  4.585 0.1000000015
158730  36.208  22.422  4.754 0.1000000015
110798  37.976  22.669  4.661 0.1000000015
110799  37.595  22.869  4.412 0.1000000015
136522  38.906  23.335  3.132 0.1000000015
111553  38.283  23.295  3.533 0.1000000015
111567  38.272  23.402  2.625 0.1000000015
111554  37.519  23.482  3.154 0.1000000015
111566  38.924  23.362  2.185 0.1000000015
138271  38.875  23.331  1.133 0.1000000015
111538  38.190  23.050  4.225 0.1000000015
158845  37.779  23.230  3.905 0.1000000015
157829  36.703  23.648  3.309 0.1000000015
111593  36.437  23.302  -0.678 0.1000000015
102673  46.431  12.620  9.330 0.1000000015
102676  44.062  12.303  9.576 0.1000000015
102692  45.199  12.257  9.028 0.1000000015
102699  46.236  12.691  7.541 0.1000000015
102701  44.702  12.140  7.365 0.1000000015
102771  41.014  12.335  -1.587 0.1000000015
102782  47.123  13.013  -5.034 0.1000000015
103503  47.401  13.661  10.859 0.3000000119
103530  49.357  13.892  9.380 0.4000000060
103564  43.344  13.701  3.588 0.1000000015
103585  42.835  13.210  0.810 0.1000000015
103624  47.275  14.335  -4.778 0.1000000015
103627  43.736  13.394  -3.916 0.1000000015
103633  47.215  13.664  -5.168 0.1000000015
103634  46.509  13.928  -5.453 0.1000000015
104406  50.822  15.577  11.162 0.5000000000
104437  51.130  15.917  8.248 0.4000000060
104440  51.144  15.836  7.316 0.3000000119
104445  50.623  15.179  6.381 0.4000000060
104451  49.482  14.786  5.406 0.3000000119
104459  46.455  14.425  4.023 0.1000000015
104472  47.994  15.101  2.667 0.2000000030
104487  43.714  14.179  1.505 0.1000000015
104503  45.532  14.547  -0.551 0.1000000015
104531  46.710  14.467  -2.738 0.1000000015
104546  40.197  15.041  -3.103 0.1000000015
105172  28.577  15.693  24.449 0.1000000015
105192  39.131  14.939  22.685 0.1000000015
105202  30.828  14.691  22.076 0.1000000015
105248  50.559  15.896  13.174 0.6000000238
105274  48.856  15.240  12.832 0.4000000060
105312  50.937  16.209  8.262 0.4000000060
105314  51.020  16.091  6.587 0.3000000119
105315  50.891  15.899  6.077 0.3000000119
105317  50.448  15.751  5.249 0.3000000119
105343  49.223  15.787  0.504 0.2000000030
105366  47.781  16.025  -2.497 0.1000000015
105367  47.730  15.744  -2.442 0.1000000015
105383  38.505  15.791  -3.715 0.1000000015
105390  47.208  15.477  -4.468 0.1000000015
105392  45.889  15.679  -4.967 0.1000000015
105395  41.558  16.817  -4.403 0.1000000015
105954  40.594  15.934  25.146 0.1000000015
105967  41.305  16.338  24.921 0.1000000015
105990  28.988  16.550  23.153 0.1000000015
106003  29.055  16.101  22.271 0.1000000015
106043  48.960  17.215  15.233 0.5000000000
106138  50.663  15.896  5.555 0.3000000119
106163  48.233  16.771  3.067 0.3000000119
106199  49.466  16.548  1.418 0.2000000030
106200  48.112  17.086  0.787 0.2000000030
106202  46.099  16.776  1.578 0.2000000030
106208  39.637  16.379  1.029 0.2000000030
106217  49.183  16.609  0.707 0.2000000030
106218  49.004  16.782  0.574 0.2000000030
106222  44.710  16.560  0.754 0.2000000030
106251  48.068  16.339  -1.058 0.1000000015
106253  46.724  16.552  -1.995 0.1000000015
106255  42.419  17.084  -3.174 0.2000000030
106259  39.158  17.287  -1.775 0.1000000015
106276  47.025  16.399  -3.496 0.1000000015
106278  45.151  16.426  -4.206 0.1000000015
106281  38.110  16.918  -3.910 0.1000000015
106282  36.478  16.812  -3.100 0.1000000015
106290  41.113  17.124  -4.365 0.1000000015
106291  40.338  16.938  -4.385 0.1000000015
106292  38.891  16.865  -4.165 0.1000000015
106792  41.928  17.504  25.487 0.1000000015
106798  30.269  17.734  25.346 0.1000000015
106807  41.656  16.893  24.859 0.1000000015
106839  31.065  17.065  22.926 0.1000000015
106884  49.614  17.928  14.912 0.6999999881
106946  39.865  17.778  6.310 0.4000000060
106985  49.407  16.720  1.594 0.2000000030
106997  49.033  17.006  1.002 0.2000000030
106998  48.913  16.877  0.511 0.2000000030
107018  38.478  17.280  -1.596 0.1000000015
107034  41.237  17.462  -3.579 0.2000000030
107035  40.633  17.535  -3.347 0.2000000030
107036  39.692  17.649  -3.008 0.1000000015
107037  38.624  17.605  -3.112 0.1000000015
107052  40.624  17.294  -4.130 0.1000000015
107053  39.710  17.233  -4.044 0.1000000015
107598  42.112  17.987  25.979 0.1000000015
107672  45.335  18.979  18.975 0.6000000238
107678  47.134  18.792  18.272 0.6999999881
107689  44.901  18.156  17.694 0.5000000000
107701  33.117  18.157  16.623 0.2000000030
107718  37.978  18.829  15.047 0.2000000030
108444  32.459  19.850  18.086 0.1000000015
108448  47.482  18.728  17.602 0.6999999881
108458  42.315  18.972  16.317 0.2000000030
108479  38.163  19.529  15.003 0.2000000030
108492  49.633  18.817  13.178 0.6999999881
108514  42.980  19.432  9.442 0.6000000238
108515  42.326  19.390  9.141 0.6000000238
108523  39.404  19.601  7.485 0.4000000060
109175  39.059  20.723  25.072 0.1000000015
109225  32.613  20.651  20.787 0.1000000015
109261  39.366  20.515  18.779 0.3000000119
109271  43.289  20.166  18.262 0.4000000060
109350  42.197  20.891  8.545 0.5000000000
109359  38.190  20.669  6.767 0.4000000060
109940  38.232  21.967  24.997 0.1000000015
109949  36.676  21.468  24.275 0.1000000015
109961  35.315  21.802  23.568 0.1000000015
109999  44.374  21.709  20.489 0.6999999881
110009  33.114  21.612  20.414 0.1000000015
110077  42.398  21.788  7.584 0.4000000060
110630  41.719  21.782  26.999 0.1000000015
110637  41.333  22.341  26.435 0.1000000015
110680  41.558  22.478  21.246 0.6000000238
110696  42.877  22.198  21.038 0.6000000238
110705  44.844  23.445  19.727 0.8000000119
110751  42.325  22.205  6.986 0.4000000060
110763  39.446  22.033  6.348 0.4000000060
110769  49.136  22.686  4.882 0.8999999762
110791  49.028  22.600  4.165 0.8999999762
110793  47.730  22.208  3.751 0.8999999762
110820  44.549  22.742  1.958 0.3000000119
110859  44.912  22.583  -3.510 0.6000000238
110866  44.321  22.743  -4.093 0.6000000238
111337  40.628  22.375  28.365 0.1000000015
111363  40.824  23.227  26.413 0.1000000015
111370  40.957  23.037  26.131 0.1000000015
111391  35.291  23.354  23.336 0.1000000015
111392  34.660  23.039  23.006 0.1000000015
111413  33.529  23.465  21.220 0.2000000030
111432  33.671  23.627  20.610 0.2000000030
111441  34.975  22.879  20.107 0.2000000030
111459  42.846  23.656  16.771 0.6000000238
111475  38.336  23.314  14.274 0.4000000060
111477  36.052  23.867  13.976 0.4000000060
111486  36.383  23.634  13.282 0.4000000060
111493  39.705  23.572  12.971 0.5000000000
111502  46.269  22.917  11.883 0.8999999762
111548  49.146  22.938  3.444 0.8999999762
111563  43.827  23.098  2.280 0.3000000119
111598  47.072  22.560  -0.780 0.8000000119
111611  37.439  22.932  -2.540 0.1000000015
111616  46.423  23.270  -4.299 0.6999999881
111620  39.960  23.443  -3.136 0.3000000119
111626  46.489  23.650  -4.644 0.6000000238
111627  46.111  23.104  -4.511 0.6000000238
111630  42.450  23.384  -4.064 0.3000000119
111634  45.946  23.319  -4.676 0.6000000238
112116  37.924  24.443  29.307 0.1000000015
112147  40.342  24.323  25.302 0.1000000015
112155  39.919  24.843  24.836 0.1000000015
112167  37.092  24.736  23.923 0.2000000030
112182  34.240  24.061  22.186 0.1000000015
112193  34.024  24.541  21.469 0.2000000030
112246  46.052  25.720  16.005 0.8999999762
112267  35.742  24.383  14.406 0.4000000060
112268  34.629  24.230  13.961 0.4000000060
112269  32.935  24.649  13.965 0.4000000060
112275  41.199  24.256  13.115 0.5000000000
112277  33.385  24.444  13.367 0.4000000060
112286  36.478  24.086  12.251 0.4000000060
112288  34.600  24.357  12.454 0.4000000060
112289  33.767  24.461  12.673 0.4000000060
112295  38.046  24.487  11.725 0.5000000000
112315  48.867  24.779  6.172 0.8999999762
112325  49.392  23.766  4.629 0.8999999762
112339  47.597  24.667  2.248 0.8999999762
112356  48.514  23.447  1.380 0.8999999762
112404  41.050  23.663  -3.686 0.3000000119
112418  46.436  23.923  -4.969 0.6000000238
112841  39.076  24.455  28.329 0.1000000015
112873  40.463  25.593  25.128 0.1000000015
112879  40.559  25.928  24.895 0.1000000015
112999  45.826  25.654  16.442 0.6999999881
113004  46.138  26.138  15.312 0.6999999881
113006  45.318  26.101  15.778 0.6999999881
113010  35.351  24.911  14.654 0.4000000060
113012  33.138  25.764  14.853 0.3000000119
113015  46.271  26.234  14.581 0.8999999762
113023  30.996  25.846  14.198 0.2000000030
113030  30.783  25.745  13.470 0.2000000030
113032  46.749  25.966  12.816 0.8000000119
113038  31.778  25.408  12.647 0.3000000119
113039  31.077  25.605  12.870 0.2000000030
113044  41.316  26.033  11.685 0.6000000238
113050  35.128  25.521  11.478 0.5000000000
113052  33.422  24.908  12.227 0.4000000060
113085  44.198  25.858  3.841 0.8999999762
113114  44.123  25.714  1.696 0.8999999762
113552  36.092  26.137  29.809 0.1000000015
113583  40.033  26.311  26.086 0.1000000015
113619  40.613  27.061  24.382 0.1000000015
113623  36.930  25.993  23.230 0.2000000030
113639  36.468  26.383  22.598 0.2000000030
113673  35.151  26.624  20.475 0.2000000030
113704  35.862  26.290  18.602 0.2000000030
113733  32.864  26.563  15.126 0.3000000119
113737  45.312  26.586  14.584 0.6000000238
113738  44.594  26.435  14.323 0.6000000238
113740  30.809  26.723  14.547 0.2000000030
113741  30.109  26.853  14.117 0.2000000030
113762  47.103  26.844  11.562 0.8999999762
113778  29.601  26.942  12.205 0.2000000030
113786  40.405  27.297  10.691 0.6000000238
113787  39.049  26.829  10.849 0.5000000000
113790  36.492  26.823  10.930 0.5000000000
113793  47.062  26.729  9.285 0.8999999762
113795  45.101  26.985  9.428 0.8000000119
113797  47.402  26.487  8.405 0.8999999762
113809  45.941  26.712  7.674 0.8999999762
113822  46.968  26.317  6.048 0.8999999762
113824  42.729  27.450  5.272 0.8999999762
113829  28.546  26.638  4.131 0.1000000015
113843  43.047  27.037  2.989 0.8999999762
113880  23.956  26.554  -0.353 0.1000000015
113897  47.409  26.031  -4.785 0.6000000238
113904  47.077  25.976  -5.139 0.5000000000
114276  36.427  27.388  29.019 0.1000000015
114285  38.186  26.891  26.948 0.1000000015
114345  38.572  27.836  22.757 0.2000000030
114360  36.448  27.501  21.456 0.2000000030
114391  35.611  26.978  19.144 0.2000000030
114449  46.299  26.842  12.766 0.8000000119
114450  29.191  27.435  13.329 0.2000000030
114453  46.602  26.966  11.961 0.8000000119
114456  28.530  27.919  12.056 0.2000000030
114458  46.890  27.068  11.492 0.8000000119
114470  46.858  27.141  10.891 0.8999999762
114477  37.799  27.512  10.704 0.5000000000
114479  35.596  27.860  10.899 0.5000000000
114485  43.218  27.960  9.552 0.6999999881
114508  42.427  27.939  4.737 0.8999999762
114513  42.716  28.288  3.775 0.8999999762
114518  26.322  27.913  3.930 0.1000000015
114554  47.311  27.960  -1.121 0.6999999881
114575  46.230  27.373  -4.831 0.5000000000
114604  39.409  27.450  -10.505 0.1000000015
114612  40.719  27.710  -11.930 0.1000000015
114614  39.008  27.418  -11.484 0.1000000015
114645  40.109  27.293  -13.585 0.1000000015
114665  39.415  27.234  -14.884 0.1000000015
114669  36.574  27.731  -15.349 0.1000000015
114680  39.067  27.299  -15.216 0.1000000015
114687  38.516  27.569  -15.812 0.1000000015
115071  40.644  27.711  24.732 0.1000000015
115108  40.034  29.524  21.461 0.2000000030
115176  34.645  28.683  15.728 0.3000000119
115182  29.445  28.110  13.781 0.2000000030
115185  28.319  28.384  12.547 0.1000000015
115193  29.833  27.833  11.344 0.2000000030
115196  27.793  29.060  11.547 0.2000000030
115199  41.607  28.460  10.145 0.6000000238
115200  40.307  28.415  10.465 0.6000000238
115201  37.598  28.212  10.633 0.5000000000
115205  33.178  28.862  11.089 0.2000000030
115209  28.777  28.867  10.914 0.2000000030
115222  43.379  28.784  7.420 0.8999999762
115232  42.107  29.320  5.266 0.8999999762
115253  43.772  28.561  2.630 1.0000000000
115254  43.190  28.213  3.058 0.8999999762
115265  44.977  28.569  1.529 0.8999999762
115267  39.470  28.483  1.502 0.2000000030
115272  41.407  28.332  0.343 0.2000000030
115294  46.921  27.411  -4.582 0.5000000000
115317  40.877  28.031  -9.883 0.1000000015
115328  40.557  27.669  -10.172 0.1000000015
115339  41.180  27.978  -11.216 0.1000000015
115348  29.622  27.972  -11.452 0.1000000015
115398  37.999  27.866  -16.492 0.1000000015
115399  35.649  28.117  -16.661 0.1000000015
115815  40.531  29.298  23.948 0.2000000030
115823  40.764  28.932  23.407 0.2000000030
115911  35.438  29.868  16.096 0.3000000119
115935  27.512  29.392  11.963 0.1000000015
115990  46.981  30.231  2.235 0.6999999881
115992  45.625  29.555  2.721 0.6999999881
116012  47.333  29.676  0.925 0.8000000119
116019  47.339  29.041  -0.473 0.6999999881
116022  41.028  30.075  -0.121 0.2000000030
116034  43.497  29.899  -2.701 0.5000000000
116037  46.402  29.105  -3.998 0.5000000000
116054  34.555  29.748  -5.645 0.1000000015
116061  36.106  28.635  -7.028 0.1000000015
116076  41.508  29.340  -9.967 0.1000000015
116083  41.757  29.152  -10.400 0.1000000015
116086  33.379  30.109  -10.324 0.1000000015
116101  30.726  29.059  -11.539 0.1000000015
116105  40.436  29.290  -12.603 0.1000000015
116112  39.424  29.006  -13.738 0.1000000015
116122  38.960  28.131  -15.457 0.1000000015
116531  40.001  30.632  23.435 0.2000000030
116558  40.789  30.847  19.588 0.2000000030
116641  30.815  30.243  13.943 0.1000000015
116650  29.199  29.933  13.468 0.1000000015
116651  27.883  29.930  12.808 0.1000000015
116661  27.120  30.749  12.230 0.1000000015
116673  37.045  30.729  11.320 0.4000000060
116674  36.126  30.778  11.140 0.3000000119
116685  37.440  29.849  11.044 0.4000000060
116689  32.102  30.474  10.481 0.2000000030
116691  30.390  30.189  10.430 0.2000000030
116698  30.166  31.278  10.036 0.2000000030
116699  29.460  30.989  10.128 0.2000000030
116704  42.913  30.656  7.331 0.8999999762
116712  44.957  31.279  4.449 0.8000000119
116714  42.804  30.457  4.971 0.8999999762
116719  46.150  30.810  3.415 0.6999999881
116727  30.135  30.353  3.434 0.1000000015
116786  41.800  30.785  -2.440 0.2000000030
116796  42.100  31.002  -3.034 0.2000000030
116803  45.512  30.707  -4.399 0.6000000238
116806  43.230  31.317  -4.159 0.3000000119
116814  35.296  29.933  -5.788 0.1000000015
116850  32.458  30.558  -9.571 0.1000000015
116865  29.163  30.236  -10.624 0.1000000015
116872  41.638  30.198  -11.482 0.1000000015
117231  40.361  32.057  20.415 0.1000000015
117244  40.768  31.946  18.890 0.2000000030
117291  33.440  31.890  15.360 0.1000000015
117322  38.320  31.650  12.471 0.4000000060
117332  43.652  32.310  11.322 0.8999999762
117337  38.866  31.166  11.896 0.4000000060
117340  26.635  31.788  11.539 0.1000000015
117345  44.207  32.332  10.345 0.8999999762
117356  26.828  31.263  11.073 0.1000000015
117363  30.906  32.073  9.841 0.2000000030
117366  28.724  31.379  10.010 0.2000000030
117369  44.449  31.471  9.077 0.8999999762
117375  42.917  31.624  6.912 0.8999999762
117379  42.858  31.564  6.101 0.8999999762
117394  46.541  31.204  2.501 0.6999999881
117406  46.647  31.198  1.556 0.6999999881
117444  40.255  31.456  -1.930 0.2000000030
117462  39.548  31.952  -2.037 0.2000000030
117478  32.450  31.126  -3.529 0.1000000015
117537  36.839  31.859  -8.084 0.1000000015
117548  38.750  31.677  -9.072 0.1000000015
117556  41.899  30.857  -10.570 0.1000000015
117566  39.779  31.964  -12.575 0.1000000015
117878  38.260  32.727  23.409 0.1000000015
117880  37.440  32.258  23.804 0.1000000015
117936  40.250  32.496  18.528 0.2000000030
117938  38.469  33.310  18.406 0.1000000015
117969  41.656  33.440  14.957 0.5000000000
117990  43.014  32.955  13.153 0.6000000238
117991  42.011  32.877  14.293 0.4000000060
118012  34.045  32.626  11.212 0.2000000030
118020  44.187  32.783  10.508 0.8999999762
118023  33.366  32.522  10.818 0.2000000030
118024  32.636  32.495  10.443 0.2000000030
118025  31.918  32.508  10.156 0.2000000030
118034  31.233  32.578  9.910 0.2000000030
118035  30.528  32.574  9.735 0.2000000030
118043  44.259  33.273  9.427 0.8999999762
118053  43.881  32.870  4.776 0.6999999881
118055  42.239  33.054  3.684 0.6999999881
118058  42.826  32.862  3.386 0.6999999881
118067  44.071  32.574  2.563 0.6999999881
118079  45.283  33.030  1.248 0.6999999881
118091  46.096  32.272  0.731 0.6999999881
118140  44.898  32.709  -4.399 0.5000000000
118174  42.159  32.648  -10.268 0.1000000015
118556  37.950  34.162  18.994 0.1000000015
118589  41.860  34.121  15.060 0.5000000000
118604  43.346  33.744  12.591 0.5000000000
118615  43.679  33.601  11.715 0.8999999762
118620  34.718  33.406  12.158 0.2000000030
118623  26.448  33.637  11.190 0.1000000015
118636  38.392  34.209  10.164 0.5000000000
118637  37.792  34.378  9.616 0.5000000000
118652  39.926  33.611  9.541 0.5000000000
118657  27.859  33.604  9.667 0.1000000015
118677  39.262  33.472  7.314 0.5000000000
118679  37.774  34.047  7.902 0.5000000000
118681  43.489  33.612  6.237 0.8000000119
118685  38.628  33.669  6.756 0.4000000060
118686  37.968  34.020  7.084 0.5000000000
118696  42.599  33.224  4.611 0.6999999881
118701  42.336  33.185  2.996 0.6999999881
118704  40.047  33.827  4.372 0.8000000119
118707  42.801  33.476  2.447 0.6999999881
118718  46.149  32.916  -0.007 0.6999999881
118729  46.055  33.787  -0.241 0.6000000238
118730  45.660  34.086  -0.489 0.6000000238
118805  36.583  33.056  -11.697 0.1000000015
118807  34.751  33.175  -11.491 0.1000000015
118817  39.866  33.586  -13.021 0.1000000015
119169  39.009  35.255  15.292 0.5000000000
119174  42.206  34.447  14.601 0.5000000000
119175  41.649  34.945  14.400 0.5000000000
119179  35.765  34.955  14.311 0.3000000119
119187  39.123  35.369  12.708 0.5000000000
119189  35.303  34.278  13.507 0.3000000119
119195  43.360  34.004  12.204 0.6000000238
119212  38.204  34.731  10.894 0.5000000000
119224  43.624  34.043  10.375 0.6999999881
119229  28.459  34.192  9.534 0.1000000015
119239  37.333  34.905  8.572 0.3000000119
119249  37.483  34.528  8.118 0.3000000119
119254  37.820  34.492  6.668 0.3000000119
119256  38.450  34.332  5.613 0.4000000060
119260  38.853  34.579  4.957 0.6000000238
119266  44.801  34.867  2.101 0.6999999881
119270  46.417  35.136  1.004 0.6000000238
119278  41.401  35.063  -0.138 0.4000000060
119284  41.727  34.909  -0.675 0.4000000060
119291  41.307  35.235  -1.120 0.4000000060
119300  44.740  34.515  -3.726 0.5000000000
119323  44.109  34.823  -4.534 0.4000000060
119324  43.303  35.355  -4.818 0.5000000000
119799  38.675  35.890  15.387 0.5000000000
119800  38.011  35.834  15.576 0.4000000060
119823  33.396  35.481  11.351 0.2000000030
119828  32.757  35.491  10.856 0.2000000030
119829  32.042  35.449  10.475 0.2000000030
119830  31.288  35.425  10.097 0.2000000030
119841  29.409  34.951  9.517 0.1000000015
119843  27.315  35.156  9.978 0.1000000015
119851  37.407  35.495  8.147 0.2000000030
119875  38.295  35.056  5.496 0.5000000000
119876  37.989  35.346  6.100 0.4000000060
119879  39.864  35.151  4.176 0.5000000000
119896  40.162  35.680  0.853 0.4000000060
119901  45.006  35.835  0.182 0.4000000060
119905  39.094  35.844  0.339 0.4000000060
119907  40.259  35.393  -0.199 0.4000000060
119912  42.081  35.646  -1.919 0.4000000060
119917  43.996  36.457  -3.418 0.5000000000
119930  44.013  36.723  -4.013 0.4000000060
119958  34.246  35.671  -6.705 0.1000000015
119978  42.452  35.484  -9.253 0.1000000015
120023  40.535  35.022  -12.485 0.1000000015
120026  37.592  35.569  -13.068 0.1000000015
120377  37.899  36.381  15.696 0.4000000060
120388  37.269  36.730  15.632 0.3000000119
120404  34.370  36.351  12.163 0.3000000119
120419  32.011  36.913  10.213 0.2000000030
120420  31.174  36.852  9.964 0.2000000030
120428  37.608  36.090  8.535 0.2000000030
120434  38.254  36.531  8.181 0.2000000030
120466  41.296  36.829  4.596 0.5000000000
120478  41.438  36.086  3.995 0.6000000238
120488  41.256  36.891  1.470 0.4000000060
120492  37.208  36.869  2.114 0.3000000119
120493  36.436  37.191  2.136 0.3000000119
120494  35.805  37.448  2.117 0.2000000030
120502  45.969  36.579  1.437 0.5000000000
120504  43.362  36.959  0.918 0.4000000060
120510  36.641  36.892  1.592 0.3000000119
120522  37.515  36.625  0.631 0.3000000119
120524  36.252  37.060  1.246 0.3000000119
120531  39.435  36.377  -0.764 0.4000000060
120554  43.249  37.474  -2.425 0.4000000060
120570  39.619  36.788  -4.627 0.2000000030
120579  33.560  35.978  -5.572 0.1000000015
120590  42.603  36.770  -8.971 0.1000000015
120596  36.586  36.503  -8.294 0.1000000015
120609  42.573  36.365  -9.150 0.1000000015
120615  33.144  37.068  -9.666 0.1000000015
120627  35.461  36.335  -10.767 0.1000000015
120644  39.995  36.329  -12.304 0.1000000015
120657  37.078  37.139  -13.164 0.1000000015
120984  36.698  38.061  14.916 0.3000000119
121004  33.735  37.873  10.857 0.3000000119
121005  33.004  37.715  10.535 0.2000000030
121010  41.294  37.770  9.325 0.3000000119
121015  29.790  37.609  9.816 0.1000000015
121026  39.854  37.345  7.478 0.3000000119
121027  39.079  36.946  7.864 0.2000000030
121054  44.685  37.685  3.006 0.4000000060
121062  45.646  37.109  1.887 0.4000000060
121063  44.928  37.672  2.234 0.4000000060
121067  39.370  37.852  2.403 0.3000000119
121070  36.191  37.677  2.395 0.2000000030
121079  34.501  38.027  1.959 0.2000000030
121091  37.381  37.387  -0.013 0.3000000119
121095  43.108  38.822  -2.178 0.4000000060
121100  43.706  37.835  -3.118 0.4000000060
121116  35.298  37.794  -5.485 0.1000000015
121130  42.365  37.409  -8.607 0.1000000015
121131  41.883  37.453  -8.251 0.1000000015
121135  36.443  37.381  -7.982 0.1000000015
121136  32.590  37.931  -9.047 0.1000000015
121153  42.517  37.343  -8.894 0.1000000015
121172  42.271  37.082  -9.923 0.1000000015
121175  34.707  37.457  -10.292 0.1000000015
121191  38.514  37.425  -13.013 0.1000000015
121518  40.304  39.224  14.149 0.4000000060
121548  35.003  38.489  11.789 0.3000000119
121554  42.624  38.950  9.983 0.3000000119
121556  42.426  38.525  10.782 0.4000000060
121559  33.060  38.720  10.552 0.2000000030
121568  31.862  38.117  10.220 0.2000000030
121574  42.591  39.067  9.557 0.3000000119
121576  42.605  39.005  8.918 0.2000000030
121582  42.132  38.832  7.400 0.2000000030
121587  42.314  39.235  6.052 0.2000000030
121604  37.090  38.771  2.812 0.3000000119
121619  33.957  38.637  2.075 0.2000000030
121622  33.039  38.778  1.166 0.2000000030
121628  37.836  38.311  -0.565 0.3000000119
121630  35.597  37.780  0.507 0.2000000030
121632  33.396  38.913  -0.143 0.1000000015
121642  42.934  39.038  -2.090 0.4000000060
121664  35.689  38.068  -6.725 0.1000000015
121669  41.850  38.890  -7.608 0.1000000015
121670  36.999  38.773  -7.556 0.1000000015
121676  42.167  38.155  -8.079 0.1000000015
121702  42.496  37.793  -9.062 0.1000000015
121703  42.255  38.269  -9.334 0.1000000015
121720  41.515  38.179  -10.133 0.1000000015
122092  38.759  39.638  14.808 0.3000000119
122102  41.174  39.291  13.481 0.4000000060
122103  37.893  40.065  14.345 0.3000000119
122125  41.905  39.552  11.666 0.4000000060
122127  38.060  39.924  9.772 0.3000000119
122130  32.559  39.112  10.445 0.2000000030
122139  39.129  39.909  9.880 0.3000000119
122147  42.403  39.640  9.422 0.3000000119
122158  37.437  39.449  7.648 0.2000000030
122160  35.070  39.486  7.225 0.3000000119
122161  34.033  39.618  7.040 0.1000000015
122168  34.496  39.660  6.470 0.1000000015
122170  32.888  39.850  6.246 0.1000000015
122174  35.715  39.911  6.088 0.2000000030
122178  32.149  40.005  5.824 0.1000000015
122188  37.437  39.489  2.864 0.3000000119
122192  43.634  39.075  3.021 0.4000000060
122196  35.042  39.304  2.601 0.2000000030
122201  32.795  39.370  1.532 0.2000000030
122206  31.677  39.765  0.267 0.2000000030
122212  33.992  39.329  -0.865 0.1000000015
122214  32.361  39.529  -0.679 0.1000000015
122220  37.840  40.156  -0.710 0.3000000119
122226  31.969  39.945  -1.455 0.1000000015
122229  34.283  40.192  -2.178 0.1000000015
122251  42.447  39.457  -7.736 0.1000000015
122257  36.912  39.144  -7.107 0.1000000015
122264  40.859  38.806  -7.719 0.1000000015
122266  32.006  38.940  -8.811 0.1000000015
122286  41.532  39.639  -9.553 0.1000000015
122288  32.518  39.446  -9.324 0.1000000015
122307  32.914  39.936  -9.985 0.1000000015
122314  39.679  38.765  -10.738 0.1000000015
122324  37.672  38.613  -12.786 0.1000000015
122672  39.162  40.305  14.793 0.3000000119
122683  40.851  39.776  13.874 0.4000000060
122684  40.223  40.483  14.316 0.3000000119
122700  41.223  39.590  13.268 0.4000000060
122724  37.998  40.469  10.393 0.2000000030
122725  33.843  39.941  10.948 0.1000000015
122726  33.257  40.245  10.819 0.1000000015
122732  36.711  40.474  9.488 0.3000000119
122733  35.909  40.859  9.190 0.3000000119
122736  42.194  40.186  8.853 0.2000000030
122738  36.292  39.975  8.844 0.3000000119
122740  34.769  40.463  8.341 0.3000000119
122742  33.198  40.843  8.045 0.1000000015
122745  42.425  40.388  8.060 0.2000000030
122751  33.577  40.160  7.571 0.1000000015
122758  40.821  41.425  7.423 0.2000000030
122761  37.155  39.875  6.537 0.2000000030
122766  29.644  40.583  6.207 0.1000000015
122767  28.736  40.799  6.080 0.1000000015
122771  37.771  40.602  6.250 0.2000000030
122772  36.943  40.562  5.905 0.2000000030
122775  34.387  40.441  5.451 0.2000000030
122776  33.469  40.358  5.465 0.1000000015
122779  30.192  40.432  5.474 0.1000000015
122780  29.285  40.568  5.387 0.1000000015
122782  27.973  40.849  4.967 0.1000000015
122784  42.636  41.167  5.152 0.2000000030
122786  33.779  40.864  5.105 0.1000000015
122788  32.113  40.781  4.916 0.1000000015
122799  37.116  40.054  2.818 0.3000000119
122802  37.205  40.869  2.750 0.3000000119
122810  33.133  39.954  1.896 0.2000000030
122815  31.348  40.508  0.531 0.2000000030
122816  30.918  40.860  -0.048 0.2000000030
122826  38.798  40.915  -0.706 0.2000000030
122828  35.938  40.434  -1.400 0.1000000015
122830  31.316  40.311  -1.087 0.1000000015
122831  31.010  40.860  -1.604 0.1000000015
122839  33.854  40.274  -2.865 0.1000000015
122840  32.820  40.292  -2.937 0.1000000015
122857  38.928  40.446  -4.454 0.1000000015
122861  33.099  40.973  -4.372 0.1000000015
122862  32.419  41.315  -4.265 0.1000000015
122866  38.716  40.658  -5.196 0.1000000015
122881  42.340  40.534  -6.797 0.1000000015
122884  37.876  40.015  -7.019 0.1000000015
122946  34.929  40.333  -13.161 0.1000000015
123271  39.193  42.031  14.224 0.2000000030
123273  37.898  42.241  13.906 0.1000000015
123287  38.409  41.718  14.284 0.2000000030
123302  39.981  41.278  13.210 0.2000000030
123303  39.373  41.895  12.690 0.2000000030
123305  34.487  41.563  11.652 0.1000000015
123330  32.597  41.975  8.278 0.1000000015
123335  41.835  41.611  7.611 0.2000000030
123337  31.391  41.196  7.704 0.1000000015
123339  29.758  41.615  7.278 0.1000000015
123348  27.986  41.231  6.176 0.1000000015
123349  27.505  41.135  5.527 0.1000000015
123360  34.989  40.990  5.190 0.1000000015
123369  32.618  41.456  4.689 0.1000000015
123371  30.615  40.941  4.636 0.1000000015
123374  27.533  41.307  4.592 0.1000000015
123375  26.753  41.486  4.811 0.1000000015
123384  28.684  41.729  4.050 0.1000000015
123389  37.881  42.849  2.720 0.2000000030
123396  32.313  41.129  1.516 0.1000000015
123397  31.572  41.249  1.073 0.1000000015
123405  30.849  41.479  -1.188 0.1000000015
123408  40.740  41.869  -1.478 0.2000000030
123409  40.396  42.116  -1.249 0.2000000030
123414  40.559  42.410  -1.984 0.1000000015
123416  36.705  41.640  -2.421 0.1000000015
123422  36.868  42.013  -3.246 0.1000000015
123425  31.872  41.650  -3.847 0.1000000015
123449  41.844  41.974  -5.918 0.1000000015
123452  35.245  42.102  -6.442 0.1000000015
123453  34.526  42.127  -6.351 0.1000000015
123461  42.397  41.983  -6.572 0.1000000015
123492  37.526  41.445  -10.940 0.1000000015
123493  32.016  41.150  -10.895 0.1000000015
123521  34.855  41.466  -14.441 0.1000000015
123844  39.273  42.379  13.786 0.2000000030
123884  32.395  42.595  11.406 0.1000000015
123885  31.218  42.931  11.679 0.1000000015
123891  37.014  43.119  10.156 0.1000000015
123896  35.222  42.667  9.213 0.1000000015
123899  34.153  42.093  8.661 0.1000000015
123902  30.935  42.648  7.949 0.1000000015
123905  30.972  41.847  7.831 0.1000000015
123915  42.192  42.618  6.569 0.2000000030
123928  36.873  42.488  5.044 0.2000000030
123934  42.243  43.070  5.449 0.2000000030
123938  35.390  42.767  4.733 0.2000000030
123939  33.767  42.550  4.637 0.2000000030
123941  31.560  42.413  4.342 0.1000000015
123944  26.215  42.180  4.516 0.1000000015
123950  41.636  43.021  4.264 0.2000000030
123957  28.274  42.421  3.741 0.1000000015
123963  38.646  42.601  3.059 0.2000000030
123982  31.201  42.818  -0.230 0.1000000015
123983  30.899  42.140  -0.712 0.1000000015
123987  40.365  42.444  -1.619 0.2000000030
123989  39.742  42.784  -1.780 0.1000000015
123995  40.263  42.964  -2.233 0.1000000015
123996  40.055  43.303  -2.448 0.1000000015
123997  39.487  43.120  -2.223 0.1000000015
124000  31.470  42.296  -2.779 0.1000000015
124006  38.943  43.347  -2.898 0.1000000015
124008  31.645  42.111  -3.471 0.1000000015
124025  41.755  43.619  -5.615 0.1000000015
124029  37.932  43.156  -5.395 0.1000000015
124031  32.566  42.455  -4.782 0.1000000015
124040  41.887  42.914  -5.587 0.1000000015
124042  37.398  42.902  -6.192 0.1000000015
124046  33.670  42.389  -6.044 0.1000000015
124074  40.266  42.630  -9.328 0.1000000015
124082  38.170  43.164  -10.674 0.1000000015
124131  35.125  43.349  -14.684 0.1000000015
124407  37.836  43.613  13.461 0.1000000015
124421  38.544  43.746  13.023 0.2000000030
124440  38.427  44.266  12.218 0.1000000015
124457  36.655  44.033  9.919 0.1000000015
124461  33.367  43.975  8.917 0.1000000015
124468  30.881  43.590  8.061 0.1000000015
124476  29.400  43.982  7.362 0.1000000015
124492  41.018  44.253  5.574 0.2000000030
124501  41.872  43.626  4.916 0.2000000030
124502  38.807  44.849  4.706 0.2000000030
124503  37.692  44.454  4.760 0.2000000030
124504  36.672  44.119  4.729 0.1000000015
124506  32.989  43.848  4.625 0.1000000015
124515  40.679  44.085  3.766 0.2000000030
124518  30.241  43.740  3.735 0.1000000015
124519  29.434  43.883  3.525 0.1000000015
124528  39.202  44.565  3.084 0.2000000030
124544  31.563  43.498  0.261 0.2000000030
124553  32.485  43.580  -1.964 0.1000000015
124560  32.539  43.400  -2.828 0.1000000015
124567  33.171  43.595  -4.183 0.1000000015
124578  39.629  43.822  -3.580 0.1000000015
124592  32.843  42.820  -5.137 0.1000000015
124603  33.812  43.207  -6.370 0.1000000015
124609  41.819  43.790  -6.782 0.1000000015
124610  41.162  44.341  -7.403 0.1000000015
124629  40.511  43.591  -8.925 0.1000000015
124701  33.144  43.688  -16.811 0.1000000015
124715  31.530  43.979  -17.366 0.1000000015
124716  30.676  44.334  -17.404 0.1000000015
125015  38.175  44.530  12.425 0.1000000015
125016  37.790  44.784  12.481 0.1000000015
125018  36.542  45.587  12.216 0.1000000015
125029  33.080  44.303  11.897 0.1000000015
125035  38.278  44.936  11.002 0.1000000015
125036  38.104  45.369  10.684 0.1000000015
125043  36.478  45.043  9.862 0.1000000015
125045  34.350  44.771  9.466 0.1000000015
125058  30.949  44.605  8.206 0.1000000015
125059  30.087  45.090  7.777 0.1000000015
125085  40.488  44.588  4.943 0.2000000030
125096  40.022  44.979  4.424 0.2000000030
125102  32.598  44.594  4.603 0.1000000015
125103  31.716  44.611  4.290 0.1000000015
125127  32.749  44.846  1.920 0.1000000015
125134  31.808  44.076  0.676 0.2000000030
125139  33.098  44.740  -0.839 0.1000000015
125216  34.493  44.567  -6.039 0.1000000015
125224  40.701  44.532  -7.248 0.1000000015
125226  34.724  43.825  -7.274 0.1000000015
125240  31.310  44.578  -8.429 0.1000000015
125252  32.701  44.786  -9.441 0.1000000015
125253  31.128  44.376  -9.862 0.1000000015
125337  32.710  45.223  -16.975 0.1000000015
125345  31.928  44.593  -17.680 0.1000000015
125346  31.000  45.010  -17.823 0.1000000015
125611  37.759  45.638  11.912 0.1000000015
125627  38.194  45.472  11.119 0.1000000015
125628  38.060  45.900  10.662 0.1000000015
125635  37.276  46.063  9.979 0.1000000015
125650  32.195  45.139  8.861 0.1000000015
125662  29.204  45.341  7.611 0.1000000015
125675  35.331  46.502  5.264 0.1000000015
125685  38.368  46.315  4.257 0.2000000030
125689  33.877  45.330  5.014 0.1000000015
125699  39.057  45.950  3.666 0.2000000030
125710  38.857  45.728  3.304 0.2000000030
125711  38.337  45.850  3.116 0.2000000030
125712  37.521  45.948  2.906 0.2000000030
125754  28.625  45.732  -0.869 0.1000000015
125773  29.074  45.367  -1.435 0.1000000015
125785  35.052  45.640  -2.569 0.1000000015
125786  32.179  46.017  -3.158 0.1000000015
125787  31.335  45.693  -2.542 0.1000000015
125801  31.936  45.584  -3.978 0.1000000015
125811  35.055  45.377  -4.554 0.1000000015
125813  31.538  45.236  -4.795 0.1000000015
125819  32.131  45.587  -5.385 0.1000000015
125827  31.946  45.357  -6.249 0.1000000015
125832  35.825  45.631  -7.979 0.1000000015
125835  32.246  45.230  -7.870 0.1000000015
125875  34.677  45.555  -11.021 0.1000000015
125903  35.376  45.495  -13.100 0.1000000015
125942  32.186  45.387  -17.320 0.1000000015
125955  32.195  44.992  -17.655 0.1000000015
125971  31.658  44.968  -17.815 0.1000000015
126232  37.850  46.493  10.692 0.1000000015
126255  36.854  46.620  9.900 0.1000000015
126260  31.199  46.283  8.537 0.1000000015
126270  30.429  46.233  8.284 0.1000000015
126271  29.841  46.506  8.395 0.1000000015
126286  35.877  47.681  5.446 0.1000000015
126287  34.808  47.183  5.411 0.1000000015
126294  38.583  46.358  3.893 0.2000000030
126300  31.702  46.149  4.253 0.1000000015
126311  37.601  47.165  3.869 0.2000000030
126314  30.886  46.132  3.856 0.1000000015
126344  32.872  46.118  1.778 0.2000000030
126359  35.749  47.403  -1.094 0.1000000015
126360  34.850  46.815  -0.668 0.1000000015
126376  30.519  46.191  -1.305 0.1000000015
126381  36.512  47.450  -2.652 0.1000000015
126382  33.436  47.078  -3.012 0.1000000015
126394  36.685  47.110  -4.499 0.1000000015
126396  32.771  46.188  -5.080 0.1000000015
126415  34.952  48.178  -7.966 0.1000000015
126417  32.860  45.971  -7.417 0.1000000015
126440  34.082  45.976  -9.392 0.1000000015
126464  37.386  47.366  -11.607 0.1000000015
126827  36.438  48.923  5.171 0.1000000015
126828  36.148  48.765  5.459 0.1000000015
126830  34.427  47.818  5.424 0.1000000015
126843  36.619  48.353  4.821 0.2000000030
126863  36.863  47.971  4.356 0.2000000030
126864  36.416  48.466  4.076 0.1000000015
126889  30.446  47.882  0.148 0.1000000015
126899  32.850  48.784  -0.826 0.1000000015
126902  29.599  46.633  -0.332 0.1000000015
126907  33.200  47.747  -1.919 0.1000000015
126915  35.087  48.461  -2.747 0.1000000015
126921  36.646  48.709  -3.838 0.1000000015
126928  37.228  48.838  -4.620 0.1000000015
126935  37.416  49.026  -5.659 0.1000000015
126949  37.237  49.073  -7.816 0.1000000015
126965  35.732  48.908  -8.756 0.1000000015
126978  37.399  48.032  -10.784 0.1000000015
126979  36.546  48.767  -9.752 0.1000000015
126995  37.294  47.926  -11.188 0.1000000015
126997  36.769  48.304  -10.575 0.1000000015
127008  36.931  48.075  -11.137 0.1000000015
127327  35.822  49.746  10.477 0.1000000015
127377  36.196  49.382  5.316 0.1000000015
127388  36.531  48.861  4.782 0.1000000015
127421  29.967  48.863  1.017 0.1000000015
127432  35.750  49.582  -0.645 0.1000000015
127433  35.204  49.161  0.218 0.1000000015
127449  36.087  49.009  -1.628 0.1000000015
127452  33.506  48.510  -1.466 0.1000000015
127457  36.315  48.583  -2.477 0.1000000015
127464  37.010  48.798  -4.042 0.1000000015
127470  37.021  49.077  -4.498 0.1000000015
127477  36.500  49.351  -5.978 0.1000000015
127483  37.014  49.354  -7.355 0.1000000015
127484  36.491  49.501  -6.929 0.1000000015
127485  35.824  49.205  -6.510 0.1000000015
127908  34.692  50.484  1.521 0.1000000015
127931  35.777  49.641  -0.943 0.1000000015
127946  35.876  49.477  -1.154 0.1000000015
135915  45.475  13.820  4.825 0.1000000015
136049  45.115  22.652  2.451 0.5000000000
136063  42.850  16.863  5.525 0.3000000119
136199  42.411  39.087  11.330 0.4000000060
136401  45.450  32.138  1.848 0.6999999881
136670  41.350  30.747  -1.873 0.2000000030
136715  44.937  16.571  3.519 0.3000000119
136876  44.599  32.339  4.326 0.6999999881
137082  45.319  34.654  -0.507 0.6000000238
137117  36.717  39.379  7.723 0.2000000030
137723  43.236  34.127  8.449 0.6999999881
137895  43.455  16.528  0.008 0.2000000030
138182  32.905  44.523  -12.388 0.1000000015
139410  48.546  13.455  8.304 0.3000000119
139613  41.836  42.940  6.548 0.2000000030
139642  42.053  19.526  26.635 0.1000000015
139768  47.875  26.241  8.020 0.8999999762
139769  47.969  26.202  6.932 0.8999999762
140043  50.100  16.123  3.457 0.2000000030
140291  32.270  45.108  0.979 0.2000000030
140463  33.976  28.459  -12.469 0.1000000015
140479  40.647  29.426  22.665 0.2000000030
140984  35.217  29.163  15.811 0.2000000030
141031  29.472  30.270  10.361 0.2000000030
141210  40.149  36.935  -11.713 0.1000000015
141535  46.108  14.659  2.259 0.1000000015
141574  38.466  27.869  -8.242 0.1000000015
142130  39.618  23.211  4.272 0.3000000119
142271  40.367  38.487  2.369 0.3000000119
142276  36.086  35.055  -8.157 0.1000000015
142278  31.594  28.275  11.246 0.2000000030
142383  37.569  32.674  22.905 0.1000000015
142561  36.975  46.985  -9.298 0.1000000015
142589  34.768  20.542  15.850 0.2000000030
142603  47.905  16.550  -0.748 0.2000000030
142849  43.382  26.411  2.767 0.8999999762
142864  34.483  21.968  23.095 0.1000000015
142956  37.501  36.091  10.649 0.4000000060
142966  36.285  41.716  -4.176 0.1000000015
143081  31.384  42.513  -1.973 0.1000000015
143113  31.286  40.891  -2.464 0.1000000015
143413  43.182  16.549  -3.928 0.1000000015
143804  37.403  35.727  9.798 0.4000000060
143913  45.923  26.640  6.744 0.8999999762
143921  44.912  20.400  19.952 0.6999999881
144177  31.429  47.256  8.913 0.1000000015
144497  35.096  42.594  2.291 0.2000000030
144570  34.849  43.936  2.400 0.2000000030
144571  35.883  44.255  2.409 0.2000000030
144742  26.600  32.087  10.924 0.1000000015
145102  33.175  44.110  -2.295 0.1000000015
145349  37.215  27.694  -16.643 0.1000000015
145384  32.026  43.298  11.621 0.1000000015
145707  36.055  38.392  -0.127 0.3000000119
145769  47.236  25.396  -4.972 0.5000000000
146023  28.301  42.919  6.940 0.1000000015
146045  34.711  39.683  -1.190 0.1000000015
146138  34.478  40.003  11.250 0.1000000015
146189  48.516  15.611  -0.304 0.2000000030
146421  38.939  29.475  15.599 0.2000000030
146522  39.019  39.915  3.067 0.3000000119
146627  40.158  33.824  -4.668 0.3000000119
147070  47.228  16.348  9.611 0.6000000238
147105  34.961  25.596  14.818 0.4000000060
147122  36.248  27.024  14.659 0.2000000030
147252  34.963  27.399  11.112 0.5000000000
147431  33.226  38.053  -9.214 0.1000000015
147867  50.642  16.495  12.725 0.6000000238
147921  35.651  47.365  9.857 0.1000000015
148236  39.582  16.713  -4.301 0.1000000015
148393  42.595  41.748  5.827 0.2000000030
148521  33.743  44.449  -2.755 0.1000000015
148728  30.723  28.343  14.527 0.2000000030
148752  39.363  22.511  28.888 0.1000000015
149336  29.865  41.210  4.433 0.1000000015
149563  34.657  41.861  2.251 0.2000000030
149640  26.817  31.462  2.585 0.1000000015
149785  34.857  46.567  9.767 0.1000000015
149921  35.153  35.103  13.760 0.3000000119
149991  40.836  35.192  14.043 0.5000000000
150013  40.121  33.454  7.092 0.5000000000
150175  34.822  45.696  9.704 0.1000000015
150284  39.437  34.529  15.210 0.5000000000
150423  38.693  44.760  2.889 0.2000000030
150454  30.770  40.523  5.054 0.1000000015
150536  44.983  33.991  -3.549 0.6000000238
150589  31.217  46.876  3.964 0.1000000015
150623  42.262  38.079  -1.644 0.4000000060
150668  44.448  33.211  -4.547 0.6000000238
150713  34.774  44.017  9.387 0.1000000015
150924  39.328  33.691  5.303 0.6000000238
150942  29.393  36.264  9.584 0.1000000015
150975  36.354  49.173  -9.182 0.1000000015
151219  35.572  43.806  4.708 0.1000000015
151389  32.456  42.992  4.462 0.1000000015
151492  34.489  42.385  4.712 0.2000000030
151502  40.265  44.762  3.827 0.2000000030
151609  42.337  38.778  5.514 0.3000000119
151655  42.554  40.081  7.341 0.2000000030
151828  49.758  15.758  2.487 0.2000000030
151880  41.105  43.417  -8.357 0.1000000015
151926  30.112  34.786  9.608 0.2000000030
152531  38.234  46.598  3.789 0.2000000030
152617  36.848  17.324  -3.005 0.1000000015
152698  39.709  35.221  15.164 0.5000000000
152847  32.902  41.603  -12.652 0.1000000015
152851  41.523  44.081  5.400 0.2000000030
152869  37.821  42.775  5.258 0.2000000030
152989  35.898  37.959  13.573 0.3000000119
152999  37.668  43.392  -11.113 0.1000000015
153149  31.235  43.524  -16.581 0.1000000015
153221  32.176  39.771  1.230 0.2000000030
153254  38.143  45.459  4.590 0.2000000030
153279  44.643  15.733  13.215 0.2000000030
153324  35.368  45.912  2.777 0.2000000030
153482  40.817  41.743  3.586 0.2000000030
153493  37.393  45.879  -12.133 0.1000000015
153676  41.394  44.193  4.790 0.2000000030
154589  42.420  34.692  -9.537 0.1000000015
154660  36.754  24.982  11.453 0.4000000060
154799  41.189  23.363  0.921 0.3000000119
154841  34.499  32.085  11.131 0.2000000030
154977  44.146  33.350  8.708 0.8999999762
155197  31.382  25.404  13.858 0.2000000030
155286  37.927  42.001  5.615 0.2000000030
155429  39.553  34.484  4.424 0.6000000238
155493  39.193  41.378  6.514 0.2000000030
155606  41.899  23.205  5.290 0.4000000060
155647  34.993  24.014  13.467 0.4000000060
155649  36.451  48.606  -3.069 0.1000000015
155872  42.648  40.598  4.514 0.2000000030
155964  48.877  16.838  2.933 0.2000000030
155995  42.200  16.462  2.331 0.2000000030
156237  45.293  32.552  -4.086 0.5000000000
156293  36.301  28.833  10.707 0.4000000060
156414  44.722  14.487  0.650 0.1000000015
156427  32.124  28.688  15.124 0.2000000030
156654  43.716  23.570  20.448 0.6999999881
156840  43.995  17.213  9.371 0.5000000000
157114  38.028  44.889  10.618 0.1000000015
157131  33.376  38.834  1.708 0.2000000030
157176  29.211  27.063  12.949 0.2000000030
157213  50.739  16.134  12.684 0.6000000238
157634  34.030  42.834  8.769 0.1000000015
157756  33.613  44.554  -15.032 0.1000000015
158048  45.998  36.240  1.613 0.6000000238
158112  32.055  41.152  -3.847 0.1000000015
158197  34.989  12.979  19.772 0.1000000015
158222  47.439  27.890  -3.188 0.5000000000
158475  39.710  45.384  3.909 0.2000000030
158776  30.394  48.505  0.541 0.1000000015
158961  29.463  44.442  -3.378 0.1000000015
158962  41.056  34.685  3.442 0.6000000238
159273  32.366  44.579  -0.215 0.1000000015
159305  47.205  29.643  -0.686 0.6999999881
159606  42.980  16.294  -4.093 0.1000000015
159631  42.073  18.844  26.726 0.1000000015
159645  34.131  43.768  2.366 0.2000000030
159975  34.481  41.024  -4.575 0.1000000015
159987  28.570  41.415  6.611 0.1000000015
160061  41.481  21.268  25.984 0.1000000015
160134  42.852  32.714  -4.659 0.3000000119
160181  49.089  16.052  -0.021 0.2000000030
160190  35.057  37.627  1.023 0.2000000030
160479  35.995  38.112  2.569 0.2000000030
160513  27.372  30.857  10.635 0.1000000015
160549  32.411  20.181  19.881 0.1000000015
160612  42.543  38.676  9.907 0.3000000119
160800  46.638  23.709  -4.372 0.6999999881
161151  38.260  38.448  -8.172 0.1000000015
161292  33.401  40.621  -11.571 0.1000000015
161584  27.563  42.359  3.840 0.1000000015
161605  41.726  38.135  8.319 0.3000000119
161636  41.449  17.366  24.539 0.1000000015
161656  47.378  26.426  6.595 0.8999999762
161736  42.417  39.204  -8.675 0.1000000015
161754  43.330  20.980  8.532 0.6000000238
161810  40.025  23.584  27.912 0.1000000015
161896  34.412  40.239  -12.251 0.1000000015
161964  34.135  45.331  -10.392 0.1000000015
162163  38.747  37.501  2.414 0.4000000060
162184  32.078  43.349  8.471 0.1000000015
162342  35.308  29.419  10.734 0.4000000060
162374  50.855  16.139  6.239 0.3000000119
162400  39.917  40.858  -3.295 0.1000000015
162401  48.408  19.185  15.166 0.6999999881
162542  35.056  30.367  10.793 0.3000000119
162665  42.148  32.293  -10.526 0.1000000015
162783  34.713  29.559  -9.774 0.1000000015
162864  30.101  43.120  3.800 0.1000000015
162918  44.872  17.840  17.297 0.4000000060
163114  34.352  43.329  -6.868 0.1000000015
163357  43.823  20.232  9.295 0.6000000238
163440  43.756  26.118  4.014 0.8999999762
163552  46.381  34.587  0.610 0.6999999881
163594  39.924  43.051  -2.072 0.1000000015
163612  27.195  33.870  9.928 0.1000000015
163663  39.408  21.439  20.639 0.3000000119
163667  38.077  37.150  11.598 0.4000000060
163762  33.907  24.176  20.403 0.2000000030
163875  27.823  30.129  10.593 0.2000000030
163937  45.115  19.393  19.220 0.5000000000
163941  40.551  30.631  19.516 0.2000000030
164081  37.211  37.912  15.529 0.3000000119
164123  48.147  26.008  7.905 0.8999999762
164285  39.716  27.078  -14.357 0.1000000015
164402  36.644  41.264  2.590 0.2000000030
164416  26.815  33.070  10.328 0.1000000015
164424  27.145  41.695  6.189 0.1000000015
164460  36.661  23.723  12.713 0.4000000060
164539  31.642  42.592  11.427 0.1000000015
164575  30.491  42.070  11.605 0.1000000015
