#!ascii label  , from subject sub-v1s14x0051559_ses-1 vox2ras=TkReg
5481
230  24.209  -98.202  -25.271 0.0000000000
28024  8.804  -61.840  -27.412 0.0000000000
15949  3.905  -73.156  -5.048 0.0000000000
15375  14.277  -74.889  -39.758 0.0000000000
43168  19.323  -46.652  -22.778 0.0000000000
498  25.336  -96.889  -33.378 0.0000000000
18926  5.347  -70.750  -20.719 0.0000000000
31978  8.187  -57.036  -18.490 0.0000000000
151629  15.895  -47.204  -24.950 0.0000000000
3491  16.128  -88.662  -24.509 0.0000000000
890  10.683  -94.965  -16.884 0.0000000000
157926  5.993  -88.056  -13.220 0.0000000000
24792  14.934  -64.833  -9.064 0.0000000000
6766  18.630  -84.280  -38.195 0.0000000000
18039  18.282  -71.373  -27.137 0.0000000000
1990  29.093  -92.997  -23.819 0.0000000000
2070  30.061  -92.156  -30.321 0.0000000000
2976  22.566  -90.734  -29.263 0.0000000000
46339  12.632  -43.186  -21.399 0.0000000000
2902  12.748  -90.578  -22.151 0.0000000000
138297  6.643  -85.859  -6.413 0.0000000000
159749  5.949  -80.081  -11.137 0.0000000000
138383  5.262  -73.717  -11.225 0.0000000000
28725  19.950  -59.889  -6.849 0.0000000000
27827  19.314  -60.069  -13.238 0.0000000000
23846  21.418  -65.798  -15.021 0.0000000000
15431  11.484  -74.533  -42.822 0.0000000000
6800  10.627  -84.548  -41.285 0.0000000000
9896  15.710  -80.408  -43.394 0.0000000000
139770  22.700  -80.501  -40.134 0.0000000000
12636  20.467  -77.626  -43.250 0.0000000000
23977  6.478  -64.969  -25.393 0.0000000000
16155  11.263  -73.746  -23.693 0.0000000000
22956  13.416  -66.398  -27.432 0.0000000000
37231  27.261  -52.949  -19.979 0.0000000000
2180  26.010  -92.130  -41.979 0.0000000000
21060  9.537  -68.379  -36.313 0.0000000000
26961  4.736  -62.602  -18.429 0.0000000000
28954  11.099  -60.556  -22.367 0.0000000000
37259  10.870  -52.373  -22.409 0.0000000000
694  18.938  -96.184  -23.118 0.0000000000
728  17.685  -96.398  -28.942 0.0000000000
704  12.760  -96.665  -24.875 0.0000000000
158109  12.358  -89.055  -8.779 0.0000000000
1161  6.902  -94.065  -12.948 0.0000000000
21646  7.955  -67.519  -6.706 0.0000000000
29869  25.502  -58.938  -17.538 0.0000000000
37198  24.518  -51.862  -17.043 0.0000000000
146990  21.035  -89.342  -21.880 0.0000000000
918  25.719  -95.336  -18.822 0.0000000000
134251  21.211  -88.133  -43.713 0.0000000000
143215  23.105  -82.967  -43.065 0.0000000000
144893  6.280  -80.114  -24.746 0.0000000000
18020  8.985  -70.502  -25.661 0.0000000000
19073  12.438  -70.619  -31.614 0.0000000000
23095  17.910  -66.653  -35.642 0.0000000000
701  27.765  -96.973  -24.447 0.0000000000
1303  27.117  -94.878  -27.555 0.0000000000
1630  22.740  -93.869  -27.368 0.0000000000
13111  4.671  -76.374  -4.514 0.0000000000
10369  5.350  -79.733  -7.250 0.0000000000
14150  4.872  -76.085  -9.015 0.0000000000
12251  7.524  -76.832  -11.596 0.0000000000
16922  5.258  -71.899  -8.186 0.0000000000
28764  19.326  -59.842  -10.015 0.0000000000
25860  19.206  -63.767  -11.130 0.0000000000
140348  19.812  -62.388  -13.811 0.0000000000
17321  14.003  -72.285  -43.750 0.0000000000
12652  12.956  -77.566  -45.291 0.0000000000
13611  15.964  -76.287  -44.273 0.0000000000
10810  18.512  -79.621  -44.217 0.0000000000
12591  18.155  -77.415  -39.743 0.0000000000
25034  9.581  -65.110  -26.641 0.0000000000
147241  10.248  -67.644  -25.056 0.0000000000
24034  8.760  -65.635  -30.206 0.0000000000
39966  27.448  -49.805  -18.186 0.0000000000
147995  25.942  -49.964  -20.425 0.0000000000
154796  27.793  -94.222  -31.204 0.0000000000
2549  30.976  -91.470  -33.395 0.0000000000
1050  28.872  -95.488  -34.341 0.0000000000
1730  29.278  -93.174  -39.382 0.0000000000
154435  25.478  -94.709  -37.535 0.0000000000
29905  4.913  -59.080  -17.674 0.0000000000
27961  7.360  -61.840  -20.494 0.0000000000
30954  6.905  -58.121  -21.063 0.0000000000
39083  19.829  -50.116  -20.747 0.0000000000
39094  16.785  -49.989  -22.152 0.0000000000
45383  12.182  -44.103  -23.333 0.0000000000
41046  11.647  -48.295  -21.335 0.0000000000
2022  17.990  -91.780  -26.235 0.0000000000
697  15.676  -96.684  -23.574 0.0000000000
2025  14.955  -92.355  -25.457 0.0000000000
1547  11.951  -93.357  -19.826 0.0000000000
1598  11.121  -94.083  -24.583 0.0000000000
950  9.967  -96.231  -21.683 0.0000000000
941  7.459  -95.020  -20.172 0.0000000000
4490  5.886  -88.030  -9.183 0.0000000000
2278  7.566  -90.814  -7.983 0.0000000000
155184  8.179  -90.906  -13.308 0.0000000000
21638  16.695  -67.395  -6.188 0.0000000000
19760  13.091  -69.273  -5.512 0.0000000000
22701  10.939  -66.465  -7.341 0.0000000000
163165  4.689  -65.116  -8.555 0.0000000000
25817  9.068  -63.158  -8.648 0.0000000000
31928  23.039  -56.528  -15.275 0.0000000000
30901  27.683  -58.595  -19.107 0.0000000000
144442  25.969  -55.439  -18.451 0.0000000000
153109  27.415  -54.221  -17.619 0.0000000000
1245  15.811  -94.500  -20.937 0.0000000000
923  18.694  -95.457  -20.176 0.0000000000
3475  18.941  -89.531  -23.768 0.0000000000
2004  21.027  -91.740  -23.857 0.0000000000
8217  15.131  -82.692  -41.291 0.0000000000
6121  13.825  -85.752  -43.042 0.0000000000
151570  17.644  -84.145  -43.274 0.0000000000
6829  19.555  -84.562  -45.066 0.0000000000
7499  20.966  -83.577  -40.200 0.0000000000
137642  22.935  -83.089  -36.580 0.0000000000
13320  5.326  -76.630  -21.780 0.0000000000
16150  15.304  -73.483  -23.603 0.0000000000
13396  12.299  -76.227  -26.088 0.0000000000
163079  13.339  -71.462  -25.617 0.0000000000
19020  10.595  -70.246  -28.737 0.0000000000
20956  14.645  -68.361  -29.440 0.0000000000
990  30.431  -95.360  -27.717 0.0000000000
150455  26.311  -90.540  -29.033 0.0000000000
1013  25.007  -96.203  -29.347 0.0000000000
46376  17.801  -43.471  -23.544 0.0000000000
49221  11.927  -39.850  -24.402 0.0000000000
47376  14.797  -42.405  -25.690 0.0000000000
4673  13.804  -87.843  -24.409 0.0000000000
4614  16.761  -87.899  -19.214 0.0000000000
3963  14.239  -89.106  -17.879 0.0000000000
2836  11.697  -90.711  -15.243 0.0000000000
7879  9.981  -82.470  -9.061 0.0000000000
8591  8.165  -81.163  -7.569 0.0000000000
7115  4.685  -83.408  -8.190 0.0000000000
6453  6.886  -84.473  -10.693 0.0000000000
8648  8.026  -81.271  -13.332 0.0000000000
25792  17.858  -63.362  -7.495 0.0000000000
26835  13.295  -61.992  -9.457 0.0000000000
29770  15.579  -59.376  -8.535 0.0000000000
29837  15.553  -59.311  -12.146 0.0000000000
25921  24.028  -64.170  -17.477 0.0000000000
156937  9.643  -79.153  -42.515 0.0000000000
9885  12.367  -81.172  -42.458 0.0000000000
8983  16.328  -81.199  -38.110 0.0000000000
8944  20.628  -81.600  -36.175 0.0000000000
9013  19.139  -81.903  -40.767 0.0000000000
9072  20.516  -81.359  -45.471 0.0000000000
21862  4.959  -67.600  -23.130 0.0000000000
17083  6.741  -72.494  -24.374 0.0000000000
19943  9.499  -69.333  -22.518 0.0000000000
164530  13.359  -69.206  -23.283 0.0000000000
20923  16.257  -68.620  -25.775 0.0000000000
36163  24.172  -53.546  -21.111 0.0000000000
39073  22.641  -50.219  -20.477 0.0000000000
43155  22.568  -46.518  -21.774 0.0000000000
2615  27.767  -90.026  -40.977 0.0000000000
3641  26.236  -89.285  -45.095 0.0000000000
19235  10.715  -71.309  -41.125 0.0000000000
18197  12.116  -71.719  -38.287 0.0000000000
22880  4.438  -66.544  -19.692 0.0000000000
144973  4.392  -62.943  -23.241 0.0000000000
146445  7.966  -61.945  -25.037 0.0000000000
27059  12.333  -62.526  -25.433 0.0000000000
142899  11.388  -54.920  -18.902 0.0000000000
38186  10.773  -51.458  -19.886 0.0000000000
34179  8.100  -55.084  -20.683 0.0000000000
143397  10.570  -56.840  -22.822 0.0000000000
144951  13.600  -58.824  -24.297 0.0000000000
31003  9.838  -58.052  -26.164 0.0000000000
152761  21.624  -99.127  -22.680 0.0000000000
146765  20.960  -97.710  -27.792 0.0000000000
58  18.311  -99.472  -24.396 0.0000000000
80  15.295  -99.012  -26.398 0.0000000000
2501  11.956  -91.814  -27.000 0.0000000000
1002  9.843  -95.701  -27.785 0.0000000000
1879  10.239  -92.134  -12.445 0.0000000000
4455  9.543  -87.747  -7.704 0.0000000000
1467  9.306  -93.101  -9.290 0.0000000000
613  8.914  -96.096  -14.256 0.0000000000
19748  4.854  -69.199  -4.700 0.0000000000
20729  4.043  -68.464  -8.005 0.0000000000
139987  3.384  -69.720  -11.839 0.0000000000
26896  24.869  -62.959  -15.903 0.0000000000
28846  24.015  -60.212  -15.584 0.0000000000
27889  25.723  -61.873  -17.523 0.0000000000
27901  28.225  -61.737  -18.980 0.0000000000
38153  27.604  -51.470  -16.827 0.0000000000
645  21.570  -96.751  -18.621 0.0000000000
145542  24.291  -92.045  -23.452 0.0000000000
932  22.409  -95.681  -21.147 0.0000000000
196  25.524  -98.340  -20.677 0.0000000000
155497  18.907  -92.807  -28.921 0.0000000000
1342  20.512  -94.023  -30.521 0.0000000000
1416  24.175  -92.703  -39.046 0.0000000000
2643  24.342  -88.183  -41.475 0.0000000000
4854  23.573  -86.930  -45.602 0.0000000000
154238  22.481  -85.094  -44.158 0.0000000000
7562  24.589  -83.252  -46.814 0.0000000000
12401  9.014  -77.580  -23.665 0.0000000000
138265  7.915  -75.209  -26.294 0.0000000000
20975  8.196  -68.348  -30.155 0.0000000000
18105  10.745  -71.486  -33.285 0.0000000000
16257  14.481  -73.561  -35.039 0.0000000000
148770  16.207  -65.923  -29.986 0.0000000000
21919  20.644  -67.842  -28.156 0.0000000000
21029  21.721  -67.797  -32.733 0.0000000000
147785  17.176  -68.767  -31.729 0.0000000000
23057  13.320  -66.665  -33.902 0.0000000000
19119  14.819  -70.702  -34.774 0.0000000000
14406  18.082  -75.645  -34.985 0.0000000000
14441  19.392  -75.520  -38.547 0.0000000000
16393  17.957  -73.599  -44.046 0.0000000000
422  26.324  -97.766  -24.855 0.0000000000
136570  24.941  -96.115  -27.329 0.0000000000
719  23.590  -96.357  -27.359 0.0000000000
14102  3.789  -75.337  -4.369 0.0000000000
162426  3.916  -76.275  -6.190 0.0000000000
15012  4.238  -74.610  -6.699 0.0000000000
15031  5.519  -74.305  -8.399 0.0000000000
153111  4.445  -73.020  -6.803 0.0000000000
25834  20.372  -63.296  -9.430 0.0000000000
23789  19.745  -65.424  -11.375 0.0000000000
16350  14.336  -73.624  -41.354 0.0000000000
15449  15.016  -73.837  -43.846 0.0000000000
157271  15.436  -75.487  -41.682 0.0000000000
13577  16.505  -76.382  -41.356 0.0000000000
13543  15.978  -76.392  -39.602 0.0000000000
27079  9.360  -63.185  -27.470 0.0000000000
25060  8.666  -65.193  -28.655 0.0000000000
154727  8.317  -64.208  -29.441 0.0000000000
41008  26.555  -47.970  -18.708 0.0000000000
747  27.511  -96.258  -31.187 0.0000000000
1039  28.847  -95.491  -32.316 0.0000000000
761  27.362  -96.394  -33.400 0.0000000000
789  26.724  -96.042  -36.249 0.0000000000
153708  25.507  -95.203  -35.631 0.0000000000
31961  6.780  -57.859  -17.972 0.0000000000
29925  6.141  -58.676  -19.817 0.0000000000
31991  6.848  -57.652  -19.709 0.0000000000
41053  19.953  -47.954  -21.961 0.0000000000
40009  18.425  -49.773  -21.679 0.0000000000
41055  17.815  -48.432  -22.337 0.0000000000
44332  14.241  -45.666  -24.442 0.0000000000
3509  17.524  -89.516  -26.491 0.0000000000
146947  16.638  -92.782  -25.744 0.0000000000
3511  15.742  -89.196  -26.469 0.0000000000
1538  11.086  -93.868  -18.246 0.0000000000
938  11.131  -95.183  -20.603 0.0000000000
663  10.536  -96.103  -19.212 0.0000000000
158602  8.366  -95.716  -21.301 0.0000000000
650  9.837  -96.556  -18.522 0.0000000000
139993  5.634  -88.237  -10.625 0.0000000000
3315  6.179  -89.187  -10.554 0.0000000000
3334  7.273  -89.295  -12.824 0.0000000000
22695  16.436  -66.726  -7.841 0.0000000000
21661  14.109  -66.841  -7.167 0.0000000000
23727  12.955  -65.584  -7.683 0.0000000000
152687  10.470  -64.548  -8.484 0.0000000000
24795  11.901  -64.220  -8.303 0.0000000000
33060  24.937  -56.551  -18.364 0.0000000000
1983  15.248  -91.923  -22.433 0.0000000000
2452  16.883  -92.120  -23.152 0.0000000000
160788  17.335  -89.930  -24.257 0.0000000000
3507  18.952  -89.739  -26.208 0.0000000000
7485  16.682  -83.625  -39.315 0.0000000000
7511  16.575  -83.615  -41.902 0.0000000000
6793  17.772  -84.416  -40.714 0.0000000000
6798  18.962  -84.518  -41.521 0.0000000000
154897  19.994  -83.949  -39.156 0.0000000000
7469  22.512  -83.314  -38.187 0.0000000000
7454  21.189  -83.578  -37.226 0.0000000000
142118  5.614  -73.663  -21.777 0.0000000000
17088  17.440  -72.441  -25.058 0.0000000000
16172  15.394  -73.851  -25.432 0.0000000000
18026  15.852  -71.828  -26.631 0.0000000000
19981  14.164  -69.616  -26.670 0.0000000000
19019  16.466  -69.862  -27.985 0.0000000000
1593  31.940  -93.641  -24.970 0.0000000000
138750  29.903  -93.600  -25.656 0.0000000000
2036  24.242  -91.839  -27.323 0.0000000000
2033  26.667  -92.316  -27.501 0.0000000000
2974  24.413  -90.563  -29.098 0.0000000000
2072  25.561  -92.378  -29.719 0.0000000000
147634  23.649  -92.897  -29.641 0.0000000000
47350  16.662  -42.402  -23.265 0.0000000000
49201  16.317  -40.779  -23.479 0.0000000000
51237  12.664  -38.163  -24.728 0.0000000000
48302  13.009  -41.297  -24.734 0.0000000000
4578  14.106  -87.789  -16.004 0.0000000000
3385  12.956  -90.058  -16.843 0.0000000000
3360  12.378  -89.016  -15.029 0.0000000000
10366  8.420  -79.242  -7.691 0.0000000000
10387  5.116  -79.675  -8.951 0.0000000000
8594  5.325  -81.410  -7.918 0.0000000000
8614  4.785  -82.095  -9.693 0.0000000000
149085  5.344  -84.046  -9.277 0.0000000000
7897  6.927  -82.642  -10.821 0.0000000000
7174  7.762  -83.220  -12.020 0.0000000000
9481  7.700  -80.705  -11.780 0.0000000000
149264  7.078  -74.703  -11.292 0.0000000000
12256  6.950  -77.261  -12.763 0.0000000000
26773  19.156  -61.877  -6.408 0.0000000000
27761  16.531  -61.473  -7.616 0.0000000000
28738  17.796  -60.061  -7.309 0.0000000000
28801  18.568  -59.587  -11.302 0.0000000000
29809  17.421  -58.879  -10.588 0.0000000000
29835  17.342  -58.981  -12.603 0.0000000000
24878  20.351  -64.166  -14.474 0.0000000000
26897  21.304  -61.468  -15.252 0.0000000000
25910  21.531  -63.929  -15.985 0.0000000000
25922  22.317  -63.164  -16.640 0.0000000000
24904  22.373  -64.680  -16.500 0.0000000000
12639  10.529  -77.090  -43.609 0.0000000000
10829  14.312  -79.137  -44.718 0.0000000000
10798  12.783  -80.106  -44.048 0.0000000000
10782  13.814  -80.076  -42.315 0.0000000000
9853  14.636  -80.765  -39.572 0.0000000000
9869  16.004  -80.462  -40.420 0.0000000000
8995  18.092  -81.566  -39.378 0.0000000000
9028  16.857  -81.314  -41.660 0.0000000000
11728  19.847  -78.780  -43.546 0.0000000000
9926  19.111  -81.141  -45.251 0.0000000000
12659  18.758  -77.352  -46.729 0.0000000000
22920  6.311  -65.924  -23.043 0.0000000000
20900  6.739  -68.514  -23.418 0.0000000000
22913  7.916  -66.270  -22.617 0.0000000000
22948  12.053  -67.392  -26.821 0.0000000000
21856  11.682  -67.607  -23.541 0.0000000000
21887  13.912  -67.384  -25.270 0.0000000000
19967  15.244  -69.333  -24.504 0.0000000000
22937  15.114  -66.948  -26.070 0.0000000000
145471  26.272  -53.483  -20.610 0.0000000000
41021  25.589  -48.298  -20.446 0.0000000000
39071  24.497  -50.436  -20.597 0.0000000000
41023  24.027  -48.753  -20.614 0.0000000000
41024  22.624  -48.654  -20.751 0.0000000000
42041  23.398  -47.271  -21.106 0.0000000000
2601  32.122  -91.076  -38.864 0.0000000000
1740  27.573  -93.044  -40.691 0.0000000000
2164  27.978  -91.309  -39.495 0.0000000000
2617  26.164  -90.308  -41.248 0.0000000000
3074  26.944  -89.866  -43.043 0.0000000000
2639  25.759  -90.764  -43.970 0.0000000000
20142  8.549  -68.980  -37.361 0.0000000000
19209  8.949  -70.697  -39.638 0.0000000000
19186  10.096  -69.826  -38.504 0.0000000000
18217  11.544  -70.818  -39.730 0.0000000000
19166  11.185  -70.417  -38.198 0.0000000000
26917  4.029  -62.189  -15.913 0.0000000000
25928  4.009  -63.873  -16.432 0.0000000000
22851  4.598  -66.213  -17.725 0.0000000000
24961  4.455  -64.206  -19.105 0.0000000000
139885  4.288  -64.828  -20.582 0.0000000000
25980  4.654  -63.332  -20.121 0.0000000000
27958  9.125  -61.115  -21.225 0.0000000000
151691  6.936  -61.452  -22.789 0.0000000000
27987  10.155  -61.806  -22.808 0.0000000000
27047  11.204  -63.218  -24.256 0.0000000000
27985  12.135  -62.024  -23.107 0.0000000000
45345  14.310  -44.094  -21.559 0.0000000000
43158  14.409  -46.517  -21.307 0.0000000000
39095  11.256  -50.320  -21.526 0.0000000000
40001  11.480  -49.480  -20.559 0.0000000000
38215  10.146  -51.612  -21.313 0.0000000000
37223  9.694  -52.682  -19.677 0.0000000000
153413  9.345  -53.478  -21.789 0.0000000000
33115  9.024  -56.399  -22.931 0.0000000000
35182  10.570  -54.184  -22.890 0.0000000000
34222  12.763  -55.016  -25.725 0.0000000000
33124  13.423  -56.061  -23.738 0.0000000000
33132  11.565  -56.570  -25.101 0.0000000000
29985  11.016  -58.898  -24.675 0.0000000000
406  19.900  -98.508  -21.750 0.0000000000
49  19.758  -99.479  -23.512 0.0000000000
214  18.321  -98.786  -22.536 0.0000000000
158077  13.970  -96.961  -23.831 0.0000000000
221  15.167  -98.429  -23.901 0.0000000000
232  13.049  -98.235  -25.051 0.0000000000
91  13.546  -98.987  -27.415 0.0000000000
241  11.385  -98.124  -26.436 0.0000000000
4021  12.955  -88.513  -22.915 0.0000000000
3501  12.385  -89.412  -25.786 0.0000000000
2926  12.032  -90.834  -24.393 0.0000000000
1276  9.590  -95.240  -25.020 0.0000000000
1297  9.974  -94.582  -27.136 0.0000000000
3323  10.993  -89.947  -11.822 0.0000000000
2775  10.751  -90.318  -10.497 0.0000000000
6404  8.380  -84.650  -7.646 0.0000000000
5746  9.556  -85.457  -8.578 0.0000000000
4457  8.014  -87.097  -7.166 0.0000000000
1856  7.308  -92.712  -10.116 0.0000000000
1834  8.630  -92.482  -8.541 0.0000000000
1138  8.136  -94.203  -9.938 0.0000000000
855  9.934  -95.143  -11.741 0.0000000000
873  7.636  -95.113  -13.481 0.0000000000
893  7.130  -94.866  -16.704 0.0000000000
1192  6.948  -93.930  -16.027 0.0000000000
153686  10.977  -68.982  -6.606 0.0000000000
18764  12.284  -70.825  -5.748 0.0000000000
19761  10.098  -70.212  -6.306 0.0000000000
18766  8.929  -69.761  -4.925 0.0000000000
20697  6.165  -68.385  -5.205 0.0000000000
20700  3.939  -68.414  -5.345 0.0000000000
21650  4.246  -66.999  -6.000 0.0000000000
23783  3.917  -65.092  -10.359 0.0000000000
21688  3.374  -67.222  -10.025 0.0000000000
28767  12.629  -60.174  -9.345 0.0000000000
27782  10.367  -60.974  -9.143 0.0000000000
25896  23.764  -63.465  -14.833 0.0000000000
27838  23.137  -61.588  -14.559 0.0000000000
30858  25.093  -58.287  -16.751 0.0000000000
30855  24.073  -58.098  -15.440 0.0000000000
29870  24.992  -59.269  -16.557 0.0000000000
161104  25.024  -60.703  -16.657 0.0000000000
28889  25.778  -60.860  -17.787 0.0000000000
27888  26.356  -61.711  -18.180 0.0000000000
28888  26.349  -60.563  -18.456 0.0000000000
31969  29.363  -57.779  -18.440 0.0000000000
29911  29.898  -59.566  -18.678 0.0000000000
30913  30.530  -58.628  -19.211 0.0000000000
36125  27.337  -52.966  -17.173 0.0000000000
137418  26.107  -51.809  -16.856 0.0000000000
163234  25.848  -50.307  -16.826 0.0000000000
158651  18.655  -98.965  -17.858 0.0000000000
147440  19.644  -92.651  -20.149 0.0000000000
921  20.281  -95.929  -19.213 0.0000000000
153513  20.633  -92.906  -19.623 0.0000000000
160506  22.230  -90.804  -21.383 0.0000000000
1261  20.142  -94.310  -23.089 0.0000000000
1576  21.781  -93.701  -22.473 0.0000000000
947  20.996  -95.847  -21.667 0.0000000000
200  22.122  -98.590  -21.111 0.0000000000
641  27.737  -96.681  -18.001 0.0000000000
395  28.091  -97.358  -20.181 0.0000000000
386  25.168  -97.569  -18.789 0.0000000000
445  19.497  -97.255  -28.186 0.0000000000
1310  20.051  -94.554  -28.078 0.0000000000
1321  17.839  -94.528  -29.144 0.0000000000
734  21.741  -96.789  -29.351 0.0000000000
150728  24.088  -88.024  -44.559 0.0000000000
3646  23.621  -85.852  -42.277 0.0000000000
6100  11.001  -85.248  -40.052 0.0000000000
7535  21.779  -83.569  -43.227 0.0000000000
6145  20.860  -85.016  -45.335 0.0000000000
6826  22.236  -83.969  -44.056 0.0000000000
6847  23.201  -84.478  -46.088 0.0000000000
7544  23.952  -82.677  -44.701 0.0000000000
8248  26.142  -82.262  -45.486 0.0000000000
8227  25.537  -82.545  -42.731 0.0000000000
9835  21.712  -80.879  -38.463 0.0000000000
16157  8.989  -73.357  -24.171 0.0000000000
14339  7.427  -75.081  -24.394 0.0000000000
14322  10.004  -75.718  -24.182 0.0000000000
16181  10.367  -73.620  -26.450 0.0000000000
13399  9.817  -75.979  -26.804 0.0000000000
17102  8.286  -72.849  -26.500 0.0000000000
152384  5.929  -72.985  -26.813 0.0000000000
157845  6.754  -70.256  -26.595 0.0000000000
20960  6.246  -68.116  -29.115 0.0000000000
20017  7.839  -68.716  -27.539 0.0000000000
19047  11.586  -70.914  -29.790 0.0000000000
18075  10.013  -72.224  -30.736 0.0000000000
17161  11.918  -72.884  -31.639 0.0000000000
17191  13.262  -72.810  -33.911 0.0000000000
17158  14.669  -72.548  -31.917 0.0000000000
24087  17.079  -65.542  -32.369 0.0000000000
24066  18.486  -66.093  -31.456 0.0000000000
152768  18.979  -66.895  -29.299 0.0000000000
23019  20.940  -66.324  -30.204 0.0000000000
22034  19.597  -67.379  -34.367 0.0000000000
21008  19.271  -68.621  -32.462 0.0000000000
22014  17.495  -67.881  -33.770 0.0000000000
21990  15.146  -67.550  -32.826 0.0000000000
23075  15.403  -66.744  -34.710 0.0000000000
20156  13.873  -69.747  -38.005 0.0000000000
20139  13.165  -69.050  -36.676 0.0000000000
18142  14.906  -71.190  -36.168 0.0000000000
17188  17.693  -72.854  -34.208 0.0000000000
16276  17.678  -73.600  -36.210 0.0000000000
149654  19.475  -75.858  -36.972 0.0000000000
699  29.244  -96.127  -24.172 0.0000000000
142483  29.258  -95.865  -26.591 0.0000000000
711  27.745  -96.632  -26.605 0.0000000000
1618  25.075  -93.693  -26.872 0.0000000000
2037  22.770  -91.888  -27.671 0.0000000000
11316  6.343  -78.633  -6.511 0.0000000000
11300  4.926  -78.121  -5.965 0.0000000000
140831  4.601  -77.982  -8.278 0.0000000000
11352  4.997  -78.222  -10.141 0.0000000000
11362  7.369  -78.331  -11.539 0.0000000000
13172  6.230  -76.110  -9.997 0.0000000000
15035  7.307  -74.547  -9.811 0.0000000000
16937  6.401  -72.760  -10.113 0.0000000000
148178  21.554  -60.008  -7.619 0.0000000000
29766  19.567  -59.339  -8.153 0.0000000000
27776  20.275  -61.472  -9.239 0.0000000000
27789  19.217  -61.881  -10.391 0.0000000000
152156  18.675  -61.588  -12.086 0.0000000000
27826  19.806  -60.889  -13.543 0.0000000000
25883  19.311  -63.233  -13.067 0.0000000000
24865  20.119  -64.880  -13.698 0.0000000000
22781  21.273  -66.410  -13.451 0.0000000000
16395  12.597  -72.776  -44.042 0.0000000000
14530  11.443  -75.282  -44.825 0.0000000000
15478  12.938  -74.768  -45.489 0.0000000000
13645  14.488  -76.604  -45.460 0.0000000000
11741  15.605  -78.179  -45.056 0.0000000000
9929  16.968  -80.398  -44.279 0.0000000000
12638  17.044  -77.484  -44.277 0.0000000000
12625  18.785  -77.917  -41.969 0.0000000000
12617  20.045  -77.852  -41.260 0.0000000000
25036  7.399  -65.312  -26.203 0.0000000000
22941  8.128  -67.020  -24.756 0.0000000000
22961  8.600  -66.693  -27.204 0.0000000000
21910  9.945  -67.596  -27.695 0.0000000000
23004  11.427  -66.639  -29.382 0.0000000000
38180  27.965  -51.281  -19.114 0.0000000000
38194  26.493  -51.149  -20.284 0.0000000000
39059  26.781  -50.201  -20.052 0.0000000000
141883  26.563  -48.716  -19.837 0.0000000000
2992  28.151  -90.640  -31.045 0.0000000000
2523  30.641  -90.950  -31.178 0.0000000000
1684  28.639  -92.812  -32.580 0.0000000000
1363  29.558  -94.305  -33.290 0.0000000000
153433  29.115  -93.267  -35.371 0.0000000000
1716  29.683  -92.484  -37.140 0.0000000000
1061  29.026  -94.736  -36.226 0.0000000000
156954  27.541  -94.617  -38.475 0.0000000000
1397  26.123  -94.316  -39.717 0.0000000000
28906  4.566  -60.721  -17.795 0.0000000000
26974  5.702  -62.363  -19.600 0.0000000000
28914  5.662  -60.706  -19.062 0.0000000000
29933  7.463  -59.907  -20.713 0.0000000000
29973  9.568  -60.007  -22.079 0.0000000000
145597  21.253  -51.475  -20.394 0.0000000000
139017  17.385  -51.348  -21.533 0.0000000000
41064  12.598  -48.444  -22.660 0.0000000000
39101  12.239  -50.535  -22.587 0.0000000000
1597  18.647  -93.947  -24.865 0.0000000000
695  17.509  -96.315  -23.532 0.0000000000
1270  17.031  -94.763  -24.729 0.0000000000
1283  15.601  -94.083  -24.817 0.0000000000
1285  13.744  -94.023  -24.944 0.0000000000
2435  12.825  -91.722  -21.013 0.0000000000
147998  12.499  -92.174  -23.303 0.0000000000
142031  12.392  -93.910  -22.007 0.0000000000
966  10.684  -95.371  -22.861 0.0000000000
150229  8.498  -94.844  -24.633 0.0000000000
4440  5.761  -87.632  -6.984 0.0000000000
3270  6.784  -89.185  -7.211 0.0000000000
2755  6.632  -89.528  -8.512 0.0000000000
2313  7.465  -91.646  -9.708 0.0000000000
1881  6.978  -92.622  -12.795 0.0000000000
1903  7.879  -93.172  -15.248 0.0000000000
21642  11.902  -67.683  -6.503 0.0000000000
21665  9.638  -67.276  -7.021 0.0000000000
140532  6.788  -66.351  -7.505 0.0000000000
22718  8.010  -65.843  -8.344 0.0000000000
24800  7.109  -64.661  -8.958 0.0000000000
25842  5.708  -63.686  -10.304 0.0000000000
164164  25.326  -58.047  -17.525 0.0000000000
30903  25.930  -58.893  -18.446 0.0000000000
137020  25.804  -58.202  -18.719 0.0000000000
146007  26.649  -56.850  -19.008 0.0000000000
33058  27.539  -56.457  -18.658 0.0000000000
34131  28.670  -55.209  -17.741 0.0000000000
34132  26.795  -54.844  -18.028 0.0000000000
36132  25.303  -53.405  -17.654 0.0000000000
37205  23.319  -52.560  -17.291 0.0000000000
399  15.766  -96.778  -19.895 0.0000000000
139853  17.917  -98.124  -19.936 0.0000000000
948  16.782  -95.150  -21.203 0.0000000000
1967  18.590  -92.534  -21.731 0.0000000000
3460  19.693  -89.385  -22.523 0.0000000000
3486  21.840  -89.237  -24.372 0.0000000000
3498  20.144  -89.638  -25.207 0.0000000000
2012  19.867  -91.820  -25.174 0.0000000000
455  16.669  -97.424  -29.989 0.0000000000
7513  12.527  -83.008  -42.123 0.0000000000
6123  12.143  -85.908  -42.321 0.0000000000
7540  13.755  -83.628  -43.604 0.0000000000
6819  15.137  -83.732  -44.314 0.0000000000
5458  16.751  -85.174  -45.556 0.0000000000
138186  17.488  -85.200  -47.269 0.0000000000
6830  18.516  -84.471  -44.716 0.0000000000
6804  20.415  -83.854  -42.410 0.0000000000
140466  22.131  -83.340  -41.170 0.0000000000
146581  24.617  -82.829  -41.241 0.0000000000
155416  23.679  -83.183  -39.203 0.0000000000
8181  24.674  -82.789  -38.003 0.0000000000
11481  5.608  -78.767  -22.664 0.0000000000
16152  13.474  -73.597  -23.367 0.0000000000
13344  12.376  -76.307  -24.205 0.0000000000
14317  14.151  -75.376  -24.528 0.0000000000
16175  12.727  -73.725  -25.696 0.0000000000
150060  11.528  -71.753  -25.359 0.0000000000
152968  9.936  -69.584  -26.161 0.0000000000
18992  12.039  -69.803  -25.819 0.0000000000
20038  11.907  -68.813  -28.873 0.0000000000
20974  11.676  -68.717  -30.598 0.0000000000
2917  35.491  -90.637  -23.413 0.0000000000
1999  34.594  -92.292  -25.086 0.0000000000
1617  32.840  -93.794  -26.694 0.0000000000
1011  30.478  -94.803  -29.636 0.0000000000
1006  28.439  -95.491  -28.140 0.0000000000
1640  28.368  -93.347  -28.596 0.0000000000
139061  28.697  -91.598  -29.492 0.0000000000
2527  26.772  -91.295  -30.471 0.0000000000
148994  26.497  -95.356  -29.842 0.0000000000
458  25.596  -97.227  -30.800 0.0000000000
44320  19.041  -45.216  -23.313 0.0000000000
44306  17.123  -45.817  -22.727 0.0000000000
45366  16.725  -44.508  -22.775 0.0000000000
145881  13.291  -41.918  -21.634 0.0000000000
50168  14.982  -39.244  -23.341 0.0000000000
49203  13.488  -40.084  -22.601 0.0000000000
48256  12.148  -41.313  -22.600 0.0000000000
164197  12.209  -42.093  -23.682 0.0000000000
46387  13.650  -43.068  -24.512 0.0000000000
146358  15.323  -44.972  -25.353 0.0000000000
2901  15.394  -90.018  -21.694 0.0000000000
4661  15.317  -87.924  -23.807 0.0000000000
3445  16.115  -88.796  -21.234 0.0000000000
162559  15.435  -87.773  -21.440 0.0000000000
3995  13.930  -88.544  -20.727 0.0000000000
3973  15.286  -88.365  -18.886 0.0000000000
3420  14.081  -89.807  -19.522 0.0000000000
2870  12.796  -91.474  -18.510 0.0000000000
1929  11.710  -92.325  -17.452 0.0000000000
145385  10.614  -93.221  -16.072 0.0000000000
7865  9.391  -82.106  -8.509 0.0000000000
7097  7.770  -83.801  -7.317 0.0000000000
9447  6.674  -80.994  -7.021 0.0000000000
141821  5.783  -83.095  -6.937 0.0000000000
5717  4.964  -85.611  -6.306 0.0000000000
5749  4.971  -86.081  -7.912 0.0000000000
5103  5.829  -86.574  -9.349 0.0000000000
5124  5.106  -86.339  -11.664 0.0000000000
5145  5.118  -86.451  -13.310 0.0000000000
6480  6.163  -84.321  -12.003 0.0000000000
11367  8.235  -78.725  -12.826 0.0000000000
138949  16.622  -64.710  -8.922 0.0000000000
25812  13.678  -63.414  -9.591 0.0000000000
26833  15.551  -62.568  -9.034 0.0000000000
27770  14.535  -60.823  -8.500 0.0000000000
164583  13.892  -59.488  -9.546 0.0000000000
29768  17.924  -58.828  -8.662 0.0000000000
30835  15.672  -58.813  -10.106 0.0000000000
29826  13.997  -59.672  -11.070 0.0000000000
27840  20.869  -60.701  -14.737 0.0000000000
1950  15.754  -93.474  -20.309 0.0000000000
9032  9.431  -82.097  -41.796 0.0000000000
11732  10.371  -78.402  -44.176 0.0000000000
9899  10.509  -80.892  -43.302 0.0000000000
8221  11.066  -82.784  -42.031 0.0000000000
8208  13.619  -81.986  -40.819 0.0000000000
8192  15.409  -82.357  -39.030 0.0000000000
7458  17.407  -82.833  -37.084 0.0000000000
8142  19.585  -82.705  -36.117 0.0000000000
8968  18.421  -81.955  -37.181 0.0000000000
8980  19.584  -81.531  -38.737 0.0000000000
9011  20.817  -81.288  -41.162 0.0000000000
144336  18.532  -82.029  -43.604 0.0000000000
9049  20.177  -81.694  -43.757 0.0000000000
141684  21.716  -80.770  -42.981 0.0000000000
9924  22.331  -80.662  -44.671 0.0000000000
19944  5.184  -69.376  -22.184 0.0000000000
17066  5.402  -72.227  -22.845 0.0000000000
18970  5.811  -70.376  -24.146 0.0000000000
18958  8.036  -70.352  -23.576 0.0000000000
17998  10.241  -71.330  -23.318 0.0000000000
158078  10.252  -67.566  -22.905 0.0000000000
19941  11.470  -69.289  -22.508 0.0000000000
17996  12.146  -71.342  -23.294 0.0000000000
151201  14.585  -71.478  -23.415 0.0000000000
18967  16.414  -70.743  -24.559 0.0000000000
18975  18.417  -70.778  -25.564 0.0000000000
36164  23.135  -53.244  -21.041 0.0000000000
38195  25.613  -51.302  -20.567 0.0000000000
145599  23.534  -51.910  -20.639 0.0000000000
145598  22.169  -51.666  -20.419 0.0000000000
144602  21.756  -50.071  -20.515 0.0000000000
41040  21.332  -48.208  -21.238 0.0000000000
42052  21.201  -46.983  -22.021 0.0000000000
44285  23.487  -45.567  -21.666 0.0000000000
2154  30.631  -91.857  -39.772 0.0000000000
4231  28.088  -88.010  -44.832 0.0000000000
4850  27.207  -87.033  -46.174 0.0000000000
14982  5.881  -74.258  -3.054 0.0000000000
18262  8.456  -72.368  -42.126 0.0000000000
17312  11.256  -72.022  -42.850 0.0000000000
18258  12.430  -71.477  -42.451 0.0000000000
17291  13.077  -71.618  -40.784 0.0000000000
16334  13.569  -73.558  -39.761 0.0000000000
29005  10.233  -60.472  -28.511 0.0000000000
28068  10.025  -62.055  -29.889 0.0000000000
18912  4.937  -70.498  -19.286 0.0000000000
21802  4.720  -67.853  -18.372 0.0000000000
20880  4.859  -68.589  -20.617 0.0000000000
21838  4.492  -67.158  -21.745 0.0000000000
23958  4.884  -65.267  -22.710 0.0000000000
25005  4.975  -63.585  -24.074 0.0000000000
27016  5.081  -62.168  -22.175 0.0000000000
27997  5.133  -62.215  -24.840 0.0000000000
27062  6.378  -63.018  -26.105 0.0000000000
26036  9.032  -64.308  -25.641 0.0000000000
26033  11.604  -63.860  -25.873 0.0000000000
140775  10.286  -62.177  -26.400 0.0000000000
33067  9.714  -56.305  -18.385 0.0000000000
42056  16.588  -47.382  -22.357 0.0000000000
141355  15.036  -48.824  -21.508 0.0000000000
39077  14.457  -50.436  -20.091 0.0000000000
39999  12.742  -49.571  -19.622 0.0000000000
38183  13.168  -51.463  -19.372 0.0000000000
143060  11.444  -53.237  -19.469 0.0000000000
34162  9.419  -54.839  -18.883 0.0000000000
33077  7.934  -55.820  -19.501 0.0000000000
33105  7.787  -56.773  -21.196 0.0000000000
30978  8.690  -58.124  -22.881 0.0000000000
137616  11.148  -58.734  -22.566 0.0000000000
28952  12.896  -60.547  -22.713 0.0000000000
28964  13.264  -60.781  -24.518 0.0000000000
28970  10.635  -60.805  -25.215 0.0000000000
30000  8.952  -60.034  -26.735 0.0000000000
30021  11.142  -59.485  -28.275 0.0000000000
219  22.736  -98.700  -24.122 0.0000000000
152149  22.380  -98.106  -26.533 0.0000000000
63  21.825  -98.921  -25.207 0.0000000000
75  20.139  -99.052  -26.481 0.0000000000
86  18.498  -99.015  -27.205 0.0000000000
44  17.000  -98.940  -22.924 0.0000000000
144085  16.993  -99.173  -25.628 0.0000000000
94  16.336  -98.541  -27.797 0.0000000000
98  14.739  -98.599  -28.745 0.0000000000
3512  14.265  -88.964  -26.201 0.0000000000
2027  13.706  -92.113  -25.956 0.0000000000
1295  13.224  -94.330  -26.177 0.0000000000
2017  11.316  -92.153  -25.507 0.0000000000
1635  11.465  -93.704  -27.310 0.0000000000
713  11.193  -96.300  -26.687 0.0000000000
3343  11.384  -89.139  -13.251 0.0000000000
158122  10.762  -91.254  -13.828 0.0000000000
145047  10.208  -93.603  -14.747 0.0000000000
4453  11.355  -88.137  -7.864 0.0000000000
3268  8.206  -90.032  -7.052 0.0000000000
2740  10.097  -90.212  -7.755 0.0000000000
2763  10.374  -90.646  -8.822 0.0000000000
1867  10.065  -92.766  -10.932 0.0000000000
1167  10.318  -94.963  -13.476 0.0000000000
616  10.196  -96.166  -15.579 0.0000000000
638  8.423  -96.126  -17.520 0.0000000000
1225  6.931  -94.109  -19.685 0.0000000000
17796  5.657  -71.440  -3.232 0.0000000000
18758  4.139  -70.730  -4.758 0.0000000000
17828  4.033  -70.954  -6.089 0.0000000000
161173  4.583  -70.512  -7.669 0.0000000000
17856  4.470  -70.774  -9.556 0.0000000000
22708  3.698  -66.511  -7.789 0.0000000000
20744  3.605  -68.631  -9.685 0.0000000000
16951  3.532  -72.218  -11.376 0.0000000000
16016  3.384  -73.333  -12.532 0.0000000000
26816  10.608  -62.110  -8.732 0.0000000000
26839  7.835  -62.390  -9.693 0.0000000000
23828  23.328  -66.070  -15.031 0.0000000000
24893  24.363  -65.142  -15.674 0.0000000000
24891  25.154  -64.531  -16.500 0.0000000000
25920  25.488  -63.994  -16.864 0.0000000000
30851  23.025  -58.368  -14.395 0.0000000000
28835  22.683  -60.098  -14.212 0.0000000000
27853  24.317  -61.900  -15.703 0.0000000000
27866  25.316  -62.106  -16.862 0.0000000000
137649  28.037  -60.245  -18.952 0.0000000000
36160  28.189  -53.990  -19.996 0.0000000000
35117  29.272  -53.916  -17.600 0.0000000000
36142  29.457  -53.342  -18.356 0.0000000000
38174  28.435  -51.839  -18.564 0.0000000000
39047  27.871  -50.434  -17.687 0.0000000000
145  21.788  -98.448  -14.679 0.0000000000
190  19.359  -98.407  -19.426 0.0000000000
177  21.390  -98.494  -18.546 0.0000000000
2450  25.852  -90.822  -22.977 0.0000000000
1252  24.995  -93.483  -21.904 0.0000000000
2462  23.029  -91.583  -23.815 0.0000000000
153809  23.538  -93.937  -22.203 0.0000000000
930  24.361  -95.458  -20.355 0.0000000000
388  23.747  -98.110  -19.727 0.0000000000
212  23.900  -98.676  -22.252 0.0000000000
142440  25.044  -98.414  -23.018 0.0000000000
1238  32.013  -93.995  -21.381 0.0000000000
942  30.252  -95.526  -21.522 0.0000000000
161276  29.105  -96.504  -22.004 0.0000000000
407  27.398  -97.520  -22.431 0.0000000000
151724  21.869  -95.123  -27.459 0.0000000000
1631  21.193  -93.473  -27.816 0.0000000000
2508  20.667  -91.166  -29.081 0.0000000000
1667  21.663  -92.645  -30.226 0.0000000000
1328  22.817  -94.869  -29.660 0.0000000000
451  23.750  -97.152  -29.546 0.0000000000
488  24.141  -97.158  -32.361 0.0000000000
774  24.489  -94.421  -33.257 0.0000000000
135407  25.595  -90.296  -35.314 0.0000000000
1091  24.350  -93.632  -38.333 0.0000000000
153900  24.204  -93.150  -41.482 0.0000000000
2629  23.537  -91.339  -43.329 0.0000000000
3087  23.779  -90.016  -44.543 0.0000000000
3654  24.828  -88.636  -45.856 0.0000000000
5476  24.858  -86.185  -47.235 0.0000000000
5480  17.843  -85.308  -49.007 0.0000000000
135907  19.239  -86.654  -46.516 0.0000000000
139578  21.047  -87.482  -45.405 0.0000000000
135621  24.348  -85.356  -43.400 0.0000000000
6166  23.356  -85.388  -47.304 0.0000000000
6858  25.943  -84.194  -48.178 0.0000000000
8266  26.557  -82.832  -47.417 0.0000000000
8140  21.464  -82.497  -35.482 0.0000000000
15221  5.808  -74.228  -23.312 0.0000000000
13350  6.120  -76.863  -23.297 0.0000000000
11509  7.070  -78.560  -24.187 0.0000000000
11505  11.068  -77.716  -24.935 0.0000000000
12431  9.096  -78.156  -25.561 0.0000000000
12433  7.293  -78.324  -25.745 0.0000000000
21036  9.444  -68.231  -33.657 0.0000000000
153772  9.250  -70.078  -29.307 0.0000000000
137445  9.661  -70.262  -31.621 0.0000000000
20110  10.648  -69.665  -35.013 0.0000000000
163245  11.811  -71.264  -35.763 0.0000000000
16278  13.288  -73.235  -36.805 0.0000000000
137095  14.267  -74.625  -37.238 0.0000000000
26100  9.339  -64.106  -32.015 0.0000000000
143269  10.754  -65.704  -31.349 0.0000000000
24030  13.357  -65.624  -29.577 0.0000000000
149376  15.144  -65.441  -31.022 0.0000000000
155795  15.395  -65.642  -28.439 0.0000000000
21908  16.888  -66.925  -27.357 0.0000000000
21894  18.360  -68.371  -26.819 0.0000000000
19004  19.657  -70.344  -27.361 0.0000000000
20968  21.560  -68.492  -30.433 0.0000000000
20032  20.000  -69.755  -29.533 0.0000000000
19029  18.453  -70.093  -29.146 0.0000000000
20971  15.833  -68.479  -30.679 0.0000000000
21969  13.057  -67.617  -31.782 0.0000000000
21035  11.741  -68.373  -33.469 0.0000000000
139025  13.208  -65.850  -36.589 0.0000000000
20123  12.351  -68.754  -34.962 0.0000000000
19083  14.314  -71.008  -32.858 0.0000000000
16229  16.553  -72.913  -33.342 0.0000000000
15311  16.237  -75.115  -35.268 0.0000000000
13519  16.024  -76.279  -37.428 0.0000000000
12560  17.508  -77.146  -37.549 0.0000000000
12572  19.768  -77.335  -38.591 0.0000000000
14484  20.582  -76.170  -41.413 0.0000000000
15404  18.404  -74.606  -41.627 0.0000000000
14507  18.804  -75.501  -44.108 0.0000000000
15477  18.897  -74.641  -45.791 0.0000000000
430  24.922  -97.797  -25.867 0.0000000000
435  24.543  -97.444  -26.646 0.0000000000
436  23.632  -97.501  -26.707 0.0000000000
149236  3.761  -73.946  -4.556 0.0000000000
153547  3.839  -74.710  -5.647 0.0000000000
15956  4.204  -73.781  -6.163 0.0000000000
15955  4.485  -73.782  -6.981 0.0000000000
16902  4.181  -72.918  -5.927 0.0000000000
15390  14.559  -74.757  -40.789 0.0000000000
15406  14.785  -74.336  -41.815 0.0000000000
14486  15.147  -75.484  -40.844 0.0000000000
14470  15.499  -75.989  -40.209 0.0000000000
14456  15.300  -75.955  -39.385 0.0000000000
27071  8.805  -62.175  -27.231 0.0000000000
26066  8.475  -63.781  -28.537 0.0000000000
146813  8.779  -63.071  -28.647 0.0000000000
472  26.795  -96.847  -31.733 0.0000000000
142609  27.734  -96.280  -32.584 0.0000000000
762  26.286  -96.732  -33.501 0.0000000000
151641  25.495  -96.116  -35.177 0.0000000000
773  24.884  -95.598  -34.526 0.0000000000
31959  8.784  -57.695  -17.948 0.0000000000
30861  7.493  -58.363  -17.199 0.0000000000
31960  7.843  -57.679  -18.027 0.0000000000
31980  6.633  -57.629  -18.850 0.0000000000
31979  7.217  -57.257  -18.675 0.0000000000
42053  19.647  -47.374  -22.378 0.0000000000
41054  19.141  -48.099  -22.183 0.0000000000
143903  18.987  -47.369  -22.551 0.0000000000
43202  14.808  -46.215  -24.662 0.0000000000
42088  14.223  -47.455  -24.281 0.0000000000
42106  15.017  -47.916  -24.615 0.0000000000
4071  16.775  -88.586  -25.624 0.0000000000
3510  16.641  -89.330  -26.513 0.0000000000
140054  16.086  -88.344  -25.390 0.0000000000
1200  10.735  -94.634  -17.676 0.0000000000
1224  10.849  -95.034  -19.165 0.0000000000
913  10.744  -95.709  -18.483 0.0000000000
649  10.298  -96.311  -18.606 0.0000000000
143562  10.446  -96.232  -18.151 0.0000000000
3899  5.470  -87.909  -11.499 0.0000000000
3898  5.925  -88.586  -11.903 0.0000000000
3907  6.409  -88.599  -12.848 0.0000000000
22714  16.034  -66.174  -8.350 0.0000000000
22697  14.262  -66.094  -7.742 0.0000000000
146163  13.905  -65.191  -8.291 0.0000000000
23739  12.488  -64.955  -7.927 0.0000000000
24794  12.781  -64.400  -8.444 0.0000000000
2924  15.623  -90.112  -23.709 0.0000000000
2922  16.664  -90.663  -23.957 0.0000000000
3476  16.357  -89.631  -24.234 0.0000000000
158856  17.803  -88.852  -25.284 0.0000000000
145635  17.430  -84.149  -39.186 0.0000000000
153570  17.184  -84.047  -40.194 0.0000000000
140888  18.275  -84.404  -39.098 0.0000000000
6776  18.817  -84.433  -39.926 0.0000000000
6765  19.588  -84.073  -38.085 0.0000000000
7455  20.369  -83.751  -37.527 0.0000000000
7456  19.637  -83.845  -37.065 0.0000000000
17974  5.293  -71.474  -20.320 0.0000000000
151899  5.385  -73.021  -20.386 0.0000000000
17059  5.570  -72.294  -21.319 0.0000000000
17087  17.738  -72.183  -25.726 0.0000000000
17096  16.233  -72.632  -26.352 0.0000000000
18025  16.771  -72.073  -26.743 0.0000000000
19008  16.043  -70.288  -27.224 0.0000000000
19007  16.868  -70.786  -27.604 0.0000000000
1584  30.316  -92.753  -23.284 0.0000000000
2001  30.531  -92.613  -25.163 0.0000000000
1604  29.371  -93.026  -25.262 0.0000000000
2959  23.572  -90.718  -28.270 0.0000000000
153785  24.788  -90.792  -27.877 0.0000000000
2975  23.489  -90.639  -29.144 0.0000000000
2059  23.928  -91.785  -29.570 0.0000000000
2060  22.976  -91.821  -29.782 0.0000000000
4564  13.597  -87.620  -15.306 0.0000000000
3941  13.383  -88.307  -15.812 0.0000000000
9471  5.158  -80.483  -10.472 0.0000000000
9464  4.948  -81.150  -9.622 0.0000000000
8613  4.988  -81.601  -10.432 0.0000000000
7898  5.600  -82.038  -10.696 0.0000000000
8622  5.562  -81.158  -11.015 0.0000000000
158021  7.313  -81.449  -11.445 0.0000000000
9482  7.001  -80.118  -11.427 0.0000000000
15052  6.303  -74.225  -11.265 0.0000000000
14174  5.255  -75.832  -12.276 0.0000000000
14162  4.739  -75.195  -12.009 0.0000000000
163899  4.197  -74.748  -11.960 0.0000000000
28715  21.310  -60.736  -6.085 0.0000000000
27754  18.792  -60.987  -6.744 0.0000000000
28726  19.117  -60.097  -6.878 0.0000000000
28812  18.606  -59.705  -12.191 0.0000000000
143757  17.993  -59.209  -11.970 0.0000000000
29834  18.105  -59.174  -12.816 0.0000000000
29846  17.566  -59.148  -13.389 0.0000000000
28825  18.806  -59.360  -13.943 0.0000000000
24895  20.984  -64.652  -15.217 0.0000000000
25911  20.828  -63.127  -15.180 0.0000000000
24894  21.783  -65.326  -15.835 0.0000000000
142905  11.597  -75.254  -42.895 0.0000000000
10812  14.729  -79.578  -44.053 0.0000000000
10813  13.844  -79.667  -44.052 0.0000000000
10795  15.037  -79.932  -43.158 0.0000000000
9883  15.465  -80.257  -41.200 0.0000000000
159089  15.398  -80.263  -42.351 0.0000000000
9868  16.743  -80.967  -40.671 0.0000000000
164043  15.956  -80.850  -42.805 0.0000000000
11727  20.126  -78.364  -43.815 0.0000000000
140066  19.161  -79.596  -45.328 0.0000000000
11739  19.526  -78.571  -44.913 0.0000000000
12647  19.802  -77.519  -44.435 0.0000000000
23955  6.705  -65.205  -23.675 0.0000000000
22914  7.263  -65.875  -22.640 0.0000000000
22919  7.361  -65.625  -23.298 0.0000000000
22957  12.530  -66.870  -27.510 0.0000000000
22940  12.706  -67.313  -25.995 0.0000000000
22939  13.602  -67.083  -25.963 0.0000000000
21886  14.625  -67.453  -25.441 0.0000000000
146218  14.734  -66.584  -26.400 0.0000000000
163855  26.737  -52.985  -20.287 0.0000000000
42034  25.079  -47.396  -20.707 0.0000000000
42035  23.952  -47.851  -20.777 0.0000000000
2590  31.833  -90.528  -36.892 0.0000000000
2138  31.356  -91.076  -37.037 0.0000000000
1753  26.937  -92.621  -41.036 0.0000000000
2166  26.212  -91.838  -40.297 0.0000000000
157155  25.783  -91.653  -41.348 0.0000000000
2626  26.267  -90.553  -42.372 0.0000000000
2193  25.573  -91.976  -42.815 0.0000000000
21075  9.207  -68.430  -36.766 0.0000000000
20184  9.713  -69.654  -38.266 0.0000000000
20159  9.671  -69.069  -37.734 0.0000000000
136966  10.584  -69.932  -38.436 0.0000000000
20158  10.336  -69.255  -37.298 0.0000000000
139096  4.081  -62.282  -16.815 0.0000000000
150400  3.890  -62.971  -16.084 0.0000000000
25949  4.324  -63.703  -17.537 0.0000000000
24946  4.495  -64.370  -18.180 0.0000000000
25958  4.537  -63.470  -18.486 0.0000000000
155248  4.315  -63.987  -20.136 0.0000000000
163810  4.719  -63.079  -18.926 0.0000000000
28955  9.713  -60.887  -21.806 0.0000000000
27974  9.652  -61.296  -21.988 0.0000000000
27973  10.488  -61.202  -22.362 0.0000000000
27986  11.137  -61.920  -22.987 0.0000000000
27972  11.587  -61.327  -22.641 0.0000000000
46338  13.606  -43.273  -21.436 0.0000000000
140551  14.067  -44.897  -21.285 0.0000000000
145756  12.922  -44.050  -20.906 0.0000000000
38225  11.391  -51.033  -22.052 0.0000000000
38219  10.762  -51.022  -21.479 0.0000000000
37252  10.011  -52.430  -21.832 0.0000000000
144781  9.467  -52.914  -21.331 0.0000000000
36181  9.774  -53.112  -22.023 0.0000000000
141100  9.778  -53.710  -22.502 0.0000000000
35194  10.543  -53.406  -22.772 0.0000000000
33131  12.434  -55.656  -25.159 0.0000000000
34223  11.995  -55.724  -25.907 0.0000000000
32074  10.712  -56.968  -25.548 0.0000000000
689  19.490  -96.651  -22.468 0.0000000000
213  19.188  -98.661  -22.087 0.0000000000
690  18.901  -96.948  -22.650 0.0000000000
703  13.450  -96.231  -24.332 0.0000000000
150368  13.607  -97.860  -24.368 0.0000000000
229  12.960  -97.851  -24.719 0.0000000000
160759  12.656  -98.182  -25.500 0.0000000000
431  11.773  -97.455  -25.661 0.0000000000
3448  12.727  -89.611  -22.567 0.0000000000
3492  12.414  -89.379  -24.345 0.0000000000
2914  12.633  -90.483  -22.984 0.0000000000
3304  11.723  -89.614  -9.171 0.0000000000
5731  8.180  -85.471  -7.400 0.0000000000
154956  8.642  -85.788  -7.796 0.0000000000
5065  7.679  -86.130  -6.939 0.0000000000
1485  6.988  -93.935  -11.414 0.0000000000
159991  7.422  -93.591  -10.325 0.0000000000
1152  7.610  -94.680  -11.538 0.0000000000
866  7.888  -95.117  -12.132 0.0000000000
142072  7.433  -94.739  -12.824 0.0000000000
138363  7.255  -94.560  -14.266 0.0000000000
1174  7.037  -93.884  -14.689 0.0000000000
20716  9.422  -68.363  -6.628 0.0000000000
19777  10.604  -69.807  -6.664 0.0000000000
19779  8.986  -68.855  -6.048 0.0000000000
20695  8.113  -68.646  -5.741 0.0000000000
20718  7.622  -67.989  -6.044 0.0000000000
21628  5.561  -67.701  -5.536 0.0000000000
21648  6.110  -67.230  -6.134 0.0000000000
141843  4.241  -65.107  -11.141 0.0000000000
28788  11.926  -59.877  -9.832 0.0000000000
28790  10.429  -60.414  -10.424 0.0000000000
27839  22.420  -61.148  -13.855 0.0000000000
26883  23.363  -62.482  -14.615 0.0000000000
28862  25.370  -60.102  -17.076 0.0000000000
29897  25.883  -59.809  -18.076 0.0000000000
147066  28.971  -57.112  -18.351 0.0000000000
30899  29.878  -58.620  -18.500 0.0000000000
157363  24.590  -51.123  -16.826 0.0000000000
2889  19.951  -91.155  -20.877 0.0000000000
1947  19.894  -93.160  -19.679 0.0000000000
2430  20.631  -91.712  -20.407 0.0000000000
1957  21.116  -92.466  -19.965 0.0000000000
2887  21.429  -90.766  -21.172 0.0000000000
3458  21.890  -88.969  -22.278 0.0000000000
961  19.900  -95.103  -22.897 0.0000000000
1256  20.617  -94.712  -22.416 0.0000000000
688  20.047  -96.347  -22.227 0.0000000000
681  20.608  -96.458  -21.782 0.0000000000
907  26.193  -95.546  -18.214 0.0000000000
378  26.570  -97.352  -18.383 0.0000000000
643  25.601  -97.040  -18.095 0.0000000000
446  18.041  -97.245  -28.476 0.0000000000
1008  18.950  -95.482  -28.352 0.0000000000
1009  18.062  -95.485  -28.818 0.0000000000
134247  21.095  -88.218  -42.486 0.0000000000
3090  22.180  -86.622  -40.406 0.0000000000
3632  24.217  -86.301  -41.779 0.0000000000
136187  22.355  -86.553  -43.083 0.0000000000
6794  10.654  -85.025  -40.656 0.0000000000
7521  22.416  -83.288  -42.752 0.0000000000
7546  22.134  -83.753  -43.741 0.0000000000
7534  22.601  -83.387  -43.465 0.0000000000
7545  23.460  -83.335  -44.876 0.0000000000
8228  23.717  -82.632  -43.252 0.0000000000
8236  25.137  -82.462  -43.496 0.0000000000
142379  24.532  -82.524  -42.812 0.0000000000
9847  22.396  -80.656  -39.203 0.0000000000
9834  22.484  -80.661  -38.142 0.0000000000
9846  23.264  -80.362  -39.489 0.0000000000
143493  10.424  -73.424  -23.785 0.0000000000
14336  9.637  -74.776  -24.296 0.0000000000
15219  10.542  -74.410  -24.031 0.0000000000
17092  9.963  -72.046  -25.776 0.0000000000
152499  9.068  -73.128  -26.521 0.0000000000
18029  9.029  -72.202  -26.163 0.0000000000
144373  7.971  -71.779  -26.246 0.0000000000
148409  8.140  -70.654  -25.889 0.0000000000
19988  7.124  -69.453  -26.677 0.0000000000
18993  8.508  -69.853  -25.924 0.0000000000
19046  12.051  -71.565  -30.237 0.0000000000
17128  11.994  -72.325  -30.416 0.0000000000
18074  12.812  -72.150  -30.869 0.0000000000
17140  13.394  -72.624  -31.445 0.0000000000
18089  14.102  -71.852  -31.575 0.0000000000
24065  19.630  -65.797  -31.481 0.0000000000
24044  19.331  -66.264  -30.722 0.0000000000
24064  20.574  -65.499  -31.476 0.0000000000
23093  19.545  -66.552  -35.622 0.0000000000
22057  18.327  -67.115  -35.050 0.0000000000
22035  18.740  -67.488  -34.402 0.0000000000
22058  17.537  -67.078  -35.071 0.0000000000
22038  16.188  -67.321  -34.285 0.0000000000
23096  16.782  -66.868  -35.231 0.0000000000
153937  14.273  -70.820  -36.733 0.0000000000
18163  16.362  -72.014  -35.653 0.0000000000
15326  18.266  -74.332  -36.401 0.0000000000
700  28.469  -96.635  -24.212 0.0000000000
143021  28.352  -96.537  -25.734 0.0000000000
427  27.553  -96.972  -25.464 0.0000000000
144451  24.194  -94.823  -27.040 0.0000000000
156742  24.732  -95.243  -27.037 0.0000000000
1305  24.295  -93.952  -26.988 0.0000000000
143150  23.551  -92.398  -27.329 0.0000000000
144745  22.804  -92.888  -27.446 0.0000000000
12197  5.330  -77.574  -5.562 0.0000000000
13124  4.995  -77.082  -4.906 0.0000000000
141166  4.471  -76.320  -8.168 0.0000000000
145701  4.267  -77.172  -7.208 0.0000000000
12229  4.492  -77.238  -8.210 0.0000000000
139098  4.660  -78.104  -9.322 0.0000000000
164108  4.789  -77.040  -9.395 0.0000000000
13180  5.694  -76.870  -10.157 0.0000000000
13173  5.147  -76.575  -9.568 0.0000000000
15976  6.014  -73.281  -8.482 0.0000000000
15036  6.844  -74.517  -9.285 0.0000000000
15975  6.729  -73.166  -8.997 0.0000000000
15989  7.132  -73.432  -10.083 0.0000000000
16927  6.743  -72.897  -9.528 0.0000000000
27766  21.845  -61.390  -8.306 0.0000000000
140336  21.425  -60.445  -8.215 0.0000000000
27767  21.011  -61.409  -8.715 0.0000000000
25835  19.744  -63.397  -9.947 0.0000000000
26832  19.467  -62.575  -10.179 0.0000000000
26844  19.076  -62.499  -10.841 0.0000000000
161528  18.661  -61.633  -11.605 0.0000000000
26845  18.771  -62.380  -11.578 0.0000000000
26860  18.899  -62.588  -12.398 0.0000000000
25861  19.010  -63.294  -11.718 0.0000000000
22753  20.359  -66.163  -11.631 0.0000000000
23798  19.855  -65.544  -12.222 0.0000000000
23819  20.098  -65.477  -12.994 0.0000000000
23818  20.620  -65.843  -13.578 0.0000000000
22763  20.644  -66.247  -12.619 0.0000000000
17334  13.396  -72.500  -43.979 0.0000000000
15468  12.418  -74.061  -45.208 0.0000000000
151685  13.937  -73.344  -44.640 0.0000000000
14509  15.563  -75.552  -43.818 0.0000000000
14527  14.726  -75.237  -45.034 0.0000000000
14526  15.284  -75.801  -44.702 0.0000000000
12651  15.170  -77.669  -45.266 0.0000000000
13610  16.319  -77.006  -44.668 0.0000000000
12649  16.345  -77.843  -44.777 0.0000000000
140768  16.726  -76.673  -43.811 0.0000000000
13558  17.021  -76.738  -40.645 0.0000000000
13593  17.664  -77.048  -42.338 0.0000000000
12607  17.949  -77.255  -40.698 0.0000000000
12618  19.006  -77.746  -41.108 0.0000000000
144313  18.805  -77.572  -40.215 0.0000000000
25035  8.609  -65.572  -26.586 0.0000000000
23984  7.454  -65.901  -26.143 0.0000000000
23983  8.212  -66.016  -26.622 0.0000000000
24035  8.601  -65.568  -29.438 0.0000000000
23007  8.924  -66.442  -28.888 0.0000000000
23005  9.859  -66.934  -29.523 0.0000000000
137060  10.647  -67.029  -29.293 0.0000000000
24033  10.598  -66.574  -30.023 0.0000000000
39055  27.823  -50.420  -18.836 0.0000000000
160880  27.357  -50.350  -19.525 0.0000000000
39977  27.353  -49.855  -19.224 0.0000000000
160199  26.845  -48.669  -19.117 0.0000000000
42030  26.608  -47.221  -19.209 0.0000000000
42032  26.447  -47.322  -19.888 0.0000000000
2085  27.626  -91.907  -31.646 0.0000000000
2098  28.230  -91.744  -32.253 0.0000000000
1685  28.048  -92.669  -31.961 0.0000000000
1045  29.055  -95.480  -33.326 0.0000000000
1038  29.463  -94.851  -32.714 0.0000000000
1049  29.618  -95.020  -34.024 0.0000000000
1365  29.264  -93.552  -34.776 0.0000000000
1368  29.449  -94.057  -35.143 0.0000000000
1371  28.843  -93.733  -35.665 0.0000000000
1054  29.223  -94.701  -35.537 0.0000000000
1072  27.520  -95.279  -37.163 0.0000000000
29880  5.394  -59.445  -16.371 0.0000000000
28895  4.336  -60.570  -16.970 0.0000000000
28894  4.602  -59.730  -17.571 0.0000000000
28905  4.888  -60.069  -18.417 0.0000000000
29917  5.037  -59.248  -18.324 0.0000000000
29934  6.578  -58.592  -20.546 0.0000000000
146912  6.207  -59.196  -20.169 0.0000000000
29956  7.010  -58.819  -21.336 0.0000000000
29955  7.859  -59.673  -21.319 0.0000000000
30952  7.722  -58.930  -22.056 0.0000000000
39075  20.468  -50.757  -20.408 0.0000000000
40010  17.607  -49.941  -22.031 0.0000000000
39085  17.906  -50.599  -21.623 0.0000000000
39086  17.077  -50.741  -21.989 0.0000000000
39087  16.265  -50.716  -21.931 0.0000000000
44323  12.117  -45.489  -22.890 0.0000000000
40026  12.737  -49.236  -23.006 0.0000000000
40027  12.212  -49.766  -22.373 0.0000000000
40046  12.733  -49.914  -23.120 0.0000000000
143444  13.332  -50.643  -23.883 0.0000000000
1605  18.779  -93.098  -25.337 0.0000000000
156838  18.108  -94.257  -24.934 0.0000000000
1606  18.026  -93.671  -25.321 0.0000000000
2024  15.964  -92.164  -25.908 0.0000000000
1608  15.983  -93.459  -25.323 0.0000000000
1609  14.999  -93.536  -24.865 0.0000000000
1284  14.530  -93.982  -24.612 0.0000000000
1610  14.153  -93.355  -24.874 0.0000000000
146487  12.438  -92.785  -20.158 0.0000000000
1566  12.631  -93.247  -21.470 0.0000000000
1556  12.334  -93.360  -20.658 0.0000000000
949  10.710  -95.959  -21.733 0.0000000000
1247  11.617  -95.059  -21.801 0.0000000000
957  10.363  -95.763  -22.379 0.0000000000
967  10.012  -95.512  -23.281 0.0000000000
968  9.193  -95.372  -23.310 0.0000000000
959  8.675  -95.378  -22.595 0.0000000000
1236  7.643  -95.103  -21.006 0.0000000000
1259  7.613  -94.304  -22.174 0.0000000000
4458  5.746  -87.505  -7.681 0.0000000000
3280  6.332  -88.317  -7.986 0.0000000000
3291  6.265  -88.496  -8.607 0.0000000000
2784  7.744  -90.403  -11.170 0.0000000000
2777  7.089  -90.211  -10.070 0.0000000000
2327  7.752  -91.433  -11.466 0.0000000000
1880  7.091  -92.470  -11.730 0.0000000000
2342  7.710  -91.762  -12.510 0.0000000000
2358  7.930  -92.299  -13.998 0.0000000000
20709  16.180  -67.784  -5.892 0.0000000000
145958  13.124  -66.828  -6.939 0.0000000000
21641  13.591  -67.512  -6.700 0.0000000000
21663  11.378  -67.039  -6.829 0.0000000000
21664  10.464  -67.158  -6.922 0.0000000000
22702  9.978  -66.563  -7.565 0.0000000000
22703  8.530  -66.353  -7.876 0.0000000000
146305  9.814  -65.844  -8.180 0.0000000000
24797  9.631  -63.973  -8.737 0.0000000000
23743  8.885  -64.759  -8.845 0.0000000000
24798  8.591  -63.817  -8.872 0.0000000000
159243  5.783  -63.956  -9.705 0.0000000000
24828  7.381  -63.112  -9.528 0.0000000000
31955  23.997  -56.545  -17.001 0.0000000000
31937  24.809  -57.382  -17.056 0.0000000000
31954  25.109  -57.514  -17.864 0.0000000000
30879  25.539  -58.187  -18.185 0.0000000000
31972  25.396  -57.477  -18.527 0.0000000000
158683  25.469  -56.200  -18.681 0.0000000000
138926  25.648  -56.914  -18.881 0.0000000000
33059  26.101  -56.235  -18.825 0.0000000000
34142  27.002  -55.787  -18.527 0.0000000000
35121  24.889  -54.146  -17.966 0.0000000000
152671  24.426  -53.386  -17.697 0.0000000000
936  16.134  -95.927  -19.992 0.0000000000
673  16.396  -96.304  -20.421 0.0000000000
163615  16.068  -94.737  -21.214 0.0000000000
2451  18.067  -91.862  -23.023 0.0000000000
1980  17.875  -92.536  -22.618 0.0000000000
150205  18.638  -90.976  -22.808 0.0000000000
2899  19.211  -91.044  -21.791 0.0000000000
3474  19.438  -89.199  -23.175 0.0000000000
4034  20.281  -88.688  -23.739 0.0000000000
139911  19.644  -89.020  -24.519 0.0000000000
2946  18.681  -90.275  -26.413 0.0000000000
2478  19.692  -90.961  -25.784 0.0000000000
2479  19.199  -91.680  -25.825 0.0000000000
1596  19.334  -93.586  -24.613 0.0000000000
8230  13.456  -82.766  -42.398 0.0000000000
7526  12.980  -83.496  -42.946 0.0000000000
7525  14.360  -82.811  -43.104 0.0000000000
7524  16.987  -83.740  -42.950 0.0000000000
7538  15.386  -83.247  -43.943 0.0000000000
7537  16.296  -83.471  -43.889 0.0000000000
6832  16.295  -84.147  -45.011 0.0000000000
142743  16.587  -83.844  -44.597 0.0000000000
6831  17.397  -84.173  -44.682 0.0000000000
6816  17.904  -84.271  -43.938 0.0000000000
6790  20.247  -83.921  -40.714 0.0000000000
6797  19.812  -84.193  -41.539 0.0000000000
159455  20.546  -83.795  -41.549 0.0000000000
144880  21.131  -83.559  -41.981 0.0000000000
7498  21.810  -83.415  -40.397 0.0000000000
139375  22.778  -83.291  -40.423 0.0000000000
7482  22.235  -83.360  -39.777 0.0000000000
142247  23.063  -83.172  -37.538 0.0000000000
7451  23.862  -82.995  -37.793 0.0000000000
7452  23.581  -82.959  -36.999 0.0000000000
8169  25.216  -82.477  -37.342 0.0000000000
8155  24.308  -82.388  -35.867 0.0000000000
162827  5.246  -77.526  -21.537 0.0000000000
16151  14.292  -73.342  -23.355 0.0000000000
15216  13.588  -75.049  -23.622 0.0000000000
160388  15.244  -74.449  -24.113 0.0000000000
147155  14.437  -72.259  -25.912 0.0000000000
16173  14.509  -73.905  -25.573 0.0000000000
144752  12.998  -72.793  -25.464 0.0000000000
17090  12.171  -72.182  -25.373 0.0000000000
18016  12.859  -71.734  -25.435 0.0000000000
18979  11.468  -70.267  -25.503 0.0000000000
18977  13.014  -70.814  -25.590 0.0000000000
20012  14.227  -68.765  -27.845 0.0000000000
20013  13.304  -68.646  -27.963 0.0000000000
20942  12.791  -68.525  -28.803 0.0000000000
20958  12.176  -68.543  -29.601 0.0000000000
20973  12.748  -68.178  -30.329 0.0000000000
1985  35.236  -91.942  -22.764 0.0000000000
2468  35.185  -91.680  -24.526 0.0000000000
143363  34.534  -92.417  -24.136 0.0000000000
154963  31.364  -94.681  -26.864 0.0000000000
1601  32.619  -93.743  -25.712 0.0000000000
1302  31.196  -94.936  -27.564 0.0000000000
1315  31.569  -94.605  -28.776 0.0000000000
155539  30.103  -95.257  -29.186 0.0000000000
993  27.976  -96.113  -27.745 0.0000000000
709  29.059  -95.869  -27.193 0.0000000000
1007  27.811  -95.565  -27.933 0.0000000000
2506  26.655  -90.942  -28.213 0.0000000000
2048  27.341  -92.212  -27.946 0.0000000000
2047  27.854  -91.849  -28.498 0.0000000000
2057  28.479  -92.279  -28.921 0.0000000000
2511  27.524  -90.777  -29.302 0.0000000000
2985  27.676  -90.639  -30.186 0.0000000000
163024  26.457  -90.659  -29.508 0.0000000000
1326  25.244  -94.216  -29.621 0.0000000000
1666  25.789  -93.362  -29.786 0.0000000000
1022  25.708  -95.430  -29.567 0.0000000000
740  26.688  -96.351  -30.127 0.0000000000
730  25.993  -96.735  -29.741 0.0000000000
155472  18.560  -44.297  -23.501 0.0000000000
45381  17.533  -44.398  -23.145 0.0000000000
47351  16.146  -41.672  -23.129 0.0000000000
47336  16.230  -43.097  -22.822 0.0000000000
48253  15.328  -41.737  -22.552 0.0000000000
48254  14.207  -41.673  -21.965 0.0000000000
50190  12.177  -39.078  -24.542 0.0000000000
50170  12.636  -39.014  -23.785 0.0000000000
49222  11.921  -39.782  -23.852 0.0000000000
49191  12.697  -40.610  -22.515 0.0000000000
49192  11.994  -40.570  -23.245 0.0000000000
48272  11.880  -41.330  -23.257 0.0000000000
47365  11.979  -41.397  -23.815 0.0000000000
138969  14.090  -41.668  -25.395 0.0000000000
47377  13.937  -42.337  -24.946 0.0000000000
140948  14.487  -43.162  -25.161 0.0000000000
46398  14.288  -43.955  -24.793 0.0000000000
163177  14.816  -43.675  -25.225 0.0000000000
2890  15.501  -90.810  -21.033 0.0000000000
3446  15.486  -89.116  -22.306 0.0000000000
2879  16.578  -90.545  -20.136 0.0000000000
3994  16.585  -88.318  -20.381 0.0000000000
4624  16.382  -87.871  -20.045 0.0000000000
4639  14.143  -87.798  -21.281 0.0000000000
158334  15.902  -87.719  -19.957 0.0000000000
3962  14.455  -88.452  -17.309 0.0000000000
4583  15.815  -87.860  -17.497 0.0000000000
3974  14.685  -88.939  -18.690 0.0000000000
155229  14.481  -89.249  -19.287 0.0000000000
3408  14.162  -89.685  -18.672 0.0000000000
2880  13.514  -90.533  -19.806 0.0000000000
142449  13.668  -90.167  -18.366 0.0000000000
2835  12.219  -90.310  -15.788 0.0000000000
2385  12.200  -91.183  -16.767 0.0000000000
2386  11.801  -91.796  -16.725 0.0000000000
1914  11.144  -92.555  -16.673 0.0000000000
160222  11.374  -91.890  -16.176 0.0000000000
9456  8.880  -80.743  -8.014 0.0000000000
154633  9.440  -80.409  -8.469 0.0000000000
8603  8.807  -81.677  -7.967 0.0000000000
7096  8.286  -83.119  -7.715 0.0000000000
142298  7.579  -82.929  -7.349 0.0000000000
11317  5.447  -78.760  -6.601 0.0000000000
10349  6.089  -79.497  -6.743 0.0000000000
9432  5.644  -80.251  -7.250 0.0000000000
7856  4.896  -82.898  -7.815 0.0000000000
7855  5.400  -82.258  -7.599 0.0000000000
7842  5.073  -83.169  -7.218 0.0000000000
7085  5.295  -83.687  -6.836 0.0000000000
6392  4.727  -84.814  -6.776 0.0000000000
5718  4.668  -85.486  -6.887 0.0000000000
6419  4.579  -84.669  -7.934 0.0000000000
6435  6.617  -84.850  -9.989 0.0000000000
5766  6.136  -85.516  -9.565 0.0000000000
5783  6.467  -85.270  -10.357 0.0000000000
5115  5.349  -86.794  -10.945 0.0000000000
5798  6.496  -85.071  -11.018 0.0000000000
5799  5.552  -85.553  -11.625 0.0000000000
6469  6.897  -84.431  -11.370 0.0000000000
7924  8.241  -81.581  -12.928 0.0000000000
7915  7.532  -82.807  -12.621 0.0000000000
12252  7.528  -77.527  -11.548 0.0000000000
145094  7.761  -78.907  -11.903 0.0000000000
11361  7.844  -78.145  -12.231 0.0000000000
151535  18.446  -62.903  -6.898 0.0000000000
25791  18.445  -63.917  -7.082 0.0000000000
148477  17.840  -64.367  -7.787 0.0000000000
25810  17.274  -63.682  -8.074 0.0000000000
25836  16.144  -63.210  -8.976 0.0000000000
25811  16.741  -63.049  -8.275 0.0000000000
28751  16.667  -60.280  -7.515 0.0000000000
27768  15.907  -61.179  -7.819 0.0000000000
28753  14.960  -59.998  -8.247 0.0000000000
28765  14.234  -59.999  -8.580 0.0000000000
29771  14.751  -59.521  -8.767 0.0000000000
29784  19.457  -59.520  -9.065 0.0000000000
29767  18.858  -59.057  -8.440 0.0000000000
29785  18.686  -59.190  -9.573 0.0000000000
29823  17.101  -58.869  -11.590 0.0000000000
30834  16.404  -58.795  -10.614 0.0000000000
29825  15.538  -58.934  -10.807 0.0000000000
144663  14.812  -59.257  -10.893 0.0000000000
29838  14.792  -59.505  -11.764 0.0000000000
27841  20.281  -60.157  -14.392 0.0000000000
148533  20.361  -61.154  -14.112 0.0000000000
27855  21.940  -60.974  -16.011 0.0000000000
141680  23.042  -63.973  -17.028 0.0000000000
25945  24.060  -62.832  -17.810 0.0000000000
2433  15.270  -91.714  -21.222 0.0000000000
10784  9.963  -79.040  -41.491 0.0000000000
9901  9.581  -80.478  -42.562 0.0000000000
13631  12.073  -76.804  -45.209 0.0000000000
140528  10.707  -76.990  -44.302 0.0000000000
141678  11.980  -77.797  -44.982 0.0000000000
9897  12.930  -80.563  -42.992 0.0000000000
10814  11.551  -79.907  -44.147 0.0000000000
9041  11.303  -81.459  -42.884 0.0000000000
9042  10.337  -81.557  -42.770 0.0000000000
160303  12.004  -81.715  -42.129 0.0000000000
9030  12.143  -82.117  -41.803 0.0000000000
9029  12.878  -81.444  -41.474 0.0000000000
9839  15.479  -80.677  -38.966 0.0000000000
8997  15.140  -81.523  -38.850 0.0000000000
8182  15.630  -81.971  -38.212 0.0000000000
7472  16.175  -82.875  -38.502 0.0000000000
8970  16.705  -82.231  -37.514 0.0000000000
8171  18.148  -82.472  -36.826 0.0000000000
8982  17.133  -81.340  -38.016 0.0000000000
9014  18.273  -81.739  -40.376 0.0000000000
8994  19.078  -81.750  -39.733 0.0000000000
153561  19.727  -81.628  -40.331 0.0000000000
9012  20.469  -81.375  -40.370 0.0000000000
140728  19.961  -81.644  -41.044 0.0000000000
10826  17.676  -80.305  -44.444 0.0000000000
9912  17.029  -81.076  -44.156 0.0000000000
9928  17.824  -81.034  -44.595 0.0000000000
9073  19.735  -81.281  -45.476 0.0000000000
9050  19.306  -81.806  -44.064 0.0000000000
9060  20.775  -81.463  -44.475 0.0000000000
9048  21.054  -81.304  -43.396 0.0000000000
9911  21.608  -80.952  -43.991 0.0000000000
9925  21.401  -81.205  -45.185 0.0000000000
12669  20.403  -77.699  -47.252 0.0000000000
20904  4.898  -68.530  -23.003 0.0000000000
18961  5.181  -70.186  -23.257 0.0000000000
142455  5.586  -68.763  -23.595 0.0000000000
157927  8.239  -69.164  -22.901 0.0000000000
19952  7.398  -69.368  -23.443 0.0000000000
146111  8.854  -69.715  -22.923 0.0000000000
17999  9.429  -71.323  -23.451 0.0000000000
18956  9.780  -70.616  -23.116 0.0000000000
143052  9.089  -67.517  -25.104 0.0000000000
21873  8.866  -67.203  -23.724 0.0000000000
21872  9.923  -67.499  -23.855 0.0000000000
20899  12.726  -68.151  -23.315 0.0000000000
20886  12.092  -68.348  -22.753 0.0000000000
19940  12.197  -69.127  -22.678 0.0000000000
160512  11.858  -70.680  -23.080 0.0000000000
18953  12.523  -70.619  -23.135 0.0000000000
17994  13.695  -71.371  -23.309 0.0000000000
18951  14.075  -70.646  -23.403 0.0000000000
20911  15.775  -69.026  -25.175 0.0000000000
163602  15.467  -69.930  -24.412 0.0000000000
19974  16.546  -69.447  -25.466 0.0000000000
18966  17.291  -71.029  -24.749 0.0000000000
19973  17.477  -69.742  -25.531 0.0000000000
37234  23.718  -52.620  -20.845 0.0000000000
148248  26.148  -51.842  -20.455 0.0000000000
39070  25.368  -50.537  -20.564 0.0000000000
39072  23.597  -50.352  -20.549 0.0000000000
139557  24.037  -51.256  -20.588 0.0000000000
139556  22.973  -51.238  -20.443 0.0000000000
39074  22.013  -50.879  -20.353 0.0000000000
41039  22.175  -48.044  -21.128 0.0000000000
42043  21.696  -47.481  -21.556 0.0000000000
42044  20.906  -47.681  -21.678 0.0000000000
43156  21.981  -46.777  -21.901 0.0000000000
44284  24.314  -45.113  -21.419 0.0000000000
44303  21.352  -45.593  -22.833 0.0000000000
2542  30.553  -90.902  -32.580 0.0000000000
1722  29.855  -92.716  -37.890 0.0000000000
2149  30.443  -92.358  -38.302 0.0000000000
1729  30.124  -93.038  -38.916 0.0000000000
2612  27.145  -91.605  -40.290 0.0000000000
2610  29.098  -91.229  -40.174 0.0000000000
2614  28.079  -90.536  -40.948 0.0000000000
3630  27.315  -89.514  -43.998 0.0000000000
3629  27.997  -89.111  -43.711 0.0000000000
4232  27.164  -88.389  -45.190 0.0000000000
4844  27.384  -87.512  -45.520 0.0000000000
4845  26.539  -88.114  -45.827 0.0000000000
19222  9.569  -71.040  -40.081 0.0000000000
18249  8.666  -71.966  -41.606 0.0000000000
158727  9.267  -71.953  -41.901 0.0000000000
18261  9.509  -72.096  -42.362 0.0000000000
18260  10.538  -71.857  -42.341 0.0000000000
18259  11.594  -71.586  -42.349 0.0000000000
19234  11.451  -71.157  -41.270 0.0000000000
18216  12.157  -71.455  -39.247 0.0000000000
18233  12.263  -71.098  -40.404 0.0000000000
139445  12.784  -71.986  -39.708 0.0000000000
17272  13.374  -72.593  -40.192 0.0000000000
16335  13.069  -73.066  -39.118 0.0000000000
144707  4.568  -66.402  -18.992 0.0000000000
136477  4.662  -67.077  -17.845 0.0000000000
144094  4.651  -67.122  -18.955 0.0000000000
21820  4.725  -68.006  -19.270 0.0000000000
145230  4.537  -67.398  -19.960 0.0000000000
136991  4.619  -67.864  -20.912 0.0000000000
21831  4.402  -67.015  -20.773 0.0000000000
147192  4.643  -63.800  -21.846 0.0000000000
23953  4.605  -65.498  -22.002 0.0000000000
157792  4.794  -64.572  -22.452 0.0000000000
25006  4.966  -64.052  -23.177 0.0000000000
26015  4.379  -63.167  -23.975 0.0000000000
26973  6.457  -61.920  -19.797 0.0000000000
26987  5.728  -62.372  -20.708 0.0000000000
27015  6.215  -61.987  -21.291 0.0000000000
27995  7.264  -61.443  -24.416 0.0000000000
27990  6.499  -61.270  -23.767 0.0000000000
27996  6.093  -61.597  -24.705 0.0000000000
27051  5.632  -62.495  -25.501 0.0000000000
159650  7.438  -62.605  -25.741 0.0000000000
26037  7.538  -63.642  -26.124 0.0000000000
27061  8.505  -63.055  -25.378 0.0000000000
27046  12.091  -63.139  -24.375 0.0000000000
26024  11.554  -63.759  -24.983 0.0000000000
27060  11.938  -62.952  -25.957 0.0000000000
27068  11.406  -63.323  -26.343 0.0000000000
28003  11.690  -61.907  -25.667 0.0000000000
34148  11.066  -55.580  -18.449 0.0000000000
151933  16.339  -45.775  -22.454 0.0000000000
43170  16.530  -46.451  -22.458 0.0000000000
43171  15.780  -46.128  -22.213 0.0000000000
42047  14.043  -47.215  -20.803 0.0000000000
42046  14.834  -47.373  -21.590 0.0000000000
39089  14.857  -50.024  -20.876 0.0000000000
39998  13.898  -49.526  -20.162 0.0000000000
39080  11.277  -50.178  -20.536 0.0000000000
40000  11.924  -49.327  -19.821 0.0000000000
39061  12.191  -50.028  -19.639 0.0000000000
39060  12.966  -50.493  -19.397 0.0000000000
150378  11.951  -51.750  -19.661 0.0000000000
146780  12.157  -52.777  -19.621 0.0000000000
37221  11.107  -52.342  -19.609 0.0000000000
35166  8.503  -54.179  -20.752 0.0000000000
36152  9.357  -53.332  -19.573 0.0000000000
35148  8.405  -54.656  -19.737 0.0000000000
142472  8.579  -55.346  -19.186 0.0000000000
34163  8.054  -55.239  -19.829 0.0000000000
33091  7.643  -56.483  -20.329 0.0000000000
34193  7.922  -55.939  -20.980 0.0000000000
150618  9.576  -56.803  -23.039 0.0000000000
32040  8.919  -57.286  -23.031 0.0000000000
32039  9.951  -57.490  -22.958 0.0000000000
137668  9.765  -58.867  -22.680 0.0000000000
136799  11.011  -57.718  -22.647 0.0000000000
35181  11.973  -54.288  -22.908 0.0000000000
30989  13.718  -58.192  -24.080 0.0000000000
32036  13.526  -57.536  -23.275 0.0000000000
30987  13.762  -58.331  -23.556 0.0000000000
30975  13.409  -59.037  -22.912 0.0000000000
28960  13.892  -59.588  -23.920 0.0000000000
27983  13.559  -60.856  -23.544 0.0000000000
148568  13.364  -59.961  -24.487 0.0000000000
30994  9.936  -58.117  -25.568 0.0000000000
29988  11.073  -59.864  -24.775 0.0000000000
29989  9.896  -59.020  -25.024 0.0000000000
28971  9.362  -60.567  -25.564 0.0000000000
29999  8.918  -59.581  -26.225 0.0000000000
30010  9.548  -59.715  -27.087 0.0000000000
155395  10.082  -58.991  -27.266 0.0000000000
46  22.022  -99.141  -23.507 0.0000000000
226  22.556  -98.557  -24.938 0.0000000000
55  21.992  -99.111  -24.432 0.0000000000
159346  19.630  -99.528  -24.299 0.0000000000
138101  19.897  -99.415  -25.082 0.0000000000
66  19.227  -99.378  -25.535 0.0000000000
85  19.370  -98.959  -27.096 0.0000000000
77  18.651  -99.296  -25.997 0.0000000000
696  16.639  -96.521  -23.535 0.0000000000
413  16.843  -98.073  -23.053 0.0000000000
418  16.057  -98.049  -23.394 0.0000000000
61  15.032  -99.011  -25.117 0.0000000000
140313  16.068  -99.131  -24.429 0.0000000000
79  16.205  -99.071  -26.206 0.0000000000
142380  17.199  -99.094  -26.543 0.0000000000
159396  15.704  -98.992  -26.843 0.0000000000
258  15.597  -98.589  -28.272 0.0000000000
95  14.857  -98.995  -27.850 0.0000000000
260  12.560  -98.256  -28.306 0.0000000000
259  13.108  -98.301  -28.767 0.0000000000
4672  14.543  -87.659  -24.168 0.0000000000
4073  14.404  -88.422  -25.680 0.0000000000
4074  13.683  -88.239  -25.190 0.0000000000
2953  12.365  -90.523  -26.456 0.0000000000
150912  12.869  -90.870  -26.611 0.0000000000
2489  13.097  -91.659  -26.728 0.0000000000
157224  13.271  -93.546  -26.531 0.0000000000
1619  13.001  -93.073  -27.056 0.0000000000
1996  12.300  -93.224  -23.455 0.0000000000
1997  12.070  -92.603  -24.166 0.0000000000
2007  11.460  -92.905  -24.832 0.0000000000
1636  10.773  -94.205  -27.278 0.0000000000
1001  10.768  -95.265  -27.402 0.0000000000
987  11.428  -95.372  -27.095 0.0000000000
988  10.647  -95.998  -27.376 0.0000000000
715  9.989  -97.458  -27.463 0.0000000000
2341  10.418  -91.212  -12.480 0.0000000000
2356  10.711  -90.819  -13.189 0.0000000000
138357  10.405  -91.872  -13.274 0.0000000000
1895  10.295  -92.837  -14.499 0.0000000000
155513  10.276  -92.692  -13.753 0.0000000000
7896  10.839  -82.695  -10.070 0.0000000000
5081  9.718  -86.338  -8.402 0.0000000000
5745  10.328  -85.889  -8.818 0.0000000000
4454  10.474  -87.892  -7.779 0.0000000000
2743  7.259  -90.045  -7.684 0.0000000000
3269  7.314  -89.724  -7.079 0.0000000000
2270  7.648  -90.569  -7.657 0.0000000000
1460  8.926  -92.857  -8.773 0.0000000000
2275  9.102  -91.685  -7.981 0.0000000000
2289  9.553  -91.831  -8.371 0.0000000000
2753  10.426  -90.442  -8.224 0.0000000000
150592  9.688  -92.160  -8.886 0.0000000000
142145  9.852  -91.973  -9.571 0.0000000000
1855  9.919  -92.726  -10.021 0.0000000000
157533  9.585  -95.869  -13.169 0.0000000000
863  10.185  -95.136  -12.549 0.0000000000
872  10.099  -95.691  -13.248 0.0000000000
875  10.252  -95.706  -14.108 0.0000000000
617  9.882  -96.391  -15.298 0.0000000000
158207  9.299  -96.383  -15.936 0.0000000000
618  8.983  -96.238  -15.166 0.0000000000
1201  7.004  -94.435  -17.402 0.0000000000
1214  7.072  -94.568  -18.089 0.0000000000
17815  12.176  -71.713  -5.511 0.0000000000
19746  7.427  -69.610  -4.493 0.0000000000
18753  8.290  -69.907  -4.270 0.0000000000
18755  5.868  -70.163  -4.079 0.0000000000
18740  5.359  -70.817  -3.872 0.0000000000
18756  4.952  -70.079  -4.392 0.0000000000
18767  3.900  -70.567  -5.272 0.0000000000
151924  3.838  -69.706  -5.295 0.0000000000
20720  4.010  -68.508  -7.078 0.0000000000
19780  3.996  -69.142  -6.612 0.0000000000
19790  4.261  -69.298  -7.623 0.0000000000
18793  4.836  -70.889  -8.838 0.0000000000
18801  4.322  -70.136  -9.118 0.0000000000
157803  5.259  -65.678  -7.677 0.0000000000
22706  4.729  -66.098  -7.198 0.0000000000
22720  3.886  -65.846  -8.242 0.0000000000
20769  3.563  -68.226  -11.401 0.0000000000
143331  3.449  -67.861  -9.582 0.0000000000
141279  3.549  -69.902  -10.773 0.0000000000
17868  3.693  -71.366  -10.842 0.0000000000
17881  3.357  -71.411  -11.527 0.0000000000
16965  3.108  -72.882  -11.987 0.0000000000
18850  3.321  -70.838  -12.132 0.0000000000
162200  13.510  -62.756  -9.637 0.0000000000
25839  12.047  -62.792  -9.075 0.0000000000
27781  11.452  -61.993  -8.968 0.0000000000
27791  8.914  -61.302  -10.557 0.0000000000
26837  9.081  -61.681  -9.232 0.0000000000
26846  7.639  -62.139  -10.433 0.0000000000
26847  6.980  -62.594  -10.812 0.0000000000
25862  7.233  -62.854  -11.581 0.0000000000
24877  23.027  -65.084  -14.042 0.0000000000
23843  23.764  -65.759  -15.633 0.0000000000
24876  23.658  -65.331  -14.910 0.0000000000
141708  24.583  -63.685  -15.522 0.0000000000
25908  24.845  -64.505  -15.869 0.0000000000
25907  25.250  -63.880  -16.203 0.0000000000
24924  25.245  -64.494  -16.975 0.0000000000
29859  23.883  -59.224  -15.315 0.0000000000
155277  23.515  -58.544  -14.926 0.0000000000
29852  23.176  -59.272  -14.649 0.0000000000
28847  23.328  -60.123  -15.004 0.0000000000
27854  23.637  -61.079  -15.234 0.0000000000
148466  24.257  -60.970  -15.827 0.0000000000
142889  25.327  -61.142  -17.018 0.0000000000
145538  25.664  -62.691  -17.309 0.0000000000
26931  26.057  -62.698  -17.955 0.0000000000
27902  27.298  -61.943  -18.631 0.0000000000
145190  27.350  -62.787  -18.850 0.0000000000
30902  26.490  -58.638  -19.044 0.0000000000
29913  27.253  -59.483  -19.083 0.0000000000
137976  28.384  -59.392  -18.875 0.0000000000
28897  30.172  -59.916  -18.963 0.0000000000
35157  28.601  -54.792  -20.132 0.0000000000
35140  29.108  -54.190  -19.662 0.0000000000
151722  29.198  -54.689  -17.643 0.0000000000
35118  28.447  -54.267  -17.497 0.0000000000
37195  27.567  -52.183  -16.895 0.0000000000
36124  28.118  -52.724  -17.124 0.0000000000
37194  28.194  -51.930  -17.095 0.0000000000
37201  29.052  -52.520  -18.186 0.0000000000
38163  28.517  -51.800  -17.764 0.0000000000
38175  28.266  -51.056  -18.138 0.0000000000
39035  27.480  -50.730  -16.941 0.0000000000
156  20.735  -98.602  -15.814 0.0000000000
659  18.152  -97.211  -20.360 0.0000000000
391  18.794  -97.862  -19.886 0.0000000000
160552  19.071  -97.113  -20.093 0.0000000000
151654  20.994  -95.995  -18.814 0.0000000000
389  20.599  -97.560  -19.337 0.0000000000
380  21.966  -98.024  -18.681 0.0000000000
176  22.292  -98.307  -18.201 0.0000000000
374  22.990  -98.124  -18.089 0.0000000000
909  22.247  -96.217  -18.300 0.0000000000
2920  24.806  -89.996  -23.804 0.0000000000
3471  25.119  -89.392  -23.157 0.0000000000
1991  25.369  -91.419  -23.185 0.0000000000
1573  25.392  -92.697  -22.318 0.0000000000
1978  24.936  -92.220  -23.026 0.0000000000
2934  21.487  -90.082  -24.529 0.0000000000
2933  22.334  -89.970  -24.419 0.0000000000
2463  22.015  -91.634  -23.696 0.0000000000
1255  22.130  -94.907  -21.628 0.0000000000
1254  22.829  -93.675  -22.482 0.0000000000
945  23.153  -95.144  -21.245 0.0000000000
944  24.040  -94.867  -21.030 0.0000000000
140033  23.714  -95.627  -20.657 0.0000000000
668  23.969  -96.593  -20.017 0.0000000000
669  23.456  -97.460  -20.117 0.0000000000
206  21.543  -99.001  -21.506 0.0000000000
199  22.766  -98.557  -20.895 0.0000000000
156022  22.589  -99.060  -21.933 0.0000000000
152952  23.691  -98.635  -23.041 0.0000000000
943  29.810  -96.029  -21.001 0.0000000000
142080  29.627  -96.109  -21.884 0.0000000000
678  29.314  -96.426  -21.311 0.0000000000
195  26.392  -98.153  -20.591 0.0000000000
401  27.404  -97.559  -21.658 0.0000000000
402  26.755  -98.007  -21.408 0.0000000000
162423  25.924  -98.224  -22.702 0.0000000000
210  25.434  -98.318  -22.506 0.0000000000
443  21.600  -97.484  -27.538 0.0000000000
721  21.887  -96.629  -27.557 0.0000000000
150395  21.308  -95.762  -27.559 0.0000000000
1633  19.319  -93.858  -28.450 0.0000000000
1632  20.320  -93.646  -28.120 0.0000000000
1642  19.789  -92.782  -28.534 0.0000000000
2049  21.051  -91.656  -28.493 0.0000000000
154610  19.913  -91.525  -29.214 0.0000000000
1343  19.518  -93.841  -30.903 0.0000000000
1670  19.027  -92.878  -30.938 0.0000000000
1669  19.874  -92.877  -30.715 0.0000000000
1668  20.755  -92.801  -30.511 0.0000000000
137744  21.308  -93.636  -30.262 0.0000000000
1340  22.177  -93.998  -29.893 0.0000000000
1329  22.209  -95.257  -29.727 0.0000000000
452  22.880  -97.175  -29.477 0.0000000000
475  23.992  -97.301  -31.212 0.0000000000
154179  25.394  -91.050  -33.713 0.0000000000
135260  24.411  -90.383  -34.699 0.0000000000
137079  23.075  -93.144  -38.263 0.0000000000
157219  24.581  -92.479  -37.743 0.0000000000
1408  24.213  -92.909  -38.797 0.0000000000
1407  24.637  -94.102  -39.750 0.0000000000
1755  23.995  -93.250  -40.528 0.0000000000
2631  24.230  -88.025  -39.983 0.0000000000
149413  22.973  -90.279  -42.156 0.0000000000
2183  22.904  -92.244  -41.728 0.0000000000
2630  22.588  -91.234  -42.960 0.0000000000
2641  23.614  -90.620  -43.981 0.0000000000
3088  23.083  -89.903  -44.244 0.0000000000
3656  23.749  -87.870  -45.126 0.0000000000
3644  23.697  -88.885  -45.307 0.0000000000
4245  23.454  -87.698  -45.849 0.0000000000
4852  24.868  -87.299  -46.446 0.0000000000
4853  23.751  -87.319  -46.241 0.0000000000
6122  13.041  -85.357  -42.791 0.0000000000
6147  18.315  -85.193  -46.801 0.0000000000
6169  17.302  -84.619  -49.028 0.0000000000
6156  18.619  -84.955  -47.730 0.0000000000
136031  20.787  -85.376  -45.680 0.0000000000
134255  20.329  -85.704  -46.602 0.0000000000
135860  20.425  -86.259  -46.477 0.0000000000
135426  20.381  -87.228  -46.056 0.0000000000
134257  21.228  -86.701  -45.673 0.0000000000
164319  22.519  -86.040  -43.540 0.0000000000
135519  23.440  -85.425  -43.366 0.0000000000
7563  23.668  -83.913  -46.916 0.0000000000
150335  22.967  -85.264  -46.586 0.0000000000
160657  23.893  -84.157  -47.685 0.0000000000
6853  24.007  -84.550  -47.788 0.0000000000
7569  25.323  -83.626  -47.987 0.0000000000
7568  26.131  -83.360  -47.983 0.0000000000
7561  25.528  -83.151  -47.344 0.0000000000
8215  25.560  -82.686  -41.322 0.0000000000
8945  19.840  -81.912  -36.398 0.0000000000
8141  20.582  -82.620  -35.708 0.0000000000
8928  21.179  -81.868  -35.590 0.0000000000
159910  5.714  -72.513  -24.031 0.0000000000
17078  5.635  -72.833  -23.442 0.0000000000
15220  6.160  -73.896  -23.959 0.0000000000
13367  8.663  -76.225  -23.979 0.0000000000
14323  7.686  -76.015  -23.955 0.0000000000
12402  7.496  -77.568  -23.548 0.0000000000
11494  7.233  -78.155  -23.681 0.0000000000
11493  8.408  -78.004  -23.639 0.0000000000
13364  12.619  -76.487  -24.733 0.0000000000
13365  11.861  -76.874  -24.571 0.0000000000
13397  11.662  -76.723  -26.277 0.0000000000
14355  8.868  -75.576  -26.533 0.0000000000
162583  9.919  -76.771  -26.599 0.0000000000
13400  8.957  -76.543  -26.356 0.0000000000
12432  8.084  -78.205  -25.588 0.0000000000
13401  7.041  -76.495  -26.158 0.0000000000
13402  6.366  -76.614  -26.823 0.0000000000
14357  6.218  -75.437  -26.533 0.0000000000
18032  5.887  -71.401  -26.972 0.0000000000
21937  7.469  -67.953  -29.960 0.0000000000
21938  6.660  -67.893  -29.865 0.0000000000
145593  7.850  -67.890  -30.890 0.0000000000
21017  8.413  -67.847  -32.426 0.0000000000
20995  8.959  -68.348  -32.027 0.0000000000
20016  10.280  -69.566  -27.823 0.0000000000
149582  9.588  -69.425  -27.831 0.0000000000
19021  9.985  -70.287  -28.678 0.0000000000
142100  10.420  -71.944  -32.398 0.0000000000
18076  9.734  -71.548  -31.173 0.0000000000
161493  10.309  -71.358  -32.793 0.0000000000
164301  10.099  -69.750  -33.205 0.0000000000
19103  10.740  -70.620  -34.106 0.0000000000
19121  11.186  -70.633  -35.019 0.0000000000
18126  11.234  -71.346  -34.259 0.0000000000
17190  14.132  -73.188  -34.215 0.0000000000
16259  13.332  -72.842  -35.960 0.0000000000
15313  13.902  -73.583  -36.087 0.0000000000
15329  13.723  -73.931  -37.035 0.0000000000
145016  14.221  -74.206  -36.545 0.0000000000
28067  10.546  -62.222  -30.691 0.0000000000
27103  9.694  -62.992  -30.704 0.0000000000
27111  9.750  -63.605  -31.869 0.0000000000
24072  12.439  -65.313  -31.615 0.0000000000
24051  11.679  -65.779  -30.734 0.0000000000
140099  13.142  -65.320  -31.185 0.0000000000
24046  16.795  -66.071  -30.858 0.0000000000
24089  15.758  -65.349  -32.090 0.0000000000
24047  15.526  -65.602  -30.511 0.0000000000
24028  15.246  -65.572  -29.570 0.0000000000
152988  15.947  -65.835  -29.058 0.0000000000
23992  15.867  -65.916  -27.670 0.0000000000
23003  16.826  -66.287  -28.443 0.0000000000
21920  19.806  -67.484  -28.107 0.0000000000
21906  19.085  -67.682  -27.733 0.0000000000
21905  19.922  -68.017  -27.557 0.0000000000
19978  20.053  -69.279  -27.026 0.0000000000
19994  20.517  -69.232  -27.731 0.0000000000
21967  21.967  -67.416  -30.808 0.0000000000
20985  21.552  -68.399  -31.273 0.0000000000
20988  18.881  -68.992  -31.880 0.0000000000
20071  20.225  -69.216  -30.972 0.0000000000
20056  18.737  -69.463  -30.633 0.0000000000
20033  19.082  -69.804  -29.804 0.0000000000
137218  18.121  -69.570  -30.001 0.0000000000
137491  17.178  -69.290  -30.115 0.0000000000
20970  16.737  -68.910  -30.877 0.0000000000
22017  14.375  -67.053  -33.355 0.0000000000
21013  14.771  -67.666  -32.081 0.0000000000
139708  13.519  -67.027  -33.122 0.0000000000
152612  12.385  -67.625  -32.506 0.0000000000
148757  11.980  -67.537  -33.971 0.0000000000
138915  14.726  -65.659  -36.662 0.0000000000
23130  13.567  -65.898  -37.824 0.0000000000
19141  13.554  -69.854  -36.040 0.0000000000
21058  12.719  -68.347  -36.209 0.0000000000
20122  13.114  -69.612  -35.347 0.0000000000
20108  12.809  -69.661  -34.477 0.0000000000
19101  14.611  -70.750  -33.820 0.0000000000
18123  15.171  -71.304  -33.108 0.0000000000
18122  15.548  -71.220  -33.763 0.0000000000
15294  18.146  -74.336  -34.366 0.0000000000
15295  17.460  -74.301  -34.113 0.0000000000
14407  17.231  -75.536  -35.041 0.0000000000
154657  15.724  -75.433  -36.178 0.0000000000
13508  17.111  -76.536  -36.324 0.0000000000
13518  16.792  -76.700  -37.127 0.0000000000
13507  17.989  -76.729  -36.103 0.0000000000
14429  19.508  -75.705  -37.682 0.0000000000
13516  19.563  -76.925  -37.349 0.0000000000
14440  19.989  -76.200  -38.224 0.0000000000
13541  20.494  -76.976  -39.363 0.0000000000
14468  19.927  -75.554  -40.147 0.0000000000
159944  18.082  -74.178  -43.227 0.0000000000
15427  18.804  -74.942  -42.741 0.0000000000
15448  18.344  -74.674  -43.825 0.0000000000
14508  18.261  -74.899  -44.738 0.0000000000
159169  18.315  -73.564  -44.730 0.0000000000
421  27.118  -97.502  -24.729 0.0000000000
433  26.419  -97.368  -26.419 0.0000000000
434  25.518  -97.432  -26.578 0.0000000000
718  24.395  -96.541  -27.370 0.0000000000
996  23.511  -95.296  -27.224 0.0000000000
13112  3.890  -76.158  -4.661 0.0000000000
13125  4.089  -76.980  -4.987 0.0000000000
14118  3.597  -75.556  -5.068 0.0000000000
14128  4.162  -75.518  -6.882 0.0000000000
14136  4.450  -75.481  -7.762 0.0000000000
14144  4.991  -75.295  -8.584 0.0000000000
15032  4.817  -74.651  -7.974 0.0000000000
150280  5.123  -73.750  -7.980 0.0000000000
16912  4.762  -72.396  -7.463 0.0000000000
25809  20.978  -63.096  -9.045 0.0000000000
24824  19.579  -64.207  -10.449 0.0000000000
24843  19.398  -64.572  -11.174 0.0000000000
23782  19.781  -65.111  -10.628 0.0000000000
16368  14.227  -72.533  -42.336 0.0000000000
16406  14.439  -72.995  -44.073 0.0000000000
15430  15.044  -74.032  -42.832 0.0000000000
15429  15.284  -74.757  -43.339 0.0000000000
14498  15.598  -75.478  -42.693 0.0000000000
13595  16.148  -76.047  -43.199 0.0000000000
149054  16.029  -75.979  -42.044 0.0000000000
13559  16.205  -76.388  -40.437 0.0000000000
147008  16.743  -76.758  -39.817 0.0000000000
25045  9.532  -64.945  -27.416 0.0000000000
25046  8.837  -65.260  -28.075 0.0000000000
152082  8.807  -64.592  -28.232 0.0000000000
25071  8.191  -64.321  -29.548 0.0000000000
25070  8.227  -64.806  -30.093 0.0000000000
39967  26.783  -49.365  -17.671 0.0000000000
39978  27.081  -49.259  -18.636 0.0000000000
1030  27.956  -95.748  -30.737 0.0000000000
1347  28.310  -95.039  -31.256 0.0000000000
1029  28.305  -95.609  -31.437 0.0000000000
760  28.365  -96.108  -32.899 0.0000000000
140318  28.265  -96.156  -33.811 0.0000000000
1055  28.181  -95.746  -35.485 0.0000000000
790  25.773  -95.437  -36.247 0.0000000000
791  25.514  -94.153  -36.026 0.0000000000
29877  8.366  -58.960  -16.707 0.0000000000
141739  6.441  -58.376  -17.088 0.0000000000
30886  5.897  -58.206  -17.761 0.0000000000
30887  5.359  -58.629  -18.127 0.0000000000
141365  6.025  -58.106  -18.655 0.0000000000
30921  6.322  -58.224  -19.410 0.0000000000
32008  7.050  -57.597  -20.480 0.0000000000
40007  20.156  -49.241  -21.074 0.0000000000
40008  19.270  -49.521  -21.296 0.0000000000
41043  18.825  -48.924  -21.788 0.0000000000
40018  18.106  -49.139  -22.080 0.0000000000
40019  17.319  -49.165  -22.187 0.0000000000
44333  13.473  -45.396  -24.099 0.0000000000
44322  12.903  -45.480  -23.654 0.0000000000
43204  13.559  -46.236  -23.937 0.0000000000
2947  17.926  -90.260  -26.606 0.0000000000
148049  17.770  -92.739  -25.777 0.0000000000
2486  16.857  -91.064  -26.502 0.0000000000
163480  16.396  -90.684  -26.516 0.0000000000
145052  15.618  -90.732  -26.341 0.0000000000
1537  11.575  -93.615  -19.034 0.0000000000
1235  11.890  -94.076  -20.508 0.0000000000
1223  11.401  -94.322  -19.731 0.0000000000
160770  10.868  -95.456  -20.232 0.0000000000
684  10.080  -96.368  -20.803 0.0000000000
951  8.922  -95.903  -21.888 0.0000000000
676  9.722  -96.466  -20.131 0.0000000000
677  8.927  -96.259  -20.190 0.0000000000
140884  8.195  -95.757  -19.759 0.0000000000
161339  5.787  -88.416  -10.216 0.0000000000
154647  5.980  -88.820  -9.665 0.0000000000
3316  5.837  -88.684  -10.215 0.0000000000
3324  7.492  -89.633  -11.897 0.0000000000
3333  7.989  -89.977  -12.763 0.0000000000
2822  8.028  -90.565  -14.350 0.0000000000
21659  15.902  -67.316  -7.333 0.0000000000
21639  15.315  -67.783  -6.773 0.0000000000
151052  14.813  -66.605  -7.634 0.0000000000
22698  13.445  -66.186  -7.442 0.0000000000
23728  12.148  -65.655  -7.574 0.0000000000
162647  10.327  -65.343  -8.298 0.0000000000
23740  11.661  -65.008  -7.900 0.0000000000
153328  11.100  -64.324  -8.260 0.0000000000
24796  10.479  -63.586  -8.565 0.0000000000
31973  24.735  -56.890  -17.961 0.0000000000
33061  24.116  -56.239  -17.858 0.0000000000
34144  24.253  -55.800  -18.129 0.0000000000
34143  25.030  -55.680  -18.424 0.0000000000
35134  24.501  -54.994  -18.234 0.0000000000
1982  15.387  -92.632  -22.124 0.0000000000
1981  16.459  -92.951  -22.509 0.0000000000
141496  15.870  -92.348  -22.787 0.0000000000
2912  17.553  -91.349  -23.524 0.0000000000
137836  18.150  -90.425  -23.829 0.0000000000
4036  18.956  -89.194  -24.460 0.0000000000
4069  18.313  -88.947  -25.516 0.0000000000
3508  18.322  -89.628  -26.384 0.0000000000
7502  15.936  -83.162  -40.555 0.0000000000
144230  15.743  -83.111  -42.049 0.0000000000
7501  16.602  -83.654  -40.880 0.0000000000
7500  17.269  -84.119  -41.188 0.0000000000
6799  18.015  -84.507  -41.544 0.0000000000
6806  18.609  -84.498  -42.324 0.0000000000
6792  18.470  -84.525  -40.728 0.0000000000
148357  19.646  -84.165  -39.924 0.0000000000
7484  20.760  -83.646  -39.379 0.0000000000
149528  22.125  -83.348  -38.966 0.0000000000
153283  21.268  -83.516  -38.776 0.0000000000
7433  22.228  -83.174  -36.095 0.0000000000
15194  5.480  -74.598  -21.370 0.0000000000
140451  5.536  -75.099  -22.220 0.0000000000
153410  16.537  -72.997  -24.346 0.0000000000
15228  15.691  -74.015  -24.463 0.0000000000
153617  16.105  -73.538  -25.435 0.0000000000
137470  15.343  -72.478  -26.247 0.0000000000
18027  14.927  -71.533  -26.333 0.0000000000
18990  13.675  -70.159  -26.038 0.0000000000
18988  15.514  -70.793  -26.690 0.0000000000
150850  15.049  -69.133  -27.657 0.0000000000
20037  14.903  -68.702  -28.466 0.0000000000
1602  31.340  -93.896  -25.555 0.0000000000
1291  30.765  -95.156  -26.904 0.0000000000
1627  25.453  -92.845  -27.035 0.0000000000
1626  26.266  -92.920  -27.208 0.0000000000
2034  25.983  -91.942  -27.295 0.0000000000
2957  25.490  -90.680  -28.116 0.0000000000
2963  25.609  -90.511  -28.763 0.0000000000
153702  25.887  -91.529  -29.751 0.0000000000
2058  24.921  -91.684  -29.502 0.0000000000
1650  24.787  -92.907  -29.561 0.0000000000
1651  24.272  -94.009  -29.567 0.0000000000
47349  18.259  -42.842  -23.943 0.0000000000
142196  17.542  -42.475  -23.731 0.0000000000
48269  16.955  -41.686  -23.613 0.0000000000
48270  15.443  -41.021  -22.897 0.0000000000
49238  12.321  -39.202  -25.124 0.0000000000
48287  12.011  -40.583  -24.311 0.0000000000
144871  12.507  -40.180  -25.014 0.0000000000
48301  13.629  -40.745  -25.580 0.0000000000
3952  13.866  -88.521  -16.663 0.0000000000
3384  13.559  -89.379  -17.248 0.0000000000
3953  13.093  -89.241  -16.282 0.0000000000
3374  12.537  -89.559  -15.659 0.0000000000
3375  12.101  -89.890  -15.072 0.0000000000
11337  9.488  -77.901  -8.203 0.0000000000
162615  9.039  -78.759  -8.123 0.0000000000
9445  8.286  -80.201  -7.644 0.0000000000
10379  5.221  -79.803  -7.864 0.0000000000
9448  5.501  -80.485  -7.611 0.0000000000
9457  5.202  -80.645  -8.534 0.0000000000
8604  5.018  -81.684  -8.742 0.0000000000
7867  4.834  -82.607  -8.726 0.0000000000
7114  4.719  -84.039  -8.508 0.0000000000
7133  5.252  -83.249  -9.757 0.0000000000
7151  6.058  -83.007  -10.297 0.0000000000
7150  7.157  -83.594  -10.705 0.0000000000
7168  7.310  -83.815  -11.415 0.0000000000
7149  7.655  -83.099  -11.415 0.0000000000
8630  8.042  -81.690  -11.893 0.0000000000
9480  8.363  -80.984  -12.548 0.0000000000
14172  7.371  -76.077  -11.634 0.0000000000
12255  7.656  -77.530  -12.427 0.0000000000
14173  6.811  -75.889  -11.979 0.0000000000
26754  19.708  -62.613  -5.953 0.0000000000
163046  18.753  -62.393  -6.622 0.0000000000
26791  16.919  -62.255  -7.720 0.0000000000
27759  18.093  -61.113  -7.071 0.0000000000
27760  17.290  -61.223  -7.349 0.0000000000
28750  17.366  -59.277  -7.876 0.0000000000
28787  18.966  -60.248  -10.811 0.0000000000
29808  18.241  -59.129  -10.505 0.0000000000
29836  16.420  -59.048  -12.376 0.0000000000
25898  20.185  -63.138  -14.386 0.0000000000
26885  20.520  -62.032  -14.572 0.0000000000
144404  21.735  -62.313  -15.951 0.0000000000
24903  23.334  -65.137  -16.823 0.0000000000
12629  10.204  -77.732  -42.949 0.0000000000
11752  13.846  -78.031  -45.339 0.0000000000
11743  12.920  -78.561  -45.025 0.0000000000
10830  13.351  -79.299  -44.649 0.0000000000
10797  13.544  -80.063  -43.353 0.0000000000
137827  13.652  -80.798  -40.724 0.0000000000
10781  14.095  -80.180  -41.193 0.0000000000
9870  15.277  -80.278  -40.257 0.0000000000
9850  16.613  -80.751  -39.205 0.0000000000
8996  17.285  -81.123  -38.879 0.0000000000
9015  17.307  -81.208  -39.928 0.0000000000
9027  17.541  -81.544  -40.970 0.0000000000
9026  18.390  -81.955  -41.348 0.0000000000
11729  19.267  -79.038  -43.389 0.0000000000
9927  18.590  -81.041  -44.992 0.0000000000
10824  19.044  -80.650  -45.351 0.0000000000
9942  19.541  -80.873  -45.865 0.0000000000
9953  20.982  -80.539  -46.488 0.0000000000
146674  19.314  -77.988  -47.114 0.0000000000
13660  18.917  -76.651  -46.806 0.0000000000
21861  5.287  -67.146  -23.200 0.0000000000
20901  6.054  -68.164  -23.602 0.0000000000
20891  6.476  -67.533  -23.202 0.0000000000
147419  7.273  -67.443  -22.659 0.0000000000
136359  8.849  -67.811  -22.253 0.0000000000
21899  11.202  -67.618  -26.343 0.0000000000
21871  10.966  -67.521  -24.084 0.0000000000
21888  12.290  -67.517  -25.257 0.0000000000
155593  12.654  -67.560  -24.642 0.0000000000
21854  13.329  -67.980  -23.933 0.0000000000
20897  14.004  -69.108  -23.684 0.0000000000
21868  14.089  -67.854  -24.610 0.0000000000
21867  14.900  -67.994  -25.009 0.0000000000
21884  15.986  -67.800  -25.982 0.0000000000
35160  25.731  -54.047  -20.919 0.0000000000
36162  25.319  -53.236  -20.798 0.0000000000
39992  25.708  -49.209  -20.415 0.0000000000
145366  25.062  -49.786  -20.567 0.0000000000
39994  23.233  -49.352  -20.590 0.0000000000
163651  23.351  -48.504  -20.703 0.0000000000
41038  23.003  -47.917  -20.932 0.0000000000
42042  22.590  -47.214  -21.405 0.0000000000
1731  28.637  -93.217  -39.888 0.0000000000
1738  28.910  -92.621  -40.238 0.0000000000
2159  27.947  -92.008  -39.908 0.0000000000
2165  27.089  -91.267  -39.366 0.0000000000
2616  26.459  -90.012  -41.068 0.0000000000
3068  27.042  -89.354  -41.160 0.0000000000
3069  26.678  -89.784  -41.824 0.0000000000
3075  26.401  -90.508  -43.433 0.0000000000
3085  26.058  -90.222  -44.249 0.0000000000
19208  9.807  -70.674  -39.349 0.0000000000
19221  10.436  -70.999  -40.165 0.0000000000
19220  11.246  -71.008  -40.659 0.0000000000
19185  10.940  -70.361  -39.120 0.0000000000
18181  11.694  -71.195  -37.836 0.0000000000
161845  4.409  -62.279  -15.337 0.0000000000
25918  3.880  -63.680  -15.440 0.0000000000
152914  4.215  -64.848  -16.490 0.0000000000
136085  4.352  -65.829  -16.534 0.0000000000
23887  4.516  -65.252  -17.687 0.0000000000
23900  4.572  -65.903  -18.519 0.0000000000
23912  4.448  -65.785  -19.282 0.0000000000
23923  4.280  -65.701  -20.100 0.0000000000
139553  4.328  -64.930  -19.650 0.0000000000
24994  4.402  -64.108  -21.028 0.0000000000
26003  4.518  -63.406  -21.121 0.0000000000
27960  8.100  -61.709  -20.617 0.0000000000
27977  6.871  -61.730  -21.782 0.0000000000
27976  8.030  -61.694  -21.651 0.0000000000
27988  9.194  -61.717  -22.727 0.0000000000
27036  8.513  -61.754  -23.954 0.0000000000
27049  9.097  -62.492  -24.558 0.0000000000
27034  10.686  -62.438  -23.602 0.0000000000
27033  11.703  -62.624  -23.643 0.0000000000
27045  12.746  -62.556  -24.684 0.0000000000
35143  12.679  -54.492  -19.678 0.0000000000
44287  14.883  -45.741  -21.749 0.0000000000
41059  11.575  -49.071  -21.293 0.0000000000
41030  11.271  -48.993  -21.019 0.0000000000
40014  11.279  -49.696  -21.189 0.0000000000
143963  10.855  -50.642  -20.692 0.0000000000
38203  10.276  -51.321  -20.257 0.0000000000
37222  10.146  -52.044  -19.739 0.0000000000
37244  9.763  -52.078  -20.177 0.0000000000
36178  8.915  -53.479  -21.080 0.0000000000
35178  8.913  -54.168  -21.942 0.0000000000
153480  8.363  -55.551  -21.681 0.0000000000
35183  8.836  -55.115  -22.342 0.0000000000
34199  10.196  -55.157  -22.979 0.0000000000
33113  11.272  -55.888  -22.758 0.0000000000
34214  13.383  -54.973  -24.010 0.0000000000
157883  13.242  -55.520  -24.330 0.0000000000
143096  12.623  -56.591  -24.626 0.0000000000
30990  13.158  -58.304  -24.491 0.0000000000
163512  12.726  -58.752  -24.614 0.0000000000
32067  11.074  -57.373  -24.878 0.0000000000
32087  10.401  -57.504  -26.265 0.0000000000
31020  11.195  -58.104  -27.517 0.0000000000
36  20.952  -99.169  -22.064 0.0000000000
145252  21.118  -99.248  -23.093 0.0000000000
37  20.089  -99.241  -22.022 0.0000000000
42  19.481  -99.278  -22.609 0.0000000000
50  18.162  -99.371  -23.383 0.0000000000
698  14.756  -96.786  -23.685 0.0000000000
136551  15.422  -98.082  -23.626 0.0000000000
419  14.697  -97.918  -23.740 0.0000000000
227  14.691  -98.519  -24.559 0.0000000000
71  14.629  -98.976  -25.888 0.0000000000
90  14.330  -99.012  -27.304 0.0000000000
73  13.104  -98.465  -25.887 0.0000000000
250  12.068  -98.301  -26.898 0.0000000000
141553  10.972  -98.103  -27.933 0.0000000000
4038  13.222  -88.120  -23.825 0.0000000000
4075  12.898  -88.701  -25.375 0.0000000000
146521  12.421  -89.096  -25.089 0.0000000000
3493  12.112  -89.699  -25.209 0.0000000000
2480  11.510  -91.230  -25.841 0.0000000000
1275  10.489  -95.039  -24.482 0.0000000000
136505  10.309  -94.448  -25.484 0.0000000000
1286  9.584  -94.899  -26.211 0.0000000000
3313  12.283  -89.149  -10.754 0.0000000000
142193  11.090  -89.954  -11.061 0.0000000000
138537  10.265  -90.928  -10.955 0.0000000000
159566  9.252  -83.858  -8.484 0.0000000000
6434  9.796  -84.512  -8.929 0.0000000000
6417  9.084  -84.634  -8.259 0.0000000000
5082  9.064  -86.029  -8.064 0.0000000000
5063  9.065  -86.880  -7.845 0.0000000000
146279  7.548  -92.289  -9.406 0.0000000000
2290  7.851  -91.658  -8.423 0.0000000000
1462  7.997  -93.129  -9.075 0.0000000000
1469  8.422  -93.661  -9.408 0.0000000000
1137  8.839  -94.116  -9.817 0.0000000000
1136  9.459  -93.789  -9.847 0.0000000000
1145  8.717  -94.600  -10.576 0.0000000000
865  8.884  -95.484  -12.421 0.0000000000
155119  8.615  -95.678  -13.404 0.0000000000
881  8.048  -95.840  -15.015 0.0000000000
152770  7.427  -95.130  -14.901 0.0000000000
1181  6.958  -94.388  -15.986 0.0000000000
20694  12.374  -68.989  -5.875 0.0000000000
19775  12.340  -69.887  -5.781 0.0000000000
19776  11.569  -69.660  -6.364 0.0000000000
153034  11.173  -70.685  -6.613 0.0000000000
158185  10.190  -70.810  -5.810 0.0000000000
18765  9.669  -70.251  -5.292 0.0000000000
19764  7.748  -69.067  -5.115 0.0000000000
19766  5.759  -69.021  -4.771 0.0000000000
20684  4.281  -68.725  -4.930 0.0000000000
20699  4.291  -68.118  -5.240 0.0000000000
21630  4.032  -67.713  -5.744 0.0000000000
21651  3.757  -67.175  -6.478 0.0000000000
24801  4.820  -64.758  -9.062 0.0000000000
23747  3.622  -65.683  -9.078 0.0000000000
23784  3.599  -65.698  -10.036 0.0000000000
21699  3.583  -67.314  -11.031 0.0000000000
157264  3.483  -68.862  -11.899 0.0000000000
27780  12.584  -60.845  -9.049 0.0000000000
151141  10.999  -61.186  -8.934 0.0000000000
28769  10.954  -60.491  -9.612 0.0000000000
28791  9.645  -60.811  -10.470 0.0000000000
25897  23.316  -64.300  -14.371 0.0000000000
141413  24.109  -62.724  -15.277 0.0000000000
31934  23.927  -57.082  -15.659 0.0000000000
30850  23.442  -57.586  -14.958 0.0000000000
29858  24.569  -58.654  -15.999 0.0000000000
157188  24.445  -59.504  -15.941 0.0000000000
28863  24.694  -60.299  -16.255 0.0000000000
28901  26.883  -61.159  -18.647 0.0000000000
28900  27.728  -61.108  -18.855 0.0000000000
30900  28.879  -58.567  -18.607 0.0000000000
29910  30.282  -59.096  -18.810 0.0000000000
30927  30.476  -59.029  -19.904 0.0000000000
36131  26.595  -53.205  -17.396 0.0000000000
163940  27.143  -53.601  -17.434 0.0000000000
37196  26.736  -52.449  -17.029 0.0000000000
143343  26.984  -51.829  -16.746 0.0000000000
38154  26.820  -51.185  -16.683 0.0000000000
24  19.481  -99.031  -17.427 0.0000000000
1232  19.250  -93.847  -19.914 0.0000000000
922  19.467  -95.608  -19.640 0.0000000000
1220  19.308  -94.720  -19.701 0.0000000000
1219  19.933  -94.040  -19.369 0.0000000000
1208  20.744  -94.411  -18.991 0.0000000000
1207  21.512  -94.826  -18.631 0.0000000000
1946  21.418  -93.153  -19.537 0.0000000000
4014  23.805  -88.755  -23.169 0.0000000000
2921  24.087  -90.464  -24.133 0.0000000000
138534  20.710  -92.676  -23.536 0.0000000000
1587  21.210  -93.163  -22.924 0.0000000000
1577  20.887  -93.924  -22.648 0.0000000000
953  21.165  -95.144  -21.832 0.0000000000
946  21.676  -95.722  -21.419 0.0000000000
679  22.129  -96.489  -20.973 0.0000000000
680  21.344  -96.541  -21.393 0.0000000000
404  21.297  -98.487  -21.404 0.0000000000
640  28.296  -96.689  -18.725 0.0000000000
653  28.574  -96.723  -19.732 0.0000000000
376  28.017  -97.294  -19.370 0.0000000000
140473  26.787  -97.394  -19.141 0.0000000000
186  25.764  -98.236  -19.768 0.0000000000
723  20.143  -96.762  -28.029 0.0000000000
151215  20.376  -95.997  -27.829 0.0000000000
726  19.524  -96.200  -28.129 0.0000000000
1320  18.613  -94.655  -28.628 0.0000000000
1643  18.344  -93.682  -29.007 0.0000000000
1017  21.535  -95.866  -29.734 0.0000000000
134245  21.413  -86.754  -38.941 0.0000000000
135954  23.232  -86.839  -39.044 0.0000000000
138509  23.863  -89.076  -43.145 0.0000000000
3089  24.832  -86.954  -41.420 0.0000000000
3645  24.840  -86.027  -42.598 0.0000000000
4234  24.866  -86.142  -43.583 0.0000000000
142303  20.185  -84.278  -44.425 0.0000000000
6146  20.087  -85.081  -46.088 0.0000000000
6827  20.986  -84.234  -44.424 0.0000000000
6136  21.372  -84.653  -44.576 0.0000000000
134248  22.487  -84.426  -44.118 0.0000000000
134249  23.227  -84.749  -43.820 0.0000000000
6825  23.082  -84.022  -44.489 0.0000000000
7554  23.565  -83.715  -45.831 0.0000000000
8250  24.581  -82.829  -46.049 0.0000000000
8249  25.350  -82.505  -45.816 0.0000000000
8243  24.639  -82.577  -45.266 0.0000000000
138034  25.720  -82.440  -44.025 0.0000000000
9823  21.037  -81.092  -37.782 0.0000000000
9833  23.262  -80.403  -37.879 0.0000000000
17081  8.260  -72.895  -24.182 0.0000000000
15232  7.358  -74.201  -24.541 0.0000000000
15230  8.940  -74.176  -24.379 0.0000000000
14337  9.140  -75.535  -24.282 0.0000000000
13347  9.945  -76.713  -24.003 0.0000000000
15242  11.545  -75.029  -26.598 0.0000000000
14353  11.603  -75.888  -26.633 0.0000000000
15243  10.086  -74.411  -26.768 0.0000000000
15244  9.348  -74.376  -26.695 0.0000000000
15246  7.773  -74.392  -26.413 0.0000000000
144292  6.819  -74.232  -26.341 0.0000000000
155211  7.451  -72.582  -26.506 0.0000000000
18031  6.338  -71.165  -26.719 0.0000000000
19009  5.913  -69.800  -27.406 0.0000000000
20936  5.741  -69.142  -27.935 0.0000000000
20003  6.198  -69.158  -27.449 0.0000000000
20944  7.144  -68.511  -27.911 0.0000000000
20959  8.082  -68.479  -29.328 0.0000000000
19030  11.005  -71.310  -29.223 0.0000000000
19031  10.313  -71.220  -29.218 0.0000000000
18049  10.973  -72.064  -29.636 0.0000000000
17162  10.932  -72.563  -31.627 0.0000000000
17175  11.221  -72.384  -32.545 0.0000000000
18104  11.530  -72.091  -33.490 0.0000000000
17174  12.198  -72.793  -32.585 0.0000000000
17172  14.194  -73.193  -32.910 0.0000000000
16231  14.954  -73.275  -33.153 0.0000000000
25105  17.585  -65.230  -33.043 0.0000000000
24086  18.013  -65.652  -32.305 0.0000000000
24045  17.616  -66.287  -30.930 0.0000000000
23002  17.440  -66.538  -29.001 0.0000000000
24025  18.330  -66.490  -30.500 0.0000000000
23000  19.836  -66.770  -29.283 0.0000000000
22974  20.966  -67.412  -28.806 0.0000000000
22011  20.093  -67.705  -33.667 0.0000000000
21007  20.195  -68.495  -32.321 0.0000000000
21031  19.678  -68.188  -33.056 0.0000000000
21032  18.796  -68.312  -33.148 0.0000000000
21010  17.572  -68.575  -32.506 0.0000000000
21011  16.655  -68.325  -32.487 0.0000000000
22015  16.593  -67.774  -33.645 0.0000000000
22016  15.493  -67.329  -33.712 0.0000000000
163619  13.674  -66.422  -34.438 0.0000000000
161521  13.962  -67.823  -38.361 0.0000000000
21088  13.536  -67.767  -37.903 0.0000000000
20157  13.513  -68.865  -37.512 0.0000000000
20138  13.708  -70.011  -36.936 0.0000000000
157454  15.161  -71.009  -35.362 0.0000000000
141788  15.796  -71.262  -34.581 0.0000000000
17209  17.280  -72.328  -34.854 0.0000000000
16256  17.930  -73.097  -35.054 0.0000000000
15310  18.480  -74.482  -34.993 0.0000000000
13491  19.058  -76.090  -35.896 0.0000000000
146385  18.770  -74.908  -36.539 0.0000000000
15345  18.347  -74.740  -37.287 0.0000000000
142937  18.745  -75.171  -37.998 0.0000000000
1260  29.039  -93.906  -23.903 0.0000000000
1267  29.083  -93.590  -24.747 0.0000000000
970  29.467  -95.642  -25.263 0.0000000000
710  28.678  -96.326  -26.574 0.0000000000
994  27.252  -96.027  -27.704 0.0000000000
145203  26.893  -96.943  -26.884 0.0000000000
140259  26.411  -95.693  -27.446 0.0000000000
1304  26.171  -94.553  -27.062 0.0000000000
1628  24.470  -92.883  -27.066 0.0000000000
2498  23.493  -91.410  -27.670 0.0000000000
163767  22.213  -90.787  -28.671 0.0000000000
12210  6.688  -77.764  -6.327 0.0000000000
12211  5.718  -78.154  -6.053 0.0000000000
11318  4.789  -78.345  -6.571 0.0000000000
13143  4.047  -77.183  -5.984 0.0000000000
12224  4.445  -77.853  -6.613 0.0000000000
11332  4.726  -78.481  -7.229 0.0000000000
149042  4.915  -78.883  -8.339 0.0000000000
11340  5.157  -78.932  -10.281 0.0000000000
10391  5.467  -79.475  -10.707 0.0000000000
10402  5.997  -79.208  -11.131 0.0000000000
11351  5.705  -78.552  -10.810 0.0000000000
11350  6.838  -77.744  -11.076 0.0000000000
13178  7.481  -76.233  -10.876 0.0000000000
14149  5.693  -75.594  -9.338 0.0000000000
14148  6.863  -75.235  -9.680 0.0000000000
14153  7.436  -75.435  -10.637 0.0000000000
15051  7.490  -75.007  -10.952 0.0000000000
16001  6.412  -73.460  -10.692 0.0000000000
15990  5.351  -72.884  -10.699 0.0000000000
28733  22.505  -60.634  -7.003 0.0000000000
28735  21.181  -59.827  -7.289 0.0000000000
29748  19.723  -59.496  -7.461 0.0000000000
28748  20.856  -59.820  -8.005 0.0000000000
28749  20.169  -59.748  -8.628 0.0000000000
28763  19.896  -60.399  -9.442 0.0000000000
26814  20.634  -62.390  -9.131 0.0000000000
27777  19.633  -61.657  -9.812 0.0000000000
28786  19.202  -60.940  -10.175 0.0000000000
27803  18.728  -60.681  -11.640 0.0000000000
27814  18.896  -60.408  -12.428 0.0000000000
26873  19.082  -61.307  -12.741 0.0000000000
26872  19.260  -62.149  -13.117 0.0000000000
25868  19.151  -63.752  -12.274 0.0000000000
24866  19.587  -64.515  -12.857 0.0000000000
24879  19.803  -63.752  -13.753 0.0000000000
146631  20.715  -65.308  -14.399 0.0000000000
23830  21.248  -66.159  -14.224 0.0000000000
15450  11.739  -73.732  -43.930 0.0000000000
14511  11.476  -74.704  -43.893 0.0000000000
15469  11.726  -74.269  -44.882 0.0000000000
14529  12.001  -74.869  -45.375 0.0000000000
13647  12.791  -76.106  -45.520 0.0000000000
15466  14.425  -74.115  -44.640 0.0000000000
14540  14.281  -75.776  -45.439 0.0000000000
12662  13.849  -77.133  -45.507 0.0000000000
12661  14.586  -77.452  -45.423 0.0000000000
11742  14.693  -78.354  -45.175 0.0000000000
10828  15.325  -79.055  -44.671 0.0000000000
9913  16.289  -80.440  -44.085 0.0000000000
11740  16.183  -78.786  -44.658 0.0000000000
155172  16.868  -79.562  -44.375 0.0000000000
11730  17.731  -79.308  -44.168 0.0000000000
12627  17.477  -77.180  -43.282 0.0000000000
12626  18.215  -77.851  -42.656 0.0000000000
11720  18.463  -78.827  -43.370 0.0000000000
11719  19.049  -78.526  -42.604 0.0000000000
11706  20.247  -78.027  -42.132 0.0000000000
12624  20.606  -77.589  -42.408 0.0000000000
23985  6.739  -65.225  -26.019 0.0000000000
22927  7.418  -66.196  -24.620 0.0000000000
23976  6.979  -65.963  -25.770 0.0000000000
155659  8.272  -67.236  -25.742 0.0000000000
21891  8.787  -67.489  -26.300 0.0000000000
22984  8.855  -66.504  -28.085 0.0000000000
21911  9.178  -67.398  -27.563 0.0000000000
21900  10.278  -67.679  -26.720 0.0000000000
21909  10.995  -67.570  -27.255 0.0000000000
22958  11.647  -67.275  -27.758 0.0000000000
22980  12.814  -66.423  -28.190 0.0000000000
37216  27.718  -52.594  -19.647 0.0000000000
37217  27.006  -52.084  -19.916 0.0000000000
38181  27.248  -50.919  -19.673 0.0000000000
39982  26.922  -49.349  -19.580 0.0000000000
39991  26.407  -49.375  -20.176 0.0000000000
149638  26.166  -48.752  -20.233 0.0000000000
42033  25.999  -47.411  -20.344 0.0000000000
2525  29.028  -90.817  -30.655 0.0000000000
2522  30.772  -91.712  -30.679 0.0000000000
2983  29.408  -90.674  -31.244 0.0000000000
2544  28.776  -90.982  -32.368 0.0000000000
2107  29.355  -91.426  -33.037 0.0000000000
147095  28.976  -93.944  -32.487 0.0000000000
1683  29.291  -93.443  -33.060 0.0000000000
155705  29.578  -92.949  -33.631 0.0000000000
1362  29.601  -93.623  -33.794 0.0000000000
1367  29.700  -92.390  -35.839 0.0000000000
156190  30.109  -91.965  -36.824 0.0000000000
1707  29.692  -92.384  -36.472 0.0000000000
1379  29.240  -92.939  -36.759 0.0000000000
1380  28.796  -94.228  -37.572 0.0000000000
1062  28.169  -95.332  -36.463 0.0000000000
1082  27.979  -95.039  -37.828 0.0000000000
1391  28.318  -94.270  -38.368 0.0000000000
138689  27.784  -94.179  -39.139 0.0000000000
1741  26.884  -93.163  -40.877 0.0000000000
1754  25.709  -93.287  -41.161 0.0000000000
28874  4.523  -60.622  -16.226 0.0000000000
27897  4.272  -61.440  -17.279 0.0000000000
27911  4.730  -61.693  -18.090 0.0000000000
26960  5.373  -62.049  -18.779 0.0000000000
27910  5.241  -61.176  -18.527 0.0000000000
27922  5.897  -61.579  -19.227 0.0000000000
27921  6.567  -61.243  -19.576 0.0000000000
29926  5.324  -59.580  -19.070 0.0000000000
28913  6.168  -60.227  -19.637 0.0000000000
27933  7.968  -61.383  -20.042 0.0000000000
28921  8.549  -60.775  -20.698 0.0000000000
28940  9.191  -60.657  -21.393 0.0000000000
141594  10.288  -60.503  -22.159 0.0000000000
39084  18.868  -50.498  -21.146 0.0000000000
46340  11.815  -43.574  -21.647 0.0000000000
41065  12.222  -48.318  -21.993 0.0000000000
40022  11.719  -49.563  -21.680 0.0000000000
39102  11.709  -50.245  -22.002 0.0000000000
140979  11.291  -51.780  -22.322 0.0000000000
36191  11.055  -52.816  -22.770 0.0000000000
37258  11.776  -52.131  -22.680 0.0000000000
971  18.910  -95.044  -23.995 0.0000000000
972  18.217  -95.315  -24.167 0.0000000000
149438  17.710  -95.718  -23.931 0.0000000000
974  16.589  -95.312  -24.326 0.0000000000
1607  17.119  -93.532  -25.444 0.0000000000
1271  16.123  -94.717  -24.615 0.0000000000
975  15.633  -95.289  -24.172 0.0000000000
976  14.607  -95.263  -24.025 0.0000000000
148977  13.787  -95.366  -24.223 0.0000000000
160655  13.378  -95.543  -24.652 0.0000000000
2444  12.916  -90.792  -21.295 0.0000000000
2455  12.696  -91.335  -22.715 0.0000000000
158257  12.777  -92.075  -22.420 0.0000000000
146314  12.652  -92.990  -22.477 0.0000000000
1579  12.317  -93.813  -22.833 0.0000000000
158442  11.949  -94.551  -20.973 0.0000000000
1257  11.970  -94.592  -22.474 0.0000000000
1263  11.327  -94.991  -22.994 0.0000000000
157660  10.030  -95.346  -24.103 0.0000000000
1258  8.021  -94.860  -22.600 0.0000000000
5033  5.638  -87.175  -6.478 0.0000000000
5032  6.233  -87.451  -6.452 0.0000000000
3837  6.077  -88.035  -6.980 0.0000000000
3279  6.517  -88.798  -7.681 0.0000000000
147299  7.171  -90.216  -8.069 0.0000000000
138869  6.185  -89.107  -9.163 0.0000000000
2764  7.213  -90.741  -9.192 0.0000000000
1835  7.496  -91.525  -8.846 0.0000000000
1868  6.896  -93.097  -11.023 0.0000000000
148703  6.811  -93.361  -13.123 0.0000000000
1498  7.221  -93.369  -14.157 0.0000000000
1896  7.678  -93.190  -14.674 0.0000000000
136322  8.135  -92.432  -14.920 0.0000000000
20692  14.097  -68.867  -5.789 0.0000000000
21640  14.459  -67.682  -6.799 0.0000000000
20712  13.906  -68.239  -6.392 0.0000000000
20693  13.211  -68.608  -5.968 0.0000000000
20714  11.702  -68.545  -6.291 0.0000000000
21644  10.010  -67.919  -6.835 0.0000000000
21645  8.882  -67.558  -6.888 0.0000000000
21668  6.494  -66.806  -6.786 0.0000000000
21666  8.253  -66.928  -7.270 0.0000000000
22704  7.690  -66.398  -7.731 0.0000000000
22719  7.128  -65.800  -8.165 0.0000000000
22717  8.948  -65.689  -8.479 0.0000000000
23744  7.495  -65.265  -8.696 0.0000000000
23745  6.505  -65.105  -8.692 0.0000000000
23765  5.641  -64.560  -9.197 0.0000000000
24831  5.043  -64.198  -9.861 0.0000000000
24838  5.122  -64.025  -10.696 0.0000000000
33012  23.562  -56.442  -15.991 0.0000000000
31933  24.171  -56.837  -16.419 0.0000000000
152292  26.040  -57.696  -19.046 0.0000000000
31971  27.052  -57.767  -19.124 0.0000000000
154486  27.556  -57.085  -18.885 0.0000000000
148128  28.278  -56.752  -18.500 0.0000000000
33043  29.083  -56.364  -18.103 0.0000000000
160963  28.869  -55.772  -17.900 0.0000000000
33044  28.177  -55.901  -18.178 0.0000000000
158480  27.751  -55.031  -17.898 0.0000000000
35119  26.539  -54.003  -17.723 0.0000000000
35133  25.360  -54.813  -18.236 0.0000000000
35120  25.713  -54.065  -17.890 0.0000000000
154564  26.013  -53.456  -17.672 0.0000000000
37204  24.904  -52.663  -17.378 0.0000000000
38165  23.608  -51.952  -16.987 0.0000000000
192  16.971  -98.327  -19.606 0.0000000000
398  16.492  -97.080  -20.313 0.0000000000
672  17.148  -96.762  -20.566 0.0000000000
933  17.802  -95.377  -20.819 0.0000000000
144769  16.530  -93.770  -22.006 0.0000000000
1554  17.675  -93.933  -21.667 0.0000000000
1553  18.647  -93.730  -20.795 0.0000000000
1960  19.082  -92.680  -20.793 0.0000000000
163073  19.555  -91.107  -21.282 0.0000000000
3444  20.141  -89.795  -21.728 0.0000000000
153363  21.124  -88.748  -22.431 0.0000000000
150776  20.949  -88.566  -23.815 0.0000000000
3487  20.818  -89.315  -24.559 0.0000000000
2472  20.936  -90.878  -24.460 0.0000000000
3499  19.458  -89.580  -25.704 0.0000000000
2477  20.346  -90.916  -25.161 0.0000000000
160510  20.500  -91.538  -24.540 0.0000000000
1595  19.996  -93.143  -24.069 0.0000000000
1589  19.745  -93.966  -23.850 0.0000000000
736  17.153  -96.783  -29.607 0.0000000000
145959  17.126  -95.852  -29.649 0.0000000000
737  16.591  -96.480  -30.305 0.0000000000
134244  20.094  -88.882  -41.789 0.0000000000
7528  11.100  -84.256  -41.769 0.0000000000
6124  11.497  -85.220  -41.917 0.0000000000
6809  12.319  -84.669  -42.600 0.0000000000
6808  13.122  -84.310  -43.211 0.0000000000
6130  13.865  -84.680  -43.423 0.0000000000
164153  15.003  -82.897  -43.442 0.0000000000
7539  14.504  -83.213  -43.832 0.0000000000
6820  14.446  -84.034  -44.098 0.0000000000
6138  15.287  -84.563  -44.453 0.0000000000
163185  16.355  -85.808  -45.428 0.0000000000
5463  16.271  -86.027  -46.038 0.0000000000
143984  16.809  -85.512  -46.758 0.0000000000
6840  17.928  -84.771  -45.424 0.0000000000
6839  18.950  -84.884  -45.767 0.0000000000
148370  19.060  -84.428  -43.148 0.0000000000
6814  20.000  -84.078  -43.418 0.0000000000
7536  20.933  -83.702  -43.345 0.0000000000
7522  21.758  -83.421  -42.402 0.0000000000
145334  23.026  -83.057  -42.219 0.0000000000
7506  23.723  -82.908  -41.678 0.0000000000
7497  23.710  -83.105  -40.827 0.0000000000
7496  24.461  -82.990  -40.288 0.0000000000
7480  24.344  -83.053  -39.450 0.0000000000
163225  22.706  -83.285  -38.794 0.0000000000
7467  24.147  -83.054  -38.654 0.0000000000
8191  24.916  -82.878  -38.883 0.0000000000
8168  25.893  -82.097  -37.704 0.0000000000
9645  5.902  -80.143  -23.749 0.0000000000
144532  12.180  -74.018  -23.524 0.0000000000
15218  11.593  -74.722  -23.759 0.0000000000
15217  12.665  -75.042  -23.577 0.0000000000
14318  13.656  -75.719  -24.169 0.0000000000
14348  13.406  -75.848  -25.194 0.0000000000
15237  14.738  -74.557  -25.160 0.0000000000
15238  13.933  -74.674  -25.452 0.0000000000
15239  12.356  -75.322  -26.217 0.0000000000
16180  11.241  -73.446  -26.097 0.0000000000
17099  11.397  -72.553  -25.599 0.0000000000
18018  10.266  -71.183  -25.400 0.0000000000
19986  9.416  -69.871  -25.842 0.0000000000
18980  10.612  -70.438  -25.494 0.0000000000
19984  11.335  -69.593  -26.085 0.0000000000
160883  11.420  -69.319  -26.879 0.0000000000
19982  13.260  -69.410  -26.549 0.0000000000
19999  11.827  -69.087  -27.457 0.0000000000
20015  11.353  -69.392  -28.412 0.0000000000
20039  11.518  -69.351  -29.385 0.0000000000
20060  11.505  -69.740  -30.273 0.0000000000
155303  11.434  -69.210  -31.956 0.0000000000
24141  18.489  -65.239  -37.048 0.0000000000
24143  16.809  -65.642  -36.651 0.0000000000
21100  14.550  -67.930  -38.737 0.0000000000
2908  34.656  -90.174  -23.043 0.0000000000
3467  34.169  -89.900  -23.736 0.0000000000
151377  35.530  -90.575  -24.167 0.0000000000
2476  35.212  -91.455  -25.542 0.0000000000
2009  34.598  -92.205  -25.879 0.0000000000
1600  33.446  -93.326  -25.397 0.0000000000
139075  33.459  -93.331  -26.152 0.0000000000
1616  33.472  -93.322  -26.906 0.0000000000
1300  32.453  -94.273  -28.334 0.0000000000
1324  31.325  -94.576  -29.604 0.0000000000
1648  30.274  -94.279  -30.059 0.0000000000
156281  29.745  -95.496  -26.014 0.0000000000
985  29.852  -95.505  -26.961 0.0000000000
991  29.551  -95.502  -27.885 0.0000000000
142025  27.302  -93.879  -27.674 0.0000000000
1317  28.919  -95.065  -28.787 0.0000000000
1005  29.617  -95.307  -28.685 0.0000000000
1325  29.682  -94.962  -29.448 0.0000000000
2056  29.330  -92.494  -29.638 0.0000000000
2510  29.251  -91.406  -30.106 0.0000000000
2971  28.372  -90.884  -29.907 0.0000000000
2537  27.390  -91.347  -31.151 0.0000000000
1677  26.899  -93.068  -30.717 0.0000000000
2071  26.334  -92.462  -30.244 0.0000000000
1665  26.507  -93.691  -30.259 0.0000000000
1664  27.175  -93.985  -30.774 0.0000000000
1021  27.218  -95.737  -30.152 0.0000000000
748  26.846  -96.597  -30.788 0.0000000000
141452  25.809  -97.131  -31.740 0.0000000000
43186  18.680  -46.021  -23.048 0.0000000000
139968  18.370  -46.872  -22.756 0.0000000000
44321  18.000  -45.277  -23.091 0.0000000000
45365  17.190  -45.032  -22.847 0.0000000000
143612  16.018  -44.655  -22.437 0.0000000000
45382  16.915  -43.767  -23.067 0.0000000000
46360  16.168  -43.949  -22.579 0.0000000000
50167  15.958  -39.698  -23.581 0.0000000000
49202  15.304  -40.176  -23.127 0.0000000000
50189  13.448  -38.331  -23.972 0.0000000000
147648  14.272  -39.672  -22.898 0.0000000000
48271  14.536  -40.476  -22.633 0.0000000000
49190  13.768  -40.823  -22.202 0.0000000000
46377  11.966  -43.201  -23.288 0.0000000000
156748  12.981  -42.195  -24.219 0.0000000000
47364  12.659  -42.785  -23.803 0.0000000000
46388  13.031  -43.832  -24.100 0.0000000000
45389  13.802  -44.763  -24.368 0.0000000000
45399  14.674  -44.865  -24.884 0.0000000000
44349  15.084  -45.590  -24.992 0.0000000000
43219  16.246  -46.735  -25.507 0.0000000000
44348  15.765  -45.512  -25.541 0.0000000000
2913  15.108  -90.333  -22.790 0.0000000000
160886  15.586  -88.224  -24.154 0.0000000000
4037  15.517  -88.413  -23.643 0.0000000000
4019  15.404  -88.401  -22.674 0.0000000000
4662  14.812  -87.653  -23.329 0.0000000000
4003  15.975  -87.988  -21.085 0.0000000000
4653  14.219  -87.537  -22.661 0.0000000000
4020  13.574  -87.858  -22.108 0.0000000000
4005  13.538  -88.326  -21.408 0.0000000000
154503  13.335  -89.158  -21.099 0.0000000000
4582  16.364  -87.950  -17.868 0.0000000000
4600  15.847  -87.871  -19.166 0.0000000000
3985  14.904  -88.627  -19.532 0.0000000000
3433  13.763  -89.567  -20.298 0.0000000000
2891  13.194  -90.148  -20.743 0.0000000000
2434  13.084  -91.110  -20.441 0.0000000000
2420  13.106  -91.328  -19.711 0.0000000000
1951  12.412  -92.522  -19.523 0.0000000000
158882  12.981  -90.981  -17.914 0.0000000000
1928  12.158  -91.957  -18.102 0.0000000000
136425  11.958  -92.882  -19.140 0.0000000000
1525  11.716  -92.855  -18.345 0.0000000000
1516  10.774  -93.403  -16.766 0.0000000000
1179  10.562  -94.182  -16.335 0.0000000000
8611  10.608  -80.966  -9.504 0.0000000000
9455  9.872  -79.677  -8.818 0.0000000000
143486  9.994  -80.627  -8.930 0.0000000000
7112  9.420  -83.042  -8.648 0.0000000000
7113  8.889  -83.301  -8.131 0.0000000000
155805  7.459  -85.406  -6.830 0.0000000000
11315  7.276  -78.261  -6.758 0.0000000000
10367  7.623  -79.697  -7.247 0.0000000000
9446  7.477  -80.618  -7.250 0.0000000000
8593  5.764  -81.183  -7.406 0.0000000000
8579  6.064  -81.443  -7.023 0.0000000000
7853  7.092  -82.308  -7.160 0.0000000000
7083  6.787  -83.198  -6.972 0.0000000000
6390  6.242  -84.507  -6.581 0.0000000000
157323  5.573  -86.003  -6.065 0.0000000000
5049  5.239  -86.548  -6.204 0.0000000000
5066  5.116  -86.973  -7.305 0.0000000000
4473  5.728  -87.429  -8.475 0.0000000000
6418  5.365  -84.911  -8.753 0.0000000000
5748  5.565  -85.921  -8.652 0.0000000000
4489  5.753  -87.502  -9.275 0.0000000000
4500  5.634  -87.237  -10.138 0.0000000000
4511  5.131  -87.097  -11.661 0.0000000000
4521  5.289  -87.346  -12.203 0.0000000000
4533  5.535  -87.336  -13.081 0.0000000000
138460  4.844  -85.932  -12.206 0.0000000000
5812  4.917  -85.220  -12.454 0.0000000000
7175  7.000  -83.603  -12.303 0.0000000000
10400  7.732  -79.705  -11.862 0.0000000000
9491  8.249  -80.135  -12.399 0.0000000000
10411  8.459  -79.988  -13.202 0.0000000000
12260  7.513  -77.960  -13.077 0.0000000000
23735  17.255  -65.313  -8.463 0.0000000000
24791  15.875  -64.811  -9.210 0.0000000000
24827  14.371  -64.178  -9.429 0.0000000000
24826  15.313  -64.145  -9.557 0.0000000000
25838  14.636  -63.422  -9.696 0.0000000000
26834  14.826  -62.615  -9.504 0.0000000000
26792  16.163  -62.286  -8.285 0.0000000000
27778  14.960  -61.846  -8.804 0.0000000000
27779  13.385  -60.949  -8.922 0.0000000000
28766  13.401  -60.173  -8.929 0.0000000000
29790  13.299  -59.788  -9.359 0.0000000000
29813  12.557  -59.703  -10.244 0.0000000000
29749  19.067  -59.249  -7.695 0.0000000000
29750  18.282  -59.139  -7.799 0.0000000000
163275  17.216  -58.899  -8.410 0.0000000000
29786  17.740  -58.875  -9.688 0.0000000000
30820  16.839  -58.772  -9.768 0.0000000000
29787  16.217  -58.770  -9.028 0.0000000000
150709  14.518  -59.265  -9.417 0.0000000000
29811  14.231  -59.260  -10.133 0.0000000000
28824  19.604  -59.777  -14.112 0.0000000000
28850  20.091  -59.694  -15.674 0.0000000000
28849  20.874  -59.873  -15.954 0.0000000000
1565  15.414  -93.612  -21.068 0.0000000000
1969  15.171  -92.160  -21.631 0.0000000000
2443  15.019  -91.183  -21.912 0.0000000000
8223  9.434  -82.952  -41.210 0.0000000000
13612  10.933  -75.897  -44.022 0.0000000000
12640  9.943  -77.994  -43.787 0.0000000000
11721  9.735  -78.754  -43.344 0.0000000000
11745  11.249  -78.937  -44.376 0.0000000000
10815  10.426  -79.323  -43.955 0.0000000000
9900  9.825  -80.051  -43.292 0.0000000000
9043  9.821  -80.991  -42.857 0.0000000000
9031  10.135  -82.233  -42.274 0.0000000000
7515  10.558  -83.627  -41.585 0.0000000000
7514  11.561  -83.374  -41.921 0.0000000000
8219  12.979  -82.379  -41.524 0.0000000000
8218  13.900  -82.375  -41.295 0.0000000000
8999  14.107  -81.025  -40.002 0.0000000000
8193  14.781  -81.922  -39.528 0.0000000000
8206  15.248  -82.611  -40.020 0.0000000000
7486  15.990  -83.070  -39.594 0.0000000000
7471  16.957  -83.645  -38.351 0.0000000000
6759  18.132  -84.005  -37.472 0.0000000000
159690  19.096  -83.748  -36.808 0.0000000000
7438  18.185  -83.117  -36.704 0.0000000000
8946  19.004  -82.254  -36.677 0.0000000000
8967  19.337  -81.758  -37.058 0.0000000000
8981  18.620  -81.635  -38.692 0.0000000000
143787  18.954  -81.694  -37.853 0.0000000000
8979  20.331  -81.327  -38.219 0.0000000000
9836  20.981  -81.112  -38.762 0.0000000000
9848  21.557  -80.939  -39.405 0.0000000000
9866  22.142  -80.639  -40.752 0.0000000000
9040  16.564  -81.309  -42.681 0.0000000000
9039  17.375  -81.757  -42.559 0.0000000000
156599  18.355  -82.094  -42.471 0.0000000000
9051  18.648  -81.667  -44.348 0.0000000000
9038  19.500  -81.914  -42.891 0.0000000000
9025  19.279  -81.964  -41.728 0.0000000000
9024  20.245  -81.610  -41.900 0.0000000000
9881  21.583  -80.844  -41.341 0.0000000000
9880  22.368  -80.515  -41.643 0.0000000000
9893  22.354  -80.509  -42.534 0.0000000000
9909  22.965  -80.347  -43.874 0.0000000000
10840  22.718  -79.949  -46.430 0.0000000000
18932  5.312  -69.908  -21.744 0.0000000000
138512  5.575  -71.879  -21.873 0.0000000000
160284  5.099  -70.741  -22.865 0.0000000000
18004  5.290  -70.999  -23.542 0.0000000000
18012  6.352  -71.701  -24.329 0.0000000000
149467  6.626  -69.447  -23.835 0.0000000000
18002  7.126  -71.038  -24.136 0.0000000000
18011  7.113  -71.828  -24.284 0.0000000000
17077  8.428  -72.094  -23.899 0.0000000000
147910  9.783  -72.153  -23.542 0.0000000000
150082  10.714  -72.086  -23.450 0.0000000000
22926  8.063  -66.350  -23.399 0.0000000000
156991  8.919  -67.396  -22.453 0.0000000000
20889  9.601  -68.483  -22.292 0.0000000000
21857  10.979  -67.587  -23.127 0.0000000000
20888  10.396  -68.367  -22.296 0.0000000000
19942  10.187  -69.100  -22.318 0.0000000000
18955  10.542  -70.495  -22.979 0.0000000000
17997  11.216  -71.189  -23.283 0.0000000000
150083  11.715  -72.184  -23.430 0.0000000000
143345  13.245  -72.722  -23.332 0.0000000000
17073  13.992  -72.224  -23.279 0.0000000000
17072  14.871  -72.524  -23.386 0.0000000000
19950  15.075  -70.002  -23.994 0.0000000000
17993  15.363  -71.118  -23.764 0.0000000000
17992  15.889  -71.800  -23.892 0.0000000000
18009  16.662  -71.628  -24.347 0.0000000000
18007  17.927  -71.265  -25.117 0.0000000000
18023  18.322  -71.535  -26.310 0.0000000000
37232  26.146  -52.660  -20.523 0.0000000000
37233  25.417  -52.255  -20.626 0.0000000000
153537  24.567  -52.590  -20.765 0.0000000000
141087  24.829  -51.061  -20.613 0.0000000000
38196  24.748  -51.754  -20.645 0.0000000000
156678  24.116  -52.037  -20.704 0.0000000000
37235  22.802  -52.333  -20.662 0.0000000000
156193  21.263  -50.603  -20.397 0.0000000000
39997  20.841  -49.866  -20.623 0.0000000000
39995  22.262  -49.410  -20.627 0.0000000000
39996  21.533  -49.417  -20.713 0.0000000000
40006  21.007  -48.971  -20.954 0.0000000000
41041  20.481  -48.374  -21.490 0.0000000000
162043  20.423  -47.828  -21.815 0.0000000000
138249  20.028  -46.810  -22.575 0.0000000000
43154  23.304  -46.486  -21.464 0.0000000000
43165  22.211  -46.204  -22.133 0.0000000000
43166  21.538  -46.233  -22.397 0.0000000000
43167  20.712  -46.479  -22.547 0.0000000000
44319  20.009  -45.318  -23.334 0.0000000000
45380  19.537  -44.488  -23.616 0.0000000000
2068  31.517  -92.177  -30.664 0.0000000000
2148  30.855  -91.722  -38.101 0.0000000000
2602  31.315  -91.535  -39.146 0.0000000000
3059  31.019  -90.626  -40.267 0.0000000000
164407  29.218  -92.207  -40.259 0.0000000000
2606  30.061  -91.580  -40.264 0.0000000000
3626  27.995  -88.938  -42.945 0.0000000000
4843  28.471  -87.172  -45.024 0.0000000000
5468  27.419  -86.221  -46.357 0.0000000000
14099  6.412  -75.210  -4.395 0.0000000000
14085  5.068  -75.080  -3.488 0.0000000000
14999  4.302  -74.973  -3.710 0.0000000000
14984  4.280  -74.192  -3.608 0.0000000000
15934  4.321  -73.458  -3.716 0.0000000000
15432  11.136  -74.080  -42.599 0.0000000000
18250  7.662  -72.305  -41.649 0.0000000000
16386  9.432  -72.890  -42.851 0.0000000000
16385  10.639  -73.053  -43.009 0.0000000000
16384  11.448  -73.404  -43.325 0.0000000000
17323  12.033  -72.301  -43.453 0.0000000000
17322  12.852  -72.130  -43.520 0.0000000000
17311  13.063  -71.674  -42.975 0.0000000000
19219  11.864  -70.945  -41.086 0.0000000000
18246  13.033  -71.345  -42.289 0.0000000000
17300  13.638  -71.718  -42.204 0.0000000000
161891  14.106  -72.838  -41.420 0.0000000000
140499  13.870  -73.171  -40.687 0.0000000000
15376  13.817  -74.310  -39.385 0.0000000000
29006  9.531  -60.883  -28.236 0.0000000000
28055  9.044  -62.373  -28.782 0.0000000000
29021  10.031  -61.254  -29.135 0.0000000000
28053  10.675  -61.602  -29.878 0.0000000000
17968  5.031  -71.325  -19.580 0.0000000000
18919  5.175  -70.612  -20.026 0.0000000000
143106  4.492  -66.610  -17.027 0.0000000000
21789  4.455  -67.948  -17.316 0.0000000000
19922  4.997  -69.740  -19.724 0.0000000000
19929  5.166  -69.898  -20.404 0.0000000000
19935  5.196  -69.298  -21.443 0.0000000000
20892  4.645  -68.023  -22.096 0.0000000000
21849  4.739  -67.337  -22.638 0.0000000000
22907  4.422  -66.347  -21.426 0.0000000000
22915  4.734  -66.367  -22.433 0.0000000000
22922  4.954  -66.830  -23.012 0.0000000000
22921  5.455  -66.151  -23.126 0.0000000000
25004  5.656  -64.210  -24.144 0.0000000000
25016  5.790  -64.164  -25.152 0.0000000000
26988  5.025  -62.914  -20.491 0.0000000000
27017  4.792  -62.773  -21.731 0.0000000000
27029  4.452  -62.542  -22.838 0.0000000000
149420  5.863  -61.434  -23.103 0.0000000000
27028  4.739  -61.887  -23.253 0.0000000000
27038  4.250  -62.744  -23.774 0.0000000000
26028  4.189  -63.052  -24.594 0.0000000000
25029  5.222  -63.519  -25.553 0.0000000000
25028  6.134  -64.281  -25.807 0.0000000000
25027  6.952  -64.276  -26.273 0.0000000000
25026  8.167  -64.875  -26.184 0.0000000000
25025  9.477  -64.970  -26.098 0.0000000000
26026  9.670  -63.596  -24.965 0.0000000000
26035  10.166  -64.418  -25.496 0.0000000000
25024  10.394  -64.672  -26.056 0.0000000000
26046  11.020  -63.988  -26.670 0.0000000000
27070  9.517  -62.359  -26.813 0.0000000000
28010  8.827  -61.322  -26.741 0.0000000000
31977  9.220  -57.031  -18.261 0.0000000000
164500  17.899  -47.283  -22.634 0.0000000000
42055  17.505  -47.668  -22.493 0.0000000000
41056  16.979  -48.325  -22.304 0.0000000000
42045  15.658  -47.434  -22.059 0.0000000000
41057  16.112  -48.217  -22.114 0.0000000000
40021  15.687  -48.965  -21.857 0.0000000000
39088  15.553  -50.457  -21.505 0.0000000000
38213  15.217  -50.872  -20.712 0.0000000000
38201  14.766  -51.250  -19.869 0.0000000000
39078  13.590  -50.199  -19.710 0.0000000000
38202  13.895  -50.908  -19.515 0.0000000000
38182  14.151  -51.613  -19.403 0.0000000000
36149  13.103  -53.094  -19.624 0.0000000000
36150  12.409  -53.651  -19.640 0.0000000000
35144  11.694  -54.184  -19.364 0.0000000000
141719  10.443  -52.840  -19.401 0.0000000000
150185  10.731  -53.606  -19.122 0.0000000000
34161  10.506  -54.833  -18.634 0.0000000000
34150  9.303  -55.635  -18.692 0.0000000000
33068  7.597  -56.536  -19.115 0.0000000000
33078  7.539  -56.456  -19.741 0.0000000000
157044  7.436  -57.090  -20.619 0.0000000000
32007  7.435  -57.581  -21.409 0.0000000000
33104  8.146  -56.348  -21.930 0.0000000000
32041  8.171  -57.533  -22.699 0.0000000000
30979  7.918  -58.192  -22.509 0.0000000000
29974  8.655  -59.019  -22.442 0.0000000000
29972  10.596  -59.739  -22.366 0.0000000000
35193  11.432  -53.433  -22.948 0.0000000000
34198  11.314  -54.920  -22.867 0.0000000000
32038  11.789  -56.985  -22.556 0.0000000000
138727  12.140  -57.938  -22.540 0.0000000000
30976  12.447  -58.887  -22.585 0.0000000000
29971  11.749  -59.771  -22.450 0.0000000000
28953  12.022  -60.650  -22.518 0.0000000000
27971  12.520  -61.338  -22.800 0.0000000000
27031  13.198  -62.072  -23.960 0.0000000000
28002  12.556  -61.813  -25.181 0.0000000000
29984  12.138  -59.194  -24.678 0.0000000000
28969  11.994  -60.970  -25.145 0.0000000000
28004  10.394  -61.574  -25.831 0.0000000000
159658  8.887  -60.684  -26.128 0.0000000000
143561  8.827  -61.080  -27.094 0.0000000000
30023  9.759  -60.240  -27.853 0.0000000000
163560  10.791  -60.134  -28.501 0.0000000000
31035  11.653  -58.719  -28.116 0.0000000000
225  23.412  -98.394  -24.688 0.0000000000
237  23.092  -98.038  -26.292 0.0000000000
231  23.241  -98.237  -25.526 0.0000000000
154767  22.281  -98.365  -25.806 0.0000000000
245  21.265  -98.117  -27.332 0.0000000000
56  21.247  -99.215  -24.748 0.0000000000
74  20.950  -98.957  -26.216 0.0000000000
246  20.460  -98.113  -27.703 0.0000000000
247  19.661  -98.311  -27.634 0.0000000000
255  19.228  -97.949  -28.207 0.0000000000
141177  18.431  -98.008  -28.255 0.0000000000
412  17.786  -97.953  -22.888 0.0000000000
137410  17.668  -99.032  -22.765 0.0000000000
59  17.464  -99.317  -24.088 0.0000000000
220  16.035  -98.495  -23.561 0.0000000000
60  16.647  -99.163  -23.889 0.0000000000
68  17.660  -99.330  -25.017 0.0000000000
136370  18.132  -99.187  -26.572 0.0000000000
249  17.911  -98.440  -27.649 0.0000000000
256  17.692  -97.952  -28.479 0.0000000000
257  16.378  -98.280  -28.755 0.0000000000
152716  15.659  -98.340  -29.244 0.0000000000
96  14.104  -99.016  -28.046 0.0000000000
4072  15.306  -88.206  -25.429 0.0000000000
153614  14.935  -89.251  -26.331 0.0000000000
149960  14.617  -90.683  -26.077 0.0000000000
3513  13.437  -89.375  -26.210 0.0000000000
141366  13.574  -90.679  -26.240 0.0000000000
2026  14.273  -92.011  -25.533 0.0000000000
1611  13.675  -93.425  -25.544 0.0000000000
981  12.745  -95.288  -25.952 0.0000000000
141797  12.415  -91.147  -23.548 0.0000000000
148709  11.591  -91.390  -24.993 0.0000000000
157841  11.400  -91.868  -26.239 0.0000000000
1612  10.947  -93.271  -25.610 0.0000000000
2029  11.123  -92.969  -26.819 0.0000000000
1634  12.164  -93.167  -27.325 0.0000000000
986  12.287  -94.726  -26.928 0.0000000000
982  11.971  -95.715  -26.390 0.0000000000
707  11.729  -96.654  -25.893 0.0000000000
432  11.104  -97.689  -26.093 0.0000000000
3361  11.873  -89.315  -14.428 0.0000000000
2820  11.580  -90.222  -14.476 0.0000000000
3332  11.196  -89.561  -12.600 0.0000000000
2821  11.112  -90.503  -13.834 0.0000000000
2370  11.074  -91.168  -14.602 0.0000000000
148840  10.707  -92.126  -15.009 0.0000000000
1503  10.426  -92.988  -15.296 0.0000000000
1180  10.390  -94.722  -15.665 0.0000000000
6433  10.545  -84.681  -9.513 0.0000000000
6452  10.874  -84.004  -9.944 0.0000000000
3863  12.183  -88.465  -8.213 0.0000000000
4438  7.076  -87.797  -6.672 0.0000000000
4437  7.973  -88.218  -6.983 0.0000000000
3851  9.007  -88.586  -7.328 0.0000000000
2269  8.036  -90.979  -7.613 0.0000000000
3277  9.098  -90.162  -7.302 0.0000000000
148902  9.668  -89.436  -7.424 0.0000000000
3276  10.612  -89.342  -7.684 0.0000000000
2739  11.016  -89.816  -7.975 0.0000000000
3289  11.601  -89.381  -8.432 0.0000000000
2762  10.930  -90.186  -9.490 0.0000000000
2312  9.995  -91.817  -10.513 0.0000000000
156474  10.172  -92.891  -11.882 0.0000000000
1484  10.142  -93.870  -11.205 0.0000000000
159081  10.214  -93.762  -12.126 0.0000000000
1493  10.216  -93.049  -12.884 0.0000000000
1497  10.244  -93.722  -13.815 0.0000000000
1172  10.302  -94.597  -14.600 0.0000000000
891  10.426  -95.461  -16.157 0.0000000000
624  10.283  -96.169  -16.483 0.0000000000
651  8.941  -96.361  -18.352 0.0000000000
914  8.186  -95.782  -18.933 0.0000000000
892  7.852  -95.718  -16.685 0.0000000000
915  7.444  -95.105  -18.530 0.0000000000
927  7.416  -95.034  -19.330 0.0000000000
1518  7.375  -93.612  -15.655 0.0000000000
16873  5.160  -72.147  -3.018 0.0000000000
17798  4.702  -72.125  -3.859 0.0000000000
17797  5.009  -71.477  -3.803 0.0000000000
148170  4.292  -71.995  -4.341 0.0000000000
16896  3.982  -72.209  -5.366 0.0000000000
138356  4.250  -71.923  -6.504 0.0000000000
17839  4.715  -71.590  -7.497 0.0000000000
19781  3.799  -69.050  -5.649 0.0000000000
18786  4.399  -70.842  -7.059 0.0000000000
17847  4.877  -71.062  -8.076 0.0000000000
17846  5.459  -71.616  -8.796 0.0000000000
16938  5.693  -72.306  -10.160 0.0000000000
158958  4.901  -72.315  -10.479 0.0000000000
160555  5.641  -66.747  -6.473 0.0000000000
22686  4.192  -66.679  -6.758 0.0000000000
139479  3.574  -67.548  -8.029 0.0000000000
22721  3.401  -66.366  -8.558 0.0000000000
20734  3.584  -68.116  -8.847 0.0000000000
19794  3.845  -68.844  -8.855 0.0000000000
18802  3.808  -69.963  -9.883 0.0000000000
16940  4.263  -71.933  -10.644 0.0000000000
15991  4.212  -72.682  -10.961 0.0000000000
15082  3.660  -74.146  -12.643 0.0000000000
25813  12.660  -63.630  -9.006 0.0000000000
25814  11.723  -63.459  -8.733 0.0000000000
25816  9.842  -62.939  -8.521 0.0000000000
27771  10.206  -61.585  -8.841 0.0000000000
27772  9.636  -61.815  -8.828 0.0000000000
26819  8.276  -62.891  -8.987 0.0000000000
25851  7.017  -62.702  -10.136 0.0000000000
22792  21.723  -66.481  -14.038 0.0000000000
23829  21.893  -66.380  -14.672 0.0000000000
22790  22.730  -66.292  -14.565 0.0000000000
23845  22.248  -66.149  -15.386 0.0000000000
23844  22.998  -66.187  -15.495 0.0000000000
23853  23.556  -65.673  -16.266 0.0000000000
24902  24.217  -65.197  -16.916 0.0000000000
25909  24.181  -64.450  -15.199 0.0000000000
24892  24.780  -64.977  -16.223 0.0000000000
24925  24.891  -64.550  -17.238 0.0000000000
25943  25.361  -63.909  -17.337 0.0000000000
26933  25.296  -63.325  -18.219 0.0000000000
151869  22.245  -59.718  -13.611 0.0000000000
31929  22.620  -57.299  -14.338 0.0000000000
29853  22.632  -59.158  -14.019 0.0000000000
28834  23.030  -60.808  -14.608 0.0000000000
155867  23.713  -61.939  -15.084 0.0000000000
27867  24.787  -61.343  -16.377 0.0000000000
26908  24.933  -62.308  -16.298 0.0000000000
26907  25.468  -63.132  -16.680 0.0000000000
26932  25.559  -63.246  -17.506 0.0000000000
26947  26.674  -62.590  -18.425 0.0000000000
29896  26.428  -59.625  -18.787 0.0000000000
139326  27.023  -60.345  -18.933 0.0000000000
29912  29.177  -60.024  -18.705 0.0000000000
28899  28.837  -60.956  -18.883 0.0000000000
36146  27.920  -53.227  -19.752 0.0000000000
34130  29.521  -55.554  -17.882 0.0000000000
148695  29.796  -54.577  -17.970 0.0000000000
35131  29.886  -54.056  -18.575 0.0000000000
36129  28.699  -53.329  -17.338 0.0000000000
36128  29.209  -53.213  -17.703 0.0000000000
152823  29.489  -53.689  -19.139 0.0000000000
36144  29.157  -53.026  -18.879 0.0000000000
37215  28.561  -52.564  -19.115 0.0000000000
38179  27.979  -52.012  -19.286 0.0000000000
39048  27.121  -50.045  -17.305 0.0000000000
39036  26.602  -50.480  -16.820 0.0000000000
39950  26.282  -49.800  -17.078 0.0000000000
38166  22.833  -52.093  -16.987 0.0000000000
191  17.955  -98.637  -19.266 0.0000000000
180  18.901  -98.878  -18.916 0.0000000000
30  20.322  -98.980  -18.518 0.0000000000
658  19.622  -96.505  -19.707 0.0000000000
178  20.657  -98.725  -18.831 0.0000000000
172  20.777  -98.893  -17.440 0.0000000000
164  21.362  -98.596  -16.802 0.0000000000
1562  25.805  -93.043  -21.544 0.0000000000
1230  25.430  -94.307  -20.291 0.0000000000
4051  22.214  -88.752  -24.117 0.0000000000
2932  23.283  -90.029  -24.362 0.0000000000
1993  23.551  -92.209  -23.476 0.0000000000
1586  22.186  -93.023  -22.872 0.0000000000
1585  23.185  -92.940  -23.035 0.0000000000
1979  24.081  -92.707  -23.103 0.0000000000
1253  24.225  -93.772  -22.117 0.0000000000
1231  24.760  -94.613  -20.717 0.0000000000
929  24.975  -95.120  -19.933 0.0000000000
655  24.554  -97.333  -19.264 0.0000000000
387  24.410  -98.062  -19.229 0.0000000000
163796  25.120  -98.234  -19.895 0.0000000000
144597  23.270  -98.269  -20.470 0.0000000000
198  23.917  -98.401  -20.424 0.0000000000
202  25.259  -98.390  -21.557 0.0000000000
211  24.755  -98.477  -22.254 0.0000000000
218  24.319  -98.481  -23.530 0.0000000000
223  25.133  -98.368  -23.807 0.0000000000
3450  34.583  -90.085  -22.201 0.0000000000
2894  35.333  -90.263  -21.699 0.0000000000
1570  31.264  -93.453  -22.676 0.0000000000
1571  30.312  -93.477  -22.802 0.0000000000
1250  30.471  -94.640  -22.331 0.0000000000
1572  29.553  -93.613  -23.175 0.0000000000
1251  29.976  -94.915  -23.132 0.0000000000
691  29.269  -96.231  -23.282 0.0000000000
693  28.026  -96.957  -23.492 0.0000000000
143168  28.126  -97.277  -21.168 0.0000000000
687  27.891  -97.183  -22.777 0.0000000000
140698  27.401  -97.365  -23.956 0.0000000000
414  26.687  -97.783  -23.892 0.0000000000
415  25.867  -98.069  -24.192 0.0000000000
441  23.226  -97.165  -27.241 0.0000000000
153518  22.931  -95.744  -27.337 0.0000000000
1307  22.661  -94.913  -27.332 0.0000000000
999  20.614  -95.166  -27.767 0.0000000000
1308  21.802  -94.281  -27.516 0.0000000000
136429  22.033  -93.258  -27.598 0.0000000000
142419  21.505  -92.492  -27.969 0.0000000000
2507  21.513  -90.920  -28.807 0.0000000000
2515  21.729  -90.903  -29.483 0.0000000000
1330  17.107  -94.312  -29.682 0.0000000000
2518  19.209  -91.669  -30.003 0.0000000000
2531  19.771  -91.540  -30.125 0.0000000000
2074  20.960  -91.842  -30.345 0.0000000000
2061  22.173  -91.823  -30.034 0.0000000000
1652  22.647  -92.855  -29.876 0.0000000000
138577  23.267  -94.078  -29.664 0.0000000000
1014  24.027  -95.948  -29.339 0.0000000000
1016  22.239  -96.211  -29.460 0.0000000000
148280  23.461  -96.818  -29.244 0.0000000000
732  24.398  -96.836  -29.330 0.0000000000
459  24.796  -97.267  -30.433 0.0000000000
474  24.851  -97.169  -31.540 0.0000000000
487  25.123  -97.159  -32.548 0.0000000000
143590  24.018  -96.222  -33.359 0.0000000000
763  24.706  -96.348  -33.820 0.0000000000
784  25.422  -93.045  -33.727 0.0000000000
783  25.859  -92.381  -34.788 0.0000000000
135895  25.566  -91.953  -36.137 0.0000000000
154099  24.949  -90.855  -36.678 0.0000000000
1414  25.151  -93.883  -40.641 0.0000000000
1765  24.939  -93.078  -41.946 0.0000000000
1766  23.423  -92.826  -41.135 0.0000000000
2182  24.003  -92.688  -42.182 0.0000000000
2181  25.247  -92.408  -42.250 0.0000000000
2628  24.750  -91.418  -43.399 0.0000000000
3086  24.995  -90.294  -44.480 0.0000000000
3098  25.449  -89.763  -45.046 0.0000000000
3100  23.467  -89.313  -44.917 0.0000000000
3643  24.606  -89.078  -45.405 0.0000000000
3642  25.576  -88.995  -45.467 0.0000000000
4243  25.678  -87.746  -46.247 0.0000000000
5469  26.464  -86.690  -46.499 0.0000000000
6163  26.531  -85.402  -47.297 0.0000000000
5430  11.707  -86.140  -41.337 0.0000000000
6111  12.610  -86.001  -40.236 0.0000000000
135828  20.237  -88.729  -44.804 0.0000000000
4864  17.474  -86.248  -48.025 0.0000000000
6155  19.438  -85.303  -46.789 0.0000000000
4863  18.578  -85.971  -47.936 0.0000000000
4855  18.039  -86.776  -46.617 0.0000000000
4249  19.448  -87.501  -45.766 0.0000000000
135794  20.226  -88.009  -45.459 0.0000000000
134252  21.232  -87.945  -44.717 0.0000000000
4247  24.222  -85.442  -42.926 0.0000000000
134253  24.350  -85.224  -43.843 0.0000000000
135392  24.354  -85.736  -44.822 0.0000000000
4862  23.618  -86.678  -46.465 0.0000000000
5477  23.690  -86.062  -47.081 0.0000000000
6164  25.593  -85.568  -47.395 0.0000000000
6852  26.769  -84.458  -47.860 0.0000000000
8256  26.079  -82.519  -46.525 0.0000000000
8216  25.119  -82.615  -42.018 0.0000000000
137866  25.936  -82.620  -42.063 0.0000000000
7435  20.471  -83.531  -36.560 0.0000000000
7418  21.662  -83.086  -35.798 0.0000000000
7417  22.201  -82.669  -35.552 0.0000000000
8927  21.983  -81.736  -35.396 0.0000000000
8926  22.812  -81.619  -35.344 0.0000000000
8138  23.533  -82.348  -35.563 0.0000000000
149343  5.637  -72.788  -22.134 0.0000000000
15204  5.620  -74.392  -22.469 0.0000000000
14324  5.658  -75.069  -23.012 0.0000000000
14340  6.665  -74.567  -24.237 0.0000000000
147137  5.987  -75.944  -23.331 0.0000000000
13331  5.649  -76.679  -22.780 0.0000000000
12404  5.841  -77.511  -23.124 0.0000000000
11496  5.850  -78.595  -23.241 0.0000000000
10554  6.476  -79.331  -24.254 0.0000000000
14321  10.950  -75.444  -24.076 0.0000000000
12399  10.565  -77.147  -24.176 0.0000000000
12415  10.489  -77.784  -24.436 0.0000000000
13398  10.779  -76.508  -26.724 0.0000000000
12430  10.052  -78.065  -25.585 0.0000000000
11522  9.586  -78.447  -24.734 0.0000000000
11523  8.615  -78.580  -24.730 0.0000000000
11525  6.957  -78.868  -24.876 0.0000000000
10569  6.647  -79.449  -25.219 0.0000000000
22021  7.549  -67.651  -33.479 0.0000000000
146067  8.968  -69.439  -26.394 0.0000000000
145253  8.733  -69.007  -27.857 0.0000000000
20062  8.838  -69.336  -29.857 0.0000000000
147774  9.586  -71.318  -29.859 0.0000000000
140797  9.278  -69.831  -30.688 0.0000000000
20074  9.336  -69.114  -31.568 0.0000000000
20083  9.657  -68.959  -32.638 0.0000000000
20098  10.006  -68.993  -33.702 0.0000000000
20124  10.403  -69.094  -36.275 0.0000000000
142390  11.100  -70.077  -35.871 0.0000000000
19142  11.389  -70.548  -36.390 0.0000000000
18180  12.166  -71.773  -37.508 0.0000000000
18124  12.465  -72.124  -34.809 0.0000000000
17225  12.450  -71.998  -36.423 0.0000000000
17255  12.476  -72.378  -37.860 0.0000000000
16317  13.308  -73.699  -38.387 0.0000000000
15362  13.726  -74.326  -38.589 0.0000000000
15361  14.175  -74.901  -38.880 0.0000000000
144654  9.092  -63.242  -29.992 0.0000000000
26092  8.692  -64.307  -30.649 0.0000000000
24074  8.952  -64.860  -31.575 0.0000000000
26108  9.806  -64.037  -32.531 0.0000000000
24094  9.522  -64.768  -32.242 0.0000000000
24052  10.105  -66.140  -30.878 0.0000000000
150891  10.966  -66.145  -30.624 0.0000000000
161329  12.149  -66.204  -29.433 0.0000000000
24013  12.940  -65.968  -28.999 0.0000000000
24071  13.762  -65.228  -31.689 0.0000000000
149366  13.947  -65.348  -30.746 0.0000000000
138307  13.872  -65.612  -28.929 0.0000000000
23994  14.281  -66.000  -27.460 0.0000000000
22955  15.516  -66.171  -27.046 0.0000000000
22954  16.167  -66.425  -27.137 0.0000000000
20928  16.777  -68.148  -26.304 0.0000000000
22978  17.392  -66.778  -28.130 0.0000000000
21907  17.621  -67.298  -27.573 0.0000000000
20927  17.663  -68.566  -26.403 0.0000000000
19980  18.775  -69.526  -26.164 0.0000000000
18986  19.332  -70.418  -26.635 0.0000000000
19005  19.008  -70.839  -27.555 0.0000000000
23018  21.453  -66.382  -30.524 0.0000000000
21951  21.665  -67.424  -30.004 0.0000000000
20008  21.275  -68.514  -28.955 0.0000000000
20986  20.681  -68.760  -31.543 0.0000000000
155053  21.254  -68.948  -30.067 0.0000000000
20009  20.823  -69.222  -28.533 0.0000000000
19027  20.241  -69.832  -28.699 0.0000000000
19016  18.999  -70.556  -28.323 0.0000000000
19006  18.330  -70.872  -27.905 0.0000000000
20010  17.023  -69.767  -28.724 0.0000000000
20036  15.757  -68.822  -29.125 0.0000000000
20059  15.514  -68.518  -29.914 0.0000000000
21012  15.696  -68.013  -32.223 0.0000000000
159951  15.185  -68.011  -31.307 0.0000000000
20972  13.943  -68.047  -30.202 0.0000000000
20992  12.334  -68.053  -31.199 0.0000000000
21015  11.496  -68.677  -32.181 0.0000000000
151158  11.681  -69.595  -32.217 0.0000000000
153458  15.615  -65.989  -36.136 0.0000000000
23098  13.886  -65.796  -36.175 0.0000000000
23077  12.626  -66.593  -35.323 0.0000000000
22071  12.751  -66.746  -36.748 0.0000000000
22059  12.498  -66.986  -35.828 0.0000000000
22041  12.194  -67.268  -34.886 0.0000000000
20109  12.009  -68.911  -34.080 0.0000000000
20095  12.564  -69.787  -33.597 0.0000000000
19072  13.539  -71.047  -32.067 0.0000000000
19071  14.464  -71.571  -32.046 0.0000000000
17157  15.236  -72.233  -32.286 0.0000000000
16242  15.187  -73.507  -33.932 0.0000000000
16228  17.250  -72.899  -33.701 0.0000000000
15296  16.469  -74.307  -34.321 0.0000000000
140234  15.574  -74.503  -35.192 0.0000000000
15327  15.279  -74.863  -35.988 0.0000000000
14430  15.241  -75.754  -37.692 0.0000000000
14442  15.189  -75.885  -38.575 0.0000000000
13531  15.823  -76.339  -38.787 0.0000000000
13542  16.560  -76.756  -38.987 0.0000000000
12574  17.971  -77.423  -38.330 0.0000000000
12547  19.073  -77.093  -36.993 0.0000000000
12573  18.934  -77.536  -38.380 0.0000000000
12590  19.189  -77.571  -39.349 0.0000000000
12589  20.151  -77.343  -39.545 0.0000000000
149976  20.945  -76.968  -41.143 0.0000000000
145669  20.735  -77.042  -42.733 0.0000000000
15373  18.198  -74.867  -39.887 0.0000000000
15389  18.007  -74.542  -40.902 0.0000000000
14469  18.895  -75.098  -40.282 0.0000000000
14485  20.018  -75.573  -41.171 0.0000000000
14497  19.939  -75.660  -42.214 0.0000000000
13609  19.348  -76.375  -44.344 0.0000000000
13628  18.640  -76.469  -45.532 0.0000000000
14538  18.594  -75.616  -45.893 0.0000000000
14537  19.246  -75.378  -46.328 0.0000000000
15476  20.083  -74.598  -46.049 0.0000000000
22  20.871  -98.951  -18.252 0.0000000000
23  20.242  -99.056  -17.876 0.0000000000
31  19.585  -99.024  -18.305 0.0000000000
34  23.258  -98.815  -21.653 0.0000000000
35  21.893  -99.142  -21.932 0.0000000000
38  19.165  -99.072  -22.188 0.0000000000
39  23.147  -98.892  -22.468 0.0000000000
40  22.371  -99.046  -22.652 0.0000000000
41  20.290  -99.318  -22.774 0.0000000000
43  18.589  -99.134  -22.636 0.0000000000
45  22.932  -98.812  -23.289 0.0000000000
47  21.242  -99.298  -23.978 0.0000000000
48  20.545  -99.357  -23.541 0.0000000000
51  17.168  -99.158  -23.260 0.0000000000
52  16.569  -98.873  -23.319 0.0000000000
53  15.884  -98.986  -23.779 0.0000000000
54  15.373  -98.929  -24.408 0.0000000000
57  19.097  -99.512  -24.749 0.0000000000
62  14.415  -98.618  -25.193 0.0000000000
64  21.145  -99.145  -25.499 0.0000000000
65  20.439  -99.224  -25.715 0.0000000000
67  18.480  -99.398  -25.280 0.0000000000
69  16.839  -99.203  -24.735 0.0000000000
70  15.440  -99.055  -25.663 0.0000000000
72  13.848  -98.540  -25.562 0.0000000000
76  19.356  -99.240  -26.233 0.0000000000
78  17.863  -99.255  -25.856 0.0000000000
81  14.636  -99.016  -26.634 0.0000000000
82  13.850  -98.984  -26.523 0.0000000000
83  12.937  -98.596  -26.700 0.0000000000
84  20.085  -98.589  -27.124 0.0000000000
87  17.781  -99.068  -27.153 0.0000000000
88  16.351  -98.945  -27.020 0.0000000000
89  15.083  -99.020  -27.112 0.0000000000
92  12.731  -98.435  -27.545 0.0000000000
93  17.095  -98.284  -28.132 0.0000000000
97  13.310  -98.577  -28.172 0.0000000000
155  21.772  -98.486  -15.742 0.0000000000
163  22.336  -98.436  -16.763 0.0000000000
170  22.838  -98.275  -17.563 0.0000000000
171  21.517  -98.669  -17.847 0.0000000000
179  19.858  -98.898  -18.993 0.0000000000
181  17.299  -98.709  -18.721 0.0000000000
187  25.048  -98.189  -19.330 0.0000000000
188  24.461  -98.264  -19.767 0.0000000000
189  20.250  -98.366  -19.299 0.0000000000
197  24.682  -98.356  -20.593 0.0000000000
201  26.136  -98.296  -21.263 0.0000000000
203  24.135  -98.561  -21.371 0.0000000000
204  23.309  -98.645  -20.984 0.0000000000
205  22.496  -98.848  -21.381 0.0000000000
207  20.551  -99.032  -21.649 0.0000000000
208  19.760  -99.073  -21.840 0.0000000000
209  26.245  -98.191  -22.031 0.0000000000
215  17.316  -98.761  -22.823 0.0000000000
216  16.670  -98.658  -23.141 0.0000000000
217  25.758  -98.194  -23.279 0.0000000000
222  14.268  -98.128  -24.048 0.0000000000
224  24.318  -98.371  -24.376 0.0000000000
228  13.879  -98.245  -24.744 0.0000000000
233  12.315  -97.951  -25.278 0.0000000000
234  11.539  -97.917  -25.873 0.0000000000
235  10.967  -97.897  -26.285 0.0000000000
236  23.971  -97.917  -26.065 0.0000000000
238  21.582  -98.356  -26.496 0.0000000000
239  20.745  -98.519  -26.868 0.0000000000
240  12.227  -98.251  -25.978 0.0000000000
244  22.055  -98.015  -27.100 0.0000000000
248  18.861  -98.419  -27.634 0.0000000000
251  11.149  -98.179  -27.176 0.0000000000
254  19.895  -97.976  -28.161 0.0000000000
261  11.690  -98.107  -28.502 0.0000000000
264  17.054  -98.018  -29.166 0.0000000000
265  16.371  -98.083  -29.819 0.0000000000
370  27.017  -97.185  -17.663 0.0000000000
371  26.265  -97.253  -17.882 0.0000000000
377  27.428  -97.294  -18.663 0.0000000000
379  25.865  -97.276  -18.220 0.0000000000
381  21.106  -98.208  -19.086 0.0000000000
384  27.330  -97.432  -19.673 0.0000000000
385  26.579  -97.695  -19.804 0.0000000000
390  19.709  -97.538  -19.636 0.0000000000
392  17.141  -97.609  -20.230 0.0000000000
393  16.210  -97.689  -20.006 0.0000000000
394  15.637  -97.469  -19.599 0.0000000000
396  27.243  -97.581  -20.638 0.0000000000
397  22.658  -98.193  -20.677 0.0000000000
400  28.670  -96.774  -21.646 0.0000000000
403  21.869  -97.611  -21.057 0.0000000000
405  20.591  -98.185  -21.634 0.0000000000
408  26.693  -97.957  -22.829 0.0000000000
409  20.115  -97.277  -21.886 0.0000000000
410  19.397  -97.633  -22.285 0.0000000000
411  18.630  -97.839  -22.642 0.0000000000
416  18.155  -96.862  -23.034 0.0000000000
417  17.186  -97.173  -23.184 0.0000000000
420  13.995  -97.680  -23.911 0.0000000000
423  25.267  -98.115  -24.916 0.0000000000
424  13.342  -97.293  -24.411 0.0000000000
425  12.512  -97.452  -24.986 0.0000000000
426  12.181  -96.948  -25.307 0.0000000000
428  26.781  -97.497  -25.614 0.0000000000
429  25.914  -97.675  -25.725 0.0000000000
437  22.800  -97.652  -26.845 0.0000000000
438  10.587  -97.629  -26.697 0.0000000000
439  25.090  -97.083  -27.239 0.0000000000
440  24.105  -97.112  -27.205 0.0000000000
442  22.424  -97.327  -27.322 0.0000000000
444  20.348  -97.525  -28.054 0.0000000000
447  17.390  -97.377  -29.071 0.0000000000
449  25.474  -97.165  -29.933 0.0000000000
450  24.703  -97.199  -29.722 0.0000000000
453  22.045  -97.224  -29.492 0.0000000000
457  26.210  -97.033  -30.280 0.0000000000
460  23.958  -97.366  -30.130 0.0000000000
473  26.357  -97.056  -30.947 0.0000000000
486  26.100  -97.092  -32.710 0.0000000000
499  24.408  -96.882  -33.240 0.0000000000
606  9.841  -96.179  -13.915 0.0000000000
611  10.110  -96.199  -14.695 0.0000000000
612  9.680  -96.296  -14.645 0.0000000000
625  9.794  -96.498  -16.655 0.0000000000
626  8.869  -96.354  -16.692 0.0000000000
632  23.024  -96.831  -17.932 0.0000000000
635  10.699  -96.054  -17.883 0.0000000000
636  10.320  -96.291  -17.441 0.0000000000
637  9.563  -96.544  -17.608 0.0000000000
644  22.392  -97.283  -18.329 0.0000000000
646  20.841  -96.705  -19.103 0.0000000000
648  10.609  -96.080  -18.554 0.0000000000
654  25.139  -96.773  -18.820 0.0000000000
656  23.985  -97.800  -19.439 0.0000000000
657  20.223  -96.791  -19.437 0.0000000000
662  10.768  -95.755  -19.165 0.0000000000
664  10.093  -96.422  -19.290 0.0000000000
665  9.196  -96.395  -19.316 0.0000000000
666  29.494  -96.321  -20.653 0.0000000000
667  28.755  -96.674  -20.679 0.0000000000
670  22.718  -97.369  -20.609 0.0000000000
671  17.949  -96.204  -20.580 0.0000000000
674  10.915  -95.755  -20.492 0.0000000000
675  10.470  -96.153  -20.097 0.0000000000
682  11.138  -95.490  -21.243 0.0000000000
683  10.634  -96.086  -21.010 0.0000000000
685  29.176  -96.417  -22.620 0.0000000000
686  28.564  -96.785  -22.562 0.0000000000
692  28.786  -96.574  -23.363 0.0000000000
702  14.211  -96.053  -23.811 0.0000000000
705  29.107  -96.161  -25.918 0.0000000000
706  12.373  -96.172  -25.546 0.0000000000
708  11.002  -97.187  -26.195 0.0000000000
712  26.072  -97.102  -27.107 0.0000000000
714  10.426  -96.935  -26.951 0.0000000000
716  28.360  -96.281  -27.269 0.0000000000
717  26.640  -96.505  -27.325 0.0000000000
720  22.725  -96.526  -27.445 0.0000000000
722  20.957  -96.858  -27.787 0.0000000000
727  18.570  -96.464  -28.382 0.0000000000
731  25.256  -96.836  -29.506 0.0000000000
733  22.576  -96.842  -29.254 0.0000000000
738  28.037  -96.024  -30.936 0.0000000000
739  27.502  -96.050  -30.535 0.0000000000
746  28.049  -96.162  -31.418 0.0000000000
753  28.258  -96.155  -32.074 0.0000000000
754  27.559  -96.327  -31.952 0.0000000000
755  27.015  -96.651  -32.669 0.0000000000
771  27.933  -96.138  -34.853 0.0000000000
782  26.119  -96.109  -35.747 0.0000000000
856  9.437  -95.025  -11.134 0.0000000000
857  8.568  -95.128  -11.401 0.0000000000
864  9.792  -95.446  -12.485 0.0000000000
876  7.872  -95.493  -14.203 0.0000000000
880  10.332  -95.535  -15.108 0.0000000000
882  7.434  -95.242  -15.776 0.0000000000
901  10.699  -95.468  -17.701 0.0000000000
902  10.649  -95.817  -17.098 0.0000000000
903  8.069  -95.742  -18.214 0.0000000000
904  7.475  -95.219  -17.610 0.0000000000
908  25.718  -96.198  -18.496 0.0000000000
910  21.520  -95.678  -18.563 0.0000000000
911  20.830  -95.269  -18.834 0.0000000000
919  25.325  -95.719  -19.235 0.0000000000
920  24.705  -96.173  -19.591 0.0000000000
925  11.505  -94.704  -20.529 0.0000000000
926  10.941  -95.123  -19.905 0.0000000000
931  23.065  -96.321  -20.664 0.0000000000
934  16.952  -95.919  -20.841 0.0000000000
935  16.188  -95.345  -20.768 0.0000000000
937  11.669  -94.993  -21.093 0.0000000000
939  9.182  -96.256  -20.986 0.0000000000
940  8.243  -95.736  -20.584 0.0000000000
952  29.606  -95.864  -22.782 0.0000000000
954  20.398  -95.616  -22.203 0.0000000000
955  19.672  -95.878  -22.744 0.0000000000
956  11.081  -95.407  -22.174 0.0000000000
958  9.556  -95.771  -22.548 0.0000000000
960  29.585  -95.473  -23.640 0.0000000000
962  18.224  -95.959  -23.588 0.0000000000
963  17.028  -95.821  -23.934 0.0000000000
964  16.130  -95.899  -23.847 0.0000000000
965  15.136  -95.960  -23.754 0.0000000000
969  8.411  -94.941  -23.257 0.0000000000
973  17.431  -95.302  -24.348 0.0000000000
977  13.411  -94.974  -25.083 0.0000000000
978  12.954  -95.771  -25.034 0.0000000000
979  9.447  -95.302  -24.109 0.0000000000
980  8.772  -95.109  -24.027 0.0000000000
984  30.326  -95.212  -26.357 0.0000000000
989  30.999  -95.199  -28.297 0.0000000000
992  28.733  -95.788  -27.756 0.0000000000
995  24.212  -95.703  -27.215 0.0000000000
997  22.225  -95.757  -27.393 0.0000000000
998  21.292  -94.936  -27.580 0.0000000000
1000  19.810  -95.367  -28.091 0.0000000000
1004  30.276  -95.316  -28.491 0.0000000000
1012  26.405  -96.070  -29.683 0.0000000000
1015  22.996  -95.930  -29.441 0.0000000000
1018  17.404  -95.153  -29.391 0.0000000000
1043  29.648  -94.303  -33.828 0.0000000000
1044  29.631  -94.873  -33.417 0.0000000000
1048  29.556  -94.221  -34.424 0.0000000000
1056  27.775  -95.822  -36.063 0.0000000000
1063  26.772  -95.677  -36.700 0.0000000000
1064  25.545  -94.453  -36.757 0.0000000000
1070  29.016  -93.806  -36.665 0.0000000000
1071  28.654  -94.889  -37.035 0.0000000000
1074  24.960  -92.556  -37.117 0.0000000000
1092  24.221  -93.774  -38.853 0.0000000000
1143  9.895  -94.130  -10.555 0.0000000000
1144  9.397  -94.342  -10.558 0.0000000000
1146  7.823  -94.480  -10.783 0.0000000000
1151  9.931  -94.644  -11.136 0.0000000000
1159  10.263  -94.255  -12.773 0.0000000000
1160  7.171  -94.407  -12.172 0.0000000000
1168  7.190  -94.394  -13.471 0.0000000000
1169  6.974  -93.824  -13.802 0.0000000000
1173  7.079  -94.435  -15.228 0.0000000000
1182  6.985  -93.925  -15.456 0.0000000000
1190  10.764  -94.024  -17.232 0.0000000000
1191  6.941  -94.186  -16.606 0.0000000000
1212  11.145  -94.315  -18.975 0.0000000000
1213  10.786  -94.852  -18.403 0.0000000000
1218  25.554  -94.803  -19.461 0.0000000000
1233  18.610  -94.618  -20.400 0.0000000000
1234  17.757  -94.625  -21.201 0.0000000000
1239  30.845  -94.964  -21.279 0.0000000000
1240  25.261  -93.877  -21.141 0.0000000000
1241  24.526  -94.182  -21.476 0.0000000000
1242  23.762  -94.382  -21.708 0.0000000000
1243  22.972  -94.381  -21.924 0.0000000000
1244  16.650  -94.458  -21.563 0.0000000000
1246  12.053  -94.576  -21.584 0.0000000000
1248  7.972  -95.192  -21.884 0.0000000000
1262  19.127  -94.361  -24.294 0.0000000000
1264  10.618  -95.208  -23.586 0.0000000000
1266  29.723  -94.950  -24.540 0.0000000000
1268  18.486  -94.634  -24.511 0.0000000000
1269  17.822  -94.762  -24.674 0.0000000000
1272  15.091  -94.613  -24.369 0.0000000000
1273  14.086  -94.602  -24.377 0.0000000000
1274  11.119  -94.778  -23.863 0.0000000000
1279  30.853  -94.510  -26.081 0.0000000000
1280  29.657  -94.231  -25.332 0.0000000000
1281  17.485  -94.206  -25.073 0.0000000000
1282  16.588  -94.160  -25.062 0.0000000000
1287  8.835  -95.148  -25.786 0.0000000000
1289  32.178  -94.400  -27.349 0.0000000000
1290  31.964  -94.329  -26.327 0.0000000000
1292  25.850  -93.672  -26.956 0.0000000000
1293  25.489  -94.309  -26.884 0.0000000000
1294  24.877  -94.523  -26.885 0.0000000000
1296  11.332  -94.531  -27.343 0.0000000000
1301  31.686  -94.592  -28.058 0.0000000000
1306  23.511  -94.376  -27.188 0.0000000000
1309  20.874  -94.358  -27.758 0.0000000000
1311  12.068  -94.009  -27.345 0.0000000000
1316  30.867  -95.114  -29.055 0.0000000000
1318  28.092  -94.589  -28.280 0.0000000000
1319  19.341  -94.789  -28.309 0.0000000000
1327  23.943  -94.850  -29.540 0.0000000000
1337  27.610  -95.028  -30.715 0.0000000000
1338  26.825  -94.738  -30.297 0.0000000000
1339  26.103  -94.467  -29.849 0.0000000000
1341  21.399  -94.705  -30.052 0.0000000000
1354  29.441  -94.307  -32.797 0.0000000000
1355  29.127  -94.872  -31.934 0.0000000000
1361  29.919  -92.306  -34.184 0.0000000000
1370  29.138  -92.974  -36.079 0.0000000000
1389  29.309  -93.329  -37.475 0.0000000000
1390  29.102  -93.972  -38.217 0.0000000000
1395  28.707  -93.782  -39.118 0.0000000000
1405  26.562  -93.862  -40.321 0.0000000000
1406  25.594  -94.166  -40.179 0.0000000000
1415  24.294  -93.727  -40.123 0.0000000000
1459  9.338  -92.471  -8.787 0.0000000000
1461  8.556  -93.009  -8.940 0.0000000000
1468  8.941  -93.520  -9.273 0.0000000000
1470  7.880  -93.597  -9.581 0.0000000000
1477  10.001  -93.525  -10.290 0.0000000000
1486  6.703  -93.256  -12.041 0.0000000000
1494  6.752  -93.804  -12.316 0.0000000000
1507  10.323  -93.895  -15.470 0.0000000000
1508  7.359  -93.603  -14.966 0.0000000000
1526  11.144  -93.132  -17.499 0.0000000000
1546  20.676  -93.552  -19.296 0.0000000000
1552  25.919  -93.534  -20.667 0.0000000000
1555  15.914  -94.316  -20.426 0.0000000000
1560  32.103  -93.670  -22.011 0.0000000000
1563  18.426  -93.244  -21.453 0.0000000000
1564  17.695  -93.258  -22.146 0.0000000000
1574  24.592  -93.089  -22.556 0.0000000000
1575  23.763  -93.388  -22.621 0.0000000000
1578  15.579  -93.349  -21.789 0.0000000000
1588  20.416  -93.510  -23.299 0.0000000000
1590  11.774  -94.178  -23.508 0.0000000000
1592  33.048  -93.483  -24.770 0.0000000000
1594  28.997  -93.114  -24.476 0.0000000000
1603  29.994  -92.997  -25.674 0.0000000000
1613  10.557  -93.747  -26.534 0.0000000000
1620  12.724  -93.844  -27.043 0.0000000000
1624  33.053  -93.732  -27.636 0.0000000000
1625  26.995  -93.040  -27.531 0.0000000000
1629  23.575  -93.411  -27.211 0.0000000000
1641  27.671  -93.260  -28.045 0.0000000000
1649  29.561  -93.839  -29.621 0.0000000000
1663  30.143  -93.341  -30.201 0.0000000000
1674  32.074  -92.908  -30.861 0.0000000000
1675  28.341  -93.873  -31.865 0.0000000000
1676  27.510  -93.108  -31.357 0.0000000000
1689  29.824  -92.910  -33.932 0.0000000000
1706  30.391  -91.833  -36.250 0.0000000000
1721  30.243  -91.929  -37.489 0.0000000000
1723  29.462  -93.402  -38.455 0.0000000000
1732  27.925  -93.572  -39.965 0.0000000000
1739  28.177  -92.849  -40.415 0.0000000000
1742  26.103  -93.533  -40.775 0.0000000000
1752  27.470  -92.420  -40.409 0.0000000000
1764  25.727  -92.831  -41.676 0.0000000000
1823  8.665  -92.083  -8.252 0.0000000000
1824  8.278  -91.951  -8.382 0.0000000000
1833  9.049  -92.335  -8.400 0.0000000000
1843  9.716  -92.692  -9.320 0.0000000000
1844  7.788  -92.370  -8.950 0.0000000000
1890  7.232  -92.785  -13.640 0.0000000000
1901  10.899  -92.370  -15.804 0.0000000000
1902  8.189  -92.142  -15.632 0.0000000000
1937  12.325  -92.235  -18.836 0.0000000000
1958  20.250  -92.446  -19.978 0.0000000000
1959  19.312  -93.175  -20.201 0.0000000000
1961  12.812  -92.022  -20.085 0.0000000000
1968  15.258  -92.857  -21.452 0.0000000000
1970  12.835  -92.362  -21.690 0.0000000000
1975  29.629  -92.918  -23.318 0.0000000000
1977  25.811  -91.777  -22.605 0.0000000000
1988  30.479  -92.407  -24.180 0.0000000000
1989  29.664  -92.475  -23.900 0.0000000000
1992  24.780  -91.463  -23.529 0.0000000000
1994  22.595  -92.332  -23.362 0.0000000000
1995  21.582  -92.427  -23.318 0.0000000000
2000  33.817  -92.969  -24.599 0.0000000000
2002  29.886  -92.326  -24.699 0.0000000000
2003  29.302  -92.632  -24.595 0.0000000000
2005  20.277  -92.285  -24.306 0.0000000000
2006  19.602  -92.763  -24.886 0.0000000000
2010  33.975  -92.812  -25.612 0.0000000000
2011  29.715  -92.531  -25.158 0.0000000000
2013  19.227  -92.360  -25.452 0.0000000000
2014  18.602  -92.231  -25.828 0.0000000000
2015  14.916  -93.007  -25.154 0.0000000000
2016  13.994  -92.644  -25.249 0.0000000000
2018  11.102  -92.636  -26.286 0.0000000000
2023  17.016  -91.888  -26.217 0.0000000000
2028  11.563  -92.253  -26.818 0.0000000000
2035  25.059  -92.012  -27.184 0.0000000000
2038  21.977  -91.495  -28.190 0.0000000000
2039  20.667  -92.650  -28.251 0.0000000000
2040  13.220  -92.454  -26.777 0.0000000000
2041  12.677  -92.466  -27.101 0.0000000000
2042  11.995  -92.384  -27.208 0.0000000000
2043  10.910  -93.647  -27.104 0.0000000000
2050  20.194  -91.838  -28.725 0.0000000000
2051  19.445  -92.000  -28.981 0.0000000000
2062  19.354  -91.704  -29.553 0.0000000000
2073  21.561  -91.693  -30.165 0.0000000000
2075  20.151  -91.948  -30.466 0.0000000000
2086  27.047  -92.118  -30.986 0.0000000000
2096  29.190  -92.337  -33.248 0.0000000000
2097  28.761  -91.762  -32.791 0.0000000000
2106  29.932  -91.974  -33.700 0.0000000000
2139  30.726  -91.603  -36.866 0.0000000000
2147  31.260  -91.103  -38.015 0.0000000000
2155  30.295  -92.355  -39.313 0.0000000000
2156  29.684  -92.634  -39.740 0.0000000000
2167  25.955  -92.092  -41.056 0.0000000000
2178  26.412  -91.183  -39.605 0.0000000000
2179  25.880  -91.180  -40.809 0.0000000000
2194  24.487  -92.145  -42.969 0.0000000000
2195  23.131  -91.990  -42.687 0.0000000000
2196  22.624  -91.437  -42.118 0.0000000000
2274  9.843  -91.086  -8.072 0.0000000000
2276  8.351  -91.562  -7.953 0.0000000000
2277  7.929  -91.276  -7.977 0.0000000000
2291  7.492  -90.977  -8.308 0.0000000000
2301  9.931  -91.472  -8.928 0.0000000000
2326  10.156  -91.727  -11.600 0.0000000000
2343  7.649  -92.068  -13.448 0.0000000000
2371  10.525  -91.978  -14.195 0.0000000000
2378  11.245  -91.528  -15.500 0.0000000000
2399  12.175  -91.627  -17.381 0.0000000000
2409  13.244  -91.070  -19.114 0.0000000000
2421  12.849  -91.820  -19.248 0.0000000000
2431  19.750  -91.995  -20.459 0.0000000000
2432  15.812  -91.658  -20.488 0.0000000000
2441  19.247  -91.716  -21.228 0.0000000000
2442  18.665  -91.777  -22.185 0.0000000000
2445  12.825  -91.473  -21.875 0.0000000000
2453  15.798  -91.767  -23.152 0.0000000000
2454  15.188  -91.283  -22.785 0.0000000000
2457  35.523  -91.214  -23.102 0.0000000000
2458  35.169  -91.874  -23.651 0.0000000000
2459  25.246  -90.723  -23.502 0.0000000000
2460  24.635  -90.810  -23.844 0.0000000000
2461  24.004  -91.401  -23.864 0.0000000000
2464  16.471  -91.445  -23.533 0.0000000000
2465  12.084  -91.723  -24.207 0.0000000000
2467  35.559  -91.108  -23.975 0.0000000000
2469  23.418  -90.881  -24.152 0.0000000000
2470  22.532  -90.810  -24.169 0.0000000000
2471  21.628  -90.962  -24.139 0.0000000000
2473  11.645  -92.129  -24.740 0.0000000000
2475  35.585  -90.911  -24.771 0.0000000000
2483  19.026  -90.963  -26.230 0.0000000000
2484  18.314  -91.003  -26.452 0.0000000000
2485  17.543  -91.050  -26.521 0.0000000000
2487  15.078  -91.556  -25.869 0.0000000000
2488  13.986  -91.379  -25.776 0.0000000000
2490  12.361  -91.346  -26.814 0.0000000000
2491  11.824  -91.328  -26.552 0.0000000000
2494  26.708  -91.560  -27.790 0.0000000000
2495  26.107  -91.077  -27.805 0.0000000000
2496  25.380  -91.262  -27.552 0.0000000000
2497  24.162  -91.021  -27.726 0.0000000000
2499  22.800  -91.004  -28.228 0.0000000000
2500  12.382  -91.923  -27.048 0.0000000000
2504  28.068  -91.297  -29.041 0.0000000000
2505  27.323  -91.214  -28.450 0.0000000000
2512  25.201  -90.888  -29.320 0.0000000000
2513  24.147  -90.968  -29.358 0.0000000000
2514  23.182  -91.044  -29.503 0.0000000000
2516  20.911  -91.115  -29.563 0.0000000000
2517  20.019  -91.370  -29.696 0.0000000000
2524  29.904  -91.100  -30.810 0.0000000000
2526  27.464  -90.813  -30.805 0.0000000000
2528  21.792  -91.261  -29.904 0.0000000000
2529  21.215  -91.232  -29.969 0.0000000000
2530  20.463  -91.360  -30.077 0.0000000000
2535  28.594  -90.707  -31.668 0.0000000000
2536  28.003  -91.012  -31.624 0.0000000000
2543  29.647  -90.839  -32.590 0.0000000000
2550  30.074  -91.222  -33.163 0.0000000000
2589  32.349  -90.056  -37.342 0.0000000000
2598  31.804  -90.604  -37.712 0.0000000000
2605  30.868  -91.229  -40.120 0.0000000000
2607  29.172  -91.769  -40.368 0.0000000000
2611  28.165  -91.006  -40.109 0.0000000000
2618  25.783  -91.340  -41.926 0.0000000000
2627  25.822  -91.235  -43.244 0.0000000000
2640  24.894  -91.056  -44.075 0.0000000000
2642  22.905  -90.357  -43.434 0.0000000000
2731  8.399  -90.690  -7.373 0.0000000000
2732  7.716  -90.405  -7.364 0.0000000000
2733  7.255  -89.891  -7.434 0.0000000000
2734  6.849  -89.333  -7.474 0.0000000000
2741  9.194  -90.863  -7.653 0.0000000000
2742  8.536  -91.192  -7.686 0.0000000000
2744  6.805  -89.451  -7.884 0.0000000000
2752  11.018  -89.990  -8.631 0.0000000000
2754  7.141  -90.477  -8.586 0.0000000000
2765  6.671  -89.888  -9.158 0.0000000000
2776  7.677  -91.182  -10.564 0.0000000000
2783  10.478  -90.711  -11.798 0.0000000000
2785  7.071  -89.658  -11.002 0.0000000000
2791  10.766  -90.336  -12.524 0.0000000000
2792  8.088  -90.642  -12.165 0.0000000000
2802  11.434  -89.638  -13.821 0.0000000000
2803  11.029  -89.959  -13.202 0.0000000000
2841  12.406  -90.566  -16.493 0.0000000000
2842  11.889  -91.149  -16.074 0.0000000000
2853  13.269  -90.263  -17.718 0.0000000000
2869  13.279  -90.736  -18.460 0.0000000000
2888  20.678  -90.940  -20.954 0.0000000000
2897  20.864  -90.181  -21.380 0.0000000000
2898  19.740  -90.610  -21.443 0.0000000000
2900  16.228  -89.704  -20.800 0.0000000000
2906  35.557  -90.692  -22.307 0.0000000000
2907  35.237  -90.419  -22.791 0.0000000000
2911  19.374  -90.232  -22.132 0.0000000000
2918  35.225  -90.218  -23.815 0.0000000000
2919  25.619  -90.022  -23.215 0.0000000000
2923  15.641  -91.012  -23.439 0.0000000000
2925  12.398  -90.183  -23.760 0.0000000000
2931  24.030  -89.759  -24.139 0.0000000000
2935  20.661  -90.106  -24.979 0.0000000000
2936  12.096  -90.099  -24.598 0.0000000000
2937  11.769  -90.482  -25.331 0.0000000000
2941  19.995  -90.182  -25.597 0.0000000000
2942  19.360  -90.233  -26.111 0.0000000000
2943  11.849  -90.498  -26.134 0.0000000000
2948  17.033  -90.234  -26.650 0.0000000000
2949  16.137  -89.970  -26.613 0.0000000000
2950  15.226  -89.914  -26.395 0.0000000000
2951  14.199  -89.813  -26.189 0.0000000000
2952  13.139  -90.114  -26.431 0.0000000000
2956  26.175  -90.663  -28.447 0.0000000000
2958  24.220  -90.602  -28.228 0.0000000000
2962  26.824  -90.670  -28.816 0.0000000000
2964  24.781  -90.491  -28.583 0.0000000000
2965  23.879  -90.472  -28.772 0.0000000000
2966  22.902  -90.574  -28.840 0.0000000000
2967  22.006  -90.629  -29.033 0.0000000000
2968  21.370  -90.863  -29.153 0.0000000000
2972  26.951  -90.610  -29.489 0.0000000000
2973  25.804  -90.624  -29.241 0.0000000000
2982  30.022  -90.686  -31.557 0.0000000000
2984  28.405  -90.672  -30.624 0.0000000000
2986  26.933  -90.653  -30.087 0.0000000000
2987  26.241  -90.924  -29.701 0.0000000000
2990  30.763  -90.784  -31.848 0.0000000000
2991  29.306  -90.596  -31.896 0.0000000000
2996  30.066  -90.632  -32.120 0.0000000000
3060  30.191  -91.039  -40.374 0.0000000000
3073  27.403  -89.353  -42.458 0.0000000000
3076  23.783  -87.205  -40.603 0.0000000000
3084  26.809  -90.140  -43.978 0.0000000000
3099  24.170  -89.635  -45.027 0.0000000000
3101  24.678  -87.555  -42.923 0.0000000000
3271  6.529  -88.761  -7.140 0.0000000000
3272  6.292  -88.224  -7.499 0.0000000000
3278  8.841  -89.498  -7.144 0.0000000000
3290  6.432  -88.883  -8.226 0.0000000000
3305  6.146  -89.174  -9.748 0.0000000000
3306  6.129  -88.711  -9.208 0.0000000000
3322  11.533  -89.491  -11.307 0.0000000000
3325  6.337  -89.113  -11.444 0.0000000000
3326  5.744  -88.614  -10.990 0.0000000000
3395  13.815  -89.752  -17.956 0.0000000000
3430  17.033  -88.680  -20.072 0.0000000000
3432  14.364  -89.009  -19.966 0.0000000000
3447  12.917  -89.813  -21.601 0.0000000000
3459  20.429  -88.960  -22.392 0.0000000000
3461  19.030  -89.917  -22.993 0.0000000000
3462  15.419  -89.288  -23.280 0.0000000000
3463  13.030  -88.781  -21.903 0.0000000000
3472  24.232  -89.195  -23.686 0.0000000000
3477  15.752  -89.239  -23.913 0.0000000000
3478  12.615  -89.358  -23.413 0.0000000000
3485  22.714  -89.281  -24.309 0.0000000000
3488  19.927  -89.236  -24.967 0.0000000000
3489  18.173  -89.584  -24.364 0.0000000000
3490  17.247  -89.189  -24.664 0.0000000000
3500  18.730  -89.267  -25.999 0.0000000000
3502  11.971  -89.958  -25.842 0.0000000000
3514  12.688  -89.720  -26.253 0.0000000000
3515  12.179  -89.985  -26.157 0.0000000000
3610  31.098  -90.099  -40.306 0.0000000000
3631  26.470  -89.618  -44.450 0.0000000000
3640  26.951  -89.150  -44.885 0.0000000000
3655  23.906  -88.432  -45.759 0.0000000000
3820  6.134  -87.845  -6.757 0.0000000000
3834  8.029  -89.184  -6.962 0.0000000000
3835  6.998  -88.779  -6.831 0.0000000000
3836  6.312  -88.520  -6.987 0.0000000000
3838  6.007  -87.770  -7.564 0.0000000000
3849  11.498  -89.019  -7.877 0.0000000000
3850  10.058  -88.587  -7.568 0.0000000000
3852  6.119  -87.975  -8.375 0.0000000000
3862  12.816  -88.442  -8.702 0.0000000000
3864  6.095  -88.284  -8.967 0.0000000000
3875  5.940  -88.524  -9.715 0.0000000000
3888  5.667  -88.037  -10.071 0.0000000000
3908  5.706  -88.001  -12.472 0.0000000000
3917  11.665  -88.760  -13.850 0.0000000000
3931  12.114  -88.399  -14.423 0.0000000000
3942  12.790  -88.088  -15.060 0.0000000000
3961  16.538  -88.301  -17.302 0.0000000000
3972  17.191  -88.331  -18.877 0.0000000000
3984  15.372  -88.031  -19.772 0.0000000000
4004  15.658  -88.341  -21.829 0.0000000000
4016  22.250  -88.517  -22.869 0.0000000000
4017  20.801  -88.474  -23.109 0.0000000000
4018  19.993  -88.734  -23.085 0.0000000000
4035  19.592  -88.939  -23.772 0.0000000000
4039  12.756  -88.759  -23.792 0.0000000000
4052  21.372  -88.753  -24.143 0.0000000000
4053  20.533  -88.869  -24.273 0.0000000000
4054  18.088  -89.042  -24.932 0.0000000000
4055  17.184  -88.751  -25.090 0.0000000000
4056  16.368  -88.450  -25.047 0.0000000000
4057  15.644  -88.101  -24.613 0.0000000000
4058  13.237  -88.273  -24.672 0.0000000000
4059  12.760  -88.666  -24.528 0.0000000000
4068  19.122  -89.153  -25.343 0.0000000000
4070  17.555  -88.783  -25.687 0.0000000000
4085  17.961  -89.075  -26.158 0.0000000000
4086  17.134  -88.860  -26.236 0.0000000000
4087  16.153  -88.596  -26.149 0.0000000000
4088  15.158  -88.708  -26.133 0.0000000000
4089  13.554  -88.745  -25.858 0.0000000000
4090  12.909  -89.107  -26.030 0.0000000000
4227  28.205  -88.358  -44.055 0.0000000000
4228  27.591  -88.710  -44.330 0.0000000000
4233  25.581  -88.456  -45.988 0.0000000000
4235  24.176  -85.521  -42.607 0.0000000000
4244  24.367  -87.960  -46.124 0.0000000000
4246  24.697  -86.225  -44.180 0.0000000000
4248  22.216  -85.861  -44.207 0.0000000000
4250  18.544  -87.450  -45.748 0.0000000000
4422  5.717  -87.507  -6.852 0.0000000000
4423  5.370  -87.123  -6.664 0.0000000000
4439  6.418  -88.131  -6.691 0.0000000000
4441  5.321  -87.194  -7.105 0.0000000000
4456  8.718  -87.677  -7.485 0.0000000000
4472  9.998  -87.121  -8.118 0.0000000000
4474  5.945  -87.809  -8.398 0.0000000000
4584  15.165  -88.025  -17.355 0.0000000000
4598  16.774  -88.014  -18.549 0.0000000000
4599  16.289  -87.832  -18.641 0.0000000000
4601  14.918  -88.462  -18.035 0.0000000000
4615  16.294  -87.778  -19.411 0.0000000000
4625  15.391  -87.789  -20.465 0.0000000000
4626  14.718  -88.069  -20.441 0.0000000000
4637  15.453  -87.890  -21.978 0.0000000000
4638  15.012  -87.610  -21.237 0.0000000000
4651  15.186  -87.894  -22.908 0.0000000000
4652  14.980  -87.583  -22.185 0.0000000000
4663  13.974  -87.580  -23.563 0.0000000000
4671  15.124  -87.752  -24.098 0.0000000000
4680  15.046  -87.832  -24.657 0.0000000000
4681  14.466  -87.927  -24.956 0.0000000000
4851  26.593  -87.408  -46.193 0.0000000000
4860  25.424  -86.795  -46.829 0.0000000000
4861  24.156  -86.660  -46.690 0.0000000000
5047  6.948  -86.825  -6.525 0.0000000000
5048  5.917  -86.667  -6.163 0.0000000000
5050  4.938  -86.517  -6.645 0.0000000000
5064  8.440  -86.244  -7.605 0.0000000000
5083  5.541  -86.771  -8.487 0.0000000000
5084  5.229  -86.808  -7.781 0.0000000000
5102  5.981  -86.237  -10.157 0.0000000000
5135  4.927  -86.628  -12.456 0.0000000000
5429  12.587  -86.360  -41.055 0.0000000000
5446  13.113  -86.244  -42.447 0.0000000000
5470  19.316  -85.561  -47.217 0.0000000000
5474  27.221  -85.668  -46.924 0.0000000000
5475  26.744  -86.100  -46.930 0.0000000000
5478  23.195  -86.085  -46.690 0.0000000000
5479  18.656  -85.269  -48.534 0.0000000000
5484  17.555  -84.940  -49.168 0.0000000000
5485  16.931  -85.052  -49.151 0.0000000000
5715  6.852  -84.949  -6.597 0.0000000000
5716  5.869  -85.216  -6.315 0.0000000000
5732  4.593  -85.346  -7.494 0.0000000000
5747  8.841  -85.351  -7.962 0.0000000000
5765  10.228  -85.235  -9.091 0.0000000000
5784  5.830  -85.828  -10.894 0.0000000000
5814  4.524  -85.793  -13.443 0.0000000000
6099  11.925  -85.556  -39.875 0.0000000000
6112  11.363  -85.649  -40.665 0.0000000000
6116  11.641  -86.023  -41.881 0.0000000000
6117  11.194  -85.536  -41.347 0.0000000000
6129  14.724  -85.355  -43.791 0.0000000000
6137  15.992  -85.297  -45.022 0.0000000000
6144  23.671  -84.602  -44.659 0.0000000000
6148  17.467  -85.278  -46.025 0.0000000000
6154  24.015  -85.331  -45.164 0.0000000000
6157  17.914  -84.658  -48.442 0.0000000000
6158  16.780  -84.817  -48.438 0.0000000000
6165  24.543  -85.300  -47.594 0.0000000000
6167  19.038  -84.919  -47.994 0.0000000000
6168  18.222  -84.683  -48.951 0.0000000000
6171  25.763  -84.874  -47.813 0.0000000000
6172  25.070  -84.362  -48.084 0.0000000000
6389  6.938  -84.153  -6.829 0.0000000000
6391  5.309  -84.497  -6.582 0.0000000000
6405  7.646  -84.722  -7.042 0.0000000000
6406  4.540  -84.534  -7.246 0.0000000000
6436  6.105  -84.728  -9.510 0.0000000000
6470  6.077  -84.874  -11.565 0.0000000000
6758  18.916  -84.073  -37.355 0.0000000000
6764  20.495  -83.746  -38.500 0.0000000000
6767  17.740  -84.152  -38.267 0.0000000000
6775  19.175  -84.304  -39.067 0.0000000000
6777  17.956  -84.478  -39.966 0.0000000000
6791  19.331  -84.369  -40.731 0.0000000000
6805  19.461  -84.325  -42.365 0.0000000000
6807  17.817  -84.336  -42.493 0.0000000000
6813  20.727  -83.915  -44.000 0.0000000000
6815  19.349  -84.387  -44.108 0.0000000000
6817  17.137  -83.770  -43.974 0.0000000000
6818  15.833  -83.701  -44.477 0.0000000000
6828  20.410  -84.730  -45.199 0.0000000000
6833  15.704  -84.105  -44.768 0.0000000000
6837  23.309  -84.055  -45.149 0.0000000000
6838  19.716  -84.909  -45.860 0.0000000000
6841  17.001  -84.383  -45.141 0.0000000000
6848  19.262  -85.198  -46.641 0.0000000000
6854  23.145  -84.701  -47.216 0.0000000000
7084  6.070  -83.833  -6.729 0.0000000000
7086  4.727  -84.009  -6.916 0.0000000000
7098  4.686  -83.678  -7.454 0.0000000000
7130  10.559  -83.338  -9.803 0.0000000000
7131  10.052  -83.220  -9.247 0.0000000000
7132  6.473  -84.080  -9.951 0.0000000000
7134  4.773  -83.322  -9.041 0.0000000000
7169  7.212  -83.902  -11.773 0.0000000000
7416  22.813  -82.223  -35.321 0.0000000000
7419  20.969  -83.185  -35.870 0.0000000000
7420  20.241  -83.203  -36.041 0.0000000000
7432  22.896  -82.765  -35.811 0.0000000000
7434  21.439  -83.380  -36.352 0.0000000000
7436  19.641  -83.461  -36.470 0.0000000000
7437  18.916  -83.302  -36.513 0.0000000000
7453  22.169  -83.399  -37.110 0.0000000000
7457  18.486  -83.681  -36.905 0.0000000000
7459  16.704  -82.926  -37.623 0.0000000000
7468  23.273  -83.187  -38.530 0.0000000000
7470  21.710  -83.464  -38.055 0.0000000000
7481  22.921  -83.269  -39.392 0.0000000000
7483  21.530  -83.461  -39.606 0.0000000000
7507  22.325  -83.272  -41.950 0.0000000000
7508  21.711  -83.412  -41.727 0.0000000000
7509  21.210  -83.537  -41.113 0.0000000000
7510  17.349  -84.140  -41.982 0.0000000000
7512  16.028  -83.262  -41.337 0.0000000000
7516  9.897  -83.620  -41.186 0.0000000000
7519  24.349  -82.668  -42.028 0.0000000000
7520  23.719  -82.728  -42.494 0.0000000000
7523  21.197  -83.559  -42.693 0.0000000000
7527  11.673  -84.288  -42.148 0.0000000000
7533  24.172  -82.484  -43.803 0.0000000000
7547  21.484  -83.848  -43.919 0.0000000000
7553  23.930  -82.980  -45.530 0.0000000000
7570  24.598  -83.685  -47.595 0.0000000000
7575  25.599  -83.801  -48.214 0.0000000000
7576  24.675  -83.951  -48.143 0.0000000000
7840  6.207  -82.316  -7.017 0.0000000000
7841  5.575  -82.556  -7.230 0.0000000000
7852  8.033  -82.187  -7.536 0.0000000000
7854  6.646  -81.720  -7.078 0.0000000000
7866  8.825  -82.576  -8.032 0.0000000000
7880  5.006  -82.439  -10.169 0.0000000000
7881  4.793  -82.738  -9.540 0.0000000000
7910  8.208  -81.883  -12.412 0.0000000000
7911  8.088  -82.525  -11.965 0.0000000000
7912  7.543  -82.242  -11.411 0.0000000000
7914  8.039  -82.377  -12.502 0.0000000000
7925  7.865  -82.086  -13.051 0.0000000000
8126  21.675  -81.988  -35.335 0.0000000000
8139  22.115  -82.070  -35.258 0.0000000000
8154  25.068  -82.270  -36.319 0.0000000000
8156  23.621  -82.748  -36.224 0.0000000000
8170  24.359  -82.691  -36.924 0.0000000000
8172  16.205  -82.311  -37.823 0.0000000000
8173  16.122  -81.746  -37.863 0.0000000000
8180  25.444  -82.579  -38.299 0.0000000000
8207  14.441  -82.199  -40.383 0.0000000000
8209  12.891  -82.009  -41.255 0.0000000000
8220  12.206  -82.512  -41.782 0.0000000000
8222  9.897  -82.942  -41.697 0.0000000000
8229  15.069  -82.758  -42.617 0.0000000000
8242  25.502  -82.383  -44.919 0.0000000000
8255  26.977  -82.175  -46.865 0.0000000000
8257  25.216  -82.803  -46.524 0.0000000000
8592  7.347  -81.502  -7.245 0.0000000000
8602  9.425  -81.211  -8.436 0.0000000000
8612  10.003  -81.586  -8.965 0.0000000000
8621  6.468  -81.710  -11.112 0.0000000000
8631  6.578  -80.855  -11.270 0.0000000000
8929  20.312  -82.093  -35.887 0.0000000000
8966  20.263  -81.417  -37.098 0.0000000000
8969  17.420  -81.981  -37.307 0.0000000000
8984  15.611  -81.187  -38.419 0.0000000000
8985  14.991  -80.910  -38.985 0.0000000000
8993  20.012  -81.456  -39.652 0.0000000000
8998  14.623  -81.226  -39.430 0.0000000000
9016  14.205  -81.591  -40.084 0.0000000000
9017  13.593  -81.455  -40.685 0.0000000000
9023  21.080  -81.174  -41.959 0.0000000000
9037  20.593  -81.490  -42.721 0.0000000000
9044  9.460  -81.130  -42.168 0.0000000000
9052  17.847  -81.620  -44.181 0.0000000000
9053  17.137  -81.510  -43.489 0.0000000000
9061  19.930  -81.637  -44.761 0.0000000000
9062  19.210  -81.469  -44.810 0.0000000000
9063  18.545  -81.316  -44.726 0.0000000000
9431  5.958  -80.464  -6.947 0.0000000000
9496  8.434  -80.694  -13.118 0.0000000000
9497  8.044  -80.376  -13.534 0.0000000000
9785  22.449  -81.234  -35.616 0.0000000000
9786  21.759  -81.446  -35.691 0.0000000000
9821  22.602  -80.583  -37.068 0.0000000000
9837  16.650  -80.958  -38.535 0.0000000000
9838  16.071  -80.724  -38.697 0.0000000000
9849  20.817  -81.212  -39.604 0.0000000000
9851  15.847  -80.493  -39.534 0.0000000000
9852  15.061  -80.507  -39.515 0.0000000000
9867  21.363  -81.020  -40.374 0.0000000000
9871  14.478  -80.440  -40.218 0.0000000000
9882  16.048  -80.792  -41.934 0.0000000000
9884  13.261  -80.639  -41.756 0.0000000000
9886  9.596  -80.200  -41.570 0.0000000000
9894  21.720  -80.739  -42.161 0.0000000000
9895  16.393  -81.025  -43.564 0.0000000000
9898  11.727  -80.738  -43.502 0.0000000000
9910  22.345  -80.543  -43.453 0.0000000000
9914  10.753  -80.238  -43.739 0.0000000000
9939  21.973  -80.983  -45.785 0.0000000000
9940  21.183  -81.114  -46.072 0.0000000000
10348  6.974  -79.197  -6.820 0.0000000000
10350  5.531  -79.638  -6.967 0.0000000000
10351  5.029  -79.092  -6.935 0.0000000000
10368  6.752  -80.110  -6.919 0.0000000000
10386  5.118  -79.608  -9.996 0.0000000000
10401  6.952  -79.269  -11.408 0.0000000000
10408  8.565  -80.058  -12.910 0.0000000000
10409  8.250  -79.272  -12.564 0.0000000000
10412  8.166  -79.525  -13.415 0.0000000000
10537  5.992  -79.223  -23.627 0.0000000000
10538  5.727  -79.368  -23.122 0.0000000000
10767  14.810  -80.087  -40.893 0.0000000000
10785  9.540  -79.783  -42.325 0.0000000000
10796  14.300  -79.857  -43.129 0.0000000000
10809  19.092  -79.566  -44.450 0.0000000000
10811  15.541  -79.843  -44.081 0.0000000000
10825  18.401  -80.635  -44.845 0.0000000000
10827  16.179  -79.650  -44.365 0.0000000000
10831  12.335  -79.308  -44.518 0.0000000000
10841  19.388  -80.162  -46.021 0.0000000000
11331  7.838  -78.757  -7.235 0.0000000000
11341  4.936  -78.873  -9.547 0.0000000000
11363  6.532  -78.627  -11.215 0.0000000000
11366  8.464  -79.353  -13.051 0.0000000000
11369  8.072  -78.720  -13.235 0.0000000000
11492  9.247  -78.061  -23.803 0.0000000000
11495  6.408  -78.697  -23.698 0.0000000000
11506  9.760  -78.173  -24.218 0.0000000000
11507  9.015  -78.408  -24.023 0.0000000000
11508  8.088  -78.509  -23.964 0.0000000000
11521  10.393  -78.147  -24.819 0.0000000000
11524  7.622  -78.641  -24.744 0.0000000000
11707  19.563  -78.134  -41.938 0.0000000000
11709  10.096  -78.322  -42.206 0.0000000000
11717  20.317  -78.215  -42.956 0.0000000000
11718  19.835  -78.519  -42.751 0.0000000000
11731  16.965  -78.580  -44.456 0.0000000000
11744  11.911  -78.537  -44.688 0.0000000000
11760  20.506  -78.755  -46.928 0.0000000000
12196  6.165  -77.463  -5.821 0.0000000000
12198  4.560  -77.447  -5.598 0.0000000000
12237  4.919  -77.383  -9.825 0.0000000000
12247  7.433  -76.963  -11.120 0.0000000000
12248  5.771  -77.600  -10.478 0.0000000000
12400  9.795  -77.574  -23.903 0.0000000000
12403  6.596  -77.521  -23.431 0.0000000000
12412  12.115  -76.897  -25.131 0.0000000000
12413  11.611  -77.311  -24.942 0.0000000000
12414  11.171  -77.348  -24.564 0.0000000000
12429  11.569  -77.279  -25.506 0.0000000000
12447  10.405  -77.362  -26.308 0.0000000000
12448  9.514  -77.437  -26.178 0.0000000000
12449  8.520  -77.410  -25.997 0.0000000000
12450  7.548  -77.336  -26.067 0.0000000000
12451  7.034  -77.333  -26.501 0.0000000000
12548  18.279  -77.096  -36.796 0.0000000000
12558  19.429  -77.269  -37.756 0.0000000000
12559  18.573  -77.376  -37.578 0.0000000000
12561  16.460  -76.680  -38.060 0.0000000000
12571  20.240  -77.133  -38.841 0.0000000000
12575  17.146  -77.088  -38.424 0.0000000000
12592  17.437  -77.196  -39.191 0.0000000000
12605  20.407  -77.414  -40.641 0.0000000000
12606  19.699  -77.654  -40.310 0.0000000000
12616  20.575  -77.505  -41.578 0.0000000000
12619  18.154  -77.404  -41.680 0.0000000000
12637  17.710  -78.223  -43.691 0.0000000000
12650  15.726  -77.370  -45.081 0.0000000000
12653  11.011  -77.906  -44.519 0.0000000000
12660  15.121  -76.960  -45.323 0.0000000000
12663  13.082  -76.797  -45.457 0.0000000000
13126  3.814  -76.384  -5.362 0.0000000000
13144  4.150  -76.348  -7.034 0.0000000000
13162  4.640  -76.770  -8.968 0.0000000000
13179  6.907  -76.747  -10.549 0.0000000000
13186  7.338  -76.643  -12.156 0.0000000000
13343  13.037  -76.169  -24.312 0.0000000000
13345  11.525  -76.282  -24.142 0.0000000000
13346  10.699  -76.362  -24.148 0.0000000000
13348  8.195  -77.099  -23.546 0.0000000000
13349  6.881  -76.691  -23.603 0.0000000000
13363  13.285  -76.116  -24.775 0.0000000000
13366  11.177  -76.827  -24.278 0.0000000000
13380  12.713  -76.356  -25.333 0.0000000000
13381  12.101  -76.742  -25.668 0.0000000000
13492  18.433  -76.200  -35.598 0.0000000000
13493  17.599  -76.200  -35.554 0.0000000000
13506  18.750  -76.659  -36.273 0.0000000000
13509  16.407  -76.300  -36.726 0.0000000000
13517  17.524  -76.900  -36.750 0.0000000000
13529  20.285  -76.643  -38.846 0.0000000000
13530  20.044  -77.010  -38.057 0.0000000000
13556  20.718  -76.986  -40.098 0.0000000000
13557  17.428  -77.072  -40.022 0.0000000000
13576  17.382  -76.804  -41.542 0.0000000000
13578  15.772  -75.971  -41.059 0.0000000000
13594  16.873  -76.508  -42.524 0.0000000000
13627  20.335  -76.998  -43.551 0.0000000000
13629  15.591  -76.600  -44.954 0.0000000000
13630  14.971  -76.141  -45.239 0.0000000000
13632  11.241  -76.300  -44.697 0.0000000000
13644  18.623  -76.626  -46.292 0.0000000000
13646  13.732  -76.293  -45.609 0.0000000000
13648  11.907  -75.780  -45.266 0.0000000000
13659  19.467  -77.126  -47.186 0.0000000000
14100  5.319  -75.666  -4.025 0.0000000000
14101  4.469  -75.708  -4.053 0.0000000000
14129  3.871  -75.543  -5.971 0.0000000000
14154  7.227  -75.780  -10.314 0.0000000000
14159  7.522  -75.802  -11.149 0.0000000000
14160  7.228  -75.406  -11.470 0.0000000000
14161  6.115  -75.106  -11.715 0.0000000000
14163  4.167  -75.080  -12.382 0.0000000000
14297  5.360  -75.614  -21.536 0.0000000000
14306  5.538  -75.825  -22.510 0.0000000000
14319  12.900  -75.859  -23.844 0.0000000000
14320  12.021  -75.672  -23.844 0.0000000000
14335  13.766  -75.719  -24.790 0.0000000000
14338  8.321  -75.394  -24.278 0.0000000000
14347  14.078  -75.295  -25.078 0.0000000000
14349  12.866  -75.781  -25.720 0.0000000000
14354  9.611  -75.070  -26.810 0.0000000000
14356  7.019  -75.689  -26.102 0.0000000000
14396  18.337  -75.002  -34.729 0.0000000000
14397  17.780  -75.001  -34.523 0.0000000000
14398  17.056  -74.909  -34.545 0.0000000000
14405  18.683  -75.405  -35.382 0.0000000000
14417  19.098  -75.548  -36.270 0.0000000000
14418  16.535  -75.936  -35.932 0.0000000000
14419  15.782  -75.856  -36.812 0.0000000000
14420  15.037  -75.225  -36.885 0.0000000000
14428  19.715  -76.390  -37.468 0.0000000000
14431  14.623  -75.195  -37.653 0.0000000000
14443  14.630  -75.378  -38.334 0.0000000000
14453  20.495  -76.333  -39.658 0.0000000000
14454  20.022  -75.857  -39.112 0.0000000000
14455  19.184  -75.312  -39.479 0.0000000000
14457  14.677  -75.466  -39.154 0.0000000000
14467  20.625  -76.231  -40.571 0.0000000000
14471  14.841  -75.483  -40.020 0.0000000000
14499  15.177  -74.883  -42.277 0.0000000000
14506  20.048  -76.215  -43.167 0.0000000000
14510  15.098  -74.829  -44.346 0.0000000000
14525  18.429  -75.529  -45.116 0.0000000000
14528  13.958  -74.884  -45.308 0.0000000000
14539  18.397  -74.772  -45.302 0.0000000000
14541  13.436  -75.528  -45.574 0.0000000000
14542  12.590  -75.415  -45.507 0.0000000000
14554  18.865  -76.077  -46.477 0.0000000000
15000  3.779  -74.546  -4.142 0.0000000000
15007  3.617  -74.718  -4.785 0.0000000000
15020  4.657  -74.170  -7.492 0.0000000000
15030  6.521  -73.912  -8.855 0.0000000000
15037  5.919  -74.779  -8.961 0.0000000000
15041  7.397  -74.727  -10.357 0.0000000000
15042  7.224  -74.184  -10.672 0.0000000000
15053  4.074  -74.007  -11.723 0.0000000000
15214  14.870  -74.221  -23.641 0.0000000000
15215  14.463  -75.039  -23.918 0.0000000000
15227  15.969  -73.844  -24.939 0.0000000000
15229  14.692  -74.872  -24.593 0.0000000000
15231  8.184  -74.576  -24.440 0.0000000000
15233  6.695  -73.844  -24.399 0.0000000000
15236  15.349  -74.336  -24.774 0.0000000000
15245  8.737  -74.735  -26.585 0.0000000000
15297  15.405  -73.958  -34.633 0.0000000000
15312  14.723  -74.198  -35.738 0.0000000000
15325  18.682  -74.777  -35.760 0.0000000000
15328  14.669  -74.633  -36.506 0.0000000000
15344  19.093  -75.295  -37.090 0.0000000000
15346  14.147  -74.809  -38.082 0.0000000000
15347  13.682  -74.204  -37.818 0.0000000000
15359  18.426  -75.063  -38.964 0.0000000000
15388  19.094  -75.077  -40.988 0.0000000000
15391  14.008  -74.105  -40.289 0.0000000000
15403  19.111  -75.077  -41.836 0.0000000000
15428  18.228  -74.371  -42.402 0.0000000000
15463  19.826  -73.699  -45.436 0.0000000000
15464  18.601  -73.991  -45.250 0.0000000000
15465  18.167  -74.235  -44.762 0.0000000000
15467  13.485  -73.999  -45.152 0.0000000000
15942  3.976  -73.291  -4.316 0.0000000000
15967  4.801  -73.321  -7.488 0.0000000000
15977  5.373  -72.751  -8.090 0.0000000000
15981  7.399  -74.063  -10.036 0.0000000000
15982  7.162  -73.744  -9.491 0.0000000000
16002  4.434  -73.291  -11.252 0.0000000000
16003  3.602  -73.159  -11.636 0.0000000000
16028  4.160  -73.577  -13.385 0.0000000000
16137  5.481  -73.708  -20.837 0.0000000000
16144  5.649  -73.595  -22.849 0.0000000000
16149  16.015  -73.224  -23.955 0.0000000000
16153  12.699  -73.369  -23.417 0.0000000000
16154  11.874  -73.124  -23.508 0.0000000000
16156  9.710  -73.844  -24.118 0.0000000000
16158  5.852  -73.532  -23.584 0.0000000000
16162  16.904  -73.009  -24.819 0.0000000000
16163  16.206  -73.514  -24.547 0.0000000000
16164  15.707  -73.888  -24.014 0.0000000000
16165  8.169  -73.742  -24.404 0.0000000000
16166  7.277  -73.271  -24.458 0.0000000000
16167  6.391  -73.203  -24.293 0.0000000000
16168  5.876  -73.105  -24.022 0.0000000000
16170  17.116  -72.845  -25.398 0.0000000000
16171  16.569  -73.388  -25.116 0.0000000000
16174  13.569  -73.811  -25.638 0.0000000000
16176  12.083  -73.171  -25.610 0.0000000000
16177  16.554  -73.126  -25.755 0.0000000000
16178  15.753  -73.188  -25.957 0.0000000000
16179  12.005  -74.232  -26.143 0.0000000000
16182  9.547  -73.738  -26.602 0.0000000000
16183  8.625  -73.827  -26.595 0.0000000000
16184  7.377  -73.494  -26.485 0.0000000000
16230  15.791  -73.067  -32.990 0.0000000000
16239  17.834  -73.511  -34.029 0.0000000000
16240  17.116  -73.548  -33.702 0.0000000000
16241  16.211  -73.532  -33.662 0.0000000000
16255  18.211  -73.712  -34.640 0.0000000000
16258  13.808  -73.126  -35.297 0.0000000000
16275  18.343  -73.938  -35.445 0.0000000000
16277  16.916  -72.800  -36.094 0.0000000000
16279  12.845  -72.576  -36.606 0.0000000000
16299  13.262  -73.519  -37.609 0.0000000000
16300  12.850  -72.856  -37.380 0.0000000000
16318  12.875  -73.024  -38.175 0.0000000000
16367  14.637  -73.531  -42.307 0.0000000000
16383  14.675  -73.150  -43.211 0.0000000000
16394  14.274  -72.425  -43.388 0.0000000000
16396  11.945  -72.961  -43.829 0.0000000000
16397  11.322  -72.557  -43.153 0.0000000000
16407  13.859  -72.809  -44.270 0.0000000000
16408  12.172  -73.479  -44.582 0.0000000000
16874  4.802  -72.930  -3.158 0.0000000000
16875  4.289  -72.693  -3.998 0.0000000000
16885  4.067  -72.453  -4.586 0.0000000000
16921  6.090  -72.452  -8.838 0.0000000000
16928  5.943  -72.193  -9.520 0.0000000000
16939  5.080  -71.871  -10.028 0.0000000000
16964  3.400  -72.394  -12.535 0.0000000000
17054  5.440  -72.264  -20.670 0.0000000000
17070  16.310  -72.452  -24.076 0.0000000000
17071  15.633  -72.588  -23.662 0.0000000000
17074  12.627  -72.022  -23.362 0.0000000000
17075  9.712  -73.005  -23.813 0.0000000000
17076  9.049  -72.563  -23.862 0.0000000000
17080  16.962  -72.433  -24.529 0.0000000000
17082  7.609  -72.359  -24.227 0.0000000000
17084  6.054  -72.524  -24.271 0.0000000000
17089  14.009  -73.011  -25.661 0.0000000000
17091  10.798  -71.890  -25.508 0.0000000000
17095  17.131  -72.631  -26.133 0.0000000000
17097  14.924  -73.167  -25.866 0.0000000000
17098  13.580  -72.074  -25.621 0.0000000000
17100  10.583  -72.773  -25.960 0.0000000000
17101  9.758  -72.946  -26.278 0.0000000000
17103  6.924  -71.893  -26.579 0.0000000000
17104  6.040  -72.112  -26.766 0.0000000000
17121  10.428  -72.250  -29.986 0.0000000000
17129  11.218  -72.425  -30.162 0.0000000000
17139  14.166  -72.436  -31.610 0.0000000000
17141  12.505  -72.765  -31.049 0.0000000000
17142  11.577  -72.726  -30.870 0.0000000000
17143  10.654  -72.551  -30.786 0.0000000000
17159  14.071  -73.047  -31.865 0.0000000000
17160  12.943  -73.025  -31.744 0.0000000000
17169  16.582  -72.349  -33.374 0.0000000000
17170  15.878  -72.509  -32.840 0.0000000000
17171  15.048  -72.810  -32.410 0.0000000000
17173  13.238  -73.092  -32.633 0.0000000000
17189  17.154  -72.251  -33.913 0.0000000000
17192  12.380  -72.482  -33.659 0.0000000000
17210  13.290  -72.651  -35.021 0.0000000000
17211  12.758  -72.266  -35.783 0.0000000000
17239  12.486  -72.239  -37.112 0.0000000000
17273  12.559  -72.323  -38.699 0.0000000000
17290  13.716  -72.201  -41.321 0.0000000000
17310  13.777  -71.786  -43.026 0.0000000000
17313  10.152  -72.323  -42.773 0.0000000000
17314  8.958  -72.458  -42.571 0.0000000000
17808  4.471  -71.301  -4.394 0.0000000000
17818  3.965  -71.428  -5.570 0.0000000000
17819  4.047  -71.478  -4.801 0.0000000000
17826  11.755  -71.247  -6.236 0.0000000000
17827  11.112  -71.344  -6.357 0.0000000000
17855  5.041  -71.479  -9.399 0.0000000000
17867  4.427  -71.281  -10.132 0.0000000000
17989  5.394  -70.821  -21.725 0.0000000000
17995  12.930  -71.324  -23.270 0.0000000000
18000  8.652  -71.298  -23.663 0.0000000000
18001  7.848  -71.506  -23.968 0.0000000000
18003  5.421  -71.926  -23.735 0.0000000000
18008  17.465  -71.806  -24.757 0.0000000000
18010  15.983  -71.156  -24.175 0.0000000000
18014  18.219  -71.492  -25.665 0.0000000000
18015  17.835  -71.890  -25.238 0.0000000000
18017  11.112  -71.077  -25.267 0.0000000000
18019  9.426  -71.271  -25.598 0.0000000000
18024  17.661  -71.973  -26.528 0.0000000000
18028  13.940  -71.242  -25.890 0.0000000000
18030  7.251  -70.933  -26.298 0.0000000000
18038  18.991  -70.995  -26.836 0.0000000000
18040  17.293  -71.541  -27.198 0.0000000000
18041  16.389  -71.260  -27.047 0.0000000000
18042  5.755  -71.532  -27.462 0.0000000000
18050  10.581  -71.798  -29.528 0.0000000000
18051  10.046  -71.687  -29.615 0.0000000000
18061  11.520  -71.904  -29.782 0.0000000000
18062  9.757  -71.806  -30.275 0.0000000000
18073  13.641  -72.184  -31.333 0.0000000000
18088  14.734  -72.078  -31.829 0.0000000000
18090  10.130  -72.159  -31.537 0.0000000000
18091  9.972  -71.242  -32.234 0.0000000000
18102  15.887  -71.866  -32.880 0.0000000000
18103  15.084  -71.730  -32.392 0.0000000000
18121  16.432  -71.744  -33.712 0.0000000000
18125  11.831  -71.869  -34.292 0.0000000000
18141  16.600  -71.742  -34.620 0.0000000000
18143  12.184  -71.667  -35.802 0.0000000000
18144  11.509  -70.852  -35.756 0.0000000000
18165  12.185  -71.694  -36.826 0.0000000000
18166  11.397  -70.658  -37.197 0.0000000000
18198  11.604  -70.952  -38.750 0.0000000000
18234  11.472  -70.875  -40.501 0.0000000000
18247  11.088  -71.441  -41.790 0.0000000000
18248  10.106  -71.743  -41.799 0.0000000000
18271  12.208  -71.771  -42.971 0.0000000000
18741  4.807  -70.835  -4.235 0.0000000000
18754  6.813  -70.055  -3.936 0.0000000000
18757  4.444  -70.414  -4.602 0.0000000000
18774  11.879  -70.554  -6.276 0.0000000000
18775  10.636  -70.918  -6.381 0.0000000000
18776  3.873  -70.014  -6.088 0.0000000000
18815  3.846  -70.606  -10.289 0.0000000000
18831  3.429  -70.635  -11.259 0.0000000000
18938  12.847  -69.735  -23.067 0.0000000000
18939  12.051  -69.948  -22.824 0.0000000000
18940  10.728  -69.656  -22.578 0.0000000000
18941  10.025  -69.879  -22.716 0.0000000000
18942  9.434  -70.024  -22.934 0.0000000000
18943  5.185  -70.052  -22.501 0.0000000000
18952  13.664  -69.871  -23.369 0.0000000000
18954  11.312  -70.221  -22.856 0.0000000000
18957  9.026  -70.565  -23.293 0.0000000000
18959  6.939  -70.157  -23.955 0.0000000000
18960  6.160  -69.903  -24.142 0.0000000000
18968  15.633  -70.480  -24.246 0.0000000000
18969  6.310  -70.731  -24.244 0.0000000000
18971  5.491  -70.355  -23.809 0.0000000000
18974  18.947  -70.268  -26.039 0.0000000000
18976  17.782  -70.511  -25.225 0.0000000000
18978  12.290  -70.339  -25.556 0.0000000000
18981  9.817  -70.484  -25.551 0.0000000000
18985  19.847  -69.962  -26.912 0.0000000000
18987  18.784  -70.981  -26.158 0.0000000000
18989  14.578  -70.485  -26.379 0.0000000000
18991  12.800  -69.856  -25.854 0.0000000000
18994  7.591  -69.987  -26.149 0.0000000000
18995  6.397  -69.650  -26.993 0.0000000000
18996  6.047  -70.500  -26.939 0.0000000000
19003  20.110  -69.745  -27.358 0.0000000000
19014  20.270  -69.803  -27.919 0.0000000000
19015  19.748  -70.275  -28.174 0.0000000000
19017  18.208  -70.470  -28.503 0.0000000000
19018  17.439  -70.461  -28.221 0.0000000000
19028  19.464  -70.130  -28.969 0.0000000000
19032  9.720  -70.904  -29.273 0.0000000000
19048  9.458  -70.983  -30.557 0.0000000000
19059  13.263  -71.632  -31.276 0.0000000000
19060  12.470  -71.250  -30.810 0.0000000000
19061  11.647  -70.087  -30.995 0.0000000000
19074  9.956  -70.198  -32.584 0.0000000000
19084  13.577  -70.321  -33.777 0.0000000000
19085  12.427  -70.126  -32.655 0.0000000000
19086  10.281  -70.688  -33.179 0.0000000000
19102  13.839  -70.243  -34.619 0.0000000000
19120  13.956  -70.247  -35.345 0.0000000000
19140  14.368  -70.561  -35.890 0.0000000000
19143  10.994  -69.857  -36.788 0.0000000000
19165  14.076  -70.604  -37.590 0.0000000000
19167  10.839  -69.851  -37.682 0.0000000000
19187  9.981  -70.157  -38.757 0.0000000000
19206  10.989  -70.722  -39.968 0.0000000000
19207  10.439  -70.580  -39.318 0.0000000000
19223  8.399  -71.699  -40.973 0.0000000000
19233  12.077  -71.194  -41.781 0.0000000000
19236  9.557  -71.502  -41.013 0.0000000000
19744  12.781  -69.972  -5.115 0.0000000000
19745  8.210  -69.507  -4.824 0.0000000000
19747  6.372  -69.591  -4.472 0.0000000000
19749  4.349  -69.569  -4.781 0.0000000000
19750  3.982  -69.966  -4.883 0.0000000000
19759  13.722  -69.393  -5.109 0.0000000000
19762  9.352  -69.596  -5.810 0.0000000000
19763  8.555  -69.238  -5.398 0.0000000000
19765  6.822  -69.030  -4.902 0.0000000000
19767  3.903  -69.166  -5.027 0.0000000000
19778  9.797  -69.318  -6.480 0.0000000000
19804  3.866  -69.406  -9.347 0.0000000000
19815  3.646  -69.308  -10.224 0.0000000000
19834  3.538  -69.113  -11.157 0.0000000000
19923  4.846  -68.852  -19.479 0.0000000000
19930  5.088  -69.229  -20.793 0.0000000000
19934  5.288  -69.992  -21.067 0.0000000000
19936  5.015  -68.791  -22.014 0.0000000000
19939  12.804  -68.821  -23.011 0.0000000000
19951  14.386  -69.926  -23.642 0.0000000000
19953  6.104  -69.095  -23.896 0.0000000000
19954  5.729  -69.675  -23.957 0.0000000000
19955  5.372  -69.528  -23.475 0.0000000000
19956  4.963  -69.256  -22.957 0.0000000000
19965  16.924  -70.239  -25.063 0.0000000000
19966  15.946  -69.923  -24.876 0.0000000000
19968  14.663  -69.376  -24.003 0.0000000000
19972  18.299  -70.010  -25.675 0.0000000000
19975  10.831  -69.907  -25.730 0.0000000000
19976  10.212  -69.921  -25.767 0.0000000000
19979  19.464  -69.750  -26.500 0.0000000000
19983  12.239  -69.365  -26.513 0.0000000000
19985  10.589  -69.639  -26.014 0.0000000000
19987  7.976  -69.351  -26.461 0.0000000000
19989  6.704  -69.106  -27.104 0.0000000000
19995  15.713  -69.590  -27.536 0.0000000000
19996  15.139  -69.769  -26.918 0.0000000000
19997  13.712  -68.989  -27.225 0.0000000000
19998  12.791  -68.928  -27.267 0.0000000000
20000  10.640  -69.435  -26.740 0.0000000000
20001  9.767  -69.334  -26.917 0.0000000000
20002  8.286  -68.971  -26.929 0.0000000000
20011  15.734  -69.177  -28.204 0.0000000000
20014  12.284  -68.749  -28.099 0.0000000000
20018  7.348  -68.864  -27.062 0.0000000000
20030  21.150  -69.064  -29.387 0.0000000000
20031  20.638  -69.482  -29.222 0.0000000000
20034  17.518  -69.670  -29.359 0.0000000000
20035  16.679  -69.283  -29.334 0.0000000000
20040  9.419  -69.854  -28.674 0.0000000000
20041  8.762  -69.245  -28.898 0.0000000000
20054  20.630  -69.359  -30.061 0.0000000000
20055  19.679  -69.538  -30.390 0.0000000000
20057  17.783  -69.209  -30.963 0.0000000000
20058  16.285  -68.884  -30.010 0.0000000000
20061  9.297  -70.537  -29.875 0.0000000000
20072  19.297  -69.260  -31.180 0.0000000000
20073  18.543  -69.201  -31.324 0.0000000000
20075  8.679  -68.637  -30.969 0.0000000000
20082  11.506  -68.911  -32.657 0.0000000000
20096  11.785  -69.255  -33.160 0.0000000000
20097  10.403  -69.827  -33.932 0.0000000000
20111  10.263  -69.027  -34.470 0.0000000000
20140  9.747  -68.681  -37.016 0.0000000000
20141  9.162  -68.789  -37.274 0.0000000000
20182  13.976  -68.710  -38.356 0.0000000000
20183  10.152  -69.483  -38.074 0.0000000000
20696  7.209  -68.519  -5.487 0.0000000000
20698  4.944  -68.306  -4.979 0.0000000000
20710  15.519  -68.184  -6.024 0.0000000000
20713  12.504  -68.209  -6.201 0.0000000000
20715  10.233  -68.808  -6.713 0.0000000000
20717  8.496  -68.169  -6.364 0.0000000000
20719  6.660  -67.857  -5.785 0.0000000000
20721  3.763  -68.148  -6.149 0.0000000000
20730  3.681  -67.654  -7.066 0.0000000000
20751  3.522  -68.002  -10.413 0.0000000000
20863  4.776  -68.633  -18.672 0.0000000000
20874  4.930  -69.074  -20.175 0.0000000000
20887  11.261  -68.390  -22.447 0.0000000000
20890  8.378  -68.318  -22.419 0.0000000000
20893  4.881  -68.574  -22.673 0.0000000000
20898  13.367  -68.569  -23.500 0.0000000000
20902  5.463  -67.856  -23.390 0.0000000000
20903  5.094  -68.247  -23.226 0.0000000000
20912  15.212  -68.597  -24.853 0.0000000000
20913  14.578  -68.618  -24.345 0.0000000000
20914  13.871  -68.376  -23.996 0.0000000000
20922  17.984  -69.274  -25.979 0.0000000000
20924  15.563  -68.238  -25.398 0.0000000000
20926  19.242  -68.932  -26.648 0.0000000000
20932  20.418  -68.574  -27.568 0.0000000000
20933  19.835  -68.594  -27.151 0.0000000000
20934  19.145  -68.224  -27.199 0.0000000000
20935  6.595  -68.799  -27.577 0.0000000000
20940  20.934  -68.559  -28.227 0.0000000000
20941  13.890  -68.459  -28.654 0.0000000000
20943  7.928  -68.595  -28.386 0.0000000000
20945  6.438  -68.445  -28.304 0.0000000000
20946  5.871  -68.593  -28.502 0.0000000000
20955  21.475  -68.466  -29.691 0.0000000000
20957  13.364  -68.285  -29.500 0.0000000000
20967  21.748  -67.958  -30.141 0.0000000000
20969  21.035  -68.942  -30.743 0.0000000000
20987  19.751  -68.914  -31.741 0.0000000000
20989  18.058  -68.956  -31.853 0.0000000000
20990  16.227  -68.435  -31.563 0.0000000000
20991  14.168  -67.683  -31.477 0.0000000000
20993  11.718  -68.397  -31.652 0.0000000000
20994  11.405  -69.132  -31.407 0.0000000000
20996  8.234  -67.900  -31.727 0.0000000000
21006  21.159  -68.315  -32.129 0.0000000000
21009  18.417  -68.659  -32.524 0.0000000000
21014  11.779  -68.042  -32.345 0.0000000000
21016  8.888  -67.879  -33.043 0.0000000000
21030  20.648  -68.035  -32.925 0.0000000000
21033  17.959  -68.318  -33.173 0.0000000000
21034  17.158  -68.212  -33.136 0.0000000000
21046  11.931  -68.010  -34.466 0.0000000000
21059  12.348  -67.840  -35.449 0.0000000000
21073  12.927  -67.806  -37.065 0.0000000000
21074  12.620  -67.497  -36.255 0.0000000000
21117  14.584  -68.903  -38.911 0.0000000000
21627  16.549  -67.441  -5.353 0.0000000000
21629  4.592  -67.627  -5.547 0.0000000000
21643  10.925  -67.999  -6.623 0.0000000000
21647  7.069  -67.407  -6.440 0.0000000000
21649  5.054  -67.034  -5.928 0.0000000000
21658  16.757  -67.106  -7.071 0.0000000000
21660  15.039  -67.215  -7.307 0.0000000000
21662  12.249  -66.905  -6.837 0.0000000000
21667  7.402  -66.896  -7.057 0.0000000000
21669  3.477  -66.996  -7.328 0.0000000000
21676  3.221  -67.209  -8.932 0.0000000000
21843  12.117  -67.842  -23.178 0.0000000000
21844  11.493  -67.828  -22.832 0.0000000000
21845  10.697  -67.868  -22.591 0.0000000000
21846  8.318  -67.018  -22.371 0.0000000000
21847  7.707  -66.640  -22.414 0.0000000000
21848  6.858  -66.523  -22.674 0.0000000000
21850  4.766  -68.037  -22.871 0.0000000000
21855  12.545  -67.702  -23.865 0.0000000000
21858  9.397  -67.353  -22.862 0.0000000000
21859  8.561  -66.892  -22.749 0.0000000000
21860  5.915  -67.057  -23.307 0.0000000000
21869  13.316  -67.668  -24.563 0.0000000000
21870  11.911  -67.534  -24.434 0.0000000000
21885  15.307  -67.563  -25.660 0.0000000000
21889  10.546  -67.676  -25.899 0.0000000000
21890  9.695  -67.698  -26.032 0.0000000000
21895  17.392  -67.763  -26.943 0.0000000000
21896  16.370  -67.229  -26.609 0.0000000000
21897  15.687  -66.701  -26.568 0.0000000000
21898  11.937  -67.558  -25.965 0.0000000000
21901  9.380  -67.614  -26.946 0.0000000000
21902  8.730  -67.286  -27.075 0.0000000000
21918  21.244  -67.922  -28.742 0.0000000000
21921  18.980  -67.315  -28.258 0.0000000000
21922  10.106  -67.339  -28.706 0.0000000000
21936  21.548  -67.951  -29.420 0.0000000000
21952  7.064  -67.775  -30.806 0.0000000000
21968  13.946  -67.465  -32.077 0.0000000000
21970  12.151  -67.859  -31.888 0.0000000000
21971  7.909  -67.724  -32.343 0.0000000000
21989  16.054  -67.908  -33.018 0.0000000000
21991  14.217  -67.304  -32.636 0.0000000000
21992  13.262  -67.303  -32.552 0.0000000000
21993  11.642  -68.365  -32.768 0.0000000000
21994  8.042  -67.632  -32.994 0.0000000000
21995  7.418  -67.679  -32.742 0.0000000000
22012  19.189  -67.841  -33.738 0.0000000000
22013  18.337  -67.911  -33.774 0.0000000000
22018  12.575  -67.231  -33.378 0.0000000000
22020  8.218  -67.554  -33.830 0.0000000000
22036  17.904  -67.514  -34.424 0.0000000000
22037  16.984  -67.411  -34.473 0.0000000000
22039  14.411  -66.664  -34.140 0.0000000000
22040  12.510  -66.890  -34.404 0.0000000000
22055  19.992  -66.910  -34.978 0.0000000000
22056  19.146  -67.048  -35.033 0.0000000000
22080  13.089  -66.599  -37.640 0.0000000000
22088  15.392  -67.672  -39.127 0.0000000000
22685  4.836  -66.589  -6.513 0.0000000000
22687  3.798  -66.745  -7.116 0.0000000000
22696  15.571  -66.723  -7.797 0.0000000000
22699  12.603  -66.243  -7.260 0.0000000000
22700  11.781  -66.325  -7.199 0.0000000000
22705  5.697  -66.278  -7.159 0.0000000000
22707  4.136  -66.252  -7.491 0.0000000000
22715  15.117  -66.068  -8.070 0.0000000000
22716  14.488  -65.453  -8.385 0.0000000000
22736  3.334  -66.411  -9.518 0.0000000000
22747  3.543  -66.472  -10.540 0.0000000000
22780  21.868  -66.494  -13.535 0.0000000000
22791  22.173  -66.458  -14.269 0.0000000000
22804  22.434  -66.360  -14.903 0.0000000000
22865  4.621  -66.558  -18.451 0.0000000000
22894  4.331  -66.367  -20.512 0.0000000000
22938  14.378  -66.988  -25.957 0.0000000000
22942  7.712  -66.665  -25.665 0.0000000000
22945  15.209  -66.457  -26.598 0.0000000000
22946  14.060  -66.498  -26.637 0.0000000000
22947  13.085  -66.888  -26.699 0.0000000000
22949  8.158  -66.971  -26.458 0.0000000000
22950  7.682  -66.354  -26.139 0.0000000000
22953  18.282  -67.299  -27.977 0.0000000000
22959  10.788  -67.474  -28.042 0.0000000000
22960  8.827  -67.025  -27.663 0.0000000000
22962  8.167  -66.317  -26.575 0.0000000000
22975  20.354  -67.206  -28.680 0.0000000000
22976  19.400  -67.103  -28.714 0.0000000000
22977  18.371  -67.001  -28.747 0.0000000000
22979  16.556  -66.279  -27.806 0.0000000000
22981  12.135  -66.525  -28.804 0.0000000000
22982  11.285  -67.117  -28.635 0.0000000000
22983  9.198  -67.160  -28.283 0.0000000000
22998  21.337  -67.400  -29.332 0.0000000000
22999  20.814  -66.828  -29.376 0.0000000000
23001  18.232  -66.728  -29.630 0.0000000000
23006  9.140  -66.409  -29.563 0.0000000000
23017  21.812  -66.827  -30.567 0.0000000000
23020  20.095  -66.415  -30.018 0.0000000000
23021  19.122  -66.644  -29.947 0.0000000000
23022  9.575  -66.329  -30.222 0.0000000000
23076  13.109  -66.360  -34.777 0.0000000000
23094  18.707  -66.623  -35.662 0.0000000000
23097  14.969  -66.096  -35.676 0.0000000000
23099  12.793  -66.279  -36.266 0.0000000000
23114  18.194  -66.076  -36.293 0.0000000000
23115  17.379  -66.157  -36.184 0.0000000000
23116  16.526  -66.225  -36.016 0.0000000000
23118  13.662  -65.650  -37.154 0.0000000000
23119  12.973  -65.916  -37.188 0.0000000000
23726  13.725  -65.557  -7.918 0.0000000000
23729  11.351  -65.778  -7.660 0.0000000000
23730  10.557  -65.889  -7.869 0.0000000000
23731  4.569  -65.581  -8.027 0.0000000000
23737  15.516  -65.514  -8.734 0.0000000000
23738  13.349  -64.952  -8.224 0.0000000000
23741  10.916  -65.147  -8.013 0.0000000000
23742  9.737  -65.076  -8.673 0.0000000000
23746  5.353  -65.158  -8.418 0.0000000000
23766  3.845  -65.191  -9.585 0.0000000000
23816  23.081  -65.842  -14.323 0.0000000000
23842  24.331  -65.443  -16.293 0.0000000000
23854  22.735  -65.782  -16.140 0.0000000000
23943  4.334  -65.592  -21.034 0.0000000000
23952  6.829  -65.419  -23.150 0.0000000000
23956  6.048  -65.040  -23.369 0.0000000000
23957  5.317  -64.817  -23.151 0.0000000000
23966  6.835  -65.459  -24.555 0.0000000000
23967  6.303  -64.773  -24.347 0.0000000000
23981  14.863  -66.177  -26.919 0.0000000000
23982  8.861  -65.723  -27.291 0.0000000000
23993  15.102  -65.796  -27.571 0.0000000000
23995  8.775  -66.007  -27.677 0.0000000000
24010  16.229  -65.929  -28.364 0.0000000000
24011  14.509  -65.646  -28.220 0.0000000000
24012  13.653  -65.937  -28.184 0.0000000000
24014  8.694  -65.683  -28.726 0.0000000000
24026  17.275  -66.391  -30.019 0.0000000000
24027  16.639  -66.142  -29.104 0.0000000000
24029  14.158  -65.462  -29.771 0.0000000000
24031  12.511  -65.768  -29.963 0.0000000000
24032  11.590  -66.194  -30.024 0.0000000000
24042  21.144  -65.879  -30.897 0.0000000000
24043  20.323  -65.980  -30.771 0.0000000000
24048  14.773  -65.448  -30.462 0.0000000000
24049  13.274  -65.476  -30.319 0.0000000000
24050  12.465  -65.506  -30.878 0.0000000000
24053  9.146  -65.601  -30.975 0.0000000000
24054  8.512  -65.058  -30.836 0.0000000000
24067  17.382  -65.948  -31.621 0.0000000000
24068  16.445  -65.673  -31.640 0.0000000000
24069  15.681  -65.526  -31.282 0.0000000000
24070  14.548  -65.319  -31.269 0.0000000000
24073  11.570  -65.384  -31.694 0.0000000000
24088  16.365  -65.368  -32.438 0.0000000000
24090  14.418  -65.132  -32.149 0.0000000000
24092  12.021  -65.058  -32.327 0.0000000000
24790  17.261  -64.509  -8.435 0.0000000000
24793  13.497  -64.240  -8.951 0.0000000000
24799  7.899  -64.514  -8.938 0.0000000000
24825  16.099  -64.017  -9.367 0.0000000000
24829  7.146  -63.953  -9.278 0.0000000000
24830  6.437  -64.293  -9.289 0.0000000000
24832  4.333  -64.766  -9.671 0.0000000000
24839  4.546  -64.598  -10.478 0.0000000000
24845  5.340  -64.257  -11.423 0.0000000000
24846  4.764  -64.566  -11.140 0.0000000000
24851  19.398  -64.683  -11.916 0.0000000000
24901  24.842  -64.999  -16.771 0.0000000000
24932  4.345  -64.421  -17.309 0.0000000000
25002  4.541  -64.672  -21.607 0.0000000000
25017  5.110  -63.576  -24.894 0.0000000000
25023  10.964  -64.367  -26.122 0.0000000000
25033  10.377  -64.561  -26.624 0.0000000000
25081  8.535  -64.604  -30.782 0.0000000000
25091  19.949  -65.361  -32.193 0.0000000000
25093  8.994  -64.410  -31.451 0.0000000000
25106  16.701  -65.145  -33.100 0.0000000000
25110  9.922  -64.347  -32.686 0.0000000000
25111  9.403  -64.381  -32.149 0.0000000000
25784  18.857  -63.545  -6.541 0.0000000000
25815  10.383  -62.870  -8.589 0.0000000000
25837  15.479  -63.339  -9.504 0.0000000000
25840  11.126  -62.823  -8.784 0.0000000000
25841  6.443  -63.448  -9.844 0.0000000000
25849  19.326  -63.281  -10.626 0.0000000000
25850  19.077  -63.071  -11.204 0.0000000000
25975  4.597  -63.467  -19.360 0.0000000000
26013  4.546  -63.099  -22.325 0.0000000000
26023  12.224  -63.277  -25.256 0.0000000000
26025  10.696  -63.853  -24.860 0.0000000000
26027  4.521  -63.179  -24.902 0.0000000000
26034  10.998  -64.288  -25.536 0.0000000000
26038  6.034  -63.792  -26.084 0.0000000000
26047  6.557  -64.554  -26.076 0.0000000000
26064  10.190  -64.214  -27.272 0.0000000000
26065  9.217  -64.042  -27.870 0.0000000000
26076  8.245  -63.937  -29.034 0.0000000000
26083  8.611  -63.922  -29.825 0.0000000000
26084  8.351  -64.406  -30.047 0.0000000000
26107  10.537  -63.903  -33.027 0.0000000000
26774  18.484  -61.924  -6.836 0.0000000000
26790  17.772  -62.269  -7.309 0.0000000000
26815  15.545  -61.857  -8.419 0.0000000000
26817  9.976  -62.295  -8.561 0.0000000000
26818  9.199  -62.408  -8.752 0.0000000000
26831  19.964  -62.503  -9.595 0.0000000000
26836  12.317  -61.931  -9.265 0.0000000000
26838  8.518  -62.166  -9.258 0.0000000000
26905  4.044  -62.923  -15.398 0.0000000000
26943  4.318  -62.895  -17.682 0.0000000000
26975  4.999  -62.836  -19.345 0.0000000000
26986  6.712  -61.966  -20.330 0.0000000000
27032  12.589  -62.487  -23.822 0.0000000000
27035  9.668  -62.151  -23.658 0.0000000000
27037  4.538  -62.474  -24.332 0.0000000000
27048  10.186  -62.972  -24.286 0.0000000000
27050  6.810  -61.983  -25.414 0.0000000000
27052  4.631  -63.118  -25.244 0.0000000000
27063  5.345  -63.276  -25.897 0.0000000000
27069  10.754  -63.062  -26.666 0.0000000000
27078  10.342  -63.530  -27.083 0.0000000000
27080  8.648  -62.859  -27.900 0.0000000000
27088  8.671  -63.397  -28.517 0.0000000000
27089  8.487  -63.735  -29.038 0.0000000000
27096  9.380  -62.589  -29.639 0.0000000000
27097  8.926  -63.179  -29.271 0.0000000000
27104  9.009  -63.708  -30.505 0.0000000000
27110  10.417  -62.865  -31.575 0.0000000000
27112  9.168  -63.896  -31.298 0.0000000000
27122  10.408  -63.512  -32.459 0.0000000000
27752  20.424  -60.671  -6.308 0.0000000000
27769  15.212  -60.987  -8.132 0.0000000000
27783  9.745  -61.276  -9.202 0.0000000000
27790  18.804  -61.525  -10.985 0.0000000000
27792  8.415  -61.703  -9.965 0.0000000000
27875  4.215  -61.385  -16.445 0.0000000000
27920  7.340  -60.994  -19.798 0.0000000000
27932  8.389  -61.243  -20.286 0.0000000000
27934  7.233  -61.561  -19.960 0.0000000000
27959  8.671  -61.406  -20.745 0.0000000000
27970  13.213  -61.193  -23.041 0.0000000000
27975  8.931  -61.522  -21.609 0.0000000000
27978  5.573  -61.710  -22.432 0.0000000000
27984  12.920  -61.850  -23.336 0.0000000000
27989  7.905  -61.505  -23.023 0.0000000000
27991  5.371  -61.577  -24.010 0.0000000000
27993  13.501  -61.266  -24.075 0.0000000000
27994  13.109  -61.679  -24.563 0.0000000000
28005  9.392  -61.378  -26.193 0.0000000000
28009  11.200  -62.534  -26.242 0.0000000000
28039  9.319  -61.598  -28.585 0.0000000000
28054  9.558  -61.905  -29.244 0.0000000000
28724  21.051  -60.036  -6.730 0.0000000000
28734  21.879  -60.051  -6.962 0.0000000000
28736  19.304  -59.601  -7.212 0.0000000000
28737  18.672  -59.667  -7.303 0.0000000000
28752  15.731  -60.080  -7.848 0.0000000000
28762  20.657  -60.425  -8.750 0.0000000000
28768  11.811  -60.599  -9.341 0.0000000000
28770  10.040  -60.765  -9.705 0.0000000000
28789  11.180  -60.021  -10.373 0.0000000000
28836  20.587  -59.900  -15.207 0.0000000000
28873  4.588  -59.897  -16.696 0.0000000000
28912  6.912  -60.107  -20.200 0.0000000000
28922  7.981  -60.842  -20.064 0.0000000000
28951  13.435  -60.554  -23.064 0.0000000000
28961  13.726  -60.082  -23.506 0.0000000000
28963  13.696  -60.293  -24.086 0.0000000000
28965  12.632  -60.155  -24.778 0.0000000000
28968  12.783  -61.116  -24.900 0.0000000000
28977  8.754  -60.118  -25.925 0.0000000000
28978  8.857  -60.413  -26.533 0.0000000000
28991  9.097  -60.529  -27.285 0.0000000000
29007  8.936  -61.473  -27.781 0.0000000000
29734  20.477  -59.665  -7.290 0.0000000000
29765  20.157  -59.530  -7.889 0.0000000000
29769  16.520  -59.265  -8.237 0.0000000000
29788  15.360  -58.921  -9.309 0.0000000000
29789  13.988  -59.700  -8.994 0.0000000000
29791  12.719  -59.777  -9.726 0.0000000000
29810  14.998  -58.971  -10.083 0.0000000000
29812  13.313  -59.487  -10.042 0.0000000000
29824  16.050  -58.926  -11.545 0.0000000000
29845  18.198  -59.176  -13.536 0.0000000000
29954  8.637  -59.919  -21.644 0.0000000000
29969  13.447  -59.892  -22.959 0.0000000000
29970  12.761  -59.724  -22.636 0.0000000000
29979  13.794  -59.289  -23.501 0.0000000000
29982  13.676  -59.439  -24.237 0.0000000000
29983  13.165  -59.213  -24.570 0.0000000000
29990  9.131  -59.629  -25.573 0.0000000000
30022  10.368  -59.680  -27.930 0.0000000000
30821  16.097  -58.763  -9.746 0.0000000000
30854  24.552  -57.677  -16.190 0.0000000000
30885  8.402  -58.303  -17.517 0.0000000000
30898  30.335  -58.220  -18.746 0.0000000000
30922  5.597  -58.786  -19.055 0.0000000000
30934  6.642  -58.163  -20.165 0.0000000000
30953  7.318  -58.179  -21.892 0.0000000000
30977  10.280  -58.184  -22.779 0.0000000000
30980  7.714  -57.723  -22.192 0.0000000000
30986  13.935  -58.919  -24.012 0.0000000000
30991  11.859  -58.248  -24.654 0.0000000000
30992  10.577  -58.159  -24.938 0.0000000000
30995  9.285  -58.775  -25.826 0.0000000000
31004  9.601  -58.839  -26.512 0.0000000000
31021  10.767  -58.815  -27.732 0.0000000000
31970  28.266  -57.658  -18.761 0.0000000000
31990  7.045  -57.161  -19.368 0.0000000000
32042  7.896  -57.129  -22.121 0.0000000000
32058  13.633  -57.265  -23.847 0.0000000000
32065  13.308  -57.381  -24.314 0.0000000000
32066  12.336  -57.347  -24.633 0.0000000000
33079  7.194  -56.996  -19.979 0.0000000000
33114  9.865  -56.066  -23.029 0.0000000000
33116  8.445  -56.828  -22.633 0.0000000000
33130  13.242  -56.395  -24.275 0.0000000000
33138  11.348  -56.307  -25.780 0.0000000000
34149  10.156  -55.566  -18.464 0.0000000000
34151  8.599  -56.185  -18.773 0.0000000000
34180  7.814  -55.762  -20.144 0.0000000000
34200  9.291  -55.548  -22.867 0.0000000000
34201  8.697  -55.999  -22.452 0.0000000000
35116  30.082  -55.325  -18.209 0.0000000000
35132  26.088  -54.615  -18.075 0.0000000000
35145  10.876  -54.273  -18.860 0.0000000000
35146  9.978  -53.960  -18.882 0.0000000000
35147  8.924  -54.004  -19.572 0.0000000000
36130  27.867  -53.527  -17.320 0.0000000000
36133  24.041  -52.610  -17.378 0.0000000000
36145  28.798  -53.421  -19.467 0.0000000000
36151  9.990  -53.239  -19.170 0.0000000000
36172  8.848  -53.507  -20.271 0.0000000000
36180  10.335  -52.926  -22.443 0.0000000000
37202  28.692  -52.568  -17.422 0.0000000000
37219  13.846  -52.392  -19.381 0.0000000000
37220  12.862  -52.341  -19.526 0.0000000000
37249  9.690  -52.200  -20.879 0.0000000000
37251  10.694  -51.836  -22.004 0.0000000000
38155  25.252  -51.403  -16.887 0.0000000000
38164  28.093  -51.157  -17.287 0.0000000000
38184  12.250  -50.832  -19.573 0.0000000000
38185  11.425  -50.990  -19.887 0.0000000000
38204  9.976  -51.586  -20.596 0.0000000000
38214  10.397  -51.045  -20.848 0.0000000000
38224  12.003  -51.357  -22.543 0.0000000000
39062  11.573  -50.394  -19.996 0.0000000000
39063  10.938  -50.819  -20.303 0.0000000000
39079  11.692  -49.838  -20.089 0.0000000000
39090  10.876  -50.396  -21.084 0.0000000000
39119  12.903  -50.375  -23.315 0.0000000000
40002  11.162  -49.894  -20.920 0.0000000000
40011  15.972  -49.863  -21.951 0.0000000000
40012  15.265  -49.595  -21.500 0.0000000000
40013  14.585  -49.139  -20.942 0.0000000000
40020  16.484  -49.094  -22.106 0.0000000000
40997  26.591  -48.695  -18.202 0.0000000000
41011  26.585  -47.991  -19.511 0.0000000000
41020  26.299  -48.069  -20.105 0.0000000000
41025  21.809  -48.770  -20.854 0.0000000000
41042  19.629  -48.681  -21.623 0.0000000000
41044  15.294  -48.156  -21.767 0.0000000000
41058  11.918  -48.686  -21.595 0.0000000000
42054  18.330  -47.753  -22.485 0.0000000000
42057  11.975  -47.635  -21.672 0.0000000000
42087  14.939  -46.931  -24.599 0.0000000000
43157  15.240  -46.675  -21.931 0.0000000000
43169  17.408  -46.810  -22.653 0.0000000000
43185  19.425  -45.885  -23.112 0.0000000000
43187  12.917  -46.195  -23.421 0.0000000000
43203  14.218  -46.610  -24.288 0.0000000000
43220  15.616  -46.306  -25.089 0.0000000000
44286  22.751  -45.904  -21.933 0.0000000000
44305  17.898  -46.173  -22.932 0.0000000000
44307  16.522  -45.183  -22.583 0.0000000000
45390  12.926  -44.765  -23.916 0.0000000000
45398  15.174  -44.181  -25.361 0.0000000000
46397  15.143  -43.349  -25.593 0.0000000000
48288  11.834  -40.503  -23.804 0.0000000000
49204  12.526  -39.902  -23.170 0.0000000000
50169  13.856  -38.896  -23.331 0.0000000000
134235  24.382  -92.621  -37.631 0.0000000000
134246  23.047  -85.868  -42.944 0.0000000000
134250  21.882  -86.623  -44.248 0.0000000000
134254  23.927  -85.116  -43.573 0.0000000000
134256  21.843  -84.871  -44.469 0.0000000000
135576  24.491  -91.735  -37.546 0.0000000000
135583  23.939  -92.824  -38.207 0.0000000000
135589  19.856  -90.083  -43.138 0.0000000000
135888  24.082  -84.855  -44.051 0.0000000000
136205  4.713  -63.584  -22.802 0.0000000000
136506  14.089  -64.810  -8.730 0.0000000000
136508  16.346  -69.338  -28.659 0.0000000000
136540  5.629  -87.221  -8.007 0.0000000000
136558  7.989  -78.186  -12.777 0.0000000000
136626  12.933  -62.790  -9.501 0.0000000000
136628  15.177  -42.602  -22.296 0.0000000000
136808  24.820  -82.446  -44.390 0.0000000000
136835  13.111  -73.264  -44.636 0.0000000000
136887  14.143  -61.682  -9.166 0.0000000000
137009  12.243  -93.976  -21.203 0.0000000000
137106  22.869  -83.588  -44.032 0.0000000000
137170  4.571  -70.185  -8.159 0.0000000000
137293  26.342  -92.908  -41.281 0.0000000000
137313  18.993  -99.574  -23.888 0.0000000000
137336  15.709  -87.795  -20.719 0.0000000000
137438  9.506  -54.647  -22.768 0.0000000000
137517  13.511  -87.798  -22.992 0.0000000000
137521  14.061  -66.187  -35.048 0.0000000000
137543  19.201  -64.025  -11.640 0.0000000000
137618  30.966  -92.261  -38.952 0.0000000000
137620  30.867  -91.449  -37.470 0.0000000000
137872  8.212  -92.454  -8.671 0.0000000000
138025  4.750  -68.282  -20.060 0.0000000000
138237  14.040  -62.688  -9.683 0.0000000000
138258  13.798  -83.045  -43.355 0.0000000000
138315  22.130  -98.450  -17.495 0.0000000000
138408  28.849  -96.411  -25.038 0.0000000000
138555  24.081  -81.886  -35.336 0.0000000000
138560  10.149  -96.461  -18.099 0.0000000000
138624  8.312  -96.103  -15.861 0.0000000000
138662  26.607  -93.793  -27.272 0.0000000000
138692  20.963  -97.406  -21.538 0.0000000000
138697  15.762  -71.439  -35.444 0.0000000000
138704  22.953  -83.188  -41.379 0.0000000000
138758  16.253  -97.389  -23.343 0.0000000000
138929  17.941  -59.054  -11.225 0.0000000000
138987  28.628  -95.297  -35.752 0.0000000000
138995  13.428  -67.849  -30.939 0.0000000000
139091  13.439  -73.841  -39.040 0.0000000000
139473  19.281  -95.435  -23.387 0.0000000000
139584  34.752  -89.680  -21.415 0.0000000000
139602  29.500  -94.951  -34.830 0.0000000000
139632  8.292  -64.913  -29.292 0.0000000000
139666  18.996  -99.451  -23.191 0.0000000000
139926  6.973  -93.944  -18.041 0.0000000000
139933  7.970  -76.008  -26.171 0.0000000000
140115  17.689  -81.820  -41.785 0.0000000000
140128  9.259  -52.844  -20.391 0.0000000000
140141  19.509  -94.730  -23.619 0.0000000000
140163  6.405  -76.065  -26.546 0.0000000000
140182  12.193  -83.723  -42.363 0.0000000000
140319  15.651  -98.791  -27.475 0.0000000000
140440  11.262  -70.387  -29.417 0.0000000000
140454  9.381  -66.953  -29.022 0.0000000000
140474  12.988  -74.657  -25.804 0.0000000000
140573  8.094  -67.499  -22.303 0.0000000000
140644  18.291  -67.785  -27.396 0.0000000000
140660  27.371  -97.468  -23.230 0.0000000000
140778  10.986  -74.335  -26.580 0.0000000000
140838  18.713  -95.574  -23.671 0.0000000000
140840  4.486  -65.090  -18.753 0.0000000000
140874  16.089  -67.659  -6.601 0.0000000000
140897  5.636  -78.111  -22.758 0.0000000000
140987  13.795  -90.410  -18.991 0.0000000000
141055  9.815  -59.985  -24.997 0.0000000000
141110  14.032  -74.328  -23.485 0.0000000000
141165  23.339  -82.877  -43.984 0.0000000000
141250  29.365  -59.256  -18.587 0.0000000000
141294  17.085  -98.709  -27.377 0.0000000000
141415  13.842  -87.326  -14.694 0.0000000000
141523  3.835  -73.965  -5.289 0.0000000000
141571  29.886  -92.102  -40.191 0.0000000000
141623  18.873  -96.321  -20.139 0.0000000000
141641  10.979  -69.460  -27.705 0.0000000000
141725  7.057  -68.108  -28.940 0.0000000000
142017  9.437  -95.274  -11.807 0.0000000000
142064  22.231  -94.194  -22.098 0.0000000000
142077  29.578  -53.811  -17.966 0.0000000000
142095  5.787  -81.955  -7.296 0.0000000000
142138  24.438  -98.511  -22.787 0.0000000000
142167  26.370  -88.664  -45.369 0.0000000000
142179  12.659  -71.103  -41.389 0.0000000000
142216  24.028  -83.329  -46.242 0.0000000000
142293  11.033  -70.224  -28.988 0.0000000000
142345  6.924  -74.929  -26.178 0.0000000000
142366  24.866  -93.436  -41.174 0.0000000000
142404  8.787  -62.419  -28.099 0.0000000000
142414  23.062  -80.459  -38.709 0.0000000000
142416  26.002  -86.242  -47.180 0.0000000000
142659  4.228  -69.399  -8.509 0.0000000000
142766  6.262  -88.894  -8.756 0.0000000000
142771  11.136  -82.075  -42.386 0.0000000000
142901  19.699  -81.528  -37.784 0.0000000000
142911  5.503  -71.593  -21.044 0.0000000000
142972  4.853  -85.383  -8.138 0.0000000000
143024  13.853  -78.767  -45.099 0.0000000000
143036  18.032  -64.858  -33.640 0.0000000000
143046  20.691  -76.533  -42.092 0.0000000000
143070  4.782  -86.208  -7.249 0.0000000000
143133  6.991  -94.384  -18.810 0.0000000000
143155  7.582  -92.974  -9.553 0.0000000000
143211  17.387  -83.580  -37.536 0.0000000000
143233  8.904  -68.797  -22.427 0.0000000000
143266  9.012  -68.151  -36.371 0.0000000000
143278  12.333  -44.857  -23.317 0.0000000000
143353  4.539  -84.033  -7.820 0.0000000000
143379  6.147  -74.857  -23.639 0.0000000000
143394  5.048  -65.981  -22.881 0.0000000000
143449  24.714  -95.120  -29.490 0.0000000000
143514  13.103  -74.238  -23.433 0.0000000000
143603  27.388  -96.317  -34.221 0.0000000000
143620  4.585  -86.020  -12.787 0.0000000000
143676  17.280  -62.946  -7.742 0.0000000000
143698  3.170  -71.920  -12.007 0.0000000000
143936  12.240  -49.033  -22.143 0.0000000000
144206  10.283  -58.190  -26.882 0.0000000000
144213  28.767  -95.373  -35.134 0.0000000000
144261  14.653  -65.522  -28.958 0.0000000000
144338  5.186  -68.816  -23.257 0.0000000000
144389  26.910  -97.913  -22.106 0.0000000000
144424  20.072  -94.968  -19.233 0.0000000000
144447  23.536  -98.521  -23.854 0.0000000000
144530  11.041  -72.877  -23.548 0.0000000000
144531  12.423  -72.668  -23.417 0.0000000000
144613  10.196  -90.994  -9.832 0.0000000000
144649  10.175  -94.592  -11.867 0.0000000000
144667  7.329  -92.217  -10.722 0.0000000000
144894  8.355  -64.490  -28.861 0.0000000000
144929  13.519  -92.874  -26.261 0.0000000000
144956  13.292  -39.447  -23.054 0.0000000000
145035  14.946  -68.169  -30.372 0.0000000000
145044  17.078  -58.742  -8.945 0.0000000000
145081  12.835  -88.848  -15.567 0.0000000000
145104  15.123  -65.300  -31.693 0.0000000000
145117  15.288  -71.898  -23.543 0.0000000000
145173  25.140  -90.510  -29.073 0.0000000000
145216  28.797  -90.618  -31.223 0.0000000000
145532  19.904  -94.807  -30.611 0.0000000000
145536  18.339  -77.501  -38.983 0.0000000000
145642  22.372  -91.138  -29.695 0.0000000000
145812  30.049  -95.496  -22.279 0.0000000000
145863  3.364  -66.888  -8.093 0.0000000000
145912  15.797  -94.104  -21.411 0.0000000000
145934  16.631  -68.095  -33.090 0.0000000000
146025  4.614  -77.409  -9.062 0.0000000000
146100  20.432  -99.392  -24.318 0.0000000000
146103  12.615  -68.749  -35.645 0.0000000000
146130  6.135  -65.742  -7.956 0.0000000000
146222  5.024  -82.167  -8.093 0.0000000000
146311  12.652  -92.597  -20.823 0.0000000000
146365  11.875  -98.211  -27.712 0.0000000000
146502  7.837  -92.750  -14.280 0.0000000000
146539  15.279  -97.539  -23.565 0.0000000000
146556  15.674  -88.008  -18.216 0.0000000000
146579  9.720  -67.794  -22.420 0.0000000000
146583  5.564  -72.942  -21.159 0.0000000000
146625  31.305  -94.189  -21.944 0.0000000000
146651  18.107  -98.852  -18.538 0.0000000000
146742  6.579  -89.024  -12.188 0.0000000000
146760  23.657  -83.187  -39.935 0.0000000000
146883  20.367  -81.314  -39.016 0.0000000000
146968  10.363  -82.761  -9.588 0.0000000000
147194  15.858  -83.219  -43.013 0.0000000000
147302  13.288  -70.598  -23.264 0.0000000000
147393  28.903  -96.450  -19.254 0.0000000000
147452  18.425  -68.923  -26.368 0.0000000000
147473  25.793  -96.496  -27.337 0.0000000000
147669  16.723  -63.863  -8.773 0.0000000000
147683  21.065  -67.590  -33.566 0.0000000000
147832  23.420  -95.129  -29.553 0.0000000000
147869  14.408  -87.560  -21.891 0.0000000000
147938  13.511  -72.028  -43.448 0.0000000000
147988  9.693  -93.219  -9.724 0.0000000000
148029  12.635  -90.849  -17.272 0.0000000000
148111  19.196  -75.432  -43.168 0.0000000000
148140  9.719  -65.402  -31.657 0.0000000000
148347  10.847  -77.744  -25.562 0.0000000000
148362  11.715  -71.396  -35.117 0.0000000000
148417  13.288  -71.930  -23.319 0.0000000000
148500  17.241  -66.633  -35.617 0.0000000000
148564  12.079  -71.141  -25.296 0.0000000000
148760  11.022  -63.585  -8.508 0.0000000000
148791  24.341  -90.497  -44.261 0.0000000000
148921  16.200  -99.114  -25.296 0.0000000000
149188  29.636  -93.750  -33.420 0.0000000000
149251  4.350  -69.998  -7.231 0.0000000000
149298  4.381  -62.181  -17.674 0.0000000000
149322  23.770  -84.911  -45.234 0.0000000000
149328  18.821  -89.016  -24.995 0.0000000000
149430  7.978  -76.712  -26.092 0.0000000000
149449  8.046  -95.324  -12.815 0.0000000000
149486  21.264  -97.564  -19.044 0.0000000000
149523  9.070  -71.899  -23.666 0.0000000000
149543  21.984  -90.474  -24.290 0.0000000000
149648  6.615  -57.792  -19.173 0.0000000000
149749  20.403  -47.303  -22.139 0.0000000000
149812  22.032  -80.760  -39.981 0.0000000000
149854  26.409  -96.476  -34.275 0.0000000000
149874  25.391  -96.389  -34.225 0.0000000000
149934  21.668  -88.454  -23.547 0.0000000000
149945  5.045  -74.523  -11.665 0.0000000000
150037  16.111  -65.766  -30.848 0.0000000000
150121  20.861  -77.153  -41.965 0.0000000000
150145  13.143  -67.414  -25.258 0.0000000000
150150  19.007  -62.833  -6.358 0.0000000000
150225  10.235  -83.927  -9.439 0.0000000000
150228  5.384  -87.583  -10.891 0.0000000000
150234  10.816  -68.954  -22.306 0.0000000000
150251  22.024  -91.405  -21.019 0.0000000000
150256  4.779  -59.260  -17.075 0.0000000000
150301  33.891  -92.841  -23.825 0.0000000000
150765  13.202  -66.068  -35.698 0.0000000000
150824  4.201  -65.206  -8.849 0.0000000000
150988  17.844  -81.465  -38.519 0.0000000000
151013  18.670  -59.595  -13.034 0.0000000000
151081  18.472  -60.327  -7.007 0.0000000000
151090  20.632  -99.303  -25.007 0.0000000000
151144  6.524  -72.805  -26.602 0.0000000000
151188  14.367  -67.901  -30.831 0.0000000000
151207  10.794  -95.798  -19.841 0.0000000000
151363  25.878  -87.199  -46.459 0.0000000000
151406  11.297  -77.156  -44.754 0.0000000000
151469  8.527  -54.827  -21.525 0.0000000000
151527  28.158  -96.665  -24.932 0.0000000000
151605  21.444  -94.399  -22.140 0.0000000000
151667  17.097  -68.982  -25.962 0.0000000000
151705  11.307  -67.604  -25.296 0.0000000000
151804  10.322  -77.663  -44.125 0.0000000000
151838  15.961  -66.560  -35.440 0.0000000000
151849  18.715  -97.408  -28.275 0.0000000000
151882  11.781  -61.216  -9.029 0.0000000000
152088  10.335  -70.152  -38.837 0.0000000000
152155  29.753  -93.619  -34.270 0.0000000000
152270  20.319  -83.834  -39.890 0.0000000000
152300  16.513  -80.673  -39.941 0.0000000000
152324  5.036  -79.246  -7.344 0.0000000000
152330  18.281  -84.402  -43.113 0.0000000000
152572  29.066  -95.456  -28.239 0.0000000000
152606  21.409  -66.828  -29.948 0.0000000000
152691  9.278  -61.205  -9.817 0.0000000000
152787  11.810  -71.217  -36.401 0.0000000000
152845  13.379  -75.343  -25.522 0.0000000000
152900  12.757  -67.504  -6.569 0.0000000000
152923  25.848  -97.707  -18.985 0.0000000000
152986  28.949  -94.277  -29.039 0.0000000000
153036  11.514  -92.957  -27.160 0.0000000000
153097  10.848  -88.601  -7.699 0.0000000000
153468  5.487  -69.629  -4.473 0.0000000000
153473  18.564  -98.439  -19.498 0.0000000000
153564  18.042  -81.651  -37.821 0.0000000000
153632  21.537  -88.511  -22.789 0.0000000000
153823  20.287  -66.530  -35.522 0.0000000000
153884  9.075  -66.848  -7.439 0.0000000000
154267  23.514  -84.582  -44.163 0.0000000000
154328  21.175  -85.913  -45.699 0.0000000000
154451  11.811  -93.424  -24.153 0.0000000000
154524  15.686  -67.220  -26.171 0.0000000000
154540  23.168  -97.980  -20.251 0.0000000000
154555  14.791  -70.610  -23.642 0.0000000000
154566  17.790  -81.972  -43.346 0.0000000000
154775  7.709  -68.402  -22.782 0.0000000000
154849  21.000  -83.602  -38.017 0.0000000000
154878  4.923  -68.605  -21.273 0.0000000000
154881  5.664  -71.174  -24.126 0.0000000000
154888  30.289  -94.874  -25.783 0.0000000000
154892  21.531  -98.693  -25.804 0.0000000000
155047  18.680  -91.983  -29.828 0.0000000000
155062  18.789  -59.587  -10.473 0.0000000000
155222  13.171  -44.993  -20.713 0.0000000000
155264  16.428  -95.547  -30.329 0.0000000000
155316  25.326  -94.923  -35.010 0.0000000000
155532  18.795  -99.176  -26.564 0.0000000000
155550  12.096  -66.848  -28.183 0.0000000000
155565  9.271  -66.271  -7.918 0.0000000000
155628  8.630  -83.899  -7.907 0.0000000000
155635  21.872  -68.018  -30.766 0.0000000000
155691  12.972  -69.194  -36.027 0.0000000000
155708  12.617  -89.947  -16.218 0.0000000000
155987  6.237  -78.112  -23.392 0.0000000000
156026  4.092  -63.135  -16.913 0.0000000000
156046  15.322  -92.619  -20.909 0.0000000000
156093  27.376  -96.460  -27.300 0.0000000000
156133  6.066  -68.755  -27.891 0.0000000000
156152  14.699  -79.934  -41.949 0.0000000000
156196  21.857  -68.008  -31.925 0.0000000000
156300  4.398  -66.856  -20.200 0.0000000000
156315  4.412  -77.890  -6.057 0.0000000000
156321  18.625  -91.556  -26.162 0.0000000000
156381  12.605  -89.913  -23.172 0.0000000000
156384  3.878  -73.908  -4.067 0.0000000000
156503  5.195  -71.450  -22.871 0.0000000000
156584  9.197  -76.944  -23.745 0.0000000000
156636  19.340  -76.416  -36.678 0.0000000000
156981  8.259  -65.275  -8.755 0.0000000000
157083  14.380  -82.604  -42.124 0.0000000000
157279  21.749  -84.219  -44.190 0.0000000000
157372  9.074  -69.143  -27.076 0.0000000000
157408  15.736  -92.782  -25.557 0.0000000000
157433  10.684  -90.358  -11.263 0.0000000000
157438  15.705  -76.217  -38.111 0.0000000000
157593  4.492  -77.778  -7.440 0.0000000000
157598  16.305  -67.025  -34.826 0.0000000000
157636  28.055  -97.198  -22.039 0.0000000000
157691  8.855  -74.879  -24.425 0.0000000000
157702  16.173  -91.390  -26.280 0.0000000000
157830  10.005  -78.622  -43.910 0.0000000000
157893  14.462  -69.211  -27.242 0.0000000000
157898  16.223  -80.695  -41.146 0.0000000000
157899  4.479  -74.869  -7.442 0.0000000000
157944  16.490  -83.551  -40.115 0.0000000000
157984  12.539  -91.412  -17.857 0.0000000000
158030  13.333  -98.041  -24.649 0.0000000000
158047  5.093  -80.293  -9.519 0.0000000000
158167  21.079  -46.028  -22.707 0.0000000000
158322  21.267  -81.072  -42.605 0.0000000000
158332  25.481  -95.244  -27.065 0.0000000000
158377  27.088  -97.172  -26.255 0.0000000000
158519  6.887  -78.836  -25.666 0.0000000000
158779  19.823  -99.297  -25.822 0.0000000000
158838  23.262  -85.675  -43.099 0.0000000000
158866  7.600  -70.043  -3.874 0.0000000000
158955  9.788  -81.608  -42.418 0.0000000000
158980  11.872  -67.799  -33.089 0.0000000000
158984  18.471  -48.483  -22.198 0.0000000000
158988  8.964  -71.197  -40.393 0.0000000000
159032  13.261  -71.451  -41.654 0.0000000000
159057  17.723  -70.096  -28.805 0.0000000000
159114  17.859  -83.475  -37.028 0.0000000000
159185  5.767  -71.999  -24.194 0.0000000000
159296  13.941  -60.585  -8.734 0.0000000000
159459  19.702  -79.021  -44.285 0.0000000000
159568  23.376  -81.859  -35.263 0.0000000000
159603  17.861  -65.187  -7.868 0.0000000000
159611  25.714  -96.344  -29.522 0.0000000000
159773  9.483  -58.006  -22.971 0.0000000000
159806  13.273  -70.454  -33.019 0.0000000000
159838  9.758  -83.720  -8.947 0.0000000000
159846  6.077  -87.865  -7.336 0.0000000000
160000  16.690  -81.649  -37.662 0.0000000000
160107  27.490  -89.287  -43.218 0.0000000000
160148  18.624  -84.402  -43.782 0.0000000000
160234  6.673  -59.192  -20.697 0.0000000000
160253  15.326  -59.149  -11.479 0.0000000000
160378  12.338  -60.178  -22.539 0.0000000000
160416  18.727  -82.787  -36.478 0.0000000000
160579  27.942  -92.561  -28.376 0.0000000000
160678  30.321  -91.901  -35.819 0.0000000000
160691  17.986  -73.243  -34.425 0.0000000000
160703  4.089  -70.356  -9.702 0.0000000000
160751  17.605  -64.879  -8.204 0.0000000000
161013  4.747  -64.163  -22.200 0.0000000000
161091  11.142  -77.238  -26.233 0.0000000000
161129  33.010  -93.836  -28.352 0.0000000000
161174  8.682  -71.262  -25.809 0.0000000000
161273  10.492  -52.453  -22.247 0.0000000000
161299  6.340  -75.037  -9.305 0.0000000000
161356  7.661  -58.010  -17.631 0.0000000000
161524  34.979  -89.937  -24.261 0.0000000000
161545  17.672  -71.080  -27.657 0.0000000000
161600  26.551  -89.777  -41.325 0.0000000000
161652  17.584  -95.720  -29.192 0.0000000000
161666  15.948  -42.304  -22.808 0.0000000000
161668  10.554  -67.527  -23.458 0.0000000000
161806  18.377  -93.004  -29.199 0.0000000000
161868  19.709  -99.179  -22.107 0.0000000000
161936  10.275  -75.055  -24.195 0.0000000000
161955  14.007  -88.867  -17.270 0.0000000000
161975  12.015  -89.046  -8.208 0.0000000000
162006  22.197  -92.407  -27.720 0.0000000000
162071  27.849  -96.410  -27.279 0.0000000000
162270  12.177  -71.628  -36.361 0.0000000000
162301  12.886  -75.288  -25.840 0.0000000000
162348  19.393  -70.552  -27.850 0.0000000000
162452  13.313  -61.502  -23.565 0.0000000000
162484  7.332  -75.132  -10.131 0.0000000000
162562  24.725  -91.373  -27.482 0.0000000000
162577  10.637  -70.460  -6.599 0.0000000000
162601  25.834  -90.815  -41.478 0.0000000000
162617  11.942  -86.086  -40.623 0.0000000000
162650  10.328  -72.712  -23.596 0.0000000000
162789  10.001  -96.446  -15.957 0.0000000000
162851  13.244  -75.490  -23.722 0.0000000000
162860  7.805  -63.632  -9.099 0.0000000000
162946  9.332  -96.068  -13.630 0.0000000000
162983  9.982  -91.078  -8.399 0.0000000000
163014  8.953  -61.927  -28.277 0.0000000000
163110  25.880  -82.502  -43.317 0.0000000000
163254  13.201  -67.999  -6.342 0.0000000000
163278  27.208  -93.522  -40.272 0.0000000000
163287  11.509  -94.998  -22.354 0.0000000000
163327  5.045  -68.984  -22.526 0.0000000000
163456  9.386  -76.249  -24.073 0.0000000000
163578  16.051  -87.834  -18.058 0.0000000000
163622  15.221  -70.537  -23.884 0.0000000000
163744  5.865  -78.057  -23.171 0.0000000000
163771  6.656  -63.649  -26.236 0.0000000000
163792  5.744  -59.172  -19.597 0.0000000000
163869  18.933  -92.108  -29.342 0.0000000000
163873  28.925  -93.239  -29.169 0.0000000000
163886  21.229  -91.318  -20.726 0.0000000000
163990  11.773  -68.766  -22.533 0.0000000000
164012  11.856  -71.333  -37.150 0.0000000000
164025  10.647  -75.326  -26.854 0.0000000000
164046  6.703  -75.536  -23.950 0.0000000000
164161  9.480  -67.788  -6.847 0.0000000000
164225  4.538  -75.475  -12.380 0.0000000000
164231  14.975  -75.030  -41.459 0.0000000000
164246  20.259  -90.522  -21.253 0.0000000000
164259  15.957  -46.811  -22.239 0.0000000000
164313  6.144  -80.694  -24.421 0.0000000000
164321  14.494  -97.430  -23.736 0.0000000000
164325  3.571  -68.663  -10.594 0.0000000000
164361  10.551  -94.801  -16.290 0.0000000000
164391  15.339  -74.081  -23.793 0.0000000000
164412  4.062  -73.442  -5.621 0.0000000000
164562  15.623  -99.050  -24.989 0.0000000000
